text,label,split,domain
十一届音乐盛典 太帅了，就是实力派！[围观][围观][晕][爱你]最受欢迎内地女歌手[心][心],0,unlabeled,weibo_social
@---iris--- 没听到[晕],0,test,weibo_social
想吃麻辣香锅，想吃酸辣粉，可是都不能吃[泪][泪],0,test,weibo_social
VPN太不好用了，邮件各种发不出去收不下来[怒],0,unlabeled,weibo_social
试了两，没正确的，回头看回复，有人都试过了[怒] //:你还真去试了啊？呵呵，想想也知道天国不会有这么好的事情的嘛，真难为你输了这么多号[哈哈] //:经验证，没正确的。这是移动电信在做广告！ //:好东西[嘻嘻],0,val,weibo_social
//: 祝贺！请朋友们关注。//: 祝贺！[鼓掌]//: 预告一下，下个月我们将在游府西街开第二家门店哦~[江南style] //:爱得什么时候开分号啊 //:这位是我们 的非常给力的志愿者哦~爱德爱你们，非常感谢你们！ [爱你],1,unlabeled,weibo_social
真羡慕手指细长的人[哼][泪] 我在:,0,unlabeled,weibo_social
红军是内战的产物，意识形态教育进中小学[泪] //:,0,unlabeled,weibo_social
回复:早晚长袖+风衣/暖和外套；中午可穿比基尼、长裙[可爱] //:一月中旬去海南穿短袖还是长袖啊,1,unlabeled,weibo_social
飞哥太给力啦//:我是见到人就告诉他，就差上班路上一路贴小广告了[哈哈] // :一般人我不告诉他.- // :这个秘密一般不能告诉别人。,1,unlabeled,weibo_social
玩笑 玩笑 不要过于担心 哈哈//: [晕][晕][晕]意思就好了，兄弟们千万别整人！都是自己人捏！大老远过来！哈哈//: 三碗[哈哈]//: 三杯如何?阿聪肝颤了[嘻嘻] //:先来个下马酒 接风酒 哈哈//: 也算给你接个风[嘻嘻][嘻嘻] //,0,test,weibo_social
随手拍澳大利亚秋天的海滩还是满眼?[馋嘴]noosa美食节继续连吃带喝、小孩子从小就学买东西，学厨艺的都是小男孩看样子也特么男怕女[晕]这样的鱼你认识吗？[偷笑]开车去山顶看夕阳[酷][酷听小型音乐会，哥的周末就这样啦[偷笑]你们去哪玩了？,0,unlabeled,weibo_social
突然好happy[哈哈],1,unlabeled,weibo_social
[哈哈]//: 你他妈又不是奥运会。谁举办你啊。,1,unlabeled,weibo_social
让你老实交代今晚行程，但是你没有！！[泪],0,test,weibo_social
欢迎常来香宫坐坐，也预祝您新年快乐。[可爱],1,unlabeled,weibo_social
猛折腾了10来天，卓有成效啊!挑个最成效的面得瑟一下哈![偷笑]要知道生活在肿么吃也吃不胖的太、老、少爷之间，偶这种喝凉水都肥的人减点肉肉是多么多么不容易的事啊![抓狂]8过!偶今天下午就要回家了，偶的妈呀，成堆的小龙虾、小笼包、鸭血粉丝汤等着偶呢!偶好不容易甩掉的肉肉眼见着又要回来啦![泪],0,train,weibo_social
回复:用宝贝滴手机[哈哈]客户端上胃的菜，一直是俺在朋友面前显吧、得瑟滴利器[害羞] //:谢谢豆果，谢谢胃！[鼓掌]可我的手机还不能下载[委屈]！ //: 今天豆果美食手机客户端的推荐菜，你上榜啦[嘻嘻],1,unlabeled,weibo_social
"最近牙疼一直忙没时间去看,今天早上回京后就联系医院。下午约好医生去看,照完片子说牙根发炎已经保不住了要拔掉。拔牙可真疼啊,打了两针麻药才拔下来。可怜我身上的零件又少了一个[泪][泪]",0,train,weibo_social
排队排了10分钟，就为了加个便宜油[抓狂],0,unlabeled,weibo_social
今早刷牙专门试了次GumCare模式 反而＂血流成河＂了[晕][晕][晕][泪],0,unlabeled,weibo_social
女孩子对你说“我们是没有未来的”，或“我对我们的未来没有信心”，其实就一句话，“你没啥钱”！[泪],0,unlabeled,weibo_social
国耻啊，政府怎么看 //:[怒]天理不容！//@???: 这堂而皇之的驳回，卑污而冷血。//:罪恶的＂永州劳教＂，一个时代的耻辱。,0,unlabeled,weibo_social
宝小指甲长太快，刚剪完没几天又长了，随我还往尖了长，喂奶给我身上抓花瓜了[衰][衰],0,test,weibo_social
【温馨提示】受各地降雪及机场除冰影响，海口、长沙、北京、深圳、福州、合肥、西安、西宁等地进出港航班有延误[泪]。天气原因导致大家的行程延误深表歉意，小海提醒大家及时变更出行计划。关注小海官方微信（微信号：HNairlines），输入航班号即可了解航班动态，或拨打950718详细询问。,0,unlabeled,weibo_social
[衰][衰]喜欢重口味的倒是可以试试啊！,0,unlabeled,weibo_social
[泪]//: 这在中国不可想象，中国编剧抄袭只要炒出名，有些人就觉得人家是成功人士，不可撼动。,0,unlabeled,weibo_social
为何大家都喜欢送我[熊猫][疑问] 难道因为我长得像[熊猫][思考] My Pandas Rock！[酷][哈哈],1,unlabeled,weibo_social
简体字毕竟写和认较为方便，不能一概否认。//：不该丢的都丢了~[衰] //：。,0,test,weibo_social
[飞机]捧场去??? //:?庄 是俺的第10000个粉丝，支持一下阳江程村生蚝！[鼓掌],1,test,weibo_social
你 必需幸福 马尔代夫结婚典礼 美好的一刻[泪],0,unlabeled,weibo_social
悦旅关注太太太棒了[兔子] //:关于持有有效加拿大签证可以免签哪些国家的名单，小吾正在整理中，近日发布哦[嘻嘻],1,train,weibo_social
啊啊啊啊，刚刚发现生日过完了！只能说昨天了。[泪],0,unlabeled,weibo_social
一定要推荐[哈哈],1,unlabeled,weibo_social
我忍不住了[衰]今天冷冻点心入货，占满冷冻仓库，我需要爬上去爬到风扇下去最里面找自己的货[泪]于是我把上面的箱子扔下来踩着上去，结果被骂了…虽然我的工作时间是自由的，但是订货收货陈列货卖鸡蛋…所有长期促销要做的事我都要做[衰]没人监督也就没人帮忙做这些事。边学习边努力工作吧[奥特曼],0,unlabeled,weibo_social
打过鸟，吃过肉[哈哈]//: [哈哈]经典，无后坐力。//: 链子枪，儿时的顶级玩具！[酷],1,unlabeled,weibo_social
[晕]//:=.=,0,unlabeled,weibo_social
又是一年清算时[晕]终于到川沙剧院了,0,unlabeled,weibo_social
不是吧 祝福他//: [晕]//: [书呆子],0,unlabeled,weibo_social
为什么最近和新浪有关的网页都打不开，包括微博。。[怒] [怒] [怒] 我就想知道这事为什么，怎么办[愤怒],0,unlabeled,weibo_social
[鼓掌]欢迎入住V12店[抱抱]好好享受您的丽江之旅[爱你][爱你][爱你],1,test,weibo_social
穿着红色衣服，骑一圈自行车，粘一身小腻虫，烦[哼][怒],0,test,weibo_social
今天生日，却发起38.3度高烧，我的＜泰坦尼克＞也不能看了，明天一定要补上~~![泪],0,test,weibo_social
今天又吃多了[抓狂]这劲爆的音乐配上如此的美味，实在无法抗拒啊！黑菌意大利米饭配烤奶酪片太香，南美烤牛尾配的那个黑豆泥太美，阿根廷牛腩卷里的蔬菜不要太好吃啊[馋嘴]期待甜品！对了，那瓶阿根廷红酒真心不错，现在已经飘飘然了！,0,test,weibo_social
再养一天[生病]昨天真不应该吃那么多乱七八糟的。。。[泪] 谢谢媳妇儿上班前给弄的粥[爱你],0,unlabeled,weibo_social
台湾艺人大炳去世 非常难受[泪][泪][泪] 半个月前还在簋街一起吃饭…哎…钱已经托人带回台湾…昨天不小心第一个发布了消息 不好意思！ 安息！???,0,unlabeled,weibo_social
[爱你] //:美丽的相遇… //-大理老故事:这份缘分，灵长人类…,1,unlabeled,weibo_social
露点了!![抓狂],0,unlabeled,weibo_social
哥哥[泪],0,unlabeled,weibo_social
不是说10月是双鱼幸运月吗？ 为啥我没感觉到，生病，郁闷，心情不爽，考试，面临毕业压力，这都什么啊！[泪],0,unlabeled,weibo_social
这就是专业素养啊，临危不乱！//: 虽然人家摔了一跤，不应该笑。[委屈]但我还是笑了很久。[哈哈][晕]不知道听起来是什么效果？小飞估计肯定巴不得我出这样的状况[嘻嘻] 周末愉快~//:向广播人致敬 太敬业了 ~[哈哈],0,unlabeled,weibo_social
这记性...送走看房人出门反手把门给关了，好呢车钥匙门钥匙全锁里自个锁外面了[泪],0,unlabeled,weibo_social
回复: 哈哈 就是啊，6、7、8三天，这把你急的[偷笑] //:下午二话不说就去了 还可美了 去了人家说明天才开始[泪] //:走起[鼓掌],0,unlabeled,weibo_social
[给力][给力][给力][给力][太开心][太开心][太开心][鼓掌][鼓掌][good]北京牛逼,1,unlabeled,weibo_social
发现之旅【2013亚洲十佳海岛】1．泰国涛岛Koh Tao；2．巴厘岛蓝梦岛Nusa Lembongan；3．泰国甲米府Ko Lanta；4．龙目岛Gili Islands；5．菲律宾长滩岛；6．泰国普吉岛；7．泰国苏梅岛；8．菲律宾巴拉望岛(爱昵岛)；9．马来西亚兰卡威；10．印度哈夫洛克岛。赶紧走一个？[嘻嘻],1,unlabeled,weibo_social
其他可以忍~向sir这么帅你也让他挂？！[泪],0,test,weibo_social
[伤心]?,0,unlabeled,weibo_social
你是说刘文彩吧[衰],0,test,weibo_social
有空带上家人朋友再来宁夏游历哦 别忘了沙湖[哈哈],1,test,weibo_social
不到三个小时，花生米就酒，5瓶下去了[晕],0,train,weibo_social
[哈哈][哈哈][哈哈][哈哈] //: 太有才了[哈哈],1,unlabeled,weibo_social
【和中国旅游报一起美丽中国行】今天北京雾霾指数再度爆表，你们还一个一个刺激小编。。。[抓狂][抓狂]这烟雨广西，教人欢喜到眼馋啊。。。。[泪][泪],0,unlabeled,weibo_social
回复:那就嫁了吧[哈哈] //:哎哟喂，简直对眼镜男毫无抵抗力啊??? //:,1,unlabeled,weibo_social
我咋这么爱这股味儿呢??? //:矮马，蜂蜜香是幻想的吧[偷笑][哈哈][哈哈][哈哈]我脚着蜂胶的味道刺激死了[哈哈],1,val,weibo_social
好久没吃的德国猪蹄！和啤酒！怀念起4年前在欧洲滴日子[太开心][太开心] 我在这里:,1,unlabeled,weibo_social
[偷笑] //: 月光撩人惹的祸[哈哈]//-精品购物指南:怎么了这是[晕],0,unlabeled,weibo_social
回复:有意见吗？ //:[衰] //:我报名,0,unlabeled,weibo_social
如果最后的出租...额...那就太可怖了[衰] //@??女人帮:在广州的姑娘们一定要坚持看完！,0,unlabeled,weibo_social
我不仅拖了后腿，还拖了胳膊，good//: 同拖[泪] //:我又拖后腿了[泪],0,unlabeled,weibo_social
现今大伙都不信广告、改信口碑了。可是。。。连口碑这最后一爿自由的领土我们也要保不住了，因为现在已有了正规的＂口碑炒作团＂，事关电影、护肤品、新书。。。一切把来卖钱的东西。无论别人说什么，都不失自己的思考、判断---这是我们所能保有的最后底线。。。[睡觉][懒得理你][思考][可怜][爱你],1,train,weibo_social
回复:[哈哈][good][赞]//:话说我曾把百老汇译成过宽街。。//:神译,1,unlabeled,weibo_social
回复:[抓狂][蜡烛],0,unlabeled,weibo_social
你叫我来也没告诉我是录制现场！我都没打扮的貌美如花呀！还有个机位一直对着我！[抓狂][抓狂][抓狂][抓狂],0,test,weibo_social
[哈哈]有点小恐怖//:[哈哈],1,unlabeled,weibo_social
北京高远的蓝天……[泪],0,unlabeled,weibo_social
真水逆了，明早班飞走几天，刚发现猫干粮不足，罐头开后不能保鲜那么久，目前宠物店都关门，明早走时还没开门，家里阿姨回广西老家过年一时回不来，目前巨蟹先森在外面到处给猫凑口粮ing[抓狂],0,unlabeled,weibo_social
效果嗷嗷好啊~~[太开心]用了妃露伊蛋壳宝石霜之后，皮肤那个嫩滑啊，一辈子都木有过啊！！[飞个吻]早上起床嫩到爆哦，超级的白皙，清透！洗脸的时候手都停不住，真的像是剥了壳的鸡蛋哦~~[爱你]我不是开玩笑，更不是吹牛皮哦！用过就会知道它的好>>>（去评论中找链接哦） 。,1,unlabeled,weibo_social
找不到东西[抓狂][抓狂][抓狂][抓狂]，东西找不到[抓狂][抓狂][抓狂] 我在这里:,0,unlabeled,weibo_social
[泪][泪][泪][泪]只有三人位置了 //:美丽西藏风景如画,0,train,weibo_social
【超级笑星微直播】2号选手衡小珍，刘文友两位老伙计亲密合作~不过小编偶想问~这是哪国的歌曲呀~ [衰]听的快晕咯~,0,test,weibo_social
这…shock到了… //:害怕[泪] // :[吃惊]噢买尬！无隐私滴爱人真需要勇气呀！呀！呀！// :情何以堪？真惊了。。。[偷笑],0,unlabeled,weibo_social
我竟然忘记了休息！哎[晕]看来大米饭说我是工作狂真的没有错[害羞],0,unlabeled,weibo_social
产业化养猪养智慧型猪是必由之路 //:[泪],0,unlabeled,weibo_social
太神奇了，10号线这个点儿没车了！[泪],0,val,weibo_social
汪汪在旅途找酒店落脚， 明天再来机场了[悲伤],0,test,weibo_social
我靠~//：肿麽我又缺钱又缺爱嘞 不开心[抓狂],0,unlabeled,weibo_social
这回真的看不懂老[晕],0,train,weibo_social
维景幽默一刻八戒：猴哥，师傅的白龙马最近性情有些古怪，每次我和它开玩笑，它都会在泥地打个滚，然后抛开几步拉马粪。悟空：呆子，小白龙不善言辞，它的这两个动作表述的含义是：泥马，去屎~~[哈哈] [哈哈],1,unlabeled,weibo_social
回复:都来给穆雷助阵啊！足球没戏了，指望网球夺冠啦！[嘻嘻] //:伦敦市长也去了,1,unlabeled,weibo_social
困得头疼。[打哈气][书呆子][困][晕],0,unlabeled,weibo_social
回复:我刚睡醒[失望] //:醒醒，快醒醒，你在中国呢,0,unlabeled,weibo_social
我的奔驰在哪里??[抓狂],0,test,weibo_social
北京爷们儿干得出来。//:太对了！涮羊肉的给。[哈哈],1,unlabeled,weibo_social
Size S M L 个别款式有 XS 请咨询...[抓狂][抓狂][抓狂][围观][围观][围观],0,unlabeled,weibo_social
亲爱的学弟 哎 真的很心痛你的离去看到最后一篇围脖更心疼 开始想念你了 好走 //:[泪] // ：一路好走小谭老师！（weng a ra ba za na di） 好好珍惜身边的一切吧，人真的是太脆弱啦！ // :我转发您的最后一条围脖！~[泪],0,unlabeled,weibo_social
回复:有的！[哈哈] //:好地方啊。不带另一半去太可惜了。八人间有没有？我们一行八个人。,1,test,weibo_social
拖肥：??在做??，我去?蛋[哈哈],1,train,weibo_social
苛捐杂税猛于虎[衰],0,test,weibo_social
[哈哈]哈搞,1,unlabeled,weibo_social
我不?拆蟹，??可以大啖大啖吃超吸引啊！我Hold不住了~[抓狂],0,val,weibo_social
我受不鸟了，寿星女 和淡定女 你们要不要这么美，这么萌？就我最丑啦！！[抓狂]经商量，杀入星巴克， 快来，点了你最爱的拿铁！哈哈哈,0,unlabeled,weibo_social
[衰]// :[伤心] // : 现在的警察战斗力不如当年我们宣传的国民党腐败警察 // :// :,0,test,weibo_social
//://:图让人心酸 。。。[泪]//:配图信息量太大了[生病],0,test,weibo_social
狮子座终于带红花了，狮子座终于有桃花了！ [鼓掌][泪]喜极而泣！,0,unlabeled,weibo_social
[委屈]我也不知道，抽奖的人是不是故意的呀，[给力][吃元宵]，看您如此吃货的态度，到店找到美女店长一样ViP待遇哦 //: 都第十名啦，怎么没有我呀没我呀没我呀。[抓狂],0,unlabeled,weibo_social
新品种、 //:盛宴！八大吉祥算什么菜呢？[疑问]反正是新鲜的。 //:又到周日啦！每周日的相声盛宴 ！[威武] //?-小尖果儿: 每周日的精彩[赞] //: 每周日的精彩[赞] //?-小尖果儿:这周热闹啦[鼓掌][鼓掌],1,unlabeled,weibo_social
我爱轩辕剑系列，我爱大宇和DOMO，所以原谅我不能投票给电视剧。[泪],0,unlabeled,weibo_social
公交 撞车了，背！要迟到了[泪],0,unlabeled,weibo_social
肉燕?燕皮我都?吃！[馋嘴][馋嘴] //:那叫肉燕，燕皮就只是皮。。。 //:燕皮才是王道啊[抓狂][抓狂][抓狂],0,unlabeled,weibo_social
发现 网友 的探店分享：鲜芋仙(SOHO现代城店)产检又抽我的血[泪][哼]必须鲜芋仙甜品一个补起来[嘻嘻]哼哼～>>,0,test,weibo_social
这是什么状况[吃惊]//:把他从88楼摔下去[怒],0,test,weibo_social
青春，梦想，远航[good][鼓掌],1,test,weibo_social
终于启动了！丹丹，加油，加油！哇咔咔~~[太开心],1,unlabeled,weibo_social
- 可以申请去听听 //: [鼓掌][给力],1,unlabeled,weibo_social
等着看看。 //:确实白求恩[哈哈] //: 文章好文笔也好，看问题入幕三分，这么伟大的作者，他一定是得了斯伟江的真传！,1,test,weibo_social
小区外两辆车轱辘被偷走。。太可怕了，果断不停旁边，停老远。。[衰][衰][衰][衰][衰][衰][衰][衰][衰][衰]坑爹阿！太缺德了！,0,unlabeled,weibo_social
这就像在法国遇到老外面孔一样，跟他们说英语，他们便不懂。 //:我遇到很多中国血统的，可惜她们不会中文，[汗]明明长着中国人的脸孔，用中文打招呼，不会。[晕] //?CJ:回复: ?迎你噢！Aloha!,0,unlabeled,weibo_social
父爱深沉！[泪][泪][泪] //:有人，坚持着努力地活着、然后最终成就了自己。普通人的父母，更不平凡的爱。 //:这个父亲，让人泪流满面。哭到抽噎。关于家庭教育，没有什么可以纠结，即使匿迹藏踪的苦劳苦作，心头有爱与责任，所有的重量都会化作天堂的阶梯。。。泪飞。,0,unlabeled,weibo_social
失眠了咋办呀。。。[晕]不行了。。。[泪],0,unlabeled,weibo_social
怎么啦[怒],0,unlabeled,weibo_social
great table [哈哈],1,unlabeled,weibo_social
问师傅了，南疆有，15到39的人都要吃糖丸 //:我怎么觉得是找个理由给他们登记造册啊 //:[怒] //-huaca:某人明天去！ //: 最近有人去过吗？,0,unlabeled,weibo_social
一晚上被追杀，各种巧奔妙逃，好累！[泪],0,unlabeled,weibo_social
还记得大学为了通过学年考试，一周只睡十小时的奋斗历程；还记得高中可口可乐校长杯代表学校与七宝中学争冠的球场上，英勇拼杀到抽筋趴下饮恨告负但永远眠记的记忆! U catch me back ! Thanks for Real Steal![嘻嘻],1,val,weibo_social
三观要毁！！//: 毁童年[衰],0,test,weibo_social
[怒]//:孩子哪有钱，苦了父母还得教孩子唱高调 //: 禽兽，放过孩子！俺捐！捐你妹（郭美美）成不？[泪][抓狂],0,val,weibo_social
"原来狐臭和烧烤的味道可以结合的如此完美。。纳粹的芥子气也不过如此吧[晕][晕][晕][晕][晕]还卖什么北京地图啊,卖口罩吧,一准儿发[鼓掌][鼓掌][鼓掌]",1,unlabeled,weibo_social
台上的狗日的在培养仇人[衰] //:蠢！//: 将愚蠢进行到底[衰]//:当地有关部门如此愚蠢？ //:非常过份！//: 政府在暴露自己的愚蠢！在暴露自己的错误！//:过分了 //:怎么能这样//: 怎么能这样,0,test,weibo_social
图有点意思[嘻嘻],1,unlabeled,weibo_social
[泪][泪] //:[泪],0,unlabeled,weibo_social
[晕] //-LFXH:我的一卡通正好没钱了，去充值,0,unlabeled,weibo_social
//:z //: 终于有人开转播正能量微薄啦~~~[抓狂],0,unlabeled,weibo_social
甩饼脸再和大卫合张影就准备明天去威尼斯了[嘻嘻],1,val,weibo_social
胡了[哈哈] //:[哈哈][哈哈] //:哈哈,1,test,weibo_social
家庭牵累的事情太多，烦！平时带孩子没人帮也就算了，还得动不动为你们请假，人家自己带孩子自己上班已经够烦的了好不好？真想什么都不管！！[抓狂][怒],0,unlabeled,weibo_social
//://:[抓狂],0,val,weibo_social
这一上午被你们骗的，我想问问你们＂好??玩??吗？＂[抓狂]。大家要小心,0,test,weibo_social
回复 :不伦不类的中西合壁[怒][怒][怒] //:吃什么的？,0,test,weibo_social
谢谢我老公 送的杯子，感动的是里面还有我最爱的抹茶拿铁[泪][泪]，谢谢大家一大早的祝福，威信微博短信几十条的祝福我一一记在心中，爱你们[爱你] -My奥利奥,0,unlabeled,weibo_social
北京ですね???[泪]// 你是在北京的???[泪] //: 食べたい[泪][泪][泪],0,unlabeled,weibo_social
连续两天给 翻译着绕口的中－日文件 牺牲了许许多多的脑细胞[委屈][衰][奥特曼] 给家里人打工 不容易啊[酷],0,unlabeled,weibo_social
矮马~[晕]疯姐又菲了[哈哈][哈哈],1,unlabeled,weibo_social
你家那位爱莲控可以入手哦。[哈哈][哈哈][哈哈],1,unlabeled,weibo_social
水怎么都烧不开，怎么办呢?[衰],0,unlabeled,weibo_social
[太阳][愤怒][熊猫][嘻嘻][猪头],1,unlabeled,weibo_social
路过天安门 我都看不清楚毛爷爷了 我伤心我难过[衰][泪],0,unlabeled,weibo_social
【城市之音四川台FM102.6】城市之音 2013校园迎新-明星音乐教室。音乐老师Hari荷莉现场教授同学《可爱颂》舞蹈！萌翻了啊！三位男同学跳的很有特色哦！[哈哈],1,unlabeled,weibo_social
[兔子] 想看//:[晕]//:拒看~//:[爱你],1,unlabeled,weibo_social
猫沙盆也要，手纸也要一次性纸杯子也要//:[衰] 猫砂盆也要吗？,0,unlabeled,weibo_social
白天看邮件晚上看攻略，白天写文档晚上写功略，白天做原型晚上画地图，白天找会议室晚上找酒店！！人生啊，10.1要飞的人现在酒店还没订！！对着满屏英文的时候有木有痛恨没好好背单词的日子！！[泪]穷游很烦心有木有！！怪就怪上次拉萨行给二呆挑刺挑到二呆不做攻略了[泪]作孽啊,0,test,weibo_social
香，还好玩吗？[哈哈],1,unlabeled,weibo_social
"＜画壁＞陈嘉上导演的电影作，主题是""幻由心生，浮生若梦""。开始看的时候还傻笑的，最感人的情节＂何为情爱＂，到尾段[泪]感人热泪[泪]，ending最后那一段话太感人鸟[泪]",0,unlabeled,weibo_social
-黄凯 看着香吧！[馋嘴] //: 好想回去吃[鼓掌] //-小-胖:就是这家，很好吃，但要排很久的队伍 //?:这周三走起不？？？？ //?: 你说的是这家吗？ 你们赶紧回来吧！哪天咱们继续走起~,1,unlabeled,weibo_social
你要是妹子就给打折否则打折（蛇）[哈哈] //:可是我没有闺蜜啊，还给打折吗？[泪]//:谜一样的小兵，38妇女节当天风林火山将对光临的妹子及闺蜜提供全单9折优惠，你要不要再过来露一小脸儿？妹子会很多呦～,1,test,weibo_social
不好吃的咱不做啊～[哈哈][爱你],1,train,weibo_social
回复:好静[害羞]好景好境好心情啊~~[挤眼]是不是还能望见满天的繁星点点密密麻麻呀？！[挖鼻屎]~~[抓狂]TM赶紧给我起来，还跟这儿躺着感慨呐？！[抓狂]您那是帐篷都让人家给偷走啦您知道吗！？！[抓狂],0,unlabeled,weibo_social
锅拉的第一个盆就这样被打了个缺缺…[衰][衰][衰]不要跟锅说残缺师妹…是妹~是美！ 破输入法害死人啊！[衰][衰][衰],0,unlabeled,weibo_social
[蜡烛][蜡烛][蜡烛]//: 童童已经化为天使，[泪][泪]谢谢您的关注！请停止转发，不要再捐款，再次感谢您！ //:[话筒],0,unlabeled,weibo_social
让入住我们酒店的朋友们，都有宾至如归的感觉，就是我们最骄傲的事情！[爱你][亲亲][心][din推撞][威武],1,unlabeled,weibo_social
[嘻嘻]很开心您在我们酒店玩儿的愉快，期待您的下次光临！,1,unlabeled,weibo_social
//: [嘻嘻] //:?丝也要开公司！,1,unlabeled,weibo_social
【西江早安~】太阳公公出来啦，晴空万里，万里无云，这样滴周末，亲们是不是很喜欢呢？？[阴险][鼓掌],1,val,weibo_social
直接找八戒好了[哼] //: 朱总应该收形象费了 //: [可爱],1,unlabeled,weibo_social
//:[伤心] //:要不是自己先内乱起来人家也不会有这机会。 //://: 温故而知新。//: 唉。,0,unlabeled,weibo_social
突然想到一句话，出来混总是要还的。这不，开始了[晕],0,val,weibo_social
好惨啊！ //:现在车上是鸡蛋，老天啊，这种空气要让我肿么办呢[抓狂][抓狂][抓狂][抓狂][抓狂][抓狂][抓狂][抓狂][抓狂][抓狂],0,train,weibo_social
尹维爱卿，呃不，因为爱情……[亲亲] //: 喵，不要闹！,1,unlabeled,weibo_social
瞧瞧咱干儿子收到俺的礼物那表情 - 值了！[哈哈][哈哈][哈哈],1,test,weibo_social
王勇平接到免职通知最后含泪说：“这只能说是事故的奇迹”、“至于你下不下课，我反正下课了”[泪][泪],0,test,weibo_social
很多童鞋对 目前价格并不熟悉，特发此价格表~ 红色均为优惠期现价哦~！木有体验过的童鞋一起来体验吧~[可爱],1,unlabeled,weibo_social
近来课N多présentation也多， 我又回到了sandwich(早）+pizza(中）+意大利面（晚）的恶性循环了~~~~(>_<)~~~~ [泪] 懒得拍照，就拈来网上的photo吧~,0,unlabeled,weibo_social
这哪儿跟哪儿啊，搞个毛奖啊这是。。。[衰] 我颁你一个中国好广告吧！,0,unlabeled,weibo_social
我：把窗帘拉开吧。丫：噢。我：把纱帘也拉开吧。丫：不，拉开外面该看见你了。我：看见就看见呗。丫：你有什么好看的？[衰][怒][抓狂][右哼哼],0,unlabeled,weibo_social
奇葩留言到一些特色小店里很喜欢看各种卡片上的留言，有感人肺腑，有幸福满溢，有甜蜜祝福，有忧伤期待，也有……神经病。[嘻嘻] 就有很多好玩的卡片，没事去许个愿，可能比雍和宫还要灵哦[偷笑],1,unlabeled,weibo_social
有拔过智齿的吗？[失望][失望]那个疼啊，那个胀啊，那个躁啊[泪][抓狂][哼]疗程需要多久？几天可以正常吃饭，工作？[疑问][疑问],0,unlabeled,weibo_social
祝福！//: 祝10对老夫妻阖家幸福，度过一个温馨的重阳节[鼓掌],1,test,weibo_social
他是一直这么年轻，我是一直这么老，这j就是差距呀[哈哈] //:回复:这个估计有十年了吧…照片 你看多青葱呀！[哈哈][哈哈] 帅气呈现 //: 好靓仔 这是多年前的照片？ //: 这个就是照片给晚了的结果…[晕][晕][哈哈][哈哈],0,unlabeled,weibo_social
亲 我们上榜啦[泪][泪]//: 【环保部：6月京津冀空气质量全国最差】上半年，邢台、石家庄、邯郸、保定、唐山、济南、衡水、西安、郑州和廊坊的空气质量相对较差；海口、舟山、惠州、拉萨、福州、深圳、珠海、厦门、丽水和江门的空气质量相对较好。,0,val,weibo_social
感悟夏天发烧有一大好处，自己的体温与外界环境温度接近，不觉得热，不出汗，如果烧的高一点还会有点儿冷。[哈哈][哈哈][哈哈]烧死我吧[泪],0,test,weibo_social
"本想闭关冬眠，整理下旅行滴照片和文章，结果没到半个月我这颗不“安分“滴心又蠢蠢欲动了，再加上“末日谣言”，赶到机场""麻烦给我一个靠前面比较舒适的座位我不太舒服""，工作人员微笑滴闪着大眼睛:""哦女士你怀孕了吗？放心我一定给你最好的位置""[晕][晕]好尴尬啊！哈哈哈哈",0,train,weibo_social
回复:没事啦没事啦，不影响咱们大家一起探寻美味哈[馋嘴]快过节了，祝生意兴隆，大家越来越爱哈 //:怎么会这样啊！[抓狂]看上去就很疼。盼早日康复[可爱],0,unlabeled,weibo_social
香港????管理局?作的2014月?～有?意！[哈哈]香港自由行,1,train,weibo_social
C-4台在播长沙的节目，正起劲吹着橘子洲的烟火晚会，据说每周都有，次次不落。仔细想来，没有伟大主席的诗句，就没有橘子洲的知名，就没有形象工程的土壤，就不会有每周那么多地方财政的浪费。哎！[泪],0,unlabeled,weibo_social
回复-彭彭:我转出来的时候已经看完了[泪] //-彭彭:别看了。。。看好会难过的 //:很长，想看的得预留一小时。,0,unlabeled,weibo_social
春节各种赶场[泪]堵车啊[泪][抓狂],0,unlabeled,weibo_social
undercover的瞎眼熊？//: 我想霸占[泪][泪][泪],0,unlabeled,weibo_social
[蜡烛] //:今天必须悼念张志新，盼哪天能在志新桥遇见张志勤。 //: //:人民最终成为买单者[怒]这是对人民的不负责任[怒] //: 谁为罪恶的历史买单[怒]，历史不能重演[怒] //: 还在当政！ //:天怒人怨的组织！,0,unlabeled,weibo_social
禾行报道筱禾看到刚刚下班回家的禾爸在吃她的草莓棒，就问爸爸为什么吃这个。禾爸装可怜，说爸爸饿了呀。本想讨同情的，没想到筱禾很严肃地说：＂饿了该吃饭呀，怎么能吃零食呢？＂禾爸一脸无辜?啊！[晕],0,train,weibo_social
[悲伤][泪]迟早都会来，但是有人陪你到最后，才不孤单。,0,val,weibo_social
你最讨厌！我才没买包头的东西！我！我！我才没骗售货员！[怒骂][哼],0,test,weibo_social
比卡丘都瘦了！ [悲伤] [悲伤] [悲伤] [悲伤]小丸，你还好意思胖吗？？？！！！,0,train,weibo_social
晚上接到曾探访的一户人家的求助电话，说某火锅店拒绝支付他家十七岁女儿的工资。 父亲意外爆炸身亡，母亲离家失恋。据舅爷爷说别人嘲笑她，她不做了。火锅店拒绝支付工资。同情！[泪],0,unlabeled,weibo_social
真的是不上妆更好看[嘻嘻][嘻嘻] 别抓狂[嘻嘻][嘻嘻][嘻嘻],1,unlabeled,weibo_social
哈哈哈哈……坡地景观[哈哈][哈哈][哈哈],1,train,weibo_social
学生是船，金钱是帆。在相当长的时间里，改变不了。事实摆在那儿，无需多想。//: //-云龙: [伤心],0,unlabeled,weibo_social
//:这个必须要转[嘻嘻],1,unlabeled,weibo_social
望京一代民间艺术家们的造诣精湛，而且版权保护意识强烈，为防止＂不法人员＂破坏，画前很有秩序地摆了一坨坨..还好我眼疾脚快[衰],0,test,weibo_social
欢迎来串吧做客哦~慢慢来，别急~[嘻嘻],1,unlabeled,weibo_social
湖南旅游频道地球上最像月球的地方，你去过吗？[晕]130910下午17点-18点【驴友圈】土耳其卡帕多西亚【签到处嘉宾预告】 带你上天入地玩透【土耳其】[哈哈]（图片来自嘉宾）想做嘉宾？私信 吧！在线收听：芒果网,1,test,weibo_social
七老师奉献的又何止是青春啊[泪]，今天拍的很好，我很期待成品[哈哈],1,train,weibo_social
嗯，推次//：人品不行…… //:想起来，上午洗的车…[晕],0,unlabeled,weibo_social
唉~~男人之痛！今晚好好麻醉一下 //:我们表示没法活了！[奥特曼] // :我和你一样！没法活了！[泪][泪],0,unlabeled,weibo_social
一大早，素材离线[泪][泪][泪][泪],0,unlabeled,weibo_social
[怒]哼~不理你们了。//: 我怎么想到了鱼死亡破？好绝望，一身冷战。//:不在加班中灭亡，就在加班中灭亡……,0,unlabeled,weibo_social
呵呵，凡是好话我就信[哈哈]//: 我信了，加油 //: 尼妹的 这是今年看到最好的迷信,1,unlabeled,weibo_social
兄弟酒店发来贺电，嘉里开启圣诞纪[鼓掌],1,test,weibo_social
叫上小伙伴和家人，一起回家吃顿饺子吧！欢迎回家！//: 每次看完爸爸去哪儿我都想吃饺子！我也要吃！[抓狂][抓狂]我要吃东方饺子王。[泪][泪][泪],0,unlabeled,weibo_social
回复:[嘻嘻]谢谢 //:很开心，还送鸡卷，祝你们越办越好！ //:很开心吧,1,test,weibo_social
真的不容易，哭了！！！[泪],0,unlabeled,weibo_social
长得好看的都不上相[偷笑]呆萌呆萌的[亲亲]//: 太可爱了，本人帅多了~//: 萌的不行啊，简直爱死了[爱你],1,unlabeled,weibo_social
[泪]一早就暴雨呀怎么办，我不会回不去了吧！,0,unlabeled,weibo_social
高品质的Nespresso胶囊咖啡机，让你第一时间享受咖啡的浓香。伴随着温暖的阳光和舒缓的音乐，费尔蒙愿意为咖啡爱好者奉上更多[可爱],1,unlabeled,weibo_social
自己！！！[哈哈] //:你想到了谁？[偷笑],1,val,weibo_social
除了甜品大多都不吃了哈哈[嘻嘻][嘻嘻] //: -,1,val,weibo_social
离开公司前看了眼小花，好像快死了。。[泪]而且我发现我的花茎上布满了小虫。。。看了一眼你得-缪士颖 也有少数几个小虫。。。不知道是不是虫的原因。。。[泪]不知道怎么驱虫啊啊 啊啊,0,test,weibo_social
就算属于也晚了[泪] //: 你属于这个范畴瓦？,0,unlabeled,weibo_social
我们中招了//:[衰],0,unlabeled,weibo_social
明天过去试cai?q //:香菇千层面，意想不到的美味！！！宵夜了！明天正式推出！[馋嘴][馋嘴][鼓掌],1,unlabeled,weibo_social
股市？除了牛市的时候跟着赚点儿，其他时候一概不要参与[lt切克闹]//: 回复:怕与不怕在于内心有多强大[嘻嘻] //:-上市公司调研网 你们都是高人 别闲聊了 研究一下吧 //,1,test,weibo_social
[泪]//: 我那天看也叫唤半天，我觉得咱俩口味统一一次这事儿还挺难得的...//: 哎呀我去。。大早上起来的。。男主角好帅。。,0,unlabeled,weibo_social
不客气！[哈哈][哈哈],1,unlabeled,weibo_social
一场大雨，北京还有神马能经得住考验！！！我家有线电视木有信号很久了！！话说！！一直也没下神马大雨阿！！[怒骂],0,unlabeled,weibo_social
//: 这是爱国还是害国啊[伤心]//: 太恐怖了。,0,test,weibo_social
哈哈哈~我要笑死了，亲，你们是专业滴~[偷笑] //:明儿好好伺候着哈[嘻嘻][嘻嘻][嘻嘻]//: 明儿个从伴娘降级成宫女了！！！[泪][泪][泪],0,unlabeled,weibo_social
只是为了促进经济繁荣拉动内需而已 //:[怒][泪] //:向天下购物狂致敬 转发安慰你身边三位购物狂：,0,val,weibo_social
转了两条。。。被删的无影无踪了。。。不带走一片云彩啊[衰],0,unlabeled,weibo_social
搬家真累！！！[泪],0,unlabeled,weibo_social
她是关系品质专家-戴洁 昨晚的讲座结合萨蒂亚、思维导图、NLP、领导力等等综合内容。她的文采四溢，她的思维超敏锐，她关于＂星星＂的故事，使我泪流[泪]感谢她！,0,unlabeled,weibo_social
我也踏上归途啦[哈哈],1,unlabeled,weibo_social
不要见了新闻忘旧文，策划人尤是~ //: [衰]//: 多么痛的领悟！！！[鄙视][鄙视][鄙视],0,unlabeled,weibo_social
刚刚从英国归来的花子，此次以购物作伦敦行的串联（女人啊…），伦敦奥运比赛正酣，抵达伦敦的您除了赛场激情一番，场下去哪里血拼呢？听今天的节目就没错啦![哈哈],1,test,weibo_social
嗨，阵容不整，可以理解！最近我总出差！[抓狂][嘻嘻],1,unlabeled,weibo_social
物欲横流的北京，我那慵懒待振的家园//:每次听到这些我都自动屏蔽，希望自己住在蓝精灵的村庄[泪] //:他们会说，我们还穷，不能拿西方的标准来要求；但是他们自己花钱自己享受的时候，就远在西方标准之上,0,unlabeled,weibo_social
//:我们不需要这样的执法人员！//: 我们真的不需要这样的执法人员！[怒],0,train,weibo_social
回复:四年百万[晕]，用父母的血汗钱悠着点。 //:汽车的市场其实是很巨大的。做了四年没建树，看来是能力问题。撤了吧,0,unlabeled,weibo_social
开讲啦【郑欣淼正在播出】[鼓掌]刚刚郑院长的演讲是不是带你认识了一个全新的故宫？那些充满历史厚重感的故事是不是带给你很多感触？[太开心]小伙伴听入迷的同时，有认真做好笔记咩~小开也整理好了郑院长的语录，快来看看吧~[来],1,unlabeled,weibo_social
//: [哈哈]感谢您的支持！ //:朝阳说相声的少，得多宣传，以后不用跑那么远了 //: 获得更多精彩信息请关注官方微信~ [得意地笑],1,val,weibo_social
本周日晚十点，锁定旅游卫视，给你不一样的＜城市猎人＞！[good]//: 有亮点[晕],0,unlabeled,weibo_social
神右[哈哈] //--Kitty:哈哈哈//: →_→//: 那日经过华妃宫中，采月被人叫了去，仔细着会早些回来，却不料遭如此毒手！[伤心],0,test,weibo_social
说这是他新发型哦 我是第一个合影的人吗 哈哈 老帅了[嘻嘻][嘻嘻][嘻嘻],1,unlabeled,weibo_social
有财真是六千一斤 //: 5000到6000左右吧看样子这条鱼大概有六斤左右[晕] //:应该在2000多吧 //-青蛙王子: 回复 :[鼓掌]好样儿的知道多少钱一斤吗 //: 野生大黄鱼吧[思考][思考][思考][思考],0,test,weibo_social
忙和了一整天，回家凌晨两点半。我是看还是不看。[泪],0,val,weibo_social
洗洗睡了。。。[晕][晕][晕],0,unlabeled,weibo_social
好想抱个热水袋啊。。。北京什么时候会变暖[泪],0,unlabeled,weibo_social
?娃的小幸福 //: [泪] //一时间95播仙女们大惊失色、感慨唏嘘、很是惆怅~见证了我们青春的望春亭竟在春天到来之际逝去[泪] 快写篇悼文吧~ //-Leon: 世事无常，改消逝和不该消逝的东西都会岁月流逝而远去！,0,train,weibo_social
果断收藏，置为桌面。[太开心] 请问溜筒江段是去明永冰川那段、还是进雨崩那段、还是去盐井那段，谢哥？ //-摄影师:回复:谢谢！两天没上成网。没网的日子还真难受。[抓狂] //:吼吼，-摄影师 老师的作品,0,unlabeled,weibo_social
回复:[抓狂][抓狂][抓狂][抓狂]你们给我留一个 //:妹妹吃了一半，突然说：自己包的！哇塞，太牛啦！跟买的一样呢！,0,unlabeled,weibo_social
号称央视新闻，却如此无知的盗用我的照片[怒]。,0,test,weibo_social
劳动最光荣，节日快乐！[太开心],1,unlabeled,weibo_social
汤山御庭入住汤山御庭酒店的奚奶奶80大寿，酒店员工特地为老人精心制作了寿桃蛋糕?，与其家人一同为奚奶奶祝寿，现场既温馨又惊喜！[爱你],1,unlabeled,weibo_social
OMG! Hold 不住鸟！ //:上帝啊，祝他们幸福！！ //:[晕][吃惊][思考]有鸭梨！hold不住啊！ //: 以便以后接到这样的客户,0,unlabeled,weibo_social
真费手呀[哈哈] 冰哥，你费手的货呢[偷笑],1,unlabeled,weibo_social
我亲爱的朋友们啊。。。我发现我好久没有跟你们联系了。。因为我好久没有闲暇时间去享受生活了。。。但这不代表我们不是朋友了，一定要记得我啊。。[泪],0,unlabeled,weibo_social
加班，点螺蛳粉，半小时后送餐的师傅终于来了，收完钱就跑去按电梯，我追着大喊，米粉给我呀！@#￥%……[晕],0,val,weibo_social
唉~//：有表面的风光，就有背后的黑暗。 //:[泪] //:一个银行，金融业，宏观调控，社会发展，等方面的侧影…,0,unlabeled,weibo_social
干了，干//: 啥都不耽误，有工作日，有假期。哈哈哈。 //:那就干了，面子不重要，兜里有是硬道理[哈哈] //：谁说的，尼姑庵赚的一点都不少。 //：女人能干吗？尼姑估计没和尚赚得多啊 //：回复:总感觉抹不开这个面子似的，要不等头发退休了啊，哈哈。,1,test,weibo_social
[衰]传说是用网易彩票买的……,0,test,weibo_social
历史上的很多帝国不是被敌人征服的，大多是自己出的问题而毁灭的。//:曾经的文明古国，现在，就连搀扶老人这么简单的事件都要拿来无休止的讨论，道德缺失到了极点[怒],0,unlabeled,weibo_social
上海的秋天，什么时候来呢[悲伤]//: 一叶知秋，海德堡的秋天悄悄的到来了~~,0,unlabeled,weibo_social
面试？ //:加油噢 亲爱的！！！ //:[失望] 妍姐 我也快面试了 然后 然后上音乐科的大专 碰个好机会 [抱抱] [抱抱],0,unlabeled,weibo_social
百名达人游津城在卧牛湖度假村的晚餐，他们这里习惯主食最后上，我埋头苦吃的时候奇怪黑龙江朋友咋就一直聊天不怎么吃菜，到最后连上饺子、窝窝头、汤面三道主食，我只有干瞪眼的份了。[泪]南方朋友，悠着点哈。[哈哈],0,unlabeled,weibo_social
想我姑娘了、前天我姑娘问我你为啥在北京、我说在北京挣钱多、挣钱给孩花！[泪],0,test,weibo_social
安慰人是门手艺，有的人就无论如何也学不会，一遇到那种时候就手脚发凉，浑身不变自在，说的什么都不经过大脑....比如我...惶恐啊惶恐???[失望],0,unlabeled,weibo_social
这年头，相信官方就是毁灭名族[衰] //://: 死个人要官方同意？ //:存照＞＞ //:以官方发布的消息为准！有何错？！ //: 做错了就要认，说句对不起没什么大不了的。,0,val,weibo_social
三月不减肥，四五六七八月全部徒伤悲……[抓狂] [泪] [汗],0,unlabeled,weibo_social
暗黑一直维护！一直维护！从预定的两点已经维护到五点了~据说还要到八点！今天七夕节你们有老婆~我只有暗黑！这还无尽的维护！让我情何以堪啊！[怒][怒][怒][怒],0,val,weibo_social
夏天的感冒就像玩植物大战僵尸， 消灭了一拨又来一拨[泪],0,unlabeled,weibo_social
饿。。。什么时间可以下班！[泪],0,val,weibo_social
吃过，很不错 //-慈善: 改天把敏姐喊到一起来细品[可爱],1,unlabeled,weibo_social
搬过来呗[哈哈],1,unlabeled,weibo_social
哎呀呀 百毒不侵啦！[怒],0,unlabeled,weibo_social
我米有看过，我米有童年 //:灭他，不过刚演完！[偷笑] //:我也想看小龙人，有人霸占遥控器不给看//:相当爱看！[衰] //:[哈哈]毛大爷会喜欢看么？//,1,unlabeled,weibo_social
[衰]吃完胃疼一晚上！,0,train,weibo_social
乐蜂网盛女节大胆秀出你的美！我是Candy，超萌萝莉邦派女，永远20岁的心态是萝莉必备武器！尽管我是最早的80后[亲亲]，又怎样？甜美可爱不代表我没有力量，天真烂漫是我内心的绽放。去盛开，去做一个萝莉盛女，遇见另一个未知的自己，再不折腾我们就老了！,1,test,weibo_social
//: //:学习把耐心和宽容留给最亲近和最爱的人！！！[悲伤],0,test,weibo_social
谢谢！！[鼓掌][鼓掌],1,unlabeled,weibo_social
国际化了～welcome feng～[嘻嘻],1,val,weibo_social
我叫到了。但是这位司机大哥只要前车停，他就啧。。。我[泪]//:沈公子连车都叫不到,0,train,weibo_social
第二批似乎更为让人发麻，后备箱满得连一壶牛奶都塞不下了，客厅的沙发上躺满了包包，哪个哪个谁的谁的我早就模糊了，我只知道这些都是我买的。[哈哈]有人说我已成Super buyer，买手会制定标准引领你的消费，而不是总被问什么有没有？OK我的小伙伴们，随包献上seecandies巧克力，以表思念，甜美新年！,1,unlabeled,weibo_social
我好想养一个干脆面君哦...哈哈哈...谁能告诉我哪儿有卖的？！？[抓狂][抓狂][抓狂][抓狂][抓狂][抓狂],0,test,weibo_social
[蜡烛]世界上最伟大的产品经理辞世[泪][蜡烛]//:安息。没有那些所谓的垂帘听政，他“生活”到了最后一刻。他才是改变世界的人。,0,unlabeled,weibo_social
终于见涨啊...[bed飘忽]//: 全国人民喜迎股价上涨！[鼓掌],1,unlabeled,weibo_social
[哈哈]嘘~用你的表现说话[偷笑] //: 几年前看过，仍然觉得有趣。come on England! //-R: For three lions//: 太搞了，给最近看欧洲杯的童鞋欢乐一下,1,test,weibo_social
少买一个LV够养活她们一年的！！[泪][泪] //:/:这张照片让我无比心酸，无比心酸。,0,unlabeled,weibo_social
骄傲。 //:[鼓掌] //:[赞] //://:同感！充满着不舍呢[泪],1,unlabeled,weibo_social
-smile 我觉得吧，这就是为我们这种常有事没事就混迹于武汉各个地方的?丝所准备的啊。。。两张卡看起来都好有爱。。。。我要抢啊。。。[泪][得意地笑],0,unlabeled,weibo_social
昨儿后半夜被胃折磨的睡不着 脑袋里好像闪过一个创意 当时还很得意 我也能做文案了 想着白天一定要记下来 现在全忘了。。。只记得好像有这么回事[晕][哼][moc晕],0,unlabeled,weibo_social
哈哈，里面还有你俩倩影呢[哈哈][哈哈] //: 必须转哈~[偷笑],1,unlabeled,weibo_social
我不干！！！你好美，我拍得好二[泪][泪][爱你],0,unlabeled,weibo_social
你买东京，我给你捐钱[挖鼻屎] //:我出二亿！买小日本东京。[嘻嘻][嘻嘻][嘻嘻] //:[怒][怒][怒][怒][怒][怒]大刀向鬼子们的头上砍去 //: 突然热血沸腾啦！,0,unlabeled,weibo_social
恩，2-1逆转。实在是太喜欢穆里尼奥了，综合能力绝不在乔布斯之下，再加上长得比乔帅多了。。。[鼓掌],1,unlabeled,weibo_social
[嘻嘻] //:[汗][汗],1,train,weibo_social
会照开，活儿照干，开多长时间会，加多长时间班，苦逼的党员总加班[泪],0,unlabeled,weibo_social
素颜好美 晚安[爱你][爱你][怒],0,unlabeled,weibo_social
深圳的朋友强转！//: 校长吃学生？[怒骂],0,unlabeled,weibo_social
我擦，车钥匙丢了[怒][怒][怒][怒] 我在:,0,unlabeled,weibo_social
在车上听着的哥放的乡村迪吧摇头哥 Dj还不住发出呻吟....神啊！快到目的地了 坚持！[泪],0,unlabeled,weibo_social
我们也就配吃过期食品！以后做个广告，我只吃过期食品[衰],0,unlabeled,weibo_social
什么情况[衰],0,unlabeled,weibo_social
我也马克下 //: 看你啦// ? :很棒，mark一记// : 你这啥名字，找半天[晕]// : [花心][太开心] // :我心动了！！！,0,unlabeled,weibo_social
瞧瞧[嘻嘻],1,unlabeled,weibo_social
//-demain:[爱你],1,test,weibo_social
我想知道吸PM2.5＞100的肺啥样子？我几乎看到过，想求证一下。[衰],0,unlabeled,weibo_social
回复:是的，简直就是世外桃源 [哈哈] //:回复:我栏目一同事前年曾经在小沙江挂职乡干部，那里生态环境很美。,1,train,weibo_social
这么多熟悉面孔啊！看来喜欢这一款酒的人还真多，留守北京休产假的人真心伤不起[泪],0,unlabeled,weibo_social
友情万岁，真爱无敌 //: 两人的合唱超感动[泪],0,unlabeled,weibo_social
谢谢，今天的发型[嘻嘻][嘻嘻]很淑女！ //:美美的小蕾...[花心]....妆/发:张瀚一.... // :谢谢你们的精心打造[嘻嘻]今天是我的优雅日，所以我要控制，不要大笑，婉约点哟[嘘] // :此妞today很美，,1,unlabeled,weibo_social
月饼又＂显小＂了[泪],0,test,weibo_social
完工，睡觉，还是回北京带着微博去加班吧……[泪][泪],0,unlabeled,weibo_social
[给力][咖啡] //://:祝贺！[鼓掌][鼓掌][鼓掌][鲜花][鲜花][鲜花] //:哈哈，有人请客啦！[耶][馋嘴] //:[泪][泪][泪]在摆京的肿么办？ //:必须请！,0,val,weibo_social
你能不在我看电视时放臭屁吗[怒],0,unlabeled,weibo_social
边刷碗边刷微博！[衰] 送俺的多肉，俺那盆肉被园区哥们哭着喊着要?走鸟，女人伺候的就是比俺精致！走起老乡！[鼓掌] 旁?哈[挖鼻屎],0,unlabeled,weibo_social
看我的成果！！长得是不是最高的[嘻嘻],1,unlabeled,weibo_social
这一年你想吓我多少次？坐个单车也能伤成这样，你到底想我怎么做才行[泪]?su 我现在的心脏真的经不起吓啊[衰],0,test,weibo_social
车被陷，现在驶于全程220公里预计用时七小时走出的川藏线上最烂之的烂泥路[衰][泪][泪],0,unlabeled,weibo_social
穆帅也被罚上看台，我的皇马啊，你可要坚持住啊。。[泪] [泪],0,unlabeled,weibo_social
哦//: -Avaux //:双鱼座（感情甜蜜）[鼓掌],1,test,weibo_social
海口生活南大桥下龙昆南路堵车堵到桥上了[晕],0,unlabeled,weibo_social
[鼓掌][鼓掌]欢迎微信咨询酒店信息,1,test,weibo_social
今天在沙湖小镇上发现一家很有小资情调的酒吧，名叫“小木屋“，一瓶雪花才两元。[哈哈],1,unlabeled,weibo_social
晚餐 大家都在着急的跟2014挥手，那也先吃好难忘的2013年最后一顿饭吧。[鼓掌] [花心] 和果子一起吃！肉！,1,test,weibo_social
哥哥打电话让我帮忙机票，为了比价，体验了下qunar.com，唉，真不知道是我不会用还是它太不靠谱，显示的最低价，都是无法预定的，在下拉预定的页面里也找不到[晕]，比了跟没比一样，反倒浪费时间[怒]。还是Ctrip靠谱，简洁明了，有就是有，多少钱就是多少钱[ok],0,unlabeled,weibo_social
我右边脸现在都僵了[泪],0,test,weibo_social
谢谢幸福的棒哥~[嘻嘻]我坐等天上掉情人,1,test,weibo_social
哈哈，不绯闻，无营销！//-袁学娅: 你们将故事的能力不如桔子啊[泪]//:而桔子的启示源是 ，2014年我们将有超越时尚的最新潮牌问世，敬请期待！-中青旅山水酒店 //: 2013年底写酒店产业评论，以＂时尚＂为主题，桔子是启示源之一。,0,unlabeled,weibo_social
[爱你]在这个特殊的节日里~提前吃口月饼也是一种享受~~~,1,val,weibo_social
太可怜了[泪] //：//：回复:这个成都的朋友核实更靠谱。重庆太远，重庆晚报可能心有余而力不足。 //:转发此微博:严重关注[泪]请重庆晚报的朋友核实相关情况。然后网友看看能否定向 募捐给孩子看病。// ：太可怜了！重庆的媒体,0,train,weibo_social
我超爱黑凡斯啊，为嘛为嘛只在09年出了一张专辑[抓狂][泪][泪][泪],0,val,weibo_social
[泪] //://:很恨偷狗贼！我家威威失踪后，多次出现在我梦里。 //: 狗贩子偷别人的伴侣动物，家人，只是卖几百块钱肉钱。忍心赚这种钱的人无耻可恶我们不谈，政府对这种行为的纵容袒护令人悲愤，难道公民真要被逼用暴力才能惩恶！,0,test,weibo_social
两个星期零两天零5个小时没打球 感觉全无啊 [抓狂]为啥这个运动不能像骑自行车一样 学会了就忘不了呢。。[思考],0,val,weibo_social
[汗]这个可玩不了，心脏吓出毛病来。//: 户外爹妈必练之技能[哈哈],1,unlabeled,weibo_social
完了完了，俺今天要赔死了。。。俺申请分期付款。。。[衰]//: 欢迎交流，蒋文请喝咖啡[偷笑],0,unlabeled,weibo_social
这球。。看得有点儿郁闷。[晕][晕],0,unlabeled,weibo_social
怀念[泪]//: //: //: 。,0,test,weibo_social
一战接一战[哈哈],1,unlabeled,weibo_social
发现最近的生活好忙好忙！搬家，买家具，考试，还有工作上疯狂三月的活动！！！！求分身！我的驾照何时才能学啊？？？？[衰],0,test,weibo_social
尕2??踏伦敦大街，有点犀利哥[嘻嘻],1,test,weibo_social
大家早安~要健康生活[爱你],1,train,weibo_social
杜蕾斯官方微薄还行//：[衰],0,unlabeled,weibo_social
洗洗睡了，想到起明天要改PPT要汇报我就紧张得要命！！[悲伤][悲伤],0,unlabeled,weibo_social
桥脆脆[衰] //:介个应该不是豆腐渣工程或者豆腐脑工程，不知道能不能算上豆浆工程//: 哎呀我去。。。//:因货车超载导致桥梁坍塌，能再不要脸点么 //:上午发博就估计要找这原因，不要脸！ //:让我们一起大声说:不要脸！！,0,test,weibo_social
今天干吗呢？已经被两波人约了，还是想在家里宅着，懒的结果就是上周末没打扫卫生，这周末有的干了[泪]，算了，先睡觉吧[偷笑],0,unlabeled,weibo_social
[围观]//: 丁大姐当时木有考虑通货膨胀。。。[泪]//:省部级才五百万，太小瞧领导啦//: 差远了！→_→//:500?不?。,0,val,weibo_social
回复:[抓狂]不许你拿我逗乐！！！！ //:回复:多像你啊,0,unlabeled,weibo_social
“每天，来自世界各地的游戏用户们在这款手机游戏上花去的时间总计达2亿分钟??相当于16年。迄今为止，被“小鸟”砸死的绿猪已多达3万亿头。数以万计的琐碎时间，就在一次次投掷间被“谋杀”了。”时间的确就介么被谋杀了～[衰],0,unlabeled,weibo_social
这个营销手段很别致呀，哈哈哈。//：有人问我买多少书可以赠我[抓狂] //：哈哈哈，该整个正儿八经的帖子推广一下，哈哈。[偷笑] //:回复:没有预定，绝不出货！ //:[委屈] 咋还没人要我 //：转发不为别的，就为照片中的美女帅帅尽快找到主，哈哈。,0,unlabeled,weibo_social
//:云南彝族5岁女孩张鸿娜意外掉入开水锅，凭着超凡毅力爬出自救，烫伤严重[泪]现在昆医附二院住院治疗，如若治疗顺利，预计仍有2万缺口。儿慈会9958透明平台捐款通道：,0,unlabeled,weibo_social
"【销声匿迹的上海经典早餐米饭饼】童年的回忆,早饭的经典.现在似乎很少见到了,偶尔买到还是记忆中的美味.喜欢焦底那面,趁着热气咬一口,淡淡的酒香弥漫在舌间，再加根油条，可称完美组合了.煎饼果子什么的都弱爆了!好怀念你啊!你在哪里[爱你]",1,unlabeled,weibo_social
去你妈的阴阳怪气[怒][怒][怒]什么是“可怕且毫无意义”？？你意思是还有一类是“可怕且很有意义”吗？？,0,test,weibo_social
雷死我了[衰],0,unlabeled,weibo_social
回复-西安:我去过大唐 //-西安:此地离我家只有2公里![哈哈],1,unlabeled,weibo_social
[悲伤] //:[good],0,unlabeled,weibo_social
[泪][泪][泪] //: 他忘记了一切，但从未忘记爱你。欠父母的恩情，永远报答不完，也许只有将爱，一代代往下传！祝天下父母身体健康，幸福快乐！,0,test,weibo_social
“福寿康宁”摩崖四字诞生于明朝。在武当山南岩宫皇经堂下的峭壁之上，雕刻着“福寿康宁”四个醒目的朱红大字，每字高均为230厘米，宽160厘米。速速的去拍照去，福寿康宁哦！[可爱][兔子][moc转发],1,unlabeled,weibo_social
回复:死亡就在脚下，其实这是一种享受[嘻嘻] //:当年看了长空栈道。。。去那不是找虐吗[泪] //-晨:回复:额，这是小儿科，你看看鹞子翻身和长空栈道…[哈哈] //:看了照片，就不敢上去了 //-晨:三个字形容华山：峻，险，美,0,unlabeled,weibo_social
你不行，就下去，有行的[嘻嘻] 只是你没发现自己能行[嘻嘻],1,unlabeled,weibo_social
呃~ //://: 谁家姑娘？真靓[哈哈],1,unlabeled,weibo_social
"满身尘埃。早安,悉尼。[泪][泪][泪][泪][泪][泪][泪][泪][泪][泪][泪][泪]",0,test,weibo_social
[偷笑]//: 我艹，这个司机赶紧跑路吧[抓狂][晕]//:[衰],0,unlabeled,weibo_social
回复:[衰]连“小波”都没有.. //:看到多看的弹出广告“一大波免费杂志”，赶紧去下，你妹，找了半天哪有任何“大波”的杂志，骗人！ //:只此一天，要收赶紧！,0,unlabeled,weibo_social
嘿嘿嘿嘿[爱你][爱你][爱你]三八前系列学习帖[酷][酷][酷]蕾女～就是这么妖孽[太开心],1,unlabeled,weibo_social
亲！都说谈钱伤感情，这换季也太伤感情了吧！！！[泪]还怎么过冬啊~~~,0,unlabeled,weibo_social
最好的年华，遇见的或许并不是最好的[泪],0,val,weibo_social
回复:身高不到1.2米应该可以的吧~[偷笑] //:周末才回家，还能赶得上么？[泪]俺20了，能给儿童价不？ //:回复-杰521:有儿童价 //-杰521:有没有学生价 //:回复@?美美:感谢您的认可！欢迎常来,0,test,weibo_social
必须毙了[怒] 给孩子祭司用[蜡烛] //:mlgb //:今天是孩子们的祭日[蜡烛] 。转发就是追凶！,0,unlabeled,weibo_social
[兔子][熊猫][嘻嘻],1,unlabeled,weibo_social
上星期天还好好的。在送我们回长沙、对孙儿说“要经常打电话来，奶奶想你“时是流着泪的。当时心里就有不好的预感。母亲，你是要以病倒的方式，让你即将又要北上求学的孙儿再来看你一次吗？病床上的母亲，你似乎从未年轻过，似乎你的一生就是为了儿孙，而让坚忍、要强的自己在今天苍老而无助！[泪][泪],0,unlabeled,weibo_social
泰坦尼克电影院现场求婚今日抽空与十多年前的同学，如今的老婆一同重温当年看泰坦尼克的情景。所不一样的是多了一个儿子！还有不同的就是电影结束时有人现场求婚，引来全场尖叫欢呼！祝福有爱的人！[亲亲],1,train,weibo_social
从小就不喜欢过生日，总觉得过生日是一件害人害己的坏事！最主要的是不希望看到蛋糕上越来越多的蜡烛。。。现在蛋糕必须买大的！要不都插不下20+根蜡烛[泪]还能孩子多久？,0,unlabeled,weibo_social
脚要断了[泪][泪]听到青峰的声音就啥米都忘记了[泪]跳的high啊！！现在坐地铁上每个脚趾头都疼啊！！尼玛为了高于人群看到青峰，我穿着7，8cm的高跟鞋站了7个小时蹦啊！！[泪][泪][泪]还被一群疯子推过来跳过去踩了N脚！[泪][泪],0,test,weibo_social
调侃...[围观] //:[晕] //:? //:中国运动员苦啊//:【奥运冠军罗切特老妈:我儿子只搞一夜情 他没时间谈恋爱】,0,unlabeled,weibo_social
为什么现在这么笨！去年能轻易做到的有点技术含量事情！今年却连入门都很难！以前不是很会自学么！现在肿么这样，笨的像是智障了一样！为什么突然变得这么笨啊！啊！啊！[泪][泪][泪][泪][泪],0,train,weibo_social
回复:[泪]//://:聪明的小胖纸 //:笑shi了[哈哈][哈哈],0,unlabeled,weibo_social
[哈哈] //:这个可以有哈哈,1,unlabeled,weibo_social
手臂受伤了，疼[泪]，烦[抓狂],0,val,weibo_social
尼玛我又没抢到！[泪] //:陈道明何冰主演的话剧《喜剧的忧伤》票已售罄。人气太火爆了！！[鼓掌][鼓掌],0,unlabeled,weibo_social
才知道地球周长差不多才四万公里，这几年我飞了二十四万公里，已经绕地球六圈了?[泪][酷],0,train,weibo_social
[哈哈]??具??效果呢[威武],1,unlabeled,weibo_social
回复:我错了。亲爱的。我等着可疼定地方啊 //:[泪]不见叶子约会我 //:回复:你定。下周可以嘛？ //:姐啥时带我去啊[委屈] //:回复:哈哈。太巧了也。吃的开心就好啊！证明偶没推荐错啊,0,unlabeled,weibo_social
什么是mo jo?是mobile joumalist的缩写，是具有文字 图片 声音 视频报道技能全能的全媒体记者。为应对网络媒体时代，国外多家平面媒体已经开始培养并使用mo jo。有些指导意义～图为一位mo jo配备的基础装备[嘻嘻]。,1,unlabeled,weibo_social
今天在皇冠假日参加西南地区的FHC展，淘了很多好货啊！[嘻嘻][嘻嘻][嘻嘻],1,test,weibo_social
当听见一辉喊弟弟的时候，就。。[晕]//:小时候还没有漫画版进来。。看贴画一直认为他是女的。。。看了漫画和动画后破灭了。。 //: 小时候觉得只有阿瞬一个女的，其他人怎么分//: 真爱！+1 //:,0,test,weibo_social
我也爱丽江，我也90后，1890[泪],0,unlabeled,weibo_social
枫糖酱烤肋排[花心] 的诱人产品越来越多啦！再想想那些无限供应的甜品、饮料和沙拉[鼓掌],1,unlabeled,weibo_social
本次学车圆满结束，总结路考。要想过就要装孙子[衰][酷][萌][浮云],0,unlabeled,weibo_social
吃狗肉的人，长点心吧！！！[泪],0,unlabeled,weibo_social
[鼓掌]摆谱//: 针对千差万别的个体，面对错综复杂的时代，怎么说，说什么，保持底线之上，恐怕难有一成之规。新闻本无学，非得批评人家怎么怎么，非得赋予一个大时代的意义，未免居高临下大尾巴狼了。另，凤凰某位知性女主持我还是见识过的，可真没那么好。 详情:,1,unlabeled,weibo_social
大姐，我起码胖了5斤啊。 //:我读出了太多内容！ //: [浮云][浮云][照相机][照相机][帅][帅][鼓掌][鼓掌][汽车][汽车][太开心][太开心][猪头][猪头],1,unlabeled,weibo_social
比如唠叨与琐碎这头发搞得我快崩溃了！！！！火大！！[抓狂][抓狂][抓狂]只美好了两天啊！！！两天啊！！！！@?薇琪 你走了 我头发就不黑了！！！！不再是那么美好的状态了！！！才两天啊！！！,0,train,weibo_social
//: 没这图您说的话没效果[嘻嘻]//: 我的说话，配这种图，叫我情何以堪呀[泪],0,unlabeled,weibo_social
假装被偷拍没有成功做到…[晕],0,unlabeled,weibo_social
可言可语昨天晚饭时，可可说：妈妈，只有爷爷是最爱我的。虽惊讶但好像也意料之中，我问：难道妈妈不爱你吗？可可答：爷爷从来都不会骂我，但是你会。[泪][挖鼻屎],0,test,weibo_social
中秋节快乐！ //: 一组创意月亮照，提前预祝大家中秋快乐。[爱你],1,unlabeled,weibo_social
大家胃口都好//:鬼老、还吊我们胃口的说呢[悲伤]//:好，你也好,0,test,weibo_social
笑贫不笑娼，这种思想，毁人！//: //: //: //:[怒][怒][怒] //:借用一个还没当官的小头头的话：“我身边年轻漂亮的很多，想搞点儿婚外情还不容易。”这年头，当官的……[嘘]//:这怎么话儿说的？没有情妇就当不了官吗？ [怒]//,0,test,weibo_social
很想动一句粗口是不是强劲你老母比强奸你女儿的危害也会小一点[怒],0,train,weibo_social
//-说画: //: [怒] //://://:[蜡烛]//: [怒骂]//: 独裁者一定是杀人犯和大骗子！[怒骂]//: CCTV开始沉默了。//: 唉。,0,unlabeled,weibo_social
大家都一天感冒吗？//: 同感冒！[衰],0,unlabeled,weibo_social
才到家，我姨周一回宁了，我木有现成晚饭吃了[泪]。 你姐夫让我跟你商量下，让你娘一个月呆南京一个月呆北京!,0,unlabeled,weibo_social
我下载了高德地图，因为最近有点儿找不着北 [抓狂][抓狂] 分享来自安卓市场:[ 高德地图(免费语音导航) ] 我在:,0,unlabeled,weibo_social
谢咯 做做 //:笑年的永远18岁阿[蛋糕][蛋糕][哈哈],1,unlabeled,weibo_social
OMG！[泪] //：[泪] 这是怎么了？高速上的汽车、铁轨上的动车? 连游泳池都不安全了。[泪] //：动车脱轨现场图片：浙江生死时速！求更详细真相！,0,unlabeled,weibo_social
为了证明螃蟹的听觉在腿上，一砖家捉了只螃蟹并冲它大吼，螃蟹很快就跑。然后捉回来再冲它吼，螃蟹又跑了。最后砖家把螃蟹的腿都切了，又对着螃蟹大吼。螃蟹果然一动不动……实验证明砖家的判断是正确的，螃蟹的听觉确实在腿上。。[抓狂]新华微博,0,unlabeled,weibo_social
真不是 发帖开玩笑， 昨儿个真儿真儿在我课上睡着了，上课的其它筒子可以作证。这么多年来还从没有一个人在我的课上睡着过，让别人听见能把人讲睡了你说我这课得有多枯燥无味啊？也是我了，但凡换个课堂其它自尊心强的老师，今天没准儿??也就不在了[泪],0,unlabeled,weibo_social
就钓鱼岛这点破事，搞的我一宿怪梦连连――梦见自己身着军绿大衣，开着11路沿铁路线一路向前。一路上全是法西斯小日本侵略后留下的斑斑血迹。不知道走了多远，居然遇到了左权和彭德怀，于是我将现世小日本的种种侵略行径逐一汇报。。[晕]看来我真特么多余，咸吃萝卜淡操心！[鄙视][鄙视][鄙视],0,unlabeled,weibo_social
登峰一出，谁与争峰！//：[衰] //：//：郭美美妈妈 来了。,0,unlabeled,weibo_social
扩散//: [怒]//: [生病] 如果你家有以下药品，请停止使用！！！求扩散,0,test,weibo_social
//:这么牛的贴，必须诚转！！！[太开心],1,unlabeled,weibo_social
近距离的肉搏真的是很刺激，今天是彻底开眼了[抓狂][哈哈][威武]加油啦！！,0,val,weibo_social
Nicholas Kibuchi，刺激我，得瑟是吧！跟我?是吧！某年某月某天等我攒够了假期攒够了money我也去Dubai。[抓狂],0,unlabeled,weibo_social
脖子扭了~悲催[哼][怒][愤怒],0,unlabeled,weibo_social
哈哈哈[给力]这个太给力了！[哈哈][哈哈][哈哈] 想念我的闪闪079[泪]好好照顾它噢！,0,unlabeled,weibo_social
消耗元气[泪] //-zz: 消耗元气！[抓狂] //:,0,unlabeled,weibo_social
这个也出炉啦，新鲜的一期[嘻嘻][发红包],1,unlabeled,weibo_social
让我再思考下，还有沙溪古镇，还有..你能补充一下吗[抓狂],0,train,weibo_social
收拾衣橱，看到当年答辩时的衣服，彼时彼景，记忆犹深。如今已是师生天涯永隔。[泪],0,unlabeled,weibo_social
这目标直接对准阿里，一去就开始挖这边的人。做人要厚道啊！[哈哈],1,unlabeled,weibo_social
呃，这个没我危险吗，[晕]//:最近最爱的动作,0,unlabeled,weibo_social
//-咖啡大佬老冯: 回复:[哈哈][哈哈][哈哈]//:第一次做时豆蔻放多了，那味道。。直接给跪了[泪],1,unlabeled,weibo_social
回复?:我已?哭了。[泪] //?:有我在呢，包场！不同意就哭！ //:没位！[酷] //:到店出示此照片就打折[酷]能预留座位吗[偷笑] //: ?,0,unlabeled,weibo_social
收工，在电梯里傻站半天，突然进来一姑娘，问我去几楼，才发现忘记按楼层，伸手按了8却怎么都不亮，那姑娘盯我半天，说，这就是8楼啊难道你不是要去1楼么？额。。。我可能是困了[晕][害羞][汗],0,unlabeled,weibo_social
想吃宋记烤鸭，可我妈说有禽流感[泪],0,unlabeled,weibo_social
在家就可以吃到正宗的四川火锅//: 这个好这个号[爱你][馋嘴][馋嘴][馋嘴],1,train,weibo_social
看着好原始啊，好吃不[嘻嘻],1,train,weibo_social
还有[哈哈],1,unlabeled,weibo_social
从早上到现在一直对着电脑各种写，写，写！不行了，要换换脑子。[抓狂]出门，买菜去，准备做蔬菜沙拉！[抱抱],1,unlabeled,weibo_social
回复:高原反应，偶尔放屁，不臭[酷]出?正常[哈哈] //:天儿哥，吃得拉肚子没得。。,1,train,weibo_social
闭上眼看 十六岁的夕阳，美得像我们一样，边走边唱 天真浪漫勇敢，以为能走到远方。。我们曾瘦过，想到就心酸。。。[伤心][伤心][伤心],0,unlabeled,weibo_social
有男款的吗？[哈哈][哈哈][哈哈],1,unlabeled,weibo_social
瓦伦西亚话就是有点山东口音[挖鼻屎]//: [话筒]翻译如下：纳达尔说：费雷尔这家伙在睡觉，我们拿舒缓泡沫去捉弄捉弄他[偷笑]。费雷尔醒了大叫：[抓狂]CABRON混球，你对俺干了啥？你个小兔崽子，你给俺这喷的是啥玩意儿[黑线]？,0,test,weibo_social
旅途趣闻【堆雪人也能赚钱？ 半天赚上千元 [吃惊] 】昨日，成都市龙泉驿区，许多游客车上都堆了个雪娃娃下山。当日，受寒流影响，成都龙泉山上飘起中雪，当地村民纷纷堆做雪娃娃，卖给过往的游客，一个雪娃娃卖价20-30元。这是什么节奏！快下雪啊，我要去堆雪人赚钱啊~[太开心],1,unlabeled,weibo_social
[太阳][咖啡] //:我第一倒霉呀??? //:?力山大吖！[失望][失望][委屈],0,unlabeled,weibo_social
回复-刘晓鹏:能打动味蕾的美食都会让人有幸福感，幸福的笑容自然源于内心！[嘻嘻][嘻嘻] //-刘晓鹏:主要是代言人真的是发自肺腑的笑啊[哈哈] //:刘老师的眼神真好！[哈哈][哈哈][嘘][嘘],1,val,weibo_social
诶，突然想起了太原早早的麻辣烫，好神奇！[抓狂]不知道还有木有…[钱],0,test,weibo_social
畜生，变态，这种人不得好死 //:我T M艹 你 妈 的 虐狗 B！//: //: 没人管吗？//: [抓狂]疯子,0,train,weibo_social
[泪]去shi~~//: 哈哈！还我HHP！//: 回复:[衰]还好。。。 //:欢迎，那么晚还不休息啊，辛苦啦,0,unlabeled,weibo_social
出去玩就要住好的 //@?卟?Miranda: [威武][威武][围观][围观]//:[太开心]发布磕了三个多小时，出动了三个技术大神各种修改，QA陪着各种测~不错不错，完美上线才是王道,1,val,weibo_social
是忍耐还是行动？我们从娃娃开始抓爱国主义教育，可是，在有关国家主权的关键问题上，还不如香港同胞的爱国热情。普京说，领土问题，寸土必争，没有谈判，只有战争。 //:日本也要干涉中国内政？ //: //:[怒][怒][怒] //:,0,unlabeled,weibo_social
上海真是阳光明媚出奇的美，往年这个时候就是阴天下雨冷的要命，这次人品爆发[哈哈][哈哈],1,val,weibo_social
你是外星人 什?都有效~~[嘻嘻]//?JPM_J: ?真的很有效！阿?！,1,test,weibo_social
吃遍世界【一个吃货的全球欲望手册[花心] 】你有列出过欲望清单，再一个一个划掉的吗？[嘻嘻] 简直了！这是每个吃货的终极梦想有木有哇~[抓狂],0,test,weibo_social
嘻嘻嘻！//--张磊: //:[衰],0,unlabeled,weibo_social
后厨说蛋炒饭没鸡蛋了，我自告奋勇去买，然后就这样了…[泪],0,unlabeled,weibo_social
哥忙得一下午就在对着电脑敲，对面的居然还闲得斗地主[怒]，工资月月还比我高，实在是想不通，真是同人不同命吗？晚上回去继续奋战[衰],0,val,weibo_social
兄弟们辛苦了[悲伤]//: 你的兄弟们在这[哈哈],0,val,weibo_social
累死人啦...又一堆...谁谁谁的！！！[晕][晕][晕] 我在:,0,val,weibo_social
「今夜」年? ?透?? ??大家全力配合我???的?? 很?超美 [good][good][good][爱你][爱你][爱你],1,unlabeled,weibo_social
新车驾到[哈哈],1,unlabeled,weibo_social
尼玛今天节目录制坑死我，孙德江总说成孙德昌，王德春总说成王德佩，两个错误的名字一个是同事一个是老领导，我都有点恍惚了[晕],0,unlabeled,weibo_social
臣请从龙~~~[衰],0,val,weibo_social
表叔[衰][衰][衰]//: 年前最后火一把，火完了回家过年，哈哈,0,unlabeled,weibo_social
我想起了几年前的鸿毛饺子！真好 //:[泪] 真美好 真高兴,0,unlabeled,weibo_social
你就别吹了！[抓狂][猪头][哈哈][哈哈][哈哈][哈哈][哈哈][哈哈][哈哈][哈哈][哈哈]//:我要拒绝美食诱惑，将减肥进行到底[奥特曼][闭嘴],0,val,weibo_social
太感人！//:感动哭了……//: [泪]//:QAQ //:[泪流满面]这才是真正的贩卖梦想！！//: 突然领悟到迪士尼的感人之处了大概就是去过一次就还想再去之类的？ //://: 这个好感动,0,unlabeled,weibo_social
这样的才是好样的[good]//: [怒]//: 是的，我也看到老牛发的联通断网的微博的，怎么这么大差距呢。。//: 说自十点二十五分，网络彻底不通，怀疑是联通防止我直播，断了我的网线。,0,train,weibo_social
哈尼尼，正式生日快乐！！越来越美丽，迷人！[蛋糕][礼物][爱你]晚安！,1,test,weibo_social
[哈哈][哈哈][哈哈] //:[哈哈],1,unlabeled,weibo_social
再看一眼威尼斯，回到了陆地，上岸后看到一位女士t-shirt上写着“never never never never land”，那是我想说的[泪] 今天租车很快，终于租到GPS! Thank god! 不会看地图的我终于不用一路紧盯iphone给某人指路，某人也终于松了一口气因为GPS说的比我清楚。又上路了！,0,unlabeled,weibo_social
那买了就是人家成功了嘛，谁还管你烧不烧呢？ 宁大爷这是肿么滴了？ //?作?丶而已:[泪][泪]?了祖?[泪] //-HTZ: //:！一个月不看，立帖为誓 //:钓鱼岛是我们的。。我们要抵制日本AV。。。。,0,unlabeled,weibo_social
是动着我哪跟神经了么？这几天为什么无缘无故的就笑？扯的伤口都疼[晕],0,test,weibo_social
同感谢 和，新简网在做最后的调整，稍后就会结束alpha进入beta，走过路过不要错过！[哈哈] //: 谢谢本文作者 ，对这整个事情理解很深刻写得很到位，是典型客观收敛型作者。可是 -- 他居然还在学校就读，当真后生可畏呀,1,unlabeled,weibo_social
希望每个流浪的小动物身边都有个胖纸可以相互取暖[泪],0,unlabeled,weibo_social
回复:邀请你们人了，他们怕你再拿大奖隐瞒未报吧，西西[偷笑]，哪天我补请你[心] //:今年没邀请我[泪] //-精品购物指南:回复:是我错了，应该叫姐姐一起来的[汗]在这一起边吃边聊多好[可爱],0,unlabeled,weibo_social
娃去考试了，早上就喝点米汤，还在发着烧。很心疼[泪][泪],0,unlabeled,weibo_social
[哈哈]明明是第22下。,1,unlabeled,weibo_social
【超级笑星 开心一刻】[笑哈哈][笑哈哈][笑哈哈]老师您果然是考古学出身~《超级笑星》可以多一位学术派选手[哈哈]~,1,unlabeled,weibo_social
艺龙丽江客栈不靠谱阿… //:几十元的多了去了！[哈哈] //:丽江酒店团购大全，需要的同学请速速拿走。,1,unlabeled,weibo_social
回复:东门？真羡慕！特喜欢夏天光脚在晒热的丹陛桥上走，舒服！//:[嘻嘻]是的。//:回复:尤其在这雾霾天儿，格外思念江南 //:舒服,1,unlabeled,weibo_social
可可成长可可叫可爸一起切蛋糕，可爸磨磨蹭蹭的，最后可可说:那你不要过来了哈，我刚好也只有两个盘子。[哈哈]闺女，你够伤人的哈。然后可可开始许愿:我想要好多好多零食，好多好多玩具，好多好多钱……[偷笑],1,unlabeled,weibo_social
//: //:这个世界很温暖。//: 感动！为送衣人，为这老汉！[泪]//: 我咋看着就想哭呢？寒士之寒令人寒心，善人之善令人心暖。//: //: 真好。//: 写得好，难得不酸，实在，有心。//: //:真有才[手套],0,test,weibo_social
【奥兰多布鲁姆惊传是同志 因出柜而离婚[衰]】人干事？我伙呆！据香港媒体报道，其实当奥兰多布鲁姆证实和超模老婆米兰达可儿离婚之际，美国就有八卦言之凿凿，他是因为跟米兰达坦承是同志，才导致两人离婚，也因此在宣告分手之後，这对离异夫妻能毫不避嫌，大晒恩爱。,0,val,weibo_social
这个～[怒骂],0,unlabeled,weibo_social
我检举：台湾和南韩走私严重！ //://:[吃惊]//:[衰][哈哈]?物都沉到海里了 //: 骗子怎么圆谎,0,unlabeled,weibo_social
昨天应该玩这个。。。强项中的强项啊！比喊数抱在一起要合适啊，尤其是只有一个男生，太尴尬了，差点掉到后台。。。[衰] ?Wing 是 安排的吧，明明手里拿着一堆卡片，偷梁换柱[右哼哼],0,unlabeled,weibo_social
饿了~[抓狂],0,test,weibo_social
回复:您的鼓励也打动了小编柔弱的心，我们会继续努力[泪] //:72家房客用一颗平常心来对待每一个活动，以一份真诚来打动小编的内心。或许我不是最幸运的那个粉丝，但我一定是最用心的哦！在此祝福小编工作顺利，我会一直支持你们的活动的~！ 地址：,0,test,weibo_social
演唱会圆满结束~~[唱歌] [围观] [礼花] 站了6个小时，又累又饿又困~~[可怜] [困] [泪] 躲开主办方的庆功宴，回到住处已经是新一天的开始了~~天亮飞贵州，预祝此行顺利吧~~[飞机],0,unlabeled,weibo_social
这才是值得赞叹和佩服的行为。我也考虑下要不要在自己的社区里号召下，从不相往来的高楼社区邻居们可能需要这样的平台[思考] //:[赞] [心] [泪],0,unlabeled,weibo_social
[围观][威武] //:[鼓掌][鼓掌]//:请扩散…,1,unlabeled,weibo_social
中午可以睡觉了……[泪][泪][泪][睡觉],0,unlabeled,weibo_social
"谭迁的旅行世界微直播:终于搭上桂林--深圳k950次列车。。明天早上到深圳，卧中铺249元。。。可惜金卧不藏娇。。。广西柳州,河池,阳朔,桂林的双节旅行结束，大家吃好喝好玩好。。[嘻嘻]旅行 我在桂林火车站",1,unlabeled,weibo_social
*2认同[哈哈]//: [good]个蛋糕非常好吃！[嘻嘻]！,1,val,weibo_social
血尿酸正常值应该200多到400多，我的结果是500多，进门我就跟大夫说：＂您不用看了，我确诊自己是痛风了，你就看怎么治吧！＂大夫说：＂没治，控制饮食吧，这是熊猫病＂是很稀少的病？我问。＂不是，是以后熊猫吃什么你就吃什么，只能吃一些根茎类植物了＂[衰]从此以后我的生活也是熊猫的颜色了[泪],0,test,weibo_social
攒肥了再看//:日剧控们准备开追吧~[太开心],1,test,weibo_social
//:有什么比包邮更给力的了亲！[抓狂][抓狂]圣诞将至！抓紧时间！给你的爱机批上炫丽的糖果外衣吧！[哈哈],0,train,weibo_social
片子不错 //:我都不知道对焦多少次了 //: 我记得canon说明书上有一句话，无论什么情况下，都不要对着太阳对焦……[衰],0,unlabeled,weibo_social
好熟悉的一幕[泪]我想我闺女了,0,unlabeled,weibo_social
懂我！太有爱了[哈哈] 我在:,1,unlabeled,weibo_social
前方堵死~~ 神马情况 [汗][晕],0,val,weibo_social
【母亲的谎言】1.(童年时)快吃吧，我不饿；2.(少年时，深夜做针线活)快睡吧，我不困；3.(高考路上)快喝吧，我不渴；4.(参加工作，母亲生病时)你赶快去工作吧，我很好；5.(给母亲寄钱)你用，我有钱；6.(买房接她住)城里，我不习惯--母亲是首永恒的歌![泪],0,train,weibo_social
堵在桥上，我饿的想吐！[衰],0,train,weibo_social
老子遭不住老。[抓狂] //:北京朋友不要流口水 //: 我靠，秧白最老，二妹最?，小象最肥。 //:。,0,test,weibo_social
早说要拍照我去打扮一下啊！[抓狂][抓狂][抓狂][抓狂][抓狂][抓狂][抓狂] //: 你好像只蛤蟆精啊！,0,unlabeled,weibo_social
马上下班啦，周末啦~！啦啦啦啦~！休息了几天，Loli厨房又要重新开工咯~！酝酿酝酿，今天去买菜！[鼓掌][抱抱][哈哈],1,unlabeled,weibo_social
我是从1变成了2，从2变成了4[泪],0,test,weibo_social
好便宜，可惜24号护照在使馆，哪儿也去不了[泪] //:穷游折扣 天津/北京往返塞班岛含税机票新增2月24日出发2599元/人。,0,unlabeled,weibo_social
//:棉衣、棉裤、棉鞋，冰雪、帐篷、孩子[雪]。玉树老化漏风的帐篷又逢第四个风雪严冬！请幸福的您奉献小小温暖[围脖][手套][温暖帽子]。可怜当地藏族老百姓没有维权意识，上[泪]访[泪]无门，丢了宅基地，又被活活冻了四个雪季。,0,val,weibo_social
回复 :其实我觉得这是个视谱，和智力啥的没关系，你这么冰雪聪明还会信这[偷笑] //:回复:看来看不清5的都是正常人，关键我还看不清2，我倒[晕],0,unlabeled,weibo_social
文艺青年呵呵 //:回复:基本都记得，那站着的就是偶哦！[嘻嘻] //:还记得和你坐竹排的那个人么？[爱你],1,unlabeled,weibo_social
[爱你][爱你][爱你]//: //:,1,unlabeled,weibo_social
[泪]//:晓松，可别又一高兴又酒驾，里面可没那么宽松//:万岁 //:[哈哈]//:好的。,1,unlabeled,weibo_social
旧金山旅行的重要体验，是乘坐那里的有轨电车。//: 美国的出租车非常贵，强力向去旧金山旅游的网友们推荐：乘坐当地的敞篷旅游车，车票 35 美元。车上有耳机，可以听到中文介绍景点。敞篷车一共跑 20 个景点，任何景点都可以下车，游览完了之后，可以凭票上车，再去另外一个景点[鼓掌],1,unlabeled,weibo_social
下了飞机又继续开工，这次又是大制作。筹备 平面电影拍摄。 [嘻嘻],1,test,weibo_social
//: [泪]//今年7月，庄则栋病情突然恶化。上海、北京大医院已不肯接受庄则栋住院治疗。目前庄则栋肝脏坏死7/8，仅剩一根血管、一根胆管顽强维持。 庄则栋全家仅靠少年宫退休金生活，佐佐木敦子加入中国籍后成为家庭妇女，无任何收入和生活保障。庄则栋清醒时提到，希望拍卖自己书法作品换取敦,0,unlabeled,weibo_social
?是?有?性的大叔！！ //://??往: 显然大叔的样子更迷人[哈哈]//: 我们的Tony大叔算不算？,1,unlabeled,weibo_social
回复:今天也要黑八哥？ //:这么美~早知道八哥应该点评一下的！留八手~ //@?巍EVA: [嘻嘻][嘻嘻],1,test,weibo_social
在石最后15分钟上场！主罚全场唯一点球！[酷]没看到GARY啊！韩国队1：0领先后现场终于齐声大喊＂中国队加油＂好感动[泪][泪][泪]虞伟亮还是很神勇的！,0,test,weibo_social
京东贱啊，杜甫刨坟出来弄死你们[抓狂][抓狂][抓狂][抓狂],0,unlabeled,weibo_social
可怜[泪],0,unlabeled,weibo_social
"[威武] //: 稻城：最后的香格里拉，这里有你想象的一切,也有你想不到的一切！[威武][给力][鼓掌]",1,unlabeled,weibo_social
"你说话啊，你就请 去你那品尝一下吧//: [委屈]都第九式了...在第六式时,我就己经招架不住, 不敌招式,饿的身亡....[怒骂]我想吃...",0,test,weibo_social
我绝对老年痴呆了，又忘记拿钥匙了[泪][泪][泪],0,unlabeled,weibo_social
沟沟？[吐]//: 沟沟就是gogo人家要永不止步，向前进[害羞] //:无纸化办公吧…沟…沟…[嘻嘻]这昵称略v5//:开会发的资料不要扔，把装订拆开，背面可以进行二次利用呢！沟沟就是这样做的，杜绝纸张浪费，我们正在努力！大家还有什么节约用纸的好方法，一起分享一下吧[呵呵],1,val,weibo_social
有种老年痴呆症晚期的无力感。脑干不够用了[晕][晕][晕],0,unlabeled,weibo_social
收完再送给该送的人 //:咱俩这收来收去有用吗//:收到 //: [爱你],1,test,weibo_social
[怒]令我想起多年前，一个吸毒的妈妈被抓，恳求警察看看她独自在家的小女儿，被冷漠无视，最后孩子活生生饿死在家！[泪]前天看美剧破产姐妹，本是喜剧，却被一句台词刺痛:你以为这是中国，对自己的下一代动手？[闭嘴],0,unlabeled,weibo_social
土匪行径啊 //://: 愤怒！//: [怒] //:北京城管无牌车逆行，撞完私家车大打出手，爆打女司机，其中一辆车车号是京l33636，另外一辆车牌上贴着＂治理黑车办公室查扣＂字样，不知是不是查扣来的车？,0,train,weibo_social
[抱抱][鼓掌][鼓掌][鼓掌]//: 佳木斯的第二期活动即将上线了哦，亲们，吃个痛快//:,1,val,weibo_social
不好好保养车，这下子瞎了吧。可怜那GM//：回复:不知道哪个不要脸的把我车前面两个雨刷的胶皮都给抠下来了[鄙视] ，今天下雨才发现。[哈哈] //:您这叫车病偏逢连夜雨。,1,val,weibo_social
你们的亲人就如同我们的亲人一样，我们任何一个人都不会放弃，你们一定要保重身体~为你们所有人祈祷[爱心传递]，直到马方 给出真相与说法！！！！[怒]我们会一直站在你们身边！！毫不畏惧！！！,0,unlabeled,weibo_social
[怒] //:我们围观看他们官僚不官僚，如果不回复网友的问题，开博有什么用呢？宁夏广电系列的博，我记昨从来没有看到过他们的回复。不知道开博作什么用？[奥特曼],0,train,weibo_social
他说：本来我生病了就需要安慰，可你不但不安慰我还打击我！我天天给你们娘儿几个打工赚钱我自己吃的用的不过就那么一点点作为老板你就不能对我这个员工好点儿么你这样对我我哪里还有什么干劲儿~[泪]~――唉，老大呀老大，您知道么，您说出了我们的心声了啊。。。[泪],0,train,weibo_social
你未痊愈，我不敢老！[泪] //:你未痊愈，我不敢老。 //?:伟大的母亲,0,test,weibo_social
呵呵，有时间来小店坐坐！[嘻嘻]//-james-emily-jessica:大龙虾，真心很不错！?,1,train,weibo_social
带小孩真的好辛苦，胳膊手腕都好酸。这两天他还学会要抱抱才睡觉[泪],0,test,weibo_social
今天因为要出去办事所以才把他一个人放在宠物店，一路上抱着他不管怎么叫他都不给我个正脸[泪]，剪完毛回来就是一直用这副臭脸对着我要么就是背对着我?他肯定气死了以为我不要他了是吗？[泪],0,unlabeled,weibo_social
看情况 //:但会误伤其它车主啊。//: [晕]遇到这种情况，我闪他十几下,0,unlabeled,weibo_social
谢谢辩手们带来的精彩[心]大家太棒啦[爱你] 和学生在一起的大学时光,1,unlabeled,weibo_social
“我一个学计算机的朋友，被老婆发现他大学时代写给其他姑娘的情诗，勒令三天之内写出十首新情诗献给老婆，要比舒婷写得好，诗里还不能有“0”或“1”。--冯唐《活着活着就老了》” [哈哈]今日阅读最让我开心的段子，晚安。,1,test,weibo_social
旅人小结[呵呵] //:回复:??...你要?自去?橙子[嘻嘻]我?的很多??，越?越?自交通。鼓浪?最?魂之?是?有?甚至自行?，完全可以安?下?用腿走路。箜曲酒店能留下你的耳朵， 能留住你的胃， 姑娘能留下你的心...,1,test,weibo_social
//：//@?雪天地:[蜡烛] // ：一起来帮她 // :[泪] // ： // ：[围观] // ：太遭罪了[泪]，可怜的孩子，大家帮帮她。,0,unlabeled,weibo_social
[泪]有遗憾才有怀念~亲10月再去时带着我的思念~我带了他家的巧克力分给同事！ //:估计咱俩都没去[泪][泪],0,unlabeled,weibo_social
那这一切到底是为了神马~？[思考] [疑问] [抓狂] [衰],0,test,weibo_social
回复:当然是姐姐讲的喽!回头给你ppt[爱你]! //:是姐姐讲的吗?我也好想去听哦…,1,unlabeled,weibo_social
灰奔吧，飞拖把[晕][晕]//:一只飞色的拖把在灰奔 [哈哈],0,unlabeled,weibo_social
翻得不如rihanna痛彻心扉[泪] //??很?常我??的偏?狂: ?? //: Adam Lambert现场翻唱Rihanna的Stay,0,unlabeled,weibo_social
我们一起孤老吧[晕]//:你刚刚好，那我晚达来！ //:看咯，堂客。 //: 时间刚刚好~[爱你],1,train,weibo_social
回复: 我都无语了。。 //:回复:[怒],0,train,weibo_social
回复:吼吼 //:[鼓掌][good]偶们系很有品的杂志 //:行家来了！ //: 左书，左手写的？ //: //:[哈哈]得瑟完这把，咱就收工啦，对吧 //: 哎哟喂，高端大气上档次有没有？ //:行家来了！,1,unlabeled,weibo_social
[赞] 感谢各位同学的积极推荐，导演组把评论看得眼花缭乱了。。目前已决定录制的“大学图书馆”有 [互粉] ，其他还在研究讨论中哈[抱抱] //:大家在推荐的同时，记得艾特一下你所推荐的学校哈！,1,unlabeled,weibo_social
[鼓掌][鼓掌]//-叶科: 来吧来吧！水灵妹子介绍给你！哈哈！//:我现在特想去北京出差，顺便看看二师兄！[嘻嘻]// -叶科 : 能带上我不？水灵妹子哦！这时候不艾特我，太要不得了！,1,unlabeled,weibo_social
我尼玛嘛也没吃呢[泪][泪][泪],0,train,weibo_social
给大家讲一个泪流面的故事。。。「图转」[泪][泪],0,val,weibo_social
跳动的心[哈哈],1,train,weibo_social
弟啊，来点花生吧！告诉他们我是买花生的[泪]//: 右边两位有基情！[哈哈]//:爱你[爱你]//: 爱你[亲亲],0,val,weibo_social
带着爸爸妈妈来小书房，有没有回家的感觉啊？！[嘻嘻],1,unlabeled,weibo_social
好羡慕[泪]，有五个这样的姐姐，你生来便是幸运的！加油！,0,val,weibo_social
丫丫的！宰了他丫的！//:[抓狂][抓狂] //:回复:唉 //:脸朝外屁股朝里也不知是什么时候留下的光荣传统！ @?春?candy,0,unlabeled,weibo_social
今晚的欧冠决赛算是看不上了[哼]晚班机到山西原计划一个小时车程到演出地谁知高速封路了[怒]NND到酒店比赛刚好结束[抓狂]各种不靠谱lNG[足球][足球][足球],0,unlabeled,weibo_social
//: ~~~~[嘻嘻],1,unlabeled,weibo_social
[爱你]跟好朋友分享是我最大的快乐！各位记得给咖啡指正哦[不好意思]//:俨然已经收到！并且发微博晒了。我可是第一个拿到的哇！,1,unlabeled,weibo_social
回复:也许他也不过是中层收入者，怀抱着别墅的梦想，热爱生活而已。 //:所以这房主也有病，有钱自己买别墅，或出国享受，远离穷人， //:回复:邻居[怒],0,unlabeled,weibo_social
曾经我是上图河马现在我是下图河马，虽然都是河马[泪],0,val,weibo_social
[亲亲]借姜总吉言，咱红旗招展[国旗] //?: 祝大卖！[爱你] //-: 回复?:抱抱美女经理[爱你]8哭，咱等敢看滴时候再看成不？[玫瑰] //?:身处非常时期的脆弱女人路过……暂时不敢看。[泪],0,unlabeled,weibo_social
[哈哈][哈哈][哈哈]这么说金山也可产茅台了！,1,unlabeled,weibo_social
业界良心！！！！//: 第二天一早，兰兰家门口蹲满了以泪洗面的正太、少年、壮汉和大叔//: 兰兰我也刚分手每天以泪洗面来着[泪],0,unlabeled,weibo_social
//:[吃惊]//:[哈哈]天天的粉丝对我一条羞辱他的帖子大肆攻击，说我下流。这贴子证明，他龟孙子比老子下流多了。,1,unlabeled,weibo_social
有关红包的微博太闹心了，很多都是自动发的，最扯的是我一不小心点了一个朋友的，然后居然还自动给她评论了两条，文案还是很贱很贱的那种。。。自动发，自动评，微博你的活跃度还真高哦[衰],0,unlabeled,weibo_social
//-爱DearX攀: [馋嘴][馋嘴][馋嘴][馋嘴][馋嘴][抓狂],0,train,weibo_social
呵呵，可爱的大龙虾等您很久了，欢迎常来坐坐！[嘻嘻],1,unlabeled,weibo_social
尼玛！柜子上的Hottoys都给我摇下来咯...自从512后又一次感觉到了地震的威力...好多人跑出去了，我这15楼就算了吧...洗脸刷牙去咯...[晕][晕][晕],0,unlabeled,weibo_social
天语感觉给阿里云忽悠了啊[晕],0,test,weibo_social
[鼓掌]形象顾问的职业生涯是一个内外兼修的旅程，女人如花，我们要用服装表达“美丽”，更重要的是要用形象表达“魅力”，没有淡定沉静与谦和，恐怕无法培养出一双发现美的眼睛。,1,unlabeled,weibo_social
//:有孩子的都受不了这刺激！不分国度！ //:[泪]//:我也是。,0,unlabeled,weibo_social
两年前的元旦，我翻墙进去的[嘻嘻],1,unlabeled,weibo_social
我要抑郁，我要抑郁[泪],0,unlabeled,weibo_social
同志们都到家了么？写几百字的感谢发三回发不出，一行字发的倒迅猛[晕]为今日奋战14小时的同志们说句：晚安，感谢！,0,test,weibo_social
[哈哈][哈哈][哈哈]//:[嘻嘻],1,unlabeled,weibo_social
公司不如监狱 公司劳心，监狱省心 //:[泪] 表现良好可获得更多工作,0,unlabeled,weibo_social
豆乳花，结果就是龙凤布丁，骗伦[抓狂]，不过味道蛮好吃[嘻嘻],0,unlabeled,weibo_social
"强烈要求好好改造,重新做人,强烈期待学满释放!![抓狂]",0,val,weibo_social
我要赵小姐！！[抓狂][抓狂][抓狂][抓狂][抓狂][抓狂][抓狂][抓狂][抓狂][抓狂][抓狂][抓狂][抓狂][抓狂][钱][抓狂][钱][抓狂][抓狂]] //:哎呀呀等你们过来呢！！！！,0,test,weibo_social
Will一定是在报复Mac！求别虐[泪],0,unlabeled,weibo_social
回复:你就不能让一个吃货假装吃着了馋某些人啊[衰][衰][衰][抓狂][抓狂][抓狂][抓狂] //:哥，更正一下。红烧肉不是藏香猪肉，墨脱石锅鱼。鱼是尼洋河的[嘻嘻],0,unlabeled,weibo_social
"分享图片,隐婚男女，真实[晕][晕]",0,unlabeled,weibo_social
交作业啦… 舌尖上的健一公馆 夏季菜品，清酒浸花螺、芝麻香煎和牛肉、九层塔乳鸽牛蛙煲、椰蓉绿豆羹，好吃不油腻，非常开心的一餐。[鼓掌],1,unlabeled,weibo_social
你很美～想得美! 但貌似就是这么美！[哈哈] //: 曾经有一段留学的苦逼的生活，我扛了。如果让我从来一次，我一定要领一份新生大礼包。如果非要在免费送的电话卡上加一个期限，我希望是无限期。。。,1,unlabeled,weibo_social
[哈哈][哈哈][哈哈] //:[泪][泪],0,test,weibo_social
[嘻嘻]//: 福满中华，马年吉祥！//:+马到成功！,1,unlabeled,weibo_social
//:真搞笑就不太高清郁闷了[抓狂],0,test,weibo_social
[话筒][话筒][话筒]“网友喜爱的旅游局官方微博”―― [鼓掌][鼓掌][鼓掌]旅游，在乎的是沿途的风景，在乎的是看风景的心情，不会因为美丽的风景终止。,1,unlabeled,weibo_social
//:回复:[哈哈]Mark //:5 可以加半句 可能初期会慢 但一旦爆发就是一发不可收拾,1,unlabeled,weibo_social
[泪]?(￣?￣)?我也来顶一下吧!,0,unlabeled,weibo_social
[心]做善事时心里是满足的，做完善事被表扬，心里也是踏实的[可爱]我们和 合作捐赠密溪小学物资， 的 们很给力[赞]话说 确实挺有老师范儿的，又有爱心，要不要常驻在那里支教…[挤眼],1,unlabeled,weibo_social
哈哈//: 回复:[泪][泪][泪]//:年幼女儿坚强扛起半边天，带脑瘫父亲游乐园追忆童年,0,val,weibo_social
回复:你在我每一条微博后面都跟个一条唱片滑针一样的评论，我愉快得了吗？ //:您好！感谢您对中国联通的关注！我们会不断努力为用户提供更好的服务！祝您生活愉快！[可爱],1,val,weibo_social
郑贝比是个人才！ 玩动物园水果园蔬菜园的游戏。。动物园里有什么？---芒果！！尾巴！！水果园里有什么？---花。。。蔬菜园里有什么---蛙！！。。天哪。。。。最经典的是：动物园里有什么----我。。郑贝比，你无敌了！[衰][衰],0,unlabeled,weibo_social
妈的!欺骗老子情感![怒] //: //:[c无语],0,train,weibo_social
[泪] //：有此狼...?有何求呀~~//：看哭鸟[泪],0,train,weibo_social
[晕]早知道我开车，你还能在车上睡会儿啊[偷笑],0,unlabeled,weibo_social
回复:您可以拨打62478881-677/1101咨询预订[可爱] //:预定婚礼电话有吗？朋友结婚想定,1,val,weibo_social
有种白莲教义和团再世的感觉，身处盛世，妖孽横行，盼望铁拳无敌奥特曼把这群作货扁回小蝌蚪状态 //:对了，还要追究某剧组的道具的责任。 //: [晕] //:[偷笑] //:这叫魔幻现实主义吗？[晕] //:,0,train,weibo_social
早知道买点儿屯着了[泪],0,train,weibo_social
所以说“改革开放”、“市场经济”神马的最讨厌了//: 说得好。你们凭什么卖？//:太过分了[抓狂]//: 再这么下去 该起义了,0,train,weibo_social
晋善晋美[嘻嘻],1,unlabeled,weibo_social
我的助手用信用卡积分换了一套巨好的餐具，看得我这个眼馋啊。这么多年了，钱没少花，从来就没占过这种便宜。就因为我没工作，所以银行不给办信用卡。提交过一次，还给毙了。一直用储蓄卡什么的。好不容易，有个航空公司的飞行里程卡，头两年积了不少分，刚想起来能换东西，再一看，还过期了。[泪],0,train,weibo_social
//: 回复:哈哈！[哈哈] //:原来我们如何努力终究是要被吃掉[泪][泪],0,val,weibo_social
回复:现在就能送啊，把快递信息私信我们[哈哈]我们对老朋友总是有求必应的[爱你] //:哈哈，等我下次订的时候送我。 //:[爱你][爱你]下次要再和我们同游哦[带着微博去旅行],1,test,weibo_social
还有我爱的木心。。。[可爱]//: 春天要放????[偷乐]//: 答案揭晓了，这个是封面哇~~ //: ?然！?看「? 」字，外框是?垣?界，“土”似抬梁式屋架，“口”字水池；下?枝枝??可理解?林木――??生?,1,unlabeled,weibo_social
周末或者小长假，约上三五好友或家人，只要简单收拾，就能在杭州的青山绿水间，享受悠闲的小资生活啦[嘻嘻]//： 这种地方呆一个星期那该多好~,1,train,weibo_social
[怒] //：[怒] //：//：转，残忍！//: 可怜的狗//: 也好。// :引用老郭的话：法律要不管 ，我就弄死他了！,0,train,weibo_social
哎呀妈呀，毒死我们算了！[泪] HELP！HELP！就算跑到天津、河北也躲不开这巨毒的空气呀！[泪] 喝点德国咖啡吧，然后想着法国的海滩……[衰],0,unlabeled,weibo_social
最近最最爱的范儿//?: 真好看[抓狂] //:? 一看就是你的菜。,0,unlabeled,weibo_social
回复:干脆就开你办公室里吧！[威武][哈哈] //:就在我办公室门口吧，蹭饭不用走几步 //:回复:昨晚俺备的肉全被扫荡一空！[吃惊][抓狂] //:啊？ 您没准备够牛肉啊？,0,unlabeled,weibo_social
北京提个醒儿【北京带孩子的家长，记清楚这张嘴脸！！[话筒]】：广外红莲菜市场门口，偷小孩的妇女丑恶嘴脸！！奶奶掏钱买菜小孩刚撒手就被她抱走了！奶奶说，万一孩子丢了她直接就跳河[泪]丢个孩子能毁掉几个家庭，看此女不在乎的表情应该是惯犯，求扩散，求严惩！！！,0,unlabeled,weibo_social
我就不入?了。[嘻嘻],1,unlabeled,weibo_social
喔唷。没感脚。久在帝都被熏陶地已经产生抗体了。[衰][奥特曼]?,0,train,weibo_social
看完球赛，等着看北京台＂最美和声＂，等来一帮咬着舌头说话的SB，台湾人和广东那边的情有可原，明明是特么东北的，非把自己装成台北的。好好儿的中国人，装特么什么韩国的泥！马上关电视。[挖鼻屎][怒骂],0,train,weibo_social
着急赶着去投胎啊？[怒]//: 如此卡门！[怒],0,unlabeled,weibo_social
【别大意！这些习惯会催你老[衰] 】早起后发现脸上又多了一条皱纹，或者刚到中午就疲惫不堪，这也许是坏习惯在作祟，加速了衰老。美国“MSN”健康网站刊出催人老的坏习惯。1.心眼小。2.喝水少。3.不休假。4.揉眼睛。5.吃甜食。6.趴着睡。7.想减肥时才运动。8.吸烟。9.酗酒。10.吃垃圾食品。11.熬夜。,0,val,weibo_social
//-BEETLE:[衰]杀虫剂…… //-VI:[阴险]虫虫来袭，快拿杀虫剂,0,val,weibo_social
怎么挤地铁都挤到水里去了[晕] //:起哄架身子凑热闹~~~[酷] 成都居全国省会城市高温天气最末位，你们这是闹哪样~~长沙杭州人家不过了么~~,0,val,weibo_social
[威武]//: 杨澜访谈录 ，谈“从医”卫生部副部长屡次含泪哽咽[泪][泪][泪][泪],0,unlabeled,weibo_social
尼玛这都是什么事儿啊？！！！ //:猪狗不如！陪孩子一起去吧[怒],0,test,weibo_social
现在喝的也比原来多呀 //:回复:咱都不哭，留着卖车的时候再哭！ //:[泪流满面][泪流满面] //:[衰][衰][衰] //: //:,0,val,weibo_social
这个应用对那些起床困难户有效吗？[泪][晕],0,train,weibo_social
[熊猫][熊猫]//: 好可爱~[爱你],1,unlabeled,weibo_social
复活节早午餐―重温奇幻时刻之甜点篇。送上饼房厨师们在复活节早午餐上的精心杰作，愿可爱风趣的小点心带来好心情，提前祝大家周末愉快啦~[爱你],1,train,weibo_social
快吓尿了[生病][晕],0,test,weibo_social
恭喜-林小姐 成为杭州站幸运网友！三位将于明天亲临发布会现场，见证雪花《中国古典园林》五书在杭州的发布。主页君在西子湖畔等你们咯。另外，在此感谢其他小伙伴们对本次活动的大力支持！[太开心],1,test,weibo_social
六一儿童节的第一个礼物，手机流量又回来了[偷笑]..节日快乐！周末快乐！[哈哈],1,test,weibo_social
香港的万圣节要开始了，翻出来以前在香港过万圣节的照片，hiahia...鬼屋很恐怖di.. 这回去香港除了过万圣节，剩的只有购物了，说到购物，孤独求伴儿！！！！..[泪] [泪],0,unlabeled,weibo_social
顺带把销售也做了，岂不更牛！[哈哈],1,test,weibo_social
-自游海洋//:离开前搬去那的四天~打开窗帘便是大海，坐在阳台吃着泡面看日落，还有海滩旁的shout！太幸福了！还有还有blue bay的snorkeling~一晃半年多了[泪],0,test,weibo_social
回复:哈哈，亲爱的，你就不要让我思索一天啦，请说吧[嘻嘻] //:你怎么会有这么多美丽的东西？下次我要抢先[奥特曼]另外，昨天现在发挥很好，样子很上镜！有一句话让我思索了一天，你说的，能猜到吗[偷笑],1,unlabeled,weibo_social
我不想说我感冒了~T_T~元旦三天急性肠胃炎，这周末来个感冒，2013要不要这么衰……[泪],0,unlabeled,weibo_social
[爱你][爱你]名片夹收到了，灰常喜欢！谢谢 亲爱的！[亲亲][亲亲][鲜花][鲜花],1,unlabeled,weibo_social
[嘻嘻]哟西，全是小西家的特色菜，亲，中午吃的可好？[亲亲],1,unlabeled,weibo_social
睡前一根可爱多！让我的小肚腩变得多可爱！肉啊~长吧~就这么放松自己吧！[哈哈][哈哈],1,test,weibo_social
[可怜]看到这么棒的漫画牛腩君也激动了~~[抓狂]不过，最后一张是什么情况呀~悟空表走~~不但有免费的榴莲口味呀~还有巧克力、抹茶和好多口味呐~！猴哥快快回来吧！[爱你],0,unlabeled,weibo_social
最近想少吃辣的上火的食物，可这样都不知道吃什么了[晕],0,unlabeled,weibo_social
A.I 今天退役。一个时代和回忆的结束。当枪匹马把一个三流球队带到总决赛。记得那场和湖人拼总决赛看到他伤了脚踝却硬挺着伤打我看哭了。最值得尊重的球员 过人最帅 上篮最漂亮的后卫。没有之一。除了乔丹 最爱A.I。[泪],0,unlabeled,weibo_social
"每天在特9上捧读张维迎的这本新书,虽然是对话体,虽然是访谈录,虽然不成体系,虽然但是依然好看,依然精彩,依然可读,值得推荐[鼓掌]",1,val,weibo_social
这个现在很少有 //://:离家工作后就没过过小年了[泪],0,unlabeled,weibo_social
回复 :[哈哈][哈哈]中华旅游名博贵州行 //:我是不知道[偷笑],1,test,weibo_social
"[赞]//:光棍节大抢购仅需RMB1,111元即可入住 爱侣别墅，名额所剩不多ing~Hurry up![太开心]",1,val,weibo_social
常来玩儿啊! //:哈哈！好好上班[哈哈][偷笑] //:表妹 我咬着小手绢 目送你离开,1,test,weibo_social
红红樱桃没了[泪],0,unlabeled,weibo_social
希望，宁夏特色美食都能上淘宝，尤其是特色清真回族美食[嘻嘻]//: 流口水啊流口水！！！//: 凉皮上还有二维码！！！//: 我擦，现在这个世界太疯狂了，哈哈哈，支持一个[鼓掌][鼓掌] //: [哈哈][哈哈]冲出宁夏！走遍全世界哈[哈哈][哈哈][哈哈],1,unlabeled,weibo_social
你回去了吗~[可怜][爱你],1,test,weibo_social
这是我现在心情的真实写照：又惊又恐又桑心[伤心],0,unlabeled,weibo_social
啊[泪]这不就是我的理想么？变成养很多花的老奶奶~,0,val,weibo_social
玩儿去！ //:[good]送孩子本<????>[哈哈]//: 作为一个爸爸，我真希望时光倒流变回成宝宝，能和俺的爸爸妈妈一起参加这个节日！[泪],0,unlabeled,weibo_social
[衰]大家都要注意哦！,0,test,weibo_social
昨天挑战了一下红烧肉，味道还不错，今天晚餐来挑战一下火爆腰花，希望不会做出什么暗黑料理[衰],0,unlabeled,weibo_social
能告诉我知道路了，怎么能把手机的高德导航关掉吗？[抓狂][抓狂][抓狂],0,train,weibo_social
怎么又去澳洲了[悲伤][悲伤],0,unlabeled,weibo_social
不知是不是今年过年太早了，总觉得冬天无比的长，好不容易进三月份了，本该春暖花开的日子居然又要下雪了！！！土黄土黄的天儿就跟癫痫病一样，时不时的发作一回！M D [抓狂],0,unlabeled,weibo_social
"出版者的浮燥,整出了什么""浅阅读""!!!杯具啊!!![抓狂] //:内心品格的修炼！ //:人人都想当明星，几人想当先哲？ //: 明星的一条无聊微博，为什么会有上万次的转发？娱乐社会。 //:先哲的百句箴言抵不上当红明星的一句戏言",0,test,weibo_social
我累了！//:[思考]//: [失望] //://-邓春赢: 累,0,unlabeled,weibo_social
节目正在重播哦[威武] //:恩恩，这是一场综合素质的考验呢！栏目中处处都有亮点哦！大家都来看啊！现在正在CCTV-2重播哦！错过的朋友们快来看吧！咱们节目的第二季和第三季将要于“十一”期间播出哦！要继续关注我们啊！[可爱],1,train,weibo_social
对 说：生日快乐~祝福祝福~[蛋糕][蛋糕][鼓掌][鼓掌],1,unlabeled,weibo_social
你火了[可爱][嘻嘻]//: 广而告之，欢迎围观。[花心]能以＂专职美食摄影师＂的身份出镜，并让更多观众了解这一领域，是老陆的荣幸。开门红，北京味道，走起！[威武],1,train,weibo_social
高考真的把人逼疯了，这个质问很好！！！！[怒]//:,0,unlabeled,weibo_social
怎么又出事啦 //:[泪] // -Do : 相撞？,0,unlabeled,weibo_social
靠谱， 我负责替你找个车夫[偷笑]，载着您老//: 就等楠楠组团了 //: 我还没驾照呢！[泪] //:等天儿好了大家一起骑踏板去山里压弯去呀[偷笑] 带队[鼓掌] //:你的日子真丰富！ //:2011有你的那些日子,0,unlabeled,weibo_social
我个人认为尚雯婕唱歌的感觉很高级，非常的国际大咔感，我愿意花钱去看她的演唱会[耶][耶]ps：今晚上海芮欧百货Lanvin的大秀尚雯婕会作为表演嘉宾唱两首歌，本来我会去，结果在新加坡错过了，实在可惜[泪],0,test,weibo_social
iphone昨晚被我不小心摔了，触摸屏现失灵，经查只能换屏，想请教大家能否有其他解决方式？换屏的价格及比较好的维修商联络方式，多谢了[泪] 好难过啊。。。。,0,unlabeled,weibo_social
原来腌火腿长这样啊，不要吃了不要吃了?[泪][泪],0,train,weibo_social
在伯克利的BusinessC散课后，出校门已是夕阳西下，传教士气质的Dr.bill依然兴味盎然地与我讨论关于末日哲学。当然我一直是末日自由主义者，在学校附近商店闲逛，顺便研究下美国妞的Size，内谁把我给P了？[抓狂],0,unlabeled,weibo_social
满满的一天，休息，休息。[可爱],1,unlabeled,weibo_social
"早安,亲[爱你]!//://:英雄退位团队进位的时代，团结合作是主旋律。学会欣赏包容，懂得牺牲奉献，才会助人自助，自律自强！",1,train,weibo_social
我也支持！//：//?儿：[哈哈],1,val,weibo_social
感谢把年夜饭放到风林火山…[泪]，13年绝对发财！,0,unlabeled,weibo_social
[爱你]爱 温暖,1,unlabeled,weibo_social
[哈哈]明天凌晨4点钟去尼泊尔?//: 我可以很负责的说发这条微博的人很不了解自己队员[怒] 还骑过日本和尼泊尔！[挖鼻屎],0,unlabeled,weibo_social
[偷笑]帝都更有爱么？不见得！但帝都有你们[爱你][心]//: 有看到吗？还是来帝都吧。,1,unlabeled,weibo_social
[书到用时方恨少] 很想表达一种心情，却发现肚子里没货，憋得慌！[抓狂],0,unlabeled,weibo_social
真的是征兵广告？开始转变了？//: 有思路。[哈哈]//: 我靠，这文案有内涵啊 [威武] //?呀:哇~不说保卫祖国而说mens love[偷笑]~不错不错~// : 转发。,1,unlabeled,weibo_social
这绝对是个失误！还是以视频为准！哈哈//: 已经不满足只写错我名字的某个字了[失望],0,unlabeled,weibo_social
风雨交加骤骤的。。各种响。很困又睡不着[衰],0,unlabeled,weibo_social
-LGD 王厨的发型好霸气[哈哈]?是式,1,val,weibo_social
公布大奖的时刻到啦?经过我们的统计，第二周最热情的粉丝是@?城天使-?? 恭喜这位小伙伴，将获得价值568的DMK-35RCLF 一台！请将快递信息私信给我，希望可以将更多美食分享给大家[鼓掌]没获奖的小伙伴不要灰心，我们的活动仍在继续，更多好礼在后面！,1,unlabeled,weibo_social
回复:“重要的不是目的地，而是心情”，“重要的不是目的地，而是跟谁一起去”，“重要的不是目的地，而是用爱去寻找”，好吧，把做目的地的同行们台全拆了。。。[哈哈] //:让心灵去旅行[嘻嘻],1,unlabeled,weibo_social
冷的我只想暖和的被窝，一条秋裤完全不能给我温暖[泪] 我在这里：,0,unlabeled,weibo_social
@-小婉儿- //: 没钱//: -梓源 走，买房去[哈哈][哈哈][哈哈],1,unlabeled,weibo_social
程度跟超市?什???！[哈哈],1,unlabeled,weibo_social
无奈 //:同问！[抓狂],0,test,weibo_social
[鼓掌][good] //:原来如此，贫血的要注意了,1,unlabeled,weibo_social
//:再转一次，看了真心疼//: //: //-小炉匠: [泪] //-jacqueline: 一大早看到这则消息，泪流满面。。[?]//: 眼泪止不住的掉下来！//:太心酸！泪流满面……,0,unlabeled,weibo_social
//: 突然想起现在每个KTV里都必放的一首歌，让我们首都人民一起来唱：拒绝黄，拒绝堵，拒绝黄堵毒！[鄙视][怒][怒骂][弱][挖鼻屎],0,unlabeled,weibo_social
上月中紧急精养的三万斤大闸蟹为应对中秋的，现在已寥寥无几，没有合格的大闸蟹，成隆行不敢、也不能卖呀[泪]，中秋前，还有新的精养蟹会上市。。。对不起大家了[汗][汗][汗],0,unlabeled,weibo_social
舞台剧很好看，演唱会很好听[嘻嘻]就是北京的空气象是外星球的[晕],0,unlabeled,weibo_social
主页君携万千妹纸顶这位小爷！喜欢他的各位，吆喝一声的说~[鼓掌],1,unlabeled,weibo_social
原来我只知道水游城假日的地段好[good]，离夫子庙走走才10分钟[钟]，每想到泳池也这么棒[吃惊]，后悔啊，上次花了500元住豪华房，没去游啊[抓狂],0,test,weibo_social
又到周五咯！现在每周五晚来乐动雅乐轩喝酒听歌，留下您的姓名及联系方式，即可参与年底的抽奖，奖品--泰国曼谷雅乐轩2晚免费住宿！！要不，2014年计划一场曼谷的雅乐轩奇幻之旅？[太开心],1,unlabeled,weibo_social
对 说：求再次采访！求回复！[哈哈],1,unlabeled,weibo_social
做了一夜的梦，感觉很累，一早6点就醒了，真不知道我是怎么了，难道这点压力就能难倒我吗。现在头好痛，还是起来呼吸些新鲜空气去吧，这么早上班是不是早了点儿啊[晕][疑问],0,test,weibo_social
回复:媳妇儿的心头爱[哈哈] //: [偷笑],1,unlabeled,weibo_social
磨完牙快7小时了，麻药劲儿过了，半边脸都疼，她怎么非今天的生日，晚上只能做看客了[失望],0,train,weibo_social
请问这款多少银子？[威武][围观][爱你],1,test,weibo_social
//: 同感[悲伤],0,unlabeled,weibo_social
小布这丫头...有了第一只 就想要第二只...还想要不同头发颜色 不同造型的...闹心呀...[抓狂],0,unlabeled,weibo_social
阳阳阳醒来第一句：＂[泪]我梦见老师叫我准备笔去考试，我被抽到了(? ?;)＂[偷笑],0,train,weibo_social
啦啦啦啦。撒花祝贺@-柴叔- [鼓掌][江南style][爱你]//@-柴叔-: 自己撒花庆祝一下我和 在2012年完成的动画短片《Girl Meets Boys》进入2012华人原创动画短片TOP10~~,1,test,weibo_social
大周末的被莫名的电话追杀，真特么搓火！你是工作狂就自个儿折腾去！打扰别人休息你好意思啊[抓狂],0,val,weibo_social
毒战?上次来是寒战，全是战[酷]看看孙红雷[嘻嘻] 我在这里:,1,unlabeled,weibo_social
千娇百媚。表拍哦。表拍。。。感谢爆料者[cai晃头][嘻嘻][哈哈],1,unlabeled,weibo_social
自己关门把手挤了～流血了[泪]我好笨[生病],0,test,weibo_social
这个无良的人 要弃我而去，还让我给她拍照[抓狂][抓狂]留念，看看这个阿拉伯鼻炎过敏人照[吃惊][酷][偷笑],0,unlabeled,weibo_social
是?牛肉混合肉丸，我的私房火?招牌菜[嘻嘻] //:亲身实验过，味道正宗，猪肉丸子是特色，绝对是巴塞罗那最好吃的重庆火锅 //:大半夜不要人活啊？！[晕],1,val,weibo_social
只有大王小王有价拍，其他都是送给学堂和俺的粉丝啦//: 支持！弱弱的问天哥一句：最小的是方块3么？拍多少起拍[害羞]//:转//: 有机无价啊。。。//: //: [鼓掌][鼓掌][鼓掌]//:拍吧，非同寻常的扑克 //:拍,1,unlabeled,weibo_social
外星人告别地球演唱会 //:[哈哈][哈哈][哈哈][哈哈] //:听马云这么说，周一我都不好意思去上班[怒][怒][怒],1,test,weibo_social
真心奉劝某些人别再为与你没有任何血缘关系的甩货天天在围脖上患得患失 ，自己的亲骨肉却不惦记着，脑袋真有水吗？！快醒醒吧[路过这儿]说话孩子就长大将来不认你岂不更惨[抓狂]后悔你都来不及[可怜],0,unlabeled,weibo_social
刚才一哥们自我介绍：我长了一张靠谱的脸，但有一颗不安分的心[哈哈],1,unlabeled,weibo_social
[哈哈] //:郭书记太幸运了，竟然抢到红米了,1,val,weibo_social
都是元老啊 //:忘了艾特且南兄当年的课代表 同学了！//: 哇塞！且南兄！色尤儿！！老边！！！简直要逆天啦！！！！ [抓狂],0,unlabeled,weibo_social
刚发现 在家乐福超市＂一元专柜＂购买的纸巾 竟然是赠品！但确实收了一元钱！消费者深表，防不胜防[怒],0,test,weibo_social
我去了山水甲天下的桂林//: 那一年我去了丽江。 //:致永不毕业的青春[爱你]还记得你的毕业旅行是去了哪里？亦或是向往哪里？转发有奖哦！,1,unlabeled,weibo_social
植物的报复心真重！[泪]刺不是格桑的，显然属于真正的护花使者。[偷笑],0,val,weibo_social
超级传神！内流满面啊[泪][泪][泪][泪][泪],0,test,weibo_social
健康选择 一如既往 应邀参加 的春节主题活动，和 顾老师一起为大家分享巴旦木的营养小知识?白云万达广场，有附近的同学吗，一起来玩儿[哈哈] 我在:,1,unlabeled,weibo_social
重庆到上海9小时！！！！介个速度吖！！！！浪里格朗！！！！[哈哈][哈哈][哈哈][哈哈],1,unlabeled,weibo_social
从来没见过，没用过WORD2010的人去考理论题，有多糊都不奇怪，听天由命啊！[抓狂][抓狂][晕][晕][衰][衰][神马][神马][浮云][浮云],0,unlabeled,weibo_social
虽然我从没灿过，但我坚信总有一天会烂的[哈哈]//: 瞬间灿烂足矣！人生也不过如此！//: 有时候，可能只是一瞬间。,1,unlabeled,weibo_social
[悲伤],0,unlabeled,weibo_social
没有港澳通行证[泪],0,unlabeled,weibo_social
还未见你们回复！[怒],0,test,weibo_social
?快?！?女二[嘻嘻] //?星:哇哈哈~?部?何??拍，我一定去探班兼送花啦? //?雅Yetta-Wang:Hl！男主角！,1,unlabeled,weibo_social
//-吴长海: [哈哈][哈哈]//://:哈哈，吃了的都得吐出来――要还的！[嘻嘻][哈哈],1,unlabeled,weibo_social
袁大腕你怎么脱口就是买卖啊~~~~[晕] //:[思考] 你看看吧！现在知道搞错行了吧！哼，那会儿就是不听我的！唉。。。当初是你要分开，分开就分开。。。,0,unlabeled,weibo_social
[哈哈]太欢乐了！！,1,test,weibo_social
come on //:来一把 哈哈 //:来星际吧当年一起疯狂过的游戏//: 大家都dota，我不会，只会古老的星际[泪] //:哪天联机打打StarCraft吧！肯定巨有感觉！[嘻嘻] //:怀念玩星际的年代啊。。。再来几个飞龙配合吧[哈哈],0,train,weibo_social
随时啊！欢迎大家来听！//: 什么时候给同学集体培训一下[哈哈] //://:,1,train,weibo_social
明天俺也要上岗了，地铁6号线青年路站，免费送你上下班！期待新朋友，欢迎捧场！[酷] //-北区:百万SKODA百姓TAXI活动第9日下午，百姓TAXI车队继续为大家服务！最萌“的哥”风雨不误，想免费坐他的车吗？17:00地铁亦庄文化园站等着你！同时北城车队在15号线望京站等候。[可爱],1,unlabeled,weibo_social
[鼓掌][鼓掌]期待精彩呈现,1,unlabeled,weibo_social
天天向上 ：【嘉宾征集】4月22日，节目组征集魅力心理学教授 和“神秘大来宾”一起参与主题录制！[威武]男女不限，欢迎大家积极推荐！[爱你] 相信大家第一个想到的是 教授，不知还有哪些漏网之鱼呢？[思考]欢迎大家进入该话题参与推荐讨论哦！[心],1,test,weibo_social
我两个儿子都吃伊可新，大儿子吃到两岁，小儿子昨天还在吃，今天停掉了。我愤怒的情绪无法平复[怒][怒][怒][怒]作为母亲我想说的话请参看? 的微博,0,unlabeled,weibo_social
回复:谢谢你这么捧我！[哈哈] //:康老师，今晚在电视演播的「相声大赛」上见您，精神！[赞][ok][拜拜] //:谢谢马导，恕我眼拙！[哈哈],1,unlabeled,weibo_social
"靠我媳妇天天喝[怒] //: - 下载安卓应用""购健康""您的生活可以健康一些",0,train,weibo_social
怎么让马跑起来呢[晕],0,unlabeled,weibo_social
//:还有石钟山，龙官洞[拳头] //:[哈哈]坚定不移滴支持九江~~~ //:受不鸟了！这地方太吸引人了！！也想去，我心里争斗的厉害，一个是寺院，一个是人间天堂！！[泪]好挣扎！！ //: //:欢迎再来九江。,0,train,weibo_social
再沙发上睡了个觉，居然能睡出个肌肉拉伤[衰][衰][衰]这得睡的多较劲啊[泪][泪][泪],0,val,weibo_social
感谢大V推荐[嘻嘻]黑色的是我在增江河滩偶然发现的石头，像不像非洲妇人头像[可爱]裹着头巾，360度的[太开心] //:请问：手里拿的那块黑色的东西是什么？//:,1,unlabeled,weibo_social
"回复:[怒] //:?望东方周刊专访释永信“少林寺对面的十方禅院属于登封个别领导干部，原是登封商业局的，后卖给登封县处级领导干部。里面有塑像、数罗汉、算卦、烧香,搞封建迷信活动，欺骗游客。网上一直在报道，批评很多，也没制止得了。我们也多次呼吁，不起多大效果”[汗]",0,unlabeled,weibo_social
如果患者去桑拿坚持30分钟应该就好了呗！大家赶紧推广吧！[衰],0,unlabeled,weibo_social
哇，好消息哈~火狐的出现说明贺兰山的生态环境真的在好转~ //: 那意思是它寻找不到伴侣而忧伤啊。//: 火狐是国家二级保护动物时候，是鼠类等有害动物的天敌。好忧伤的回眸，这时节，正是赤狐发情、交配的时候喔~[哈哈],1,test,weibo_social
[泪]//: 半卖半送//:曾经的毕业书市，你有着怎样的记忆？,0,unlabeled,weibo_social
这个。。。这个。。。让我如何是好[晕][吃惊][汗],0,unlabeled,weibo_social
神马？明天要开始上班了？ [晕] [晕] [晕] [晕] 三天假期，结束了？？！！,0,unlabeled,weibo_social
中枪而亡吧…特别是吃饭你的头的部分… //:应该只中了一部分。。。情感砖家那栏。。[衰][衰],0,train,weibo_social
//: //:[生病][衰]//:他忘记说还要兼顾键盘啦！另，上网电脑的诸多页面一个也不能少啊！[嘻嘻],0,val,weibo_social
太霸气了！啥时候奔驰也出啊？[哈哈]//?:,1,unlabeled,weibo_social
[泪] //:[泪] //:高税收、领福利[泪][泪][泪] //:[阴险],0,unlabeled,weibo_social
掉地上的肉饼+超时变硬的吉士+过期的鸡块的派，我谢你啊，麦当劳叔叔[怒],0,train,weibo_social
额，彬哥今天去开个长途，明天再加~~算是补仓吧~呵呵//: 昨晚刚加了满满一箱[泪] //:昨天我就加了一半！,0,unlabeled,weibo_social
回复:珍惜生命，淡然处世 //:其实，不输掉生命，总有翻盘的可能。 //:[怒][蜡烛] //:！！！ //: [蜡烛],0,unlabeled,weibo_social
乐享红星到底是谁把玻璃擦这么亮！！！真是太不贴心了！[抓狂],0,unlabeled,weibo_social
宁波的同学们都好吧？[哈哈],1,test,weibo_social
查查字典吧那么惹人怜爱的奶茶姐姐的这句话，中文还是满满的文艺范儿，可英文...[晕][抓狂][汗]今天315，英文也得打假吧！[怒]欢迎大家试着翻译~抛砖引玉先：Even the most boring moments in life come in limited edition.,0,unlabeled,weibo_social
@---依一--- 想吐槽的来，想八卦的来，想名师指导的一起来[抓狂][抓狂][抓狂][偷笑][偷笑][偷笑][嘻嘻][嘻嘻][嘻嘻],0,unlabeled,weibo_social
有点意思~！ [哈哈],1,test,weibo_social
我家是 巨蟹男VS狮子女 //: 天蝎男双子女[哈哈] [爱你],1,unlabeled,weibo_social
【婺源油菜花风景结构解析】徜徉十里水乡，朦胧云烟，掩罩着百里梯田，仿佛置身天上人间。婺源赏花最最实用帖：三四月油菜花风景结构剖析！亲还等什么//: 春暖花?，草???。真想出?旅行徜徉花海，但想到身?影孤?人相伴又?致索然[泪][泪],0,unlabeled,weibo_social
没有寒假，准点送达[泪]早！ 我在:,0,val,weibo_social
南澳的讲座安排比较紧凑，见了不少老朋友，又结识了不少新朋友！//: [威武] //:大佬们的占地面积都很大啊[哈哈][嘻嘻][抓狂],1,test,weibo_social
咱家又上榜啦！[嘻嘻],1,unlabeled,weibo_social
大好的假期 咳嗽 鼻涕 发烧 头疼 我晕[晕],0,train,weibo_social
我读的第一本原文是<Godfather> 惭愧啊[泪][泪],0,unlabeled,weibo_social
脑进水的装修，一点儿美感都谈不上，还吓人 //:半夜吓醒~[怒] //?茶?:不要！！！很恐怖的说,0,train,weibo_social
多谢，而且户外已增添了电源，方便客人在户外使用电子产品，希望大家有一个良好的休闲环境！[嘻嘻] //:店铺的里外环境都很美！春日盎然的上午，祝生意兴隆！,1,unlabeled,weibo_social
全北京向你们致敬！！！！好人平安//: [赞][心]//: [泪],0,test,weibo_social
快说我要带点儿啥[哈哈],1,unlabeled,weibo_social
川音！你又洋气啦！[哈哈]随手拍,1,train,weibo_social
是难以置信!!!![抓狂],0,unlabeled,weibo_social
天哪！//: [衰],0,unlabeled,weibo_social
在这样的深夜，想静静的安睡不是件很容易的事。也许是我的心太过柔软，似乎还不能够坚定的不去理会其实已经与我无关的事情。责任感和恻隐之心依然在逐渐腐蚀我本就脆弱的决定，是应该前行，还是应该逃离？！执着可怕的天蝎座~~~[抓狂],0,unlabeled,weibo_social
哈哈哈！ //: [哈哈][哈哈][哈哈],1,val,weibo_social
你们才不是亲生的！姐姐也美艳如花好吗！！ [害羞][害羞][怒骂][怒骂][怒骂],0,train,weibo_social
在什麽地方？ //://: [弱] //:我的天[晕]只有哈士奇?合拉雪橇，?的肌肉?造，?能和?寒?件和一般狗不同，?且是成群在厚雪地上才能拉，不是一??在滑溜的冰上就可以！[怒]抵制！?大家不要搭乘！?是虐待！不要以??毛大狗都是工作犬！,0,unlabeled,weibo_social
哈哈，这表情，好形象啊。。。我现在是失去自由的人，斐济不知道什么时候能去了。。。[泪],0,train,weibo_social
"海誓山盟是电影里的,真实的世界里,还是这里说的靠谱,彼此真诚过或真诚了很长时间已属不易![嘻嘻] //: //--: 说出来那一刻，彼此真诚过…… //:《匆匆那年》",1,val,weibo_social
在家里为你的他准备一桌充满爱意的烛光晚餐吧，这样不仅可以施展你的厨艺，还可以更自在地享受专属于你俩的浪漫时光。在给烛光晚餐准备美食的同时，不要忘了给餐厅也要做一番精心的布置哦，粉色系的布置最能烘托出浪漫的餐桌气氛，让爱不断升温。[爱你],1,unlabeled,weibo_social
你们俩何必呢 //:又何必呢！[怒][怒][怒] //:不忍目睹！何必！不该！阿弥陀佛！,0,unlabeled,weibo_social
[挖鼻屎][衰][酷],0,test,weibo_social
又想涂指甲，又想弹吉他，请问这样的矛盾要怎么解决？[晕],0,unlabeled,weibo_social
每次要离开北京前一夜，总是豪雨、淹水欢送我。[泪] 太感动了。,0,unlabeled,weibo_social
防不胜防闻所未闻！//?之一:要是一个好社会晒啥都没事儿 //: [吃惊][吃惊][怒骂],0,val,weibo_social
"卓?特?, 快?咯.[嘻嘻]",1,val,weibo_social
真是个好主意！ //:这主意不错:) // :你是内行吧！叫我们怎么生活呀[泪] ……推荐关注,0,unlabeled,weibo_social
果冻的微博日记 和 在香港国际机场候机中～[偷笑][偷笑][偷笑]果冻好想逛香港，结果第一次来香港竟然是转机~[抓狂][抓狂][抓狂] 我在这里:,0,val,weibo_social
明儿就彻底成狗了！！！[泪][泪][泪]//@-青山不老为雪白头:所以我明天7点半就要去郊区上班今天还累成了狗！明天还要更累啊我戳！！祝抄**的你们幸福！@-梁小铭-,0,train,weibo_social
澳洲来信[嘻嘻]我已经可以精准的写英文地址啦[嘻嘻],1,unlabeled,weibo_social
看到了他高大上的包包～编辑要哇～ //:哈哈哈这次的名牌都是谁的？[哈哈] //:很早之前就和 说我们是时尚媒体。 看我们实习生的选题好玩不？P.S.你还需要器材编辑么？,1,unlabeled,weibo_social
?字。找茬。?化。3 1 5 5 5 3 0 // 7 7 8 8 2 5 0 ... [晕],0,val,weibo_social
踏着轻快的脚步进村，低头见这可爱的小果果，记得某人昨天说这肯定特甜，这果果的主人刚刚告诉饺子，这是小米辣椒，一颗就能让人落泪的那种，幸亏昨天没当场摘一个尝尝[哼][哼][哼][抓狂][抓狂][抓狂],0,test,weibo_social
回复:必须的！ //:我地个妈呀，我那个时候必须好天气哦！乖[爱你][爱你],1,train,weibo_social
多么幸福的一家人，祝福[心]//: OMG~[晕] 简直了[抓狂] 宝哥刚也39.2了[泪] 盼望N久的假期我相信不会如此度过的... Mr.G赐予我力量呗...[奥特曼][奥特曼][奥特曼][奥特曼][奥特曼][奥特曼][奥特曼][奥特曼][奥特曼],0,train,weibo_social
【祖宗十八代的称谓】它是指自己上下九代的宗族成员。上序依次为：父母，祖，曾祖，高祖，天祖，烈祖，太祖，远祖，鼻祖。下序依次为：子，孙，曾孙，玄孙，来孙，?（kūn）孙，仍孙，云孙，耳孙。从小至大：耳、云、仍、?、来、玄、曾、孙、子、（自己）、父、祖、曾、高、天、烈、太、远、鼻。[晕],0,unlabeled,weibo_social
雅乐轩上街建业雅乐轩酒店的月饼品鉴冷餐酒会即将开始，还在路上的你们赶紧来吧！[哈哈],1,unlabeled,weibo_social
不合适吧[害羞]感谢，我还会再来的。[可爱],1,unlabeled,weibo_social
要你接头……你咋一上来就求关注……[晕]别看见美女就晕，办好联谊，给咱挣脸[偷笑]//:-小青春 求关注~//: 速度接头！//:让你们那边组织的人联系 -小青春 ！ //: 蒙兄，你们那边几个MM啊？我好安排对应数量的男同胞哇,0,unlabeled,weibo_social
[哈哈]//: //: [偷笑] [偷笑] [偷笑],1,unlabeled,weibo_social
[lt喷血]//: 我的神啊。能买辆QQ了。[怒] //:头一拨儿，这还算便宜了，不过我估计这次首发依然没有大陆，大概圣诞节前后能理性些！ //-隼是一只大鸟: 操，还敢再贵点儿么 //: 卖肾吧，亲//-ANTA: 攒钱 //:价真高呀[哼][哼][哼],0,unlabeled,weibo_social
这不就是我们爱过的证据[嘻嘻]~~~//@-?介石-: 直击内心的公益广告//:你把我灌醉//: 慈次奥//: 。。。//?:哈哈//: //:现身说法的戒酒公益广告,1,test,weibo_social
既然是虚假的为什么不取缔？[怒]//:,0,train,weibo_social
老人家好温馨，像自家的老父亲。[馋嘴]房间空调临时出状况，深夜还帮我们升级两间房……难忘的旅行，难忘的小白宫，[花心]难忘的老人家……[泪] -糊涂也难,0,unlabeled,weibo_social
哈哈 太喜人了这个//: 干脆面你丫就是个魂淡！[嘻嘻],1,unlabeled,weibo_social
我在这里: 鼎鼎香(新光天地店)价格不菲，味道失望，比起我爷们儿做的小火锅，这差的太远了[失望],0,unlabeled,weibo_social
钙补的真好[哈哈] //-Bolt安帅锦_座驾car:卧槽！这是哪啊！ //-裤裆老爷: 外星瓷？？？ //:卧操！ //:[衰][衰][衰],0,unlabeled,weibo_social
[晕][晕][晕] //:天哪…… //: //:真的太棒 以前的disney最出彩的也就是配乐吧 我一直以为是交响乐配的[泪]//@-喵小?-: 这才是我们这代人印象中的迪斯尼动画片,0,train,weibo_social
还是天蝎更狠一些.. //:我肿么觉得是水瓶亮了捏[挖鼻屎] //:好像非常准。就是没有俺的。不过天蝎座，相当的亮啊[哈哈],1,unlabeled,weibo_social
敢吃逗你玩――琢磨着琢磨着，就米胃口了..[衰],0,unlabeled,weibo_social
?连续的第四天夜班开始！爆豆，牙龈出血，咽喉肿痛不能讲话[泪]不过，老爸睡的比较安稳，听说白天有三十几个人来探望过了，心情应该是相当不错吧[偷笑]今天也要一起加油！！！,0,unlabeled,weibo_social
//:[吃惊]//: 广州的汽车和广告从业人员三分之一要下岗[泪] //:7月汽车开始限购，广州将面临着与北京相同的问题 //: //: //: //:地产与汽车在北京均受政策特殊“照顾”，双双受限，因而北京报纸-10.6%，,0,test,weibo_social
无数辆迎面而来的出租车，给了我一次又一次的希望，然后慢慢破灭[晕][晕]冬天，就让心洗个三温暖吧[酷],0,unlabeled,weibo_social
我咳嗽地肺都出来了 [泪][泪][泪]//-Zhao: 呃…我明天口罩带好 //:帝都人民不容易,0,val,weibo_social
噢买噶！开车的危险，途人更危险 //:[抓狂],0,test,weibo_social
还有不服的吗？福地哥专制各种不服[酷]。福地哥您天暖了一定要来农场露个真身，让我们这些粉丝敬仰一下[围观]//：服了，光弄那些调料就头大阿[抓狂]。,0,unlabeled,weibo_social
高浓度pm2.5之下[衰]//: 我会变傻吗[泪] //:,0,val,weibo_social
每天都是纠结状态[泪],0,unlabeled,weibo_social
[哈哈]//:优惠券使用小贴士：无论您中的是50元、20元还是5元面额的代金券，均可以在前门店（前门大街19号）和金源店（海淀区远大路金源购物中心4楼）使用！本次代金券每单仅限使用一张，不找零，无需预约，可以购买7类明星产品！使用时间为2013年12月17日-2014年1月15日！,1,unlabeled,weibo_social
这个绝逼是满分啊..[哈哈] （转）,1,train,weibo_social
[吃惊] //:人性啊[泪] //: Cao,0,unlabeled,weibo_social
一?三千，月入五千?，我??良多吧。。。[汗][晕][生病],0,test,weibo_social
摇摇有一个心愿：2012年11月11日之前，有一个乘着 来接我，并且当面对我说：“这个节咱不过，好吗？”[泪],0,test,weibo_social
//: [衰] //: 人家三胖才叫自信。//: 【不怕不识货，就怕货比货】世袭制[威武]！禅让制[衰]……再也用不着雇用马屁文人反宪政了[笑哈哈]！,0,test,weibo_social
凌晨4点，鼻子和嗓子罢工到无法呼吸。。难受死我了[泪][泪]，生生憋醒了，不能呼吸与吞咽了[泪][泪][泪][泪][泪],0,unlabeled,weibo_social
我喜欢这毛毛！！[泪][泪] //:灰色的大衣~,0,train,weibo_social
文化人看的，够毛的，呵呵。//-天润：[思考] //:太重的口味 //:重口味！ //:真是有点毛毛的//：我也刷你 [心] //:[泪] 自从我转发了这个画，遭到无数知趣相投的网友热情加@，于是我的主页被这幅画刷屏了……来个人看见这算怎么回事儿啊~~~,0,train,weibo_social
工厂的司机接我[泪]普通话说不好我都是听一半猜一半,0,unlabeled,weibo_social
咋做吖？[晕],0,val,weibo_social
爱萝岗 拍香雪 萝岗香雪 （原来有比赛，重新发一下，以转发量为评选标准，请亲们帮忙转发，谢谢[亲亲]！ 也参加吧，20号截止）,1,unlabeled,weibo_social
我真心看不懂这是什么意思？北京户口要倒霉吗？＂强化对北京本地户籍购房者的限购政策＂。 //:-style -数独莹莹 他们下一步是不是要限制北京人高考了[怒][怒][怒],0,unlabeled,weibo_social
[爱你]oh～Dear Penny～ 我在这里:,1,test,weibo_social
看到于丹老师开播的消息。我翻墙过去看热闹。发现我关注的三百多人里，只有三个人关注她了。[嘻嘻]三位老师是看热闹的还是抒情派的？,1,unlabeled,weibo_social
太美了[抓狂] //:我证明，原版是你[偷笑] //: 盗我图付钱了没？,0,test,weibo_social
"哎呀，这工作人员都这么养眼，哈哈亮瞎了啊，哈哈。 Hit FM， gear up, ready go!![哈哈]",1,test,weibo_social
//?榜: 【9个美丽人生追求】1、对自己，自恋但不自负...最火电视剧请关注北京青年！[爱你]「转」,1,unlabeled,weibo_social
美食拼图神马的最诱人啦~~[馋嘴][太开心],1,unlabeled,weibo_social
手艺不错哦[鼓掌][鼓掌][鼓掌],1,test,weibo_social
好像罗密欧朱丽叶相会那一幕[嘻嘻],1,unlabeled,weibo_social
[伤心] 变态//: [怒]//:丑陋的中国人 //:[蜡烛],0,test,weibo_social
拿到驾照，俺就买车！[嘻嘻],1,test,weibo_social
真的耶，我也是打小儿看你的节目??吓大的[鼓掌] //:回复:我就。。怒摔[怒][怒][怒][怒] //:关注那么久，看了这张图才知道你就是我小时候看做菜的主持人，我了个去，小时候就想吃你做的菜,0,test,weibo_social
你微信要不要录那么长的音啊，几十秒啊，中间还有空白，微信录音没有暂停返回功能，你梦幻的声音常常要听好多遍，重点是我已经第二次播放你录音爱疯死机啦[抓狂][抓狂][抓狂][抓狂]现在还没有反应,0,unlabeled,weibo_social
[蜡烛] //:[蜡烛] //:[蜡烛]//-冯柯: [泪]//-vincent11: [蜡烛]//:[蜡烛]//:[蜡烛] //: [蜡烛]//: [蜡烛]//-飒爽英雄: //: [蜡烛]//:北京唯一的,0,train,weibo_social
你回来了吗？生日快乐！早日实现你的理想！//:张先生生日啊[哈哈][哈哈]生快！生快！应该早点通知嘛，可以一起high一下啊！[蛋糕][蛋糕][蛋糕][蛋糕],1,unlabeled,weibo_social
支持 //:谢谢，也给投投票吧，支持一下咱们玉溪的艺术家 //:赞 //:回复:就是，服务器太不给力了 //:服务器好忙[泪],0,unlabeled,weibo_social
不如突袭俱乐部上[哈哈] //-高警龙: 一点魄力没有！太窝囊了！ //:中国人民解放军是人民子弟兵 ！//: 靠！这个鸡巴国家毫无尊严可言！[鄙视][鄙视][鄙视] //:解放军被城管欺负成这样，还怎么保护祖国和人民啊,1,unlabeled,weibo_social
侧面美呆了//: [晕] // ： 看 高清颈纹 快上手段[来][酷],0,unlabeled,weibo_social
大家快快速配，抓紧脱光吧 //: 感谢祖国，感谢新浪，感谢万科，感谢笨笨，在这个光棍节我们不再孤单，又相信爱情[泪][爱你] -雨亭,0,unlabeled,weibo_social
水库惊魂终于上日程了[哈哈][哈哈],1,test,weibo_social
扒词工作的秘诀要务就是耳中无字眼中无字心中..还是无字[晕][晕][晕],0,unlabeled,weibo_social
又现预言帝 //:这人必须拜一拜[抓狂],0,unlabeled,weibo_social
回复:哈哈，很快了，朋友们多发微博也是在帮我们美丽的杨洋啊//:又推，一推再推[泪][泪][泪]。当初我洋就不该接这部剧的！！！ //:[左哼哼] 10月15！！！,0,unlabeled,weibo_social
苏花公路旁的七星潭，这片海就是太平洋啊~[抓狂] //: 嗯，碧浪白沙，就是不知道在哪儿……话说，我的台湾通行证各种证件终于齐全了啊~,0,test,weibo_social
全新的形式，不变的心意，何尝不是一种“再生”？[可爱] //:音乐！不需要语言！能够传递信念！才能感动众生！我们一定不是第一个！但却希望你能赶上我们的节奏[给力]内地原创音乐加油！,1,test,weibo_social
求房源 房东坐地起价，猛涨房租，租不起了[泪][泪][泪]两大姑娘就快露宿街头，求人民日报社附近（金台西路）房源，房东直租房，害怕跟中介打交道，租金3000左右～太贵租不起[泪][泪][泪][泪][泪][泪],0,val,weibo_social
bee。。do。。。bee。。。do。。。//: 环球影业发言人证实动画电影《卑鄙的我2》未过审无缘中国内地市场。不能在电影院看到贱贱的小黄人了，好伤感啊…[泪],0,val,weibo_social
[抱抱]面包组织只有六点起床的人才拍得了，上早班的人伤不起[抓狂]早安啦！！！全麦咖啡包发现500克的粉量挺对这台机器的胃口，早前一直做的400克粉总觉有点虚，450克或许也可以？下次试！！,0,unlabeled,weibo_social
[晕] //:只笑不语 //: //:,0,unlabeled,weibo_social
天津喜来登大酒店/天津天气 每逢周五都是开心的节奏～[哈哈],1,unlabeled,weibo_social
STC这变态[怒]让人咬牙切齿啊！,0,unlabeled,weibo_social
躲避35度高????洋房?地道英式下午茶[太开心]? 好推?[赞] 我在思南公馆,1,val,weibo_social
今天因为公公病逝没能参加聚会，没能见到 [泪] //:回复:好呀！少宇兄下次聚会叫上您[偷笑] //:下次带我们认识一下啊,0,test,weibo_social
我能想到最浪漫的事儿，就是和你一起吃成个胖纸~把握轻松旅游好时光，万豪又来呈献惊喜优惠啦！现在通过小艺预订万豪国际旗下的国内指定酒店，就可享￥1自助早餐优惠及第二位半价！北京，上海，香港，杭州，苏州，南宁，嫩们的下一站是哪儿？[鼓掌],1,unlabeled,weibo_social
回复 :只要你做好人民讲解员，保管有人会给你温暖的。 //:回复 :吾册那！饿倒还好，现场空调狗日的开得太冷了，冻死了[衰] //:真想飞回家看球，罗尼和谁？求比分。 //:咋可能，看直播。要去没去成。看下一轮时间来不来得及 //：你在现场？,0,unlabeled,weibo_social
[泪]博士论文答辩时，还记得邓师的点评。节哀！ //?你也在??:[蜡烛][蜡烛][蜡烛]昨晚因为不妙的状态焦急万分，梦中出现恩师的教导，早晨醒来就得知此噩耗，老师，一路走好，2.24我们会记得您的生日，像往常一样,0,unlabeled,weibo_social
[蜡烛][蜡烛][蜡烛] //:[泪][泪][泪][蜡烛][蜡烛][蜡烛] //:[蜡烛][蜡烛][蜡烛]//: 小皓博，请你安息[蜡烛][蜡烛][蜡烛],0,test,weibo_social
这个周末是北京球迷的黑色周末~[泪],0,unlabeled,weibo_social
"山东出版集团周一会有大动静,你能猜出是啥大动静吗?周一再分解,争取""现场直播""!![嘻嘻]",1,unlabeled,weibo_social
他脑子里到底是在想？？？[怒][怒][怒],0,unlabeled,weibo_social
再转一次，看了好解气，我已经疼得暴躁了。[怒],0,unlabeled,weibo_social
看见没，全班聚餐！！！[哈哈][哈哈],1,val,weibo_social
王毅！你是最美的[泪],0,unlabeled,weibo_social
前前前国王陛下行宫（??），距离曼谷60公里，泰式和欧式建筑的完美结合，环境一级棒适合爸妈旅游[可爱]外国人门票50泰铢，泰国人30泰铢。是泰国学生爱国主义教育基地。,1,val,weibo_social
分享图片，不要啊~~~虽然我很喜欢周迅，可是八阿哥，你一定要等晴川啊~~[泪],0,unlabeled,weibo_social
[赞] 五妹很给力！[嘻嘻]//:,1,unlabeled,weibo_social
[蜡烛][蜡烛]//: [蜡烛][蜡烛][蜡烛][蜡烛][绿丝带] //:[蜡烛] //@?太白: [蜡烛] //: [蜡烛]走好！ //:[泪]战友走好！！！敬礼！！！[蜡烛][蜡烛][蜡烛],0,test,weibo_social
可惜啊没有坚持下去 只装了30个棺材就被 和谐了 哎//: 哎，每次看到他都觉得心里难过，再天朝要独自清白真难[泪]//://:[赞],0,unlabeled,weibo_social
明天不接需求，一定要好好找个让人会喜欢喝水的杯子，不能再继续这样整天喝饮料了。[怒],0,test,weibo_social
吃货滴鉴定标准 这年头，人人都爱说自己是个吃货，其实俺们吃货也是有标准滴好呗！每天一条，请自我评判！[思考] Eight：全世界最感动的三句话：你给我带好吃的。你请我吃好吃的。你带我去吃好吃的！[可爱],1,unlabeled,weibo_social
【因为爱情[心][泪]】90后郑州女孩冯莹患上恶性脑瘤，生命已进入倒计时。她不想连累深爱的男友，提出分手。男友说，你在一天，我就陪着你一天；你在一年，我就陪着你一年！昨天，这对90后情侣步入婚姻的殿堂，爱心人士免费为他们操办婚礼，上千人自发前往送上祝福。祝福新人！[心],0,test,weibo_social
唉。 //: [伤心][蜡烛],0,unlabeled,weibo_social
才吃过午饭就……饿了……[泪] 泰国香米可是很有名的哦，不过真正的吃货认为美食一定要到发源地去吃才对味~途秀超级达人泰国行,0,unlabeled,weibo_social
后半段开始飙泪了~~好片子推荐给大家~~[泪]//-曲鹰: 值得一看！影片节奏比较慢，但正能量极强~~~~试看时请小心自戳泪腺~~n久前看过此片，不想多说什么了。//: 看看 //-曲鹰:这是部好片！！,0,unlabeled,weibo_social
啥都不说了！眼泪刷刷的。。。[泪]感谢 的耐心等待和理解！[握手]这本书不错，希望你喜欢；也欢迎继续支持须叔的活动～,0,test,weibo_social
好桃子//-小程程: [给力]//: 哇噻[鼓掌] //-小程程:[疑问]像吗[哈哈]//: 好像我家乡的情景,1,unlabeled,weibo_social
知道！?料快??我啦！ //:?姐...我拜?你的事?明天加把力喔！[给力] 但...你是否要?些肥才和?子上?呢？[可爱] 我怎也支持你的！放心！[奥特曼] //:我也不?意啊～每天都想扁他勒?以?！[怒],0,val,weibo_social
三环[晕],0,train,weibo_social
//: [衰]//:[衰],0,test,weibo_social
姐姐我一个月之内，和它say hello不下5回了[晕]你们懂的 我在尤伦斯当代艺术中心,0,unlabeled,weibo_social
太厉害啦，买什么买了900万啊。[晕][汗][吃惊],0,unlabeled,weibo_social
路上有着不同的酸甜苦辣，但是小西家的菜依旧是一样的美味～～[嘻嘻],1,unlabeled,weibo_social
中药草菅人命，SFDA为虎作伥。[怒],0,test,weibo_social
上海预祝北京同事活动组织顺利、圆满，期待分享，[鼓掌] //-jennyma: 鼎力支持！一定会圆满成功的！,1,test,weibo_social
刚刚我发邮件报了一个bug，不久收到回复“处理中”，说实话，我都有点儿不好意思了。[哈哈][给力],1,unlabeled,weibo_social
[哈哈]//:法国和中国[呵呵] //:很形象//: 亮点太多！,1,unlabeled,weibo_social
妈妈把蜘蛛网弄坏的直接后果就是我这个蚊子不爱搭理的人被蚊子叮了[抓狂],0,unlabeled,weibo_social
哈哈，这种说法还蛮有意思的。亲们你属于那一种-_-|| @-毛毛- [嘻嘻],1,unlabeled,weibo_social
和谈恋爱一样[嘻嘻],1,val,weibo_social
罐紫[泪],0,unlabeled,weibo_social
在 的火腿市集为Opera Bombana来站台， 老师今天明天在Opera Bombana开讲西班牙火腿啦！[鼓掌],1,unlabeled,weibo_social
有点小失望，不过依然支持德国队！期待德国德比！7月26日，拜仁VS沃尔夫斯堡，在广州哦！！[嘻嘻][鼓掌],1,test,weibo_social
好成绩连连到啊！[鼓掌][鼓掌][鼓掌],1,unlabeled,weibo_social
我在最后呢[泪] //: //-小豆:我也没找到 //:[鼓掌]没找到 和 呀 //-小豆 : // :这就是团队！不是所有人都有天赋！人只有百分之一的天赋和百分之九十九的努力！,0,train,weibo_social
亲，感谢您对都太餐厅的喜爱，三文鱼绝对管够哦！还有很多美食亲一定要都尝尝哦！[嘻嘻],1,test,weibo_social
亲爱的，你来北京，不但包饭还包住包完。。//: 最近都可以打我电话我陪你玩嘛直接过来见面也成说了包饭别犹豫了a快来快来hhhh[哈哈],1,test,weibo_social
在平顶山爱之家，朱永红姊妹讲一个救助经历：一个先心病母亲（少时因穷错过手术机会）意外怀孕，她决心保留孩子。身体不支，孩子早产母亲垂危，家贫，母子皆放弃出院。朱姊妹将早产婴儿救助回医院，那母亲己不能说话，手抚婴儿头发，恋恋不舍，流泪看最后一眼。她抱走婴儿，儿奔生，娘奔死...[泪],0,test,weibo_social
啊[吃惊]？那个套套你竟然能用4年？！我内牛满面~[泪],0,test,weibo_social
撑着了[抓狂],0,val,weibo_social
当哇爷钟汉良遇到小顾顾惜朝精分有木有[哈哈]//-求TX: 惜朝//: 他还是那个样子，快10年了 //:OMG?这个真的戳中了[泪][心] ?钟汉良,0,unlabeled,weibo_social
少年富则国富。从我可以看出，可以知道我们国家有多穷。[泪],0,test,weibo_social
北京的交通真的完了！Drive me crazy![抓狂]新东路堵死整整一小时！这真是磨炼我心性的绝佳机会。旁边貌似呲活儿的这位朋友，果然比我淡定很多。。[熊猫],0,unlabeled,weibo_social
朋友的爸爸在照着我的台历画 ，感动死我了[泪][泪][泪],0,unlabeled,weibo_social
“阿爷无大儿，木兰无长兄。”对，正因为木兰没长胸所以才能替爷出征[晕],0,unlabeled,weibo_social
回复:买新头了？我本来想买，现在又犹豫要不要换小型机了[抓狂] //: -数码生存 老城区的夜,0,unlabeled,weibo_social
永远的不公 //:媒体称北京公务员将涨薪 隐性收入变奖金发放 //:[怒],0,test,weibo_social
第一张照片是酒店大堂哦[太开心]我们在旺季特别推出“爱情睡醒了”、“冬日暖阳”、“回家的诱惑”、“阳光总动员”、“森爱”婚礼套餐，五款客房及别墅套餐，极具性价比。同时还有许多优惠活动等着亲哈。期待亲们的到来！[笑哈哈],1,unlabeled,weibo_social
今天是我们户外总领队杨粉帅的生日。。生日快乐！[蛋糕]//: [泪][泪][泪][泪][泪][泪][泪][泪][泪][泪][泪][泪]杨小贱太贱了在北京感谢大家的祝福，祝愿游局网的挚友们顺利平安的到达布达拉宫的广场前，我的心与你们同在,0,unlabeled,weibo_social
扯淡、//:[怒]//: 昨晚，马国防部长称“中国卫星数据误导了搜救”[怒][衰]//: [泪][蜡烛],0,test,weibo_social
回复:[泪][心] //:我也在看,0,unlabeled,weibo_social
再来~[酷][鼓掌],1,unlabeled,weibo_social
暖箱里的宝宝[熊猫]太可爱啦[亲亲],1,unlabeled,weibo_social
我乐了，你有木有。。 //:笑屎我了 //-SHK:太尼玛牛B啦……有木有[哈哈] ……翻了 //:太搞笑了，经典，童鞋们，学习一下。 [抓狂] [给力],0,val,weibo_social
[汗] //: 右边的右边亮了！//: //:他不能变个证件吗？//:[泪],0,unlabeled,weibo_social
[泪] //: 我们班女生占了三分之一呢！,0,train,weibo_social
第一个过来报到，谢谢啦。。[心][鼓掌],1,val,weibo_social
[吃惊]//: 下次请弄切桑窝，弄则钢盔//: 吃桑窝＝挨揍，普及上海闲话！转转转//:记者到编辑都不是上海人//: 可悲~ //:上海话已经慢慢消失。。[泪][泪] //: [哈哈] 吃生活，吃桑窝,0,test,weibo_social
比鬼故事还可怕！ //:尼玛。刚要就寝。现在睡意全无。今晚是个噩梦！[抓狂],0,unlabeled,weibo_social
哈哈。28日。电话打起来。 //:你老实点。。啥时候杀到拉萨~？// ：浩哥哥，你绝对不至于！别一付说到心坎儿的感觉[偷笑] // :亲姐 你这句话绝对属于治愈系。。[泪] // ：你也会有这么一个人滴~~[可爱] // ：你俩太恩爱，现在都会时刻,0,unlabeled,weibo_social
右面句子里有 鸿 有 一，高级黑？[衰] //: //:最炫酷的鸿篇巨制，金山网络出品，大赞一个！,0,unlabeled,weibo_social
我身边到底还有没有正常人了？孩子百天，小姨夫送把刀，还说孩子一岁时抓周儿用。听着我就觉得喇得慌[抓狂],0,unlabeled,weibo_social
期待成品 //:[亲亲][奥特曼] //:[给力][给力][给力][给力]。真喜庆哈,1,unlabeled,weibo_social
疼[抓狂][怒] //: 没有买卖，就没有杀害,0,val,weibo_social
对放假有阴影！[衰],0,unlabeled,weibo_social
这是在哪里。。。。[衰],0,unlabeled,weibo_social
生日快乐[亲亲],1,unlabeled,weibo_social
垃圾一坨，鉴定完毕 //:他认识民航局长，大家都来认识他。 //: //:瞧那德行[衰] //: 都看看这种人的嘴脸，大家转起来！ //:,0,train,weibo_social
回复 ?莹-妮妮:嘻嘻，美女一枚，谁家的孩，快来认领啊[偷笑] //?莹-妮妮:回复 :[可怜][可怜][可怜]太激动了...可算有夸夸我的了...[泪][泪][泪] //?莹-妮妮:回复 :??的?路。我拍??上的[泪][泪][泪] //:是不是你镜头上有指纹没擦干净,0,unlabeled,weibo_social
老爷一笔记本，太后一台机，两人个一个iPad，老爷一果4S，太后一三星。。。若同时都需要更新处理升级就[抓狂][抓狂][抓狂]外婆一个头三个大！！！同在帝都，家人面对面说话变少，全部变成文字音频视频交流，凑一起吃顿饭都变得难得[冷汗][冷汗]是该庆幸科技改变生活呢，还是感慨心的距离[闭嘴],0,train,weibo_social
我需要正能量[抓狂][抓狂][抓狂],0,test,weibo_social
这个社会怎么了？得了癌症吗？老人不能扶，连问路都不能回答了？同样大家也得不到帮助，渐渐大家都只能冷漠相对！好悲哀[衰]制造这种悲剧的人该千刀万刮！//:-Jewel :广州很多这样的事，太恐怖！再次提醒单身姑娘夜间独行提防陌生人！！！,0,val,weibo_social
昨天晚上刚在团结湖做10号线的某女经过[泪]这两天咱报社附近怎么老出事啊！//: 匪徒不会选她下手的，一个匪徒制不服她，怎么得俩仨的 //:最好的办法就是找个男朋友天天接送！[偷笑]// : 现在路上都是带刀大哥！有没人一起团个头盔啊？,0,unlabeled,weibo_social
为小朋友们当下DJ[嘻嘻],1,unlabeled,weibo_social
COS -- 小时候的外号叫三儿（不知道为啥。。。），然后这个孙子?喵喵咪 楞是说我抠儿，结果丫就给演化成抠三儿=COS（cosin）了[怒],0,unlabeled,weibo_social
[爱你] //: 灰常好吃！,1,test,weibo_social
肌肉先生，他挽救了我的马桶，他彻底改变了我对肌肉男的偏见?[泪],0,unlabeled,weibo_social
我爱满堂彩高富帅老公 为患上产前综合症的妻子 着想，让好友郝建 演自己孩子“邓眼珠子”[晕]儿子竟从电视机里爬回家吓晕十月怀胎的mama~[崩溃][bm乱入]温馨提示：当不明物体从电视里爬出来时，不要惊慌，立即搜索对付“贞子”的N种方法,0,unlabeled,weibo_social
//?-faye: 收！！！[鼓掌],1,unlabeled,weibo_social
哇，?常中?！！[晕][奥特曼],0,unlabeled,weibo_social
[呵呵] //: 太美了[抓狂]之前去那里遛弯儿的时候叶子还是绿的，没想到瞬间就这样了，必须再去[可怜],0,unlabeled,weibo_social
//: [呜呜]//: //: 好勇敢滴孩子～[泪][话筒]//: 呼吁救助！含泪转发。,0,unlabeled,weibo_social
女生的专爱噢！你吃了吗？[爱你],1,train,weibo_social
所谓文明雨打风吹去了？//:[怒][怒]应调取监控录像，查明抢钱者，依法惩处！,0,unlabeled,weibo_social
可言可语可可喝了羊奶后睡前流鼻血，跟她说:羊奶有点上火，以后不要喝咯。可可问:羊奶在羊身上，为什么人喝了会上火可羊不会上火呢？[挖鼻屎][思考]可爸说:因为羊都是吃青草，所以不会上火。可可:那我天天吃梨吃青菜，可以给我喝羊奶吗？[吃惊][抓狂]不喝鲜奶的孩子还爱上了羊奶。,0,unlabeled,weibo_social
回复:又是一个很了解我的长嘴闺蜜！德国队啊，你可太对得起我这一觉了[泪][泪][泪] //:睁眼就天亮,0,test,weibo_social
一大把才两元钱，自然就这么好欺负，这么廉价吗？//:长在花丛中该多美呵！[泪],0,unlabeled,weibo_social
赞！//: 其实我都在放歌给自己听..[泪],0,unlabeled,weibo_social
原来苹果汁还可以这么喝，那岂不是西瓜、凤梨、雪梨。。。。都可以以此类推？[可爱],1,unlabeled,weibo_social
[衰][衰][衰] //:北京突发【祈祷孩子度过难关[爱心传递]】患者为7岁女童，其父母在居住地从事活禽贩卖工作。患儿H7N9禽流感病毒核酸阳性，目前病情稳定，两名密切接触者未发现异常。,0,val,weibo_social
[抓狂]为毛我吃抗过敏药都会过敏啊魂淡！,0,test,weibo_social
[悲伤]//: [泪]//: //: 鸭脖子，可是全国人民喜闻乐见的武汉品牌。难道也~~？ //: 周黑鸭也没法吃了。。。 //: [泪] //: [泪] //?嫣: 这日子没法过了,0,unlabeled,weibo_social
最最最重色轻友的人评选非你莫属了 //: 重色轻友啊[伤心] //:哈哈哈 那个大猪是哪来的~~[抱抱][抱抱],0,unlabeled,weibo_social
一路狂奔到车站，五点半回南京的最后一张票被我前面的人签走了[抓狂]又要忍饥挨饿地坐六点半的车，最可恶的是车上居然在放天天美食[抓狂][抓狂][抓狂],0,unlabeled,weibo_social
[衰]羡慕嫉妒恨，年底，你是取医保、还是取公积金准备过活？,0,test,weibo_social
我受不了你了.[抓狂] //:我好想 哎！[泪][泪][泪] //:回复:好性感的美人鱼 [花心][馋嘴] //:人鱼线,0,unlabeled,weibo_social
最近听到的主旋律是：离职！[衰],0,train,weibo_social
回复 :民进党上台两岸旅游就要止步了[衰]，我很着急啊，你也组织人来投票吧。 //:我总担心他的能力[偷笑],0,unlabeled,weibo_social
“这么多垃圾！”“昨晚上的，我们这儿从小就有个说法，黑天不要扔垃圾...”“那现在趁天亮，赶紧扔。”“我们这儿从小就有个说法，年三十儿到初一，不要扔垃圾...”“正月十五都过好久啦[抓狂]”“我们这儿从小...正月里不要扔垃圾。”“那还得堆几天忍出正月是吧？”“我们这儿...不要随便扔垃圾。”,0,unlabeled,weibo_social
又被当鸽子放了，老妈说没准备我的晚餐[泪] 臭小喵?喵,0,test,weibo_social
帝王岛的美丽鱼群！[鼓掌]之前去普及的时候还被她们咬过~[悲伤],0,unlabeled,weibo_social
蛇蝎之心啊[怒],0,unlabeled,weibo_social
肉食动物的期待啊哈哈哈//: [抓狂][抓狂][抓狂][抓狂] //:我要吃 快来上海吧～！,0,unlabeled,weibo_social
?必?要?ta的指挥[怒] //: 最没用还最占地儿最挡道儿的一般都是我们亲爱的领导[哈哈]//: 有用没用的全?那儿[汗],0,unlabeled,weibo_social
奶酪！[泪] //:有时候，吃到美味的东西并不是好事，因为你很难再愿意尝试别家，不能常常吃到心爱的食物是最痛苦的~,0,test,weibo_social
太表现啦，快给他吧！[爱你][爱你] //: 这个属于金涛的表现主义不？//: 不疯魔不成活啊。//: 。,1,train,weibo_social
[可爱]呵呵，多谢分享，有机会能现场听更好,1,unlabeled,weibo_social
哎，年会这么多奖品和我无缘。。。9000元的现金也和我无缘，这是本命年的预热么。。。 [泪][泪][泪],0,unlabeled,weibo_social
作为＜韶山银河旅游区总体规划（2014_2030）＞的评审专家。名字又打错了。[晕],0,train,weibo_social
一群蛇精病，早不吃晚不吃偏偏现在吃！！！知道不知道现在这个时间段是对节食的人的大挑战！！！[泪][泪][泪][泪][泪],0,test,weibo_social
//:回复:[晕] //:60岁以上妇女，放开二胎指标.,0,val,weibo_social
难得早早的就躺在床上，为繁忙一周的做充分准备，可怜俺家那位 刚到上海，就被没人性的老板叫去办公室改稿子！[委屈][可怜][可怜][怒骂][弱][弱]这样比起来，俺的领导 不知好多少！[偷笑][偷笑][good][good],0,test,weibo_social
失眠啦。他姥姥个腿的。[泪],0,train,weibo_social
貌似从上周开始就纠结睡眠的问题。现在开始偏头疼了，这是身体极度抗议的反应吧。闭上眼睛！给TM我睡觉去！！！[怒],0,unlabeled,weibo_social
开心早安 本来准备今年瘦成一道闪电，亮瞎你们的眼，结果胖成了坚果墙，挡住了你们的视线。[泪]想减肥的童鞋们快起床锻炼身体啦！大家早安哦~[嘻嘻],0,test,weibo_social
[晕] //: 想到一起了。,0,unlabeled,weibo_social
看完觉得很难受[衰]//:特别推荐！,0,test,weibo_social
回复:亲看到俺们蛋糕的个头硕大 退缩了吧[哈哈][爱你] //:我打劫芒果蛋糕[哈哈],1,train,weibo_social
//: //:[泪]不要走//: [泪],0,unlabeled,weibo_social
壮志凌云。//: 老当益壮 //:长生不老//: 来日方长~~ //:死去活来//:生不如死。。[泪] //:辉煌人生//: 熠熠生辉(谐音)[呵呵] //:一劳永逸,0,unlabeled,weibo_social
早餐不错呀健康又营养[哈哈],1,test,weibo_social
真棒！我喜欢我们的队服！[爱你]//: 塞！超火热！ //:加油！！！,1,unlabeled,weibo_social
原警院党委书记李长修同志因脑梗塞医治无效，在北京医院去世，享年70岁。愿老领导一路走好！[蜡烛][蜡烛][蜡烛][泪][泪],0,val,weibo_social
又见吉米金[哈哈],1,val,weibo_social
"弱[哈哈] //: 现在回想道家的思想:强者示弱;弱能胜强;你就会发现,中国的哲学哲理是从现实的另一个角度,思考人生,大妙也~~ //:",1,unlabeled,weibo_social
[泪][泪][泪][感冒][感冒][感冒][打哈气][打哈气][打哈气] //:[吃惊],0,test,weibo_social
好美的新娘！当然新郎也是超级帅滴，恭喜涤非！ //:，给你补喜酒![嘻嘻] //: //：祝同月同日生的 新婚快乐，白头到老！,1,unlabeled,weibo_social
"Good good study, day day up! //: //--石: watch sister？？？[晕][晕][晕]",0,unlabeled,weibo_social
回复:起了，亲 //:您睡觉了吗！[晕],0,test,weibo_social
吃虾容易，虾大少见，肉满稀少，黄多难遇，三者皆具，唯，且吃且珍惜 [哈哈][威武][马到成功],1,test,weibo_social
与闺蜜的旅行同样有爱~！[抱抱] 秀出你最有爱的旅途合影，赢价值八千元的越南游轮双人三天两夜免费游哦~报名地址：,1,unlabeled,weibo_social
又穿重样了[泪][泪][泪]，＜大武生＞重现。[鼓掌],0,unlabeled,weibo_social
我觉得编剧都有被人逼的要疯的时候[衰],0,unlabeled,weibo_social
我的大叔病倒了…能当贴身热水袋了，这叫一个烫[汗]快点好快点好[泪],0,test,weibo_social
每年都收到的祝福，知道在遥远的大洋彼岸有一家人幸福美满，也把爱带给他人。那些静美时光停留在岁月当中，也停留在我的青春里[可爱]愿生命停止了灵魂在前进的人，如秋叶般静美。顺道 说好的贺卡呢[泪][泪],0,unlabeled,weibo_social
//: 美图手机+现金，疯狂福利送给你！只要关注 并转发此微博，有机会一人独得美图手机1S+5000元变美基金（现金）哦！快来参加，求个万一！[抓狂],0,val,weibo_social
答案提前揭晓了[嘻嘻],1,unlabeled,weibo_social
有些真有点摸不着头脑。我估计得吃鸵鸟蛋了[偷笑] //:山东的题目是什麻~~~东西？ //:让我觉得很有画面感，也喜欢[可爱] //:我浙江卷的题目 发挥空间很大[嘻嘻],1,unlabeled,weibo_social
我那天在路上看见一个特可爱的，以为是流浪狗，差点抱回家了。结果人家有主了。[可怜][失望]真是辜负了少有的喜出望外之心。 //:这个非要不可啊！,0,train,weibo_social
只要功夫深，铁杵磨成针。－－晚安！[哈哈],1,unlabeled,weibo_social
回程登机中，APEC貌似也同期结束，见到各种有钱人的血拼，名牌logo手提袋[晕]，郑洁也同班机回国啦[嘻嘻]ALOHA hawaii，waikiki &the states??,0,val,weibo_social
//: [泪]眼泪真的差点儿下来 ，期待这样的少年中国！//:天真/ //:这孩子长大一定牛 //:[鼓掌] //:[威武] //:[赞] //: [good] //: //: 简单的道理，能被一个孩子说出来，却许多成年人弄不懂？ //: //:,0,unlabeled,weibo_social
轻松一下~[嘻嘻] //-金新:旅程疲惫了，放松心情 -LLG //:-金新 快看～,1,unlabeled,weibo_social
越来越不喜欢过年了，没地吃饭 没地购物 没有朋友 无人关心 无人问津，一点年味都没，嗨！真没意思……回家打游戏去！！！！[抓狂][汗],0,train,weibo_social
这父亲也太坏了吧！不能这么欺负孩子呀[泪] ，要做个称职的父亲，鄙视这样的父亲[鄙视] 。今天是父亲节，还是祝天下所有称职的父亲节日快乐[爱],0,train,weibo_social
刚路过宜静园，姥姥、姥爷你们在这过得好吗？想您们啦……[泪],0,unlabeled,weibo_social
盗号的人是有多大的热情啊，60多条广告删的我手都疼了????[怒][怒],0,unlabeled,weibo_social
看这名字！//: 回复 :大家一起猜？ -Julia //:图文都好漂酿！谢谢推荐[太开心]你猜猜神马是神马呢[偷笑],1,test,weibo_social
喜欢的就去看吧[哈哈],1,unlabeled,weibo_social
【女子因喂奶被咬疼 将8个月亲子戳伤90多处】[怒][怒][怒] 这娘真狠，投胎是个技术活啊徐州一男婴被亲生母亲戳伤，身上共90多处伤痕，医院为孩子缝了100多针。家人表示，孩子母亲的精神存在问题，可能是孩子母亲在喂奶时，被孩子咬了一口，导致其母亲暴怒，继而持利器戳伤孩子。阿弥陀佛,0,unlabeled,weibo_social
你觉得成 咱就成了 哈哈哈[哈哈] //:橙色 //: 大概就这个颜色 你看成不,1,unlabeled,weibo_social
没人性！ //:怎么不活剥了自己 //:[怒][怒],0,train,weibo_social
//:深夜报社，左边不谢 //-01对首都圈镇压型: QAQ... ...MB我现在要拉屎了不敢去怎么办..//: //: //: 麻痹戴着眼镜看吓哭了我要睡觉[泪] 我还是个孩子//://?女: 赞,0,val,weibo_social
设计师手工制作Tee 新款超美荷叶边..[围观][威武][抓狂],0,unlabeled,weibo_social
//?官?:?烈支持 CK 在一起！！！[抓狂][?你],0,unlabeled,weibo_social
这个地方是不会了 这样的地方一辈子一次足矣！！[泪]//: 下次还去吗?哈哈……,0,unlabeled,weibo_social
天籁广告夹杂着《海阔天空》的背景音乐，让我好有想买这车的冲动啊。[泪],0,test,weibo_social
4号线没事玩一个20分钟来一趟，起个大早，赶个晚急。法克。[怒][怒][怒][怒][怒][怒][怒][怒][怒][怒],0,test,weibo_social
穿高跟鞋惹的祸[泪]快请我吃羊腿补补 //:怎么这么不小心？,0,unlabeled,weibo_social
回复:邀请女警专门为女员工培训防狼术！美女下乡还是先在脸上涂抹点锅灰吧！[抓狂] //: [泪]求老大们关心女同胞回家安全问题,0,val,weibo_social
戴上蝴蝶结[哈哈][哈哈] //:我们家的喵星人何时能如此有气质啊[泪],0,unlabeled,weibo_social
回复:刚刚 说了 明天就能吃到了 先点吧[嘻嘻] //:我想吃 //:今天没有去 现在上新速度很快啊[嘻嘻] //: -诺-诺 尝尝新口味的小吃！[嘻嘻],1,test,weibo_social
你和-wu 一样，整天琢磨的就是怎么弄费我的车[泪]//: 咱们啥时候去这样整啊 还得叫上,0,val,weibo_social
Nana酷游世界100天悠游台湾个人游 这家老板收养流浪猫，于是就有了20多只~ [晕],0,val,weibo_social
【爸爸不累，爸爸吃过饭了[泪]】坐地铁对面有个男人，上地铁后他接了个电话：宝贝啊，爸爸马上就回家了，好，给你买好吃的，爸爸不累爸爸吃过饭了，在家乖乖等爸爸回来哦。挂电话后不一会就这么睡着了。他，一定很累了，背上的压力一定很重，看到他手里的菜加馍，耳旁响起那句“爸爸吃过饭了”。（转）,0,unlabeled,weibo_social
受不鸟呢[抓狂],0,unlabeled,weibo_social
是呀，再过几天，咱们就能从首都回北京过大年了！！[鼓掌],1,unlabeled,weibo_social
回复: No，是2本书，但因为两卷都非常厚，所以每一卷按上下册装订，也是为了读者阅读和携带方便[呵呵] //:四本[晕],0,unlabeled,weibo_social
吃吧~吃吧~~吃的我扁桃体又肿了[伤心],0,unlabeled,weibo_social
回复:哈哈哈哈，前两天看一个微博，唱歌唱的不好也会死人的，看过没？ //:回复:[衰] //:真是有才,0,val,weibo_social
[toto拜年]//: //: //: [怒]//: 黑的成了黑洞！河南，够黑！//@??而治-1971: //://: //: //:,0,unlabeled,weibo_social
信//:[衰] // :我也信,0,test,weibo_social
USA dreams[鼓掌],1,unlabeled,weibo_social
景区茶，三十元一杯[抓狂],0,unlabeled,weibo_social
靠靠靠[泪][泪][泪][泪] //:我习惯了不该习惯的习惯，却执着着不该执着的执着。,0,train,weibo_social
没体验到[泪] 悔的哦～,0,unlabeled,weibo_social
尼玛，北京哪儿有凤起路啊！[衰],0,unlabeled,weibo_social
不要有用到的一天。祈祷和平没有杀戮！[泪][泪][泪]??,0,test,weibo_social
不堵，肯定可以很快吃到[哈哈],1,test,weibo_social
求推荐靠谱游戏音乐制作公司.... 要欧美一线范的 [哈哈],1,unlabeled,weibo_social
回复:顺子要保持一贯的小猫一样的温婉，可不能这么吓唬人啊[哈哈] //:敷衍我[怒][来][阴险]枪毙你 //:[哈哈]FOX //: 我都崩溃啦[汗]一打开微博被@ 了156次[哼]原来就是问外号：偶从初中开始就叫【FOX】[阴险]…,0,val,weibo_social
翻译快哭了[泪],0,unlabeled,weibo_social
看球看精神了。。。[衰] 这届欧洲杯进球后的音乐是什么啊？听着挺像The Battleship的主题曲。。。躺床上琢磨下套房装修的时候要弄套BGM系统玩儿。。哪儿跟哪儿啊[晕][晕][晕],0,unlabeled,weibo_social
[哈哈] //:那年头，和?只有一个。这年月，不当和?你都不好意思说你在场子里混过。 //: 肥水流入外人田比肉烂了在锅里更具危害[抓狂],0,unlabeled,weibo_social
小学生陶淘昨天，陶同学入小学后第一次有成绩的语文试卷发了下来，小子非常不好意思的说有道题漏做，得了99分。班里17个得100的。拿过卷子一看，就是照着拼音写拼音，好大的一个空格，他竟然粗心的没看到。[衰]倒是挺吉利的一个数字，哈哈。,0,unlabeled,weibo_social
谁家的娃走丢了[晕]//:谁家的孩子走丢了，赶紧去认领！帮转一个！,0,unlabeled,weibo_social
恭喜，支持！[嘻嘻]//:祝贺黄协花开河南，走遍全国[给力]，黄协影响力渗透大江南北[给力]，饕餮餐饮俱乐部越来成员越多,1,unlabeled,weibo_social
//: [哈哈]//:[哈哈][哈哈] //:“汤唯花了二十一万才上头条，被范冰冰用了三本台历刷下来了，哈哈～～” 汪峰对躺在身边的子怡大笑说道，最后哭了起来…,1,unlabeled,weibo_social
这叫好消息[怒],0,val,weibo_social
微信送照片，已经开始喽//: 我也要[悲伤][悲伤]//:[话筒][话筒][话筒]恭喜 5位译家人的成员们，获得 签名照各一张，请速私信我们，留下您的联系方式。其他童鞋不要伤心，微信活动即将开始[转发][得意地笑],0,unlabeled,weibo_social
日本料理，虽然中国也有，显然这里的更新鲜更正宗，量小，但架不住一道又一道的上啊。可还是有童鞋叫着要吃拉面[嘻嘻],1,train,weibo_social
你们这些大骗子，不是说不疼吗？[衰]ps：小时候被骗过的举手[偷笑],0,unlabeled,weibo_social
//: 好喜欢这个微博，总是说出我的心声~[伤心],0,unlabeled,weibo_social
这玩艺戴脸上还能防催泪弹//: [哈哈]高科技新产品~ //: //?企鹅: [挖鼻屎]敢附带个消音功能么！！,1,unlabeled,weibo_social
减肥还吃夜宵，打嘴！打嘴！[泪][泪][泪],0,unlabeled,weibo_social
向伟大的妈妈致敬！比起宝宝羽泉排在遥远的第二位[嘻嘻]等孩子大点儿一起看哈Yu%[威武] //:欢迎来到郑州。上次来时我到现场了，但这次我刚生了宝宝去不了了[泪]祝一切顺利！,0,test,weibo_social
//: 薄荷口味 //:你是哪座？[哈哈] //:[围观][围观],1,unlabeled,weibo_social
试试，[思考] 不至于钻被子里吧？//:[泪][泪][泪][泪]我要收藏起来，我再也不用钻到被子里爬来爬去了！,0,unlabeled,weibo_social
坚决抵制！ //: [怒],0,unlabeled,weibo_social
喜欢你的喜欢！[鼓掌],1,unlabeled,weibo_social
为什么只有妈妈[泪],0,unlabeled,weibo_social
今天我在北大，不是上课而是讲课，我为自己[鼓掌]。同时，希望对未来更努力、更用心，更真诚！就像清-刘开在《问说》里所写：“理无专在，而学无止境也，然则问可少耶？”。人生不就是在那一次次面对中、学习、挑战、沉淀、思悟中走完。大道至简，助力餐饮，静下心做自己！,1,unlabeled,weibo_social
回复-idiot:[哈哈][哈哈][哈哈] //-idiot:[爱你]爱死你了局长！这福利真心好[嘻嘻] //:[嘻嘻][嘻嘻] //:卖萌了啊 局长 //: 九江人游九江！惠民政策好！耶！！！ //:,1,unlabeled,weibo_social
胡姐要办清朝趴 [衰] ..还想要sexy的感觉 [奥特曼] ~我真心觉得我hold不住[伤心] ..因为我没有网袜..也没有黑色Bra...也没有悠游卡....也不会卖花[汗],0,unlabeled,weibo_social
回复:后来也听说过兄弟大名哈！我踢的不咋地，就是喜欢凑热闹呗。当年踢球那帮兄弟，还是很怀念的，呵呵 //:回复-景赫博:07年我来后，你就退役了。[哈哈][哈哈] //:回复 :南非和埃塞留下了我们飞奔和射门？,1,unlabeled,weibo_social
"[衰] //:看手机企业的生生死死,就知道任何企业不发展、不创新、不革自己的命,早晚前途叵测！",0,unlabeled,weibo_social
神马再现…[鼓掌],1,unlabeled,weibo_social
我心目中的飞屋环游记啊啊啊啊[泪] //:事关绳命，必须要快啊！//: 网易够快的!,0,unlabeled,weibo_social
早起出门[太开心]，顺利坐车[耶]，堵车[生病]，车坏[衰]，走路[汗]，迟到[抓狂][抓狂]。TMD！！！,0,test,weibo_social
完蛋了！中午稀里糊涂，把明天早上的降压药吃掉了！今天降了两次压，成了低血压，头重脚轻，两眼发黑，嗜睡而不思茶饭[抓狂],0,unlabeled,weibo_social
3q [爱你],1,unlabeled,weibo_social
广州我到了 -house 呆会去朱哥那，有没有偷偷藏妹子，回来给你们爆料！[哈哈],1,unlabeled,weibo_social
真有爱，我也为你们感动了。可爱的同事合租一套大公寓也可以拥有如此特别的美好生活。[可爱],1,unlabeled,weibo_social
又一份作业来啦??颜色好漂亮[鼓掌],1,unlabeled,weibo_social
明天要上班的。现在还不睡的，都是活该啊。[泪],0,unlabeled,weibo_social
回复:诱人啊！我下午茶时间正好到了[馋嘴] //: [嘻嘻],1,test,weibo_social
[兔子] //: // : 原来我身边还有一个天使，[抓狂],0,unlabeled,weibo_social
[赞]//: 其实内容很庞杂，我没准备好，只能简述，怪我。 //:字不多，句句在理。收藏了[偷笑]。多多艾特俺啊[爱你],1,test,weibo_social
这个年代，真心病不起啊。早上刚交了2000，下午跟我说欠费了，而且已经欠了2500。不知道农村医保能报销多少啊？农村人，收入少，报销还要更少，真是有什么都不能有病。[泪]农村医保，现在癌症这种病能按多少比例报销？有知道的不？,0,test,weibo_social
谁来对这样的人负责，这是社会的悲哀[泪][泪],0,unlabeled,weibo_social
梓瞳马来西亚之旅一早晴空万里，卖个萌[萌]? 北京暴雪，微信里收到很多朋友发来的照片。好恐怖，我又躲开一场暴风雪啊！[汗][晕] 各种黄色红色橙色预警的，爸爸妈妈雪天注意安全，我想你们！[爱你] 亲们也要注意行车安全噢?[可爱] 我在:,0,unlabeled,weibo_social
//:让人崩溃的老婆[哈哈]太萌了，,1,unlabeled,weibo_social
我的六月[嘻嘻][嘻嘻][嘻嘻][嘻嘻][嘻嘻][威武][威武][威武][威武],1,test,weibo_social
贱人就是矫情！[哈哈][哈哈][哈哈],1,val,weibo_social
唱了一曲“流浪记”唱到了我的心里[泪][泪][泪][泪] 我在这里:,0,unlabeled,weibo_social
[衰]//: [鄙视] 这也有卖？太强大了吧。。,0,unlabeled,weibo_social
[晕][晕]OMG //:找钱的任务你来[抓狂][抓狂][抓狂][抓狂] 场面真嗨 -我对美丽有恐惧 //: ：干脆，切真一大笔钱，整个这样的场地和舞美，再咋个都会嗨起来！！！,0,unlabeled,weibo_social
是不是在家也要戴口罩啊。。。。[衰],0,test,weibo_social
这和女巫店的本周结果相逆啊，女巫店本周巨蟹是挂了小黑叉的～[晕],0,unlabeled,weibo_social
这俩孩子，我不是周扒皮 //:同命相怜，抱头痛哭。[泪],0,unlabeled,weibo_social
我是个挺爱尝试新鲜事物的人啊，怎么唯独在看电视这事儿上那么执着呢？只要没看过的电视剧就想换台，没头没尾就不愿看，于是100个台换下来就停这儿了[衰]唉！没救了！,0,test,weibo_social
回复:木事啦，以后还有机会呢！推荐好朋友来吧！[转发] //:同收到，可惜没时间去[泪] //:快快快，广而告之，多多推广宣传！,0,unlabeled,weibo_social
刚刚稍微走神了一下，闯了一黄灯[泪],0,unlabeled,weibo_social
[嘻嘻][嘻嘻]//: ：[嘻嘻],1,unlabeled,weibo_social
回复:也许我挖地很用心，就想我做人一样认真。也许我就地道农民一个！你们知识分子要接受再教育才行啊，毛主席说的。[笑哈哈] //:回复:有照片为证啊，你看你的地绿油油的。。可不能让他们这样偏向，要不我们会造反[怒][怒][抓狂][右哼哼][做鬼脸],0,test,weibo_social
//: _(:з」∠)_想变成座垫变成膏药//: [泪],0,test,weibo_social
[good]//: 第一次去香港的第一餐就是这个，太好吃了[泪],0,unlabeled,weibo_social
突然很烦躁！烦躁！烦躁！烦躁！[怒][怒][怒][怒][怒][怒][怒][怒][怒],0,unlabeled,weibo_social
"是啊～?巧遇～哈哈哈～～很?心今天～[哈哈] //:?到上海...突然看到?熟悉的身影,自父子後巳多久??的?姐 !!!?上???跳下,?向正""?心""看手机的您(在微博??)....不好意思把您?一跳!![偷笑]..?心多年後竟有?在此相遇... //:?....是?心呀~?",1,val,weibo_social
热闹、喜庆，又透着温馨和雅致，一场完美的婚礼[鼓掌],1,unlabeled,weibo_social
回复:[怒]//:这货当年骂我是汉奸，因为他在课上问邱少云光荣不光荣，我说挪挪地儿是可以不死的，战场上爱惜生命的战士才是好战士。//:南开大学没个用人标准？,0,test,weibo_social
悲催的人们连上7天休3天[泪] 我连上8天休2天[衰] 终于休息了[熊猫],0,train,weibo_social
常回老家看看[哈哈],1,unlabeled,weibo_social
这是日本媒体拍到的今日西安，我真的无语老 [怒][怒][怒],0,unlabeled,weibo_social
这都是纳税人的钱！你们丫的一群motherfuckers还有脸吃被你们打得的老百姓们贡献的粮食？！你们辛苦？辛苦拼命地把老百姓往死里打？！这TM什么世界？！太讽刺了！！！[怒]//?: //:,0,unlabeled,weibo_social
哈哈 //:丹丹[爱你][爱你]当我看到大字儿“王珞丹对侃孔二狗” 这行字上面那行小字时，我感到的是爱，人类间最真挚的爱[爱你]还有同情。[泪]//:买 //:呃..买？不？买？[挖鼻屎],1,test,weibo_social
一包烟不嘞~~ //:[巨汗]//: 怪不得老想不起抽烟，谢谢啊！//: 每天省一包烟钱。[衰],0,unlabeled,weibo_social
那是租房奇贵，房价奇高的地方～[泪]//:因为接近香港。。。那是一个自由的地方，那是一个市民团体有权一天动议200多次干扰政策实施的地方，那是一个政府天天被打脸的地方。。。,0,val,weibo_social
采购年货，打扫卫生终于完成了。[晕]和儿子刚归置完卫生和整理不用的书。这活干的，减肥了。,0,test,weibo_social
为什么会堵成这个脆性？不带动的！[怒][怒][怒],0,val,weibo_social
小米在美国你们夜里睡觉的时候，我正在灰啊灰，倒了好几次灰机，从旧金山灰了，米国是个要给小费的国度，一美元行李被大哥直接送上灰机，大灰机做完倒小灰机，后悔上灰机前没吃多点，就吃了点水果，现在前心贴后背了[泪],0,unlabeled,weibo_social
[蜡烛][蜡烛]//: [赞][蜡烛] //:[蜡烛][蜡烛][蜡烛][鲜花] //:[泪] //:妈妈[蜡烛][蜡烛][蜡烛][鲜花][鲜花][鲜花] //:妈妈！[泪][泪][泪] //:伟大的母亲，一路走好//: [心]母爱伟大[心][蜡烛],0,val,weibo_social
[蜡烛][蜡烛][蜡烛] //:[悲伤]心酸[蜡烛],0,unlabeled,weibo_social
回复:是呀，很傻很可爱，支持。与之形成对比的是，砖家曾康华、全国人大表叶青等均表示：按照现有规定，官员个人工资应该不属于政府信息公开范畴。……[泪] //:很傻很天真。。。,0,unlabeled,weibo_social
明明一天更比一天热，为嘛天气预报里，武汉的最高温永远都维持在37度呢？？？？[疑问][疑问][疑问]。。。刚拿了个温度计丢在没有开空调的小房的飘窗上。。。呃，40.3。。。[衰]。。。,0,unlabeled,weibo_social
"玩转山东【青岛：一半是海水,一半是火焰】青岛，新旧交融、中西合璧，一边涌动着上世纪的潮汐安然沉睡，一边沿着海岸线栉比如鳞地火速生长。海水的咸腥点缀在高大建筑的机械线条上，秋叶的静美混在嘈杂绚烂的生活里，这是一个能顺应你求取孤独和退隐的城市。[爱你]",1,unlabeled,weibo_social
实在不明白一件事，很多北方人都喜欢南下过冬，可南方的冬天多雨，潮湿，无暖气，随时随地冻入骨，嗖嗖的寒风吹着雨点打湿衣裤，各种不适自不必说，生病感冒几率倍增，比北方干冷不知道痛苦几倍。讨厌南方的冬天[抓狂],0,unlabeled,weibo_social
//:网友说着一定是个老笑话，因为现在有了雾霾，堵车可能都看不到了！[哈哈],1,unlabeled,weibo_social
这是鱼食吧[晕][晕] //:不相信！ //:喜欢吃小黄鱼的童鞋注意啦！,0,unlabeled,weibo_social
。。。。[衰] //：来踢馆的。,0,unlabeled,weibo_social
[哈哈] 见怪不怪[哈哈][嘻嘻],1,unlabeled,weibo_social
早上8点多起床写稿子，这才发现一天中我脑袋最清醒的时间是早8点晚2点[衰],0,test,weibo_social
这第一眼我还真没看出有什么问题[衰][衰][衰],0,val,weibo_social
李助理新婚快乐[哈哈]//: [哈哈] //:[赞],1,unlabeled,weibo_social
传说中的飞行模式[衰]//:我的玛莎拉蒂也要换了，去买辆海马，呵呵//: 我的兰博基尼也要换了，去买辆海马，呵呵 //: 我的法拉利也要换了，去买辆海马，呵呵…… //:我的梅赛德斯也要换了，去买辆海马，呵呵……,0,unlabeled,weibo_social
[泪] 我再也不相信爱情了。。,0,test,weibo_social
好大噢[晕] 我在:,0,unlabeled,weibo_social
我也怀念有毛的牛牛[泪],0,unlabeled,weibo_social
听老发行说，西北更厉害。//:有一次来了三个蒙古人，我们就严阵以待找能喝酒的，然后安徽佬还碎碎嘴，蒙古佬就趴下了~~//: 这个还是要看劝酒水平，被人喝醉过一次，1斤2两[泪] //:三四轮就厉害了……牛叔甘拜下风。 //:你哪次不是落荒而逃 //: 你才知道？我,0,train,weibo_social
[泪]各种搞笑，各种困，各种赶场，各种累。//: 哎爹的脚都快断了,0,unlabeled,weibo_social
那后来那些出租车呢？[怒] //:自私麻木的帝都出租车们，蜕变的时候到了吧！昨晚一点多，我也是被一位住在双井附近的好心帅哥载回去的，他说一晚上都是在帮忙搭载单身小姑娘，因为最需要保护，好感动[爱心传递],0,test,weibo_social
我什么时候还能在小区见到那个遛比格的阿姨？[泪]号码存错了哇！存错就存错吧，为毛是大连的啊[泪]微信访问了下我的通讯录，给我加进来好多…惊呆了,0,unlabeled,weibo_social
这个休假方案的作俑者端的是?? //:[泪]//:老子有公休，怕你个锤，哈哈//: 这tmd是人干的事儿吗？,0,unlabeled,weibo_social
今天继续哦[鼓掌],1,test,weibo_social
联通的短信从1号到现在一直都收不到。刚刚要接收一个验证码，也是收不到！到底解决不解决？几天前还打电话给客服，也没用！！！请尽快解决一下行不行，太耽误事了！！！[怒],0,unlabeled,weibo_social
凌晨4点出门，手脚都没知觉了，这鬼天气冻死我得了，不是已经春天了吗，肿么还这么冷[怒],0,unlabeled,weibo_social
哇哦~[太开心]~我和老公都榜上有名哦~[鼓掌]~行大运，走起~！[爱你] //:13年行大运走起！-甄?,1,unlabeled,weibo_social
老潘头这车开的，直接把我晃迷糊了，晕车中。。。[晕][晕][晕][晕][晕][晕],0,test,weibo_social
你值得看的视频，我奔泪推荐。[泪],0,val,weibo_social
翠??吞?真是百吃不?啊[嘻嘻] 我在这里:,1,unlabeled,weibo_social
这位老师也是“顺我者昌逆我者亡”啊！//: 强烈要求枪毙！！！[怒] //:野兽尚且爱子啊。 //:真是没人性！ //:[怒]畜生 //:,0,unlabeled,weibo_social
【今日微信】家宴今晚19:30 豆子：当爹容易，真爱不易，且行且凑合[衰]财经郎眼今晚22：05首播「激辩余额宝」[话筒]欢迎添加广东卫视官方微信获取详细资讯。tips：扫描二维码或搜【广东卫视】即可。,0,unlabeled,weibo_social
吾家美女初成长[鼓掌]，黄色的美女风信子…闭门一个月终于要露面了[心],1,train,weibo_social
[吃惊][抓狂] //://: //: //:《中国好声音》最全决赛名单外泄！[bed凌乱]完全剧透严重剧透！！！,0,unlabeled,weibo_social
回复:[泪]木有了，廖那斯?喘口气[衰][衰] //:今天有火腿吃吗？,0,unlabeled,weibo_social
[蜡烛] [绿丝带] [爱心传递] //-落飞luofei：//：//: //:呜--呜-- //：致哀~~~~[泪]~~你无法不泪流满面~~~~ //：致哀，为遇难者，也为我们 //：致哀！ //:致哀！希望死者能够瞑目！,0,unlabeled,weibo_social
我同事在京东买了一部手机，打开发现是一个用过的旧手机。情何以堪啊。京东，你怎么了？//---: 咦~~~~之前谁天天哭着喊着我们是最便宜的~~~我们不怕比价！！！这会惨了吧，栽了~~~~//-又又: 要是便宜100，200我都啥也不说了啊，700啊 [泪] /:发挥群众的力量。声讨京东,0,unlabeled,weibo_social
又到周一～一个刚刚结束了欧洲杯的周一～一个干热暴晒的周一～[晕]亲们，多喝水注意防暑降温哦～,0,unlabeled,weibo_social
操！傻逼郭宝龙你丫可以去吃屎屎了[鄙视][鄙视][鄙视][鄙视][鄙视][鄙视][怒][怒][怒][怒][怒],0,unlabeled,weibo_social
之前以为是智商问题：政策出台前用脚趾头想想嘛，这20%必然转嫁到买方身上，到底是抑止还是哄抬啊！[晕][晕][晕]后来才发现是良心问题：我管你们是买方掏钱还是卖方掏钱，这钱反正是掏给我的。[酷][酷][酷]人家TM早想明白了，我们还一副处江湖之远的样子。,0,val,weibo_social
"回覆:但??唔可?既? //:??BEBE黎架~[抱抱] //??房：??好老鼠啊, 其??咪???的?//：sweet sweet~[心] 但做乜?人落?杯度? 衰!!![抓狂] //??房:??好老鼠啊, 其??咪???的?",0,test,weibo_social
那一直被传说不冷的啊[哼]//:每年冬天香港新闻都会报道有老人冻死，难道是英式传统习俗？ //:民主自由的冻死！[悲催]//: 英国也有赤贫的穷人呀，不是有最低保障吗？//:[泪][汗] //:选票不顶用了？,0,unlabeled,weibo_social
[鼓掌]//:[鼓掌] //:[鼓掌]//: 咱们老宁家的骄傲,1,unlabeled,weibo_social
我小时候个子特别低，有一次和一个高个女同学一起去上学的路上，差点没被她这么给勒死[衰],0,unlabeled,weibo_social
-RSZ骑手 -GW骑手 -CC 秒杀850了，特别是声音[晕] 美图秀秀iPhone版,0,unlabeled,weibo_social
老妈回来我身上各种毛病就犯了，什么腰酸背痛腿抽筋，什么叫臭毛病，这就叫臭毛病[怒],0,train,weibo_social
[鼓掌]//: 推荐阅读，写得不错！,1,test,weibo_social
接着关注，后面还有惊喜呢! //://:[抓狂]求中奖，求中奖，求中奖。[抓狂],0,unlabeled,weibo_social
医院真是个有着太多生离死别的地方。。。[泪]一定要健康啊！,0,unlabeled,weibo_social
唉。感觉2012就是个不太平的年哟。老子刚才还被该死的电动车撞了一下，还好没什么事情。 [泪]你要快点好起来哇，记得要去庙里拜拜。冲太岁神马的太厉害了[bed巴掌]霉运滚开滚开滚开[bed巴掌],0,unlabeled,weibo_social
[泪] //: 【请不要相信白羊座，其实你看到的只是假象】,0,test,weibo_social
创意无限，浪漫无边[害羞] //:这主意不错[哈哈],1,unlabeled,weibo_social
冰淇淋耶[花心][花心][花心]难得自爆这么可怕的照片，自己都快笑爆了[哈哈][哈哈],1,train,weibo_social
小卢is everywhere[哈哈],1,unlabeled,weibo_social
//: [衰]淘宝网员工利用职权删除差评被判刑,0,unlabeled,weibo_social
是够神奇的[怒] //:哇…好神奇！[抓狂],0,unlabeled,weibo_social
20分钟之后终于打到车。上车，去航天桥。司机说不知道怎么去[怒]拜托二哥，我在西站南广场去航天桥你不知道[疑问][怒骂]回复：“哦，我有导航。”[挖鼻屎]想拒载请动动脑！,0,unlabeled,weibo_social
[鼓掌][鼓掌]面对当下才有机会未来！！,1,unlabeled,weibo_social
Kao! 抽根皮筋做弹弓子砸你们家玻璃[挖鼻屎][嘻嘻],1,unlabeled,weibo_social
[衰]上海就是被太多这些上海人搞臭名声的[怒],0,unlabeled,weibo_social
你们HM现在也国际范了。 //?女不?:哇哇哇哇[鼓掌][鼓掌][鼓掌][鼓掌][鼓掌][鼓掌][鼓掌]@-装嫩薇_ 原来我们也高端大气上档次低调奢华有内涵[害羞][害羞][害羞],1,unlabeled,weibo_social
复活节活动，小朋友们都被可爱的小兔子和小鸡吸引了~争先恐后的给他们喂食！[哈哈],1,val,weibo_social
老爸老妈从西藏请的星月菩提，真好看！[爱你][爱你][爱你],1,unlabeled,weibo_social
恐怖…//:来中国试试，毒死它 //:回复:[哈哈]… //:是指人吧[偷笑] //:是指人吧[偷笑] //:我曾被黑寡妇骚扰过… //:[吃惊]千万要小心啊！ //: 回复??:避的早，不如避的巧… //??:避?[哈哈] //??:避?[哈哈],1,unlabeled,weibo_social
又拉肚子啦~[泪]以后吃饭让我先吃，如果吃完没有拉肚子，证明这家真的很干净卫生！,0,test,weibo_social
这和杀人有何区别？//?:应该算犯罪 //:[怒][怒][怒][怒][怒][怒][怒][怒][怒] //:真的吗？太恐惧了[泪]//:泡在桶里的中国婴儿。,0,unlabeled,weibo_social
[亲亲] 先睹为快吧~,1,val,weibo_social
姐们-胡老师 您真牛，一来上海就丢了，彻底把惊喜变惊吓。我在去杭州的路上，下午赶回来，你赶紧把自己安顿好昂。 赶紧来接我，马上到了。今天可真混乱。[抓狂],0,unlabeled,weibo_social
这些人为什么这么残忍呢！！？？[怒] 唉，给狗安乐死吧，别再让它活受罪了。啧啧。。。唉，真无语了操！//: 太没人性了，往狗狗嘴里放鞭炮,0,unlabeled,weibo_social
古代女子真是＂有情趣、有雅兴、有品味、有魅力＂的＂四有旧人＂啊，再看现在的女的[泪]--＂我把刚弄死她＂[酷] -fir,0,unlabeled,weibo_social
//: [吃惊]求鉴定！//: [衰] 真的假的？,0,unlabeled,weibo_social
//: 好?西！??分享！??良//:谢谢博主[爱你],1,unlabeled,weibo_social
我不能说，每只有半斤，但4量还是有的[鼓掌],1,unlabeled,weibo_social
新年礼物，我想要一份，可以快递不[哈哈]//: hahah~~,1,val,weibo_social
//-德兰光明慈善:[爱你]//-小非洲://:[爱心传递][爱心传递][爱心传递] //:每一份支持都构筑孩子们的希望，谢谢您，愿与您一起加油！,1,unlabeled,weibo_social
中餐，这是我见过最大的香蕉…[衰],0,unlabeled,weibo_social
这大队排的[晕]都是来买山东馒头的~,0,unlabeled,weibo_social
想去海边[泪] 我在这里:,0,val,weibo_social
人类已经无法阻止出租车司机了[怒]//: 有什么线索吗？比如车型，号码，等等？,0,unlabeled,weibo_social
我，崩溃了[泪]，彻底的 //:// ?? ： ?贝? -Rod [挖鼻屎] See？我们的“众神之吻”瞬间变得连个屁都不是了。,0,unlabeled,weibo_social
临时工这招被美国学去了，好捉急[抓狂],0,unlabeled,weibo_social
深玩美国实用技术贴啊，?一个[哈哈],1,unlabeled,weibo_social
[衰]//: [衰]//: 用事实说话焦点访谈,0,unlabeled,weibo_social
? //:人各有命，哥~[偷笑] //:姐，为什么啊为什么？为什么我在凤凰当了7年执行台长没人骚扰我？为什么我上了长江商学院却没有一个女文艺同学？[泪] //:春羡慕吧。//:[泪],0,unlabeled,weibo_social
回复:[嘻嘻][赞]//:回复:那时只是取景而已，没注意这些,1,unlabeled,weibo_social
下周找个时间陪我去清华池吧，脚又开始疼[泪],0,unlabeled,weibo_social
快一上午了，抵达了第一站：香河。免费真不是闹着玩的z[泪],0,unlabeled,weibo_social
向所有母亲致敬！希望大家趁母亲都还身体康健时，带她们好好出去旅旅游、散散心。母亲为我们每个人辛苦操劳了一辈子，是时候回报他们了！[泪][泪][泪],0,unlabeled,weibo_social
城管的组成到底是啥，为啥有如野兽般的特性？[怒],0,unlabeled,weibo_social
这是几路车你知道吗，这就是传说中的花园，旅游城市珠海的公交车啊，跟泥地里爬出来的一样[衰][兔子],0,unlabeled,weibo_social
下次来记得带好小棉袄哦[哈哈],1,unlabeled,weibo_social
[哈哈]我们的“轻奢餐?融合菜”会不拘一格的融入更多世界美食精髓和料理方式，给雕粉们一波又一波惊喜和味蕾之上的巅峰感受。,1,unlabeled,weibo_social
下次约上我哦[可爱],1,val,weibo_social
我为了房车展来了北京，辛苦公司同仁们现在将-北极星 路亚艇 ……紧急从临时展厅转移?? 展厅 大家安全第一啊！ ? -77 //:明早才是真正登录[晕],0,unlabeled,weibo_social
各位注意：这可是大董家的秘密武器！您想想拿勃艮第当饮料喝的，您伤得起吗？[嘻嘻],1,test,weibo_social
终于完成了下一个项目策划书的初稿。。。 年后的工作，年后做太赶了，只能提前。。。 现在外面太黑了，明天再验证这个策划书的可行性吧。。。 但接下来还有另一个项目未做。。。 眼睛开始花了，还是飞辆车到 C 区转个圈，瞧瞧正在进行的项目的现场吧。。。[晕][晕]。。。,0,unlabeled,weibo_social
她他们的孩子怎么称呼他她们？[抓狂]叔叔大爷还是姨父，伯母婶子还是大姨小姨？想想都够乱滴！[哈哈] //:帅哥靓女啊,1,val,weibo_social
有防水台 就不怕高 我们这帮为鞋着魔的女人啊~[抓狂],0,test,weibo_social
我刚才丢人丢大了！！下地铁站错边了，，，居然还问站我前边的大哥下车么，，，我说那大哥怎么那么诧异[泪][泪][泪],0,unlabeled,weibo_social
小日本，不带这么玩儿的！怎么可以指桑骂槐呢？！ //: 震惊！[吃惊]求辟谣！[怒],0,train,weibo_social
太好啦，喜欢这样的卷卷 //@?王tord:哈哈[哈哈]//:有创意，可以借鉴[哈哈],1,unlabeled,weibo_social
我看这个主意不错，taog同学我们早点组织西藏自驾游哈，起码要搞5、6个车一起出发才安全//: 那就去国外游！ //: 我现在的标准是:凡是收门票的地方能不去就不去//: [泪]，没去过几个。。。 //: 没想到，我居然去过30个！ //:刚才数了一下，我去过64个。,0,unlabeled,weibo_social
意外翻到一套大学时代自制的五连拍 难怪我拍照时坐在左边开车的那位后来会那么痛快跟我分手 瓦哈哈哈[泪],0,unlabeled,weibo_social
草根王之牛小丑?照[哈哈],1,test,weibo_social
妈妈们辛苦了[泪] //：现实就是这样的，没有个人时间，已经十天没出门，对什么都没兴趣 情绪低落，压抑想痛哭，经常被害妄想症，生活态度悲观，不想和别人沟通，胸口憋得慌，精神萎靡。就算是这样我必须强打着精神，告诉自己再撑撑，不敢保证哪天会一下崩溃！,0,unlabeled,weibo_social
我为什么就不这样？[哈哈],1,unlabeled,weibo_social
我觉得现在这世道上空手套白狼的人实在是太多了，都是空壳子，混来混去的！浮躁！都踏踏实实的做事情不好么！[失望],0,unlabeled,weibo_social
[哈哈]我们大家都笑得很开心啊！你们是最棒的！年轻没有失败！~小编超爱小眼儿和小胖哒！[爱你]大家也都很喜欢你们哦！//: 其实，只要您笑了，我们就知足了。,1,unlabeled,weibo_social
[嘻嘻][嘻嘻][鲜花][鲜花][话筒][话筒] //:kevin老师功力实在了得！让我们俩这个研发者惭愧呀惭愧！我俩一定勤于练习，争取早日可以为kevin老师的产品做介绍！[哈哈][哈哈][握手][握手],1,unlabeled,weibo_social
你们喜欢的 //:我觉得我到那里也会失控的...[衰],0,val,weibo_social
一向觉得自己够强大，但早高峰地铁，真心觉得我只是小小一枚－－照片[泪],0,train,weibo_social
回复:名不虚传。。还是慢慢习惯了就好。[思考] //:亲！欢迎来到火炉城[鼓掌],1,unlabeled,weibo_social
回复:对啊，国家应该出台最严厉的食品安全法规，一旦违反就永远不能在做食品并得到最严厉的法律制裁。还有，为什么没有在出厂前检验出来呢？为什么要等到流入市场之后才检查出来[怒][怒] //:他们的良心都让狗吃了。这种就应该一辈子禁入食品业,0,unlabeled,weibo_social
[鼓掌]【成都到昆明只需10小时】26日上午，全长63.58公里的云南省武定至昆明高速公路建成通车，从昆明经武定、攀枝花前往成都的出滇入川大通道实现全程高速，10小时左右可以到达。以后去耍更方便啦！~,1,test,weibo_social
人世间的事大抵如此[泪],0,test,weibo_social
这衣服脱得太坑爹了[怒] 手纸都准备好了给我看这个！！[哼],0,val,weibo_social
清晨打的去川医，司机乘我睡眼朦胧找给我一张50假钞...back your mother time哦！[怒] //-小鸡:曝光曝光,0,unlabeled,weibo_social
就等著你@ ?人?~[兔子]??的GYers~新年大?哈~[哈哈]多收?包?年?得?心些咯~[xyj拜年][xyj?包]?有?孩子~,1,test,weibo_social
真是要死啊。。。为了修个破地铁。。。搞成这样。。我都不知道哪是哪了[黑线][伤心],0,unlabeled,weibo_social
"呵呵!恭贺我们都过一个开心,健康,美味的新年[哈哈][哈哈][哈哈][馋嘴][馋嘴][馋嘴]",1,val,weibo_social
回复 :[ok][ok][ok] //:回复 :简单的说就是这桌菜，我要些什么味道，什么颜色，什么类型菜式，给客人吃给客人看，在这过程中掌握先后持续。 //:传几张经典的欣赏下 //:回复:知音难寻呀[泪] //:找到对的人不易[太阳],0,unlabeled,weibo_social
病到懵?！戴住?形眼?再戴一副有框眼?，足足半小?[晕],0,unlabeled,weibo_social
我勒个去[抓狂]//: 跟英国学吗？咱 不只是罚超生，婚龄也有法律的好吧？公然挑战婚姻法底线有没有？？不过生出来了也没办法……,0,test,weibo_social
周末快到 吧！小丸跟麋鹿先生在 等你哟！[哈哈] //:我要去,1,test,weibo_social
软禁了~//?：病房快成监狱了吧 //:[怒] //：谁嚷嚷砸机器那就扒他那身皮!,0,unlabeled,weibo_social
无意中的偶的，这绝对得转发，支持《如此佳期》支持 老师，欢迎大家走进解放军军乐厅，感受这特殊的“如此佳期”[嘻嘻],1,unlabeled,weibo_social
带着微博去太仓天朗气清，菊黄蟹肥，正是去太仓的好时候[爱你],1,unlabeled,weibo_social
我真有[失望][耶]//:我希望我可以选择性失忆。[心],0,test,weibo_social
[嘻嘻] 报道，俺算不算有缘人呢？,1,test,weibo_social
不知从几点开始就被震耳的鞭炮声吵醒了，打开手机才明白是破五的老习俗，我们尊重习俗，但您能不能尊重点都还在熟睡的大伙儿呢。意思到了就行了，为什么咚咚咚的没完呀。[抓狂],0,val,weibo_social
终于下班了~谁来把我拖回家啊..[抓狂][生病][打哈气][打哈气][打哈气][奥特曼],0,test,weibo_social
儿的生日，母亲的受难日！[爱你][咖啡][蛋糕],1,unlabeled,weibo_social
你数学才是体育老师教的呢！你们数学全是体育老师教哒！[抓狂][嘻嘻][哈哈]//:你的数学肯定是体育老师教的//:就烤了5个呀！会抢打起来么?[嘻嘻],0,unlabeled,weibo_social
1.悟性很重要是俺朋友 说的，学习中……2.一直在强调整理规范文档，是不想被后来人骂，前面那个混蛋什么都没留下。3.全盘统筹，需求排定优先级再去执行，若总在救火，事情推进会出问题的。4.商麦做的真是挺好。 抽时间得请教下。 事情做不好，砸招牌，还得请你指教呀[失望],0,test,weibo_social
地下，庆幸没被淹//:台风那天放露天停车场，车前盖和玻璃上都有刮痕。[泪] //:?主心疼死了 //-福运-富蕴: 还好意思叫我们捐款~~[哼],0,val,weibo_social
一个都还没去过！[泪],0,unlabeled,weibo_social
真不敢睡啊，每半小时睡不着，呵呵！ //:被叫醒，[抓狂]再多困30分钟就好了 //:我还没复原，等待吃饭饭复原[嘻嘻] //:一下午痴呆，刚刚复原。 //: //:,0,unlabeled,weibo_social
早上堵，晚上也堵[抓狂],0,val,weibo_social
[怒][怒骂]//: //://: 不怕黑社会，就怕社会黑 //:,0,unlabeled,weibo_social
移动信号出问题了[失望][失望][失望]俺和几位同事的手机在办公室都无法接通也打不出去，大家有事发微信联系吧，多谢！,0,unlabeled,weibo_social
回复:[?] //:我安装以后就是发现太精确了，就删除了，我去的好多地方，不能分享！[泪][泪][泪],0,val,weibo_social
闹天空的猫 //:怎么进去的呀 //: [哈哈][哈哈] //: //: //:你也大闹天宫了？,1,val,weibo_social
朋友们！请注意通行！[心]//:回覆:现在南北，东西四个方向都实施了交通管制。也请车友们服从交警指挥从外围绕行，不要强行进入涉水区域，涉水区域水深，而且因为路面破裂，以防发生车辆塌陷！ //:什么时候好啊，我正好早上要过去[怒][怒][怒],0,val,weibo_social
铁血：“那帮好莱坞老混蛋们，没一个制片、投资提出异议吗？这就是咱的第三集吗？[抓狂]”异形：“别吵吵了，据导演说这第三集是一部八十年代中日合资的经典老片「一盘没有下完的棋」的重拍，让咱俩当主角已经够对得起咱了。”铁血：“去TMD那还说是一盘没有瞎玩儿的棋！我可掀桌子了啊！”,0,unlabeled,weibo_social
此刻，儿子已经学懵了，傻傻对我说：＂妈，谢谢你对我的指导，你的恩情我永远忘不[哈哈]记[哈哈]的！＂儿子呀，难道你说都不会话了[抓狂][抓狂],0,unlabeled,weibo_social
牛了，竟然还在睁眼 [衰],0,val,weibo_social
好看，支持[呵呵]//:哈哈！[哈哈][哈哈]一起吧！期待新人的表现！,1,unlabeled,weibo_social
叔也脚得没那么神……不过你小心喷[哈哈] . // :看过《V字仇杀队》：并不是所有反乌托邦都是神作，除了它的象征意义，其他方面都只能算中上，嗨，还是不吐槽比较安全 ★★★★ 我在雨枫书馆(清华馆),1,unlabeled,weibo_social
【13岁少女痴迷追星被父亲砍死[泪]】一句明星就是比你们父母好，让一个女孩的生命终止在13岁，杀死她的竟是她的父亲！小南痴迷EXO，还是后援会管理者之一，父亲屡次劝说未果，一次争吵中教育小南：明星再好也没有父母好，小南一句回复狠话，竟造成了这无法挽回的悲剧[泪]....,0,unlabeled,weibo_social
[抓狂]本月北京已经连续4天雾霾缭绕，预计今天白天影响本市的天气仍以雾霾天气为主，降雨天气过程中可能伴有雷电，对考生也有不利影响，[good]大家一定要“两耳不闻窗外雨，一心专注高考事”。祝童鞋们高考成功！[心],0,val,weibo_social
我的宝贝！好爱你！[可爱][爱你],1,test,weibo_social
看起来完全是Black tie 的高级黑版本[哈哈]，cosplay太欢乐！真希望我也在场！//:黑丝是我哒，而且他俩穿完后我已决意无法回收了[泪][哈哈] @??佛 -F //: 关键你们两个跳拉丁的男人太霍得出去了，穿裙子也算了还穿了黑丝 //:我觉得最佳创意奖必须是我们。,0,val,weibo_social
晚上还有人来哈 //:原来大军压境，看来今天下午要多备些虾了[酷] //:微博没发完，3斤虾又见底了。[抓狂][抓狂][抓狂],0,test,weibo_social
[泪]牛腩君昨天也无缘亲眼见到 ，简直羡慕死店里的同事了！！怒转与你一同悔恨吧…K…CUP啊………,0,test,weibo_social
有人问：国航CAAC，是那几个词的缩写？答：Chinese Airline Always Cancel //: //:[哈哈]Thing Mather。。。事儿妈！,1,test,weibo_social
好冷~我把温暖丢了[泪],0,unlabeled,weibo_social
大叔文写得好慢，怀疑生孩子时麻药打多了，脑子坏了[泪],0,unlabeled,weibo_social
[晕] //：beers paradise //：这么大的冰箱...,0,test,weibo_social
因为人家开心撒[哈哈] //:小倩，你敢不敢不一张照片发两条微博？！,1,unlabeled,weibo_social
//:感恩节，怎么少得了你！小招为大家准备了礼物：1部HTC手机钱包，2部iPad mini，10枚迷你验钞机。关注我 + 转发本帖，即有机会获得！[嘻嘻],1,train,weibo_social
操！到哪还得是有关系或熟人帮忙才行，王道！ //:操//: 操 //:太恐怖了！ //:好险//: 比较之间，医院立见高下//:操！[怒][怒][怒][怒][怒],0,train,weibo_social
"国民休闲大汇的稿子,不想写啊不想写[泪]",0,unlabeled,weibo_social
虽然小太爷损人厉害，但他还是很关心翠翠你的[嘻嘻]，ps:“胎歪”是嘛意思？,1,unlabeled,weibo_social
不走了，留在这片土地[哈哈],1,val,weibo_social
从来没喝过，所以穷……唉//: 富二代飘过！[嘻嘻][嘻嘻][嘻嘻] //:我真没喝过！ //: 别人拼过一瓶给我，算不算高富帅？ //:,1,unlabeled,weibo_social
哈哈哈，这配图太实用了，有需要的兄弟赶紧转走[嘻嘻][嘻嘻][嘻嘻],1,val,weibo_social
这标题起的，是说我们家猫必备么[晕] 。对了，我手上还戴着紫晶洞家的赠品……,0,unlabeled,weibo_social
一早起来看见我的feeds流中满篇各种的微博，弱弱地一直以为我关注的盆友们都是聪明伶俐到智商溢出七窍玲珑到大脑短路的人，为毛连这种如此初级的骗粉骗转发的文字弱智游戏也能中枪[衰][衰][衰][衰][衰],0,train,weibo_social
【百变师太】真心服了[膜拜了]许老师，每每在化妆间看见他，除了立马凌乱就是当场抓狂[抓狂]！他能抓住模仿对象最突出的特征加以强调、渲染、放大，并且瞬间呈现出来，令人拍案叫绝[鼓掌]。本周四模王总决赛上许老师模仿的“Pub女王”黄小琥，会不会又让我们笑到内伤[笑哈哈]？ @???,1,unlabeled,weibo_social
够了[抓狂][抓狂][抓狂] //:去尿尿的路上→_→尿尿中→_→尿完爽了扣没整好,0,unlabeled,weibo_social
[怒骂]//: [怒] //: 中国没有剥夺这对父母的抚养权利的法律吗？[怒] //@-停车暂借问-: 离异家庭埋下的苦果。 //:后妈打她的时候，用毛巾堵住嘴，牙齿都打掉了，不给哭出声[怒]。等后妈亲爹走的时候博友趴在栏杆的窗外陪她，却无能为力，想报警女孩不让因为会打的更惨。,0,unlabeled,weibo_social
明天要上班[衰],0,unlabeled,weibo_social
这个[晕]//:,0,train,weibo_social
我已经准备在飞机上过夜了..机舱门已关不让下！嗓子发不出声，也没力气发火了，睡去吧。 今晚见不到你了[泪][泪][泪] //:【北京城区出现新一轮降雨 局地雨势较大伴有雷电】北京城区今日21时左右开始出现降雨，局地雨势较大，并伴有雷电。我这已经下了,0,test,weibo_social
[偷乐]//: 老婆要生了，速推塔好伐//??:我老婆要生了，我先下了[哈哈][哈哈][哈哈]//:应该换成汉子在lol团战时，求问哈哈,1,unlabeled,weibo_social
慧眼的 发现我今天的头饰。[嘻嘻] 辛苦帮我做背景板的 [偷笑][爱你],1,unlabeled,weibo_social
想以女人的身份结交一位男性朋友，真难。（他们都把我当男人）[泪],0,unlabeled,weibo_social
怎么单看图片我都觉得上面的砖在晃，不好好睡觉后果很严重[晕],0,unlabeled,weibo_social
//:[衰]//: [衰] //-哈里妈:真劲爆！ //: 又一个黑幕 //:[吃惊][吃惊][吃惊] 不能够吧//: 这不是真的！//:,0,unlabeled,weibo_social
北京提醒【喜欢熬夜的亲们注意了！】：过去，无论朋友还是亲人劝我早睡，作息规律，锻炼身体神马的，我都不屑一顾。。。直到今天中午在实验室，刻苦编码的同事突然晕倒在我脚下，大口吐血。。。为他祈祷[泪] 你还打算熬夜吗？！,0,unlabeled,weibo_social
我的apple帐户突然不知道咋的就被禁用了，昨天折腾一晚上了，都没弄回来，高手谁给支支招啊[抓狂],0,unlabeled,weibo_social
这水平，又被老公骂了[泪],0,unlabeled,weibo_social
我正开会呢，靠！[哈哈]//:[哈哈]//: [衰][偷笑] //:尼妈 太励志了！！[哈哈],0,test,weibo_social
妹啊！姐光荣被t...[怒],0,train,weibo_social
两个月了，还是那么胖[泪][泪][泪][泪],0,unlabeled,weibo_social
我：你把皮削到盆里了？！！他：没有呀。爸：不是不是，是我是我。我：你就不会主动背了这黑锅吗？！！他：你也可以自称贱内。我：[怒][怒],0,unlabeled,weibo_social
李委员，你的?皮大衣呢[酷]//:低调 //:李委员，今年不提给全国人民建道德档案了吗？//: 不在大会堂领着女委员们跳健身舞了？[衰]//: 政协委员李小琳。,0,unlabeled,weibo_social
百度旅游攻略【德国旅游全攻略】德国最有魅力的地方都在哪儿？柏林墙、莱茵河、慕尼黑的啤酒、科隆的爱情圣地...这些想好好看的话，究竟该怎么安排线路？还有各种美食、交通、签证等旅行贴士都有什么？...答案尽在由百度旅游和 联合制作的德国攻略里[太开心]>>,1,train,weibo_social
神奇！ //:[晕],0,unlabeled,weibo_social
--->//: 右边，到位！ //:ca，小屁孩儿们唱者无意，老帮菜们听者有心//: 曾经。。。[悲伤] //:在艺术殿堂的摇篮里，最纯、最蠢，这才是中国最好的声音。//: 看哭了居然[泪],0,train,weibo_social
[阴险]//: 肥皂碱性太强，不宜抹嘴唇的！//:请分我一个，谢谢！[衰]→_→//: 回复:这个倒是有富余。 //:缺个男朋友,0,unlabeled,weibo_social
逛了以圈超市，涨价的东西还不少！[泪][泪],0,val,weibo_social
回复:这次回家发现大家都在用冰籽粉做，明知道有添加剂[泪]，不确定是为省事还是省钱？ //:[馋嘴] 这大夏天的……来碗冰粉，爽！,0,unlabeled,weibo_social
新“娘”走了[泪]//:[挖鼻屎] 这下很多浪人要失落了。。//: 别急我过几年回去给你们当超级实习生给口饭钱就行 //: 右边们默默的把工牌另存为。。[蜡烛]//: [挖鼻屎]右边胸无大志,0,unlabeled,weibo_social
//: 这是黑社会还是奴隶社会？？？//: 书记该罢免了！[怒]//: 不实行宪政就一定是书记大于宪法。 //:当官的要都这样，这个国家完了。//://: 书记，她还是个孩子。,0,unlabeled,weibo_social
哎。。。//: [泪流满面] //: //: [泪][泪][泪] //:[泪] //: //: 默默转发,0,unlabeled,weibo_social
公交卡消磁了[泪]有木有不补办或者注销的方法[泪],0,unlabeled,weibo_social
回覆:呜哇 命苦呀！ 姐又抑郁了。 //:转发此微博:姐，这也太痴情了点吧？！[抓狂][汗][嘻嘻][泪][兔子] //:太悲催了[?] // ：也太背了………… //:太悲催了[?] //：也太背了…………,0,test,weibo_social
//: 已看完~没刮胡子所以要求CG的李宗泫真够了~还真给CG了的PD也够~//: 话说这期有cn” 马住//:[爱你]//:转一发，谢字幕组[膜拜]//: 土豆在线来一发： [爱你],1,unlabeled,weibo_social
看的我是心惊肉跳，这老家伙睡的换了好几个姿势啦。[抓狂][抓狂][抓狂][抓狂][抓狂]抽了。。。,0,unlabeled,weibo_social
"Ha ha , we will consider it carefully ! //: Opa Gungho Style? Opa 麻小style? I need more!!! [抓狂] //:昆明真洋气！//: 看着还是好玩呢！",0,unlabeled,weibo_social
踅面[晕],0,train,weibo_social
[怒] //--张驰:我也经历过，坚决声讨[怒] //--张驰:恶意拖欠设计费，死不认账设计费，就是偷窃[怒] //:比起国内某著名商业地产公司的死不认帐来说，这算好的，有兴趣猜猜是哪个商业地产公司吗,0,test,weibo_social
舌尖上的中国第二集，很久没有这样专注电视节目了。 陈导，你这是报复社会呀，这个点勾起所有人的食欲[泪][泪][泪],0,unlabeled,weibo_social
//:是江苏省靖江市吗？//: //: 转死他 //:比大宋好些不？大宋的十万禁军教头的老婆还遭衙内调戏呢。//: 你只能眼睁睁看着官二代糟蹋你的屁二代！//: [抓狂][话筒][话筒][话筒]//: 官二代[怒],0,unlabeled,weibo_social
热烈欢迎四辈儿先生加入微薄。。[鼓掌]?人,1,unlabeled,weibo_social
连这点自信都没有还能在餐饮圈混吗[哈哈][哈哈]//:[晕]没煌咋能兴旺，只仿字体，但绝对仿不出味道 //:这是假的吧！ //:回复:我在未来城 //:这具体位置在武汉哪里?,0,train,weibo_social
【生命没take two，请小心演绎】 户外是天堂，户外是地狱；户内有家园，户内有事业。 : 昨天才听说这个女孩出事的事，听闻凶手还很变态地在电话中对她家人冷笑 [衰]，生命不仅是属于自己的[心]。,0,train,weibo_social
是我们纳税人的血汗钱么？？？？[伤心],0,test,weibo_social
坑爹啊，我不过去了青海三天，为神马一回来工作就做不完啊[泪][泪][泪],0,unlabeled,weibo_social
[威武][威武][赞][赞]多少泰国人都在纠结这个词到底是什么意思[晕][晕],0,unlabeled,weibo_social
温暖的西昌，享受凉粉大餐，您流口水了么?[哈哈] 西昌美食… -hong,1,unlabeled,weibo_social
没有你的周末好孤独[失望] 想念你...想念你的味道[抱抱],0,unlabeled,weibo_social
能把蕾正过来吗？彻底被你们打败了[泪]倒倒倒！,0,unlabeled,weibo_social
搓火！！！我好好的宣传单弄成漆黑一片 我没少给钱啊！[抓狂],0,unlabeled,weibo_social
"孩子们学习的劲头真的很带“劲”（表示强调T,T），超级用力。用力鼓掌，用力读书，用力唱歌，用力叫老师好。我在庙渠有被小朋友召唤去支援教唱歌，5分钟就耳鸣喉咙粗了。[泪]",0,unlabeled,weibo_social
颈椎彻底报销了，疼得直冒汗，右侧智齿又肿了，却疼得习惯了，这个冬天我是肿木了？[衰],0,test,weibo_social
准点准时，准时准点，飞抵帝都！！！[太开心][太开心] 我在这里:,1,unlabeled,weibo_social
柬埔寨之旅 酒店有wifi 过瘾啊!不过柬埔寨真的超级热啊!今天衣服是湿了干，干了湿[抓狂] 热死人了。累了一天了，睡觉！,0,unlabeled,weibo_social
春天咱聚聚//:不光获得了宝贵的经验，更获得了难忘的知己！//: 怀念！ //:大家还记得吗？还有很多想法没实现，还有很多合作没做[泪]2010年我们日夜奋战的日子！ 想你们,0,test,weibo_social
被追骂了[衰][衰][衰]文章出轨姚笛有错没错容祖儿怒斥杜汶泽,0,unlabeled,weibo_social
我听到最后有女粉丝的叫声啦！兼顾偶像与实力让人家怎么活！[抓狂][抓狂],0,unlabeled,weibo_social
好清秀的修罗啊[哈哈] //:修罗帅锅都晒了 就别犹豫了是吧？ //:：）呵呵 正太 看来都相应欧总的倡议晒照片了 //:哈哈。。。修罗正太。。。,1,unlabeled,weibo_social
浪琴表香港马术大师赛回到上海咯！香港行真的各种感动！鲜花，巧克力，满眼的维多利亚港美景！[鼓掌],1,train,weibo_social
[哈哈]其实不翻也得翻，化愤世为力量，翻起~//?麟1: 回复-:就是呀，法院都可以秘密杀人了，艺术家们咋还想不开嗫？[晕] //-:[哈哈]翻篇了 //?麟1:老了，翻篇了，长寿第一，少说为佳。,0,unlabeled,weibo_social
还有十分钟//: 头版阿 //: 还有半小时//: 有句话怎么说的，别看现在闹得欢，将来迟早拉清单。各位共勉哦~//: 干媒体那么多年，难得欢乐回阿[嘻嘻]//: 突然感觉好欢乐[偷笑]//: 好了，凑齐四个人了，开盘cs吧//: 好版不怕,1,val,weibo_social
原来还有视频版！从龙华大院跳tone到卢浮宫门口，要不要搞那么大仗势呀！！？//: 贼浪漫有没有？[泪] 大家一起来见证！[爱你],0,unlabeled,weibo_social
想都不用想：夏威夷[哈哈],1,unlabeled,weibo_social
[哈哈]一起加油,1,unlabeled,weibo_social
语言大学里的流浪猫，好魁梧，伙食不错[嘻嘻] 我在北京语言大学,1,unlabeled,weibo_social
[互粉]天天向上五周年：这也可以？！[吃惊][委屈][失望][可怜]//:,0,unlabeled,weibo_social
我也喜欢老托的片子//:谢谢帅哥编辑//:就喜欢你的片子 //:谢谢编辑推荐[爱你]//://: [鼓掌],1,test,weibo_social
Mothers Day[爱你] 母亲是天下最伟大的人，母爱是天下最温暖的爱。一年一度的母亲节到了，在此祝愿全天下的母亲大人们：永远幸福快乐，健康长寿！,1,unlabeled,weibo_social
cry[泪] //:酒店的电商现在已经是全媒体能手！[good][威武]社交媒体,0,val,weibo_social
恩越来越幸福。[爱你][鼓掌][心] //:哈哈祝我们生日快乐.[泪][泪][汗]又老了不过要越来越幸福[花心][花心][花心][心][心][蛋糕][蛋糕][蛋糕],0,train,weibo_social
俺也是初级才入门[可爱]得瑟的是自创添加了速溶咖啡，一来家里这个闲置快到期（偏偏爱喝茶胜过咖啡），二来咖啡味的点心大人小孩都还蛮爱[哈哈][嘻嘻] //:这才是生活啊，大赞！！[泪流满面],1,unlabeled,weibo_social
这摇号比例要有多幸运[衰],0,test,weibo_social
哈哈//: 相亲相爱的一家人！[泪][心],0,unlabeled,weibo_social
今晚吃＂桥底辣蟹＂，1小时等车，1小时等位，值了！[太开心],1,unlabeled,weibo_social
史上最强神曲，没有之一[嘻嘻] //: 如你所说，不听终身遗憾 哈哈][哈哈][嘻嘻][嘻嘻][嘻嘻][哈哈][哈哈][哈哈] //:太有范了！[给力],1,unlabeled,weibo_social
住院了！好辛苦！[泪][泪][泪],0,unlabeled,weibo_social
[嘻嘻]如此营销//:无,1,unlabeled,weibo_social
冠希哥是因郑州皇后酒吧一周年邀约来临郑州??同城君觉得貌似再打广告[晕][晕]//:我大郑州欢迎你的到来[熊猫][熊猫][熊猫][熊猫][兔子][兔子][兔子],0,train,weibo_social
挺你！ //:回复:三层的High Tea，sandwich，scone，dessert 应有尽有。能砸死人的是什么？[怒] 大家给评评理！,0,val,weibo_social
[哈哈]麻辣怪么妹儿 //:回复:重庆的口味，简称重口味[偷笑] //:评委都是重口味[汗] //:美？美？？这才是美呀！！我眼冒金星！！[疑问][疑问][疑问] //:这是选美还是选怪[汗] //:看来标准改变了?准备整容? //:[泪] //:[泪],1,unlabeled,weibo_social
试验成功?让ipad成为电脑的扩展显示器，颜色差问题可以稍微被解决[哈哈]，以后修图这么来[哈哈][哈哈][哈哈],1,unlabeled,weibo_social
和 一起痛并快乐着[哈哈][哈哈][哈哈][哈哈] 等你呢哈 我在国瑞城,1,train,weibo_social
结果我相信了！好笑吧[泪],0,unlabeled,weibo_social
想喝健力宝了！//: 还好，还好，梦想还在。 //:想喝罐健力宝[泪] //: 健力宝有心了！[?]//: [哎呦熊泪奔]。。//: //:,0,unlabeled,weibo_social
开心，来自于内心。[太开心],1,unlabeled,weibo_social
不喜???度的男的[怒][怒] 我在这里:,0,test,weibo_social
传说中的牛油九宫格火锅，原来不是九种味道，而是一锅红汤分开而已。现在胃袋里全是灼热感。[晕][晕] 我在这里:,0,test,weibo_social
咱们过硬的民用产品全让ZF卖给韩日了[怒],0,val,weibo_social
神奇の地球人大家都知道阿三是个神奇的种族，但是有多神奇呢？请看下图，印度超雷人乡村奥运会，其中不乏拖拉机碾身而过的重口味场面[衰][衰][衰],0,unlabeled,weibo_social
阳澄湖现捞出来直接空运到北京的就是不一样[馋嘴]连平素一只螃蟹都懒得吃的老爸都一口气吃了三只！严重超出预期，挤占了我的份额[泪][泪]吃完还把腿和钳子都扔给我了[衰]不带这样滴！[鄙视],0,val,weibo_social
[泪]十分想食腌面煮汤。,0,unlabeled,weibo_social
[泪]可怜的北极熊,0,train,weibo_social
你能吃下30块的... //: 好吧！看见这条微博我忍不住买了一盒！现在已经3块下肚！估计晚饭都不用吃了！[泪]//: 哈哈，是的呢，拎在手里沉甸甸的，很实惠，关键味道很好！！！//: 500克 只要10元 [吃惊],0,unlabeled,weibo_social
[馋嘴]//-wonderful:[赞]骑手们，节日节日快乐啊！[耶][嘻嘻],1,unlabeled,weibo_social
这么一个大活人，怎么会走丢呢，转发扩散！ //:这个人真是的 //: 还没找到[抓狂] //:找到了没有啊， //: [话筒] //: //: 今天也急死我了，大家帮忙转转，或者如果三亚的朋友看到本人，请私信我！,0,train,weibo_social
[泪] //:[泪] //: 拒绝观看动物表演 把自由和生命还给它们!,0,test,weibo_social
[泪]//: //://: 统计看来有问题。//:,0,val,weibo_social
//?美BJ: [泪][泪][泪]喝多了，年会，哈哈，留着回家看！?宸BJ //:说得好啊...?美BJ,0,train,weibo_social
[鼓掌]偶去抽奖喽[鼓掌],1,unlabeled,weibo_social
"最右[拍手][拍手]//: [偷乐][偷乐] //:右边的评论亮瞎俺的眼睛了... [晕]--> //: 打到台湾去，祭奠邓丽君，解放大s,活捉林志玲。",0,val,weibo_social
野餐时间：王胖子驴肉火烧[哈哈],1,unlabeled,weibo_social
我是说我小时候不多“看书”[哈哈]//:[爱你]//:”我没有读过多少书，我是看着卡通片长大的孩子。“―― （毕业于全球排名前二十位著名高校 ）[酷] 嬉皮士中的学霸，学霸中的嬉皮士。[江南style],1,unlabeled,weibo_social
漂流之后头这么痛是为毛线！！[泪][泪][泪],0,unlabeled,weibo_social
刚刚手贱查机票，过年回家的时间北京到武汉900左右，但是武汉到北京200不到；要返北京的时候，武汉到北京又是900多，北京到武汉200左右。。你们一定是故意的！[伤心]下次过年不如叫家人到北京来吧。。,0,unlabeled,weibo_social
心情大好，补张图。[太开心][太开心][太开心],1,test,weibo_social
//://:他们是把别人的孩子卖了，自己得钱！[怒]//:少养了孩子，多养了几百万计生人员,0,test,weibo_social
舞当街舞正在上课，一个老师两个助教，教小孩子真辛苦[晕]，我还是考虑寒假再开少儿班吧。脚踏实地认真走好每一步[可爱],0,unlabeled,weibo_social
好爱济南中院[爱你][爱你][爱你],1,unlabeled,weibo_social
//：想念！//: 最美校园里有你也有我，让我唱一首爱你的歌[爱你],1,val,weibo_social
flo flo 好地方搬家后还没有去那[哈哈][哈哈] -楠意,1,unlabeled,weibo_social
为什么那个十号线割脸的微博都会被删啊？！！[怒骂][怒][怒骂],0,train,weibo_social
逛了一下午....一堆衣服一堆鞋，拎包给我累的[晕][晕] 下午问大家的那个，我买了那双金色的....嘻嘻。又看见一双蓝白渐变休闲鞋，号码34半。[汗][晕]?脚越来越袖珍....[偷笑],0,unlabeled,weibo_social
好大的乌龙事件啊[晕],0,unlabeled,weibo_social
[泪]//: 看看有的人的真面目 d,0,train,weibo_social
说谁哪？吃喝玩乐大搜索第一淑女，在下祝所有看到此微博的朋友们、同学们、同志们（就是单纯的革命关系的那种），吃嘛嘛香，身体倍儿棒！[鼓掌][鼓掌][鼓掌],1,unlabeled,weibo_social
您这一问真把我惊着了，愣了几秒都没反应过来，我倒是有多不可能。。你这是讽刺我呢吗~死女人~~[抓狂][抓狂][抓狂],0,unlabeled,weibo_social
四月生活。旅行计划。有谁知道如何长滩岛自由行？目前航班基本被旅行社包了，[泪]。不想跟团，只要机票加酒店，目的是海边躺三天。,0,unlabeled,weibo_social
妹妹把车开走了，今天打车。出租车司机盯着我看半天说了句：电视上看不出来您黑啊？[泪]后来非说是我的忠实粉丝，不要钱！我说那怎么行？赶紧把钱扔在后坐然后跑了。后来一算多给了七块。心想还好我带零钱 了，要是一百的我不亏大了？[钱],0,test,weibo_social
首尔行之2又管制，那就讲个好玩的吧。刚过安检，[馋嘴]我还在美美的说：全身上下连个腰带都木有啊~话音未落，只听后面急促的响起：滴滴~安检姐姐抚摸着我的腰：你贴了暖宝宝吧？这比什么腰带的都叫的响多了[衰][衰]ps：安检姐姐，您是真打脸啊，一枪没让[泪][晕][泪],0,val,weibo_social
我也是，赶不回去参加，唉！ //:很遗憾有安排了，很好的活动，又一次和互相关注了很久的 错过[泪] //: -泉水叮咚 @?措拉姆,0,unlabeled,weibo_social
朋友的基础 俺想是互信 在中国可不一样 毛爷爷和袁文才 王佐 互信过 到头来怎样[泪][泪][泪],0,unlabeled,weibo_social
下火下火，王老吉不再像以前那么快乐了，[晕][晕]唉。人生啊[抓狂][抓狂][抓狂][抓狂],0,unlabeled,weibo_social
毛毛指甲沾毛毛[衰][衰][衰][衰][衰][衰],0,unlabeled,weibo_social
[衰] //:所以现在还活着的中国人都是唐门后裔，百毒不浸呢 //:在中国，还有什么是安全的？[哼] //: 惨不忍睹//: 何止1000家？全国4000多家出水厂，实际上50%以上的水厂出水质量不合格。当高铁、高速路大跃进时，自来水工程，这个最基础的民生工程，被完全忽视,0,test,weibo_social
赞 [威武]王立军的月亮验证了千万别得罪月天蝎[衰]//:在同事的提醒下，我查了一下王立军，结果是。。。太阳摩羯月亮天蝎[衰][衰]要不要这么巧啊，如果不看宫位的话，谷开来真的遇到克星了，其实她真的应该查查星盘再打王立军那个嘴巴的[衰],0,train,weibo_social
[哈哈] //:// : [衰],0,test,weibo_social
是呢，那你为啥要来北京？[可爱],1,unlabeled,weibo_social
这个点儿在公司看美食博客叫做“杯具” 饿！！！[泪],0,val,weibo_social
//: 22张照片 讲述一个真爱的故事[泪],0,unlabeled,weibo_social
致敬[心]//: [心][泪]//: 多保重！,0,train,weibo_social
尼玛，不是吧？//: [泪]//://: //:此人是论坛里网友同事....其妻说，8点赶到现场时，119等已到，但救助不力，围观群众痛骂，才有一消防员下水搜救，10点左右，媒体和领导到现场，才真正开始大规模搜救...,0,test,weibo_social
终于快结束了！哈哈哈，，， //:[泪][泪]-伊万诺娃-库尔乐斯基 --的娘亲 倒计时开始，亲们~,0,test,weibo_social
多谢陈总提携，没被同仁们做统计时列入表中说明我们仍需努力啊，呵呵 //:似乎走遍欧洲可以和穷游放在一块。 ; ; //:眼花缭乱。[晕],0,unlabeled,weibo_social
气愤[怒]//: //：X//: 中国人太贱了，自己纳税请一帮地痞流氓来虐待自己！,0,test,weibo_social
回龙观。。。[吃惊]//??的马甲: 可怜的姑娘 。一定要把凶犯毙了 就为点钱 何必把人弄死 TD [抓狂][怒][怒][怒][怒][怒] //--爽爽: 什么世道啊！唉！[怒] //: //: 单身出门的女性一定要小心…哎…你说劫财就罢了…还害命… [泪],0,train,weibo_social
我们等你噢[爱你],1,unlabeled,weibo_social
哪?搞的？原?你真在推牛。[鼓掌],1,test,weibo_social
[鼓掌]感谢支持哦~//: 哈哈，很好看哇，开心开心[鼓掌]收藏咯、,1,test,weibo_social
肿么一天多了体温还停留在介里啊！[晕][生病][黑线]我不要打针[悲伤][生病][抓狂]求安慰[泪][悲伤],0,unlabeled,weibo_social
非常欢喜[鼓掌],1,val,weibo_social
黑商家[怒],0,val,weibo_social
大致不错 ！//-客八黄海爱国安: 欢迎回家//: //:大郅，欢迎回家[鼓掌][握手]//: 欢迎回家,1,test,weibo_social
花虽美。偷来滴[做鬼脸][嘻嘻],1,unlabeled,weibo_social
1~16℃。。。我不活了~！[泪][泪][泪],0,unlabeled,weibo_social
这孩子理发超乖！[亲亲][亲亲][亲亲],1,test,weibo_social
好兆头，我们的小明星要火！//: 多可怜的孩子啊！找他们要医药费去！[怒],0,train,weibo_social
"//：牛！赞！！[赞] [赞] [赞] //：太震撼了,牛人，才16岁。。。。[鼓掌]",1,unlabeled,weibo_social
＃面盲症＃有一回见到人群中一位西装革履的男士在餐厅的另一头对我点头微笑，我惊道：妈妈眯呀，这个人好面熟！我妈妈怒道[怒]：这不是你老公吗？！[闭嘴]好吧，看惯这个人在家穿老头衫趿老头鞋的样子了好嘛。[可怜],0,unlabeled,weibo_social
一块大冰打造了一台汽车。这台0度以下的SUV不单单是外观酷似原型车，而且还有内部空间，方向盘、驾驶座等等一应俱全，还可以进入内部感受这台有点“酷”的SUV。能搞多个加热座椅吗? [嘻嘻],1,unlabeled,weibo_social
请叫我德爱！//:请叫我勒油//: 请叫我什么呀！！[抓狂] //:请叫我慈爱。。//: 请叫我刺猬 //:请叫我执拗//: 请叫我理由 //:请叫我苏恩 //:请叫我李昂//: 请叫我挚爱 //:请叫我激昂,0,test,weibo_social
//: 罪恶深重如何救赎 //-信滔: [闪电]福建高院指令福州中院重审今启动，接访的副院长林智明，副庭长余秋萍，说：“提出的标的太高，不好判也不好协调”。我当场反驳：“不是提出的赔偿额太高，而是福州公安做的恶太大、造的孽太深”！//: 看完之后，感觉这里和地狱真无二[怒骂],0,unlabeled,weibo_social
//:[哈哈][哈哈][哈哈][泪][泪][泪]//: //: 太懂了！,0,unlabeled,weibo_social
//：//：看来2012是为我们这一代人准备的[泪],0,unlabeled,weibo_social
人家是欢欢喜喜过大年，我们是风风火火过大年，整天跟打仗一样累死了[抓狂] 我在:,0,unlabeled,weibo_social
今天偷偷喝了一杯星巴克，又失眠了[泪]看书！看书！,0,unlabeled,weibo_social
//:以后 绝对不会让我小孩摸这些书的！//: 感谢提供了这么详尽的名单，已经存了，以后 绝对不会让我小孩摸这些书的！[哈哈],1,unlabeled,weibo_social
洗面奶挤牙刷上放嘴巴里了，防晒霜当洗面奶用了，衬衫穿反了下午才发现。。。糗事很多，有升级趋势，在找到超级记忆药与后悔丸前只能先淡定着照顾自己[委屈]～那啥 的小哥已经把脏衣服拿走啦。期待洗白白，变香香，才能更得瑟的与咱亲密接触[嘻嘻][嘻嘻],1,unlabeled,weibo_social
寝室就剩我一个人，我害怕。[抓狂][抓狂][抓狂][抓狂][泪][泪][泪][泪][泪],0,unlabeled,weibo_social
向节假日无休的筒子们致敬！[给力][给力] //:公司新闻部的同事非常敬业，无休息无间断的报导，打造全泰国最快最精准的专业华文微博即时新闻 [鼓掌][鼓掌][鼓掌][悲伤],0,test,weibo_social
我这双娇生惯养的脚呀。别说高跟鞋，就连皮鞋都穿不了[衰],0,test,weibo_social
[怒][怒] //://: 某些人太把自己当回事了 这哥们会被开除吗？//: 活该！//: 这事谁牛B了？一个ICU，一个刑事。,0,test,weibo_social
看起来好感动，回顾一下我的历程，我为了美每天是有多累！[泪],0,unlabeled,weibo_social
//: [泪] //:献给所有和奶奶有着童年的孩子??,0,train,weibo_social
睡眠严重不足的后果???头疼~~[衰],0,train,weibo_social
[抓狂] 还有靠谱的东西吗？还是去大草原，原始森林安全些,0,val,weibo_social
我的世界被摧毁了！我的心碎了，关键是我这个蠢货让最爱我的那颗心破碎了！我的世界从此没有阳光，只有阴霾！失去了你，世界对我来说已经没有意义了！让所有的痛苦都让我去独自承担！[泪][泪][泪],0,test,weibo_social
这一幕全世界光棍团结起来互助互爱的场景太感人了！ //:回复:好 //:我也帮你招[哈哈] //:回复:你姐妹我都单身哦...[泪][泪][泪] //:哈哈，好，有哦感谢你一辈子[嘻嘻][嘻嘻][嘻嘻] //:我帮你招聘，有女子请自动报名,1,val,weibo_social
搭车布一出，三分钟搭上了一台ford越野皮卡，六点二排量是什么概念？一公里油耗得三块钱了吧。[晕],0,unlabeled,weibo_social
in 海德堡正是因为这些迷人的风景，海德堡又被称为“浪漫之城”[可爱],1,test,weibo_social
[衰][衰][衰]//:[哈哈],0,test,weibo_social
//:做好准备，不要涉水！ //:[晕] 明早七点燕莎桥集合去昌平。。要不要开车。。要不要啊！不开会不会下雨打不到车，开了会不会被淹啊,0,unlabeled,weibo_social
我怎么觉得挑事的小翠才是大Boss[怒骂],0,unlabeled,weibo_social
渝乡人家的水煮桂鱼可真是不如麻辣诱惑和沸腾鱼乡。我上次来百盛顶层的这一家，还是十年前和追求我的高富帅，可惜那时候我有个穷男友，玩坚贞不渝来的，错过了飞上枝头变凤凰的机会。[泪]后来…后来穷男友也被我踹了，又找了另一个穷男友，后来又一个穷男友，后来又一个…又一个…[泪],0,val,weibo_social
随手拍美食藏匿于温泉中的美食自助99的价格能吃到这样的自助个人认为很值[鼓掌]建议亲们先拿双皮奶、绿豆沙，好吃；甜点推荐蛋挞非常好吃；牛排很不错，不老；麻辣烫也像大家推荐的一样很好吃；饮料推荐苏打水、不涩；日料也还不错，品种不多但至少三文鱼啥的也都有~,1,val,weibo_social
偏头痛，疼死啦…[泪][泪][泪],0,test,weibo_social
《方舟子抄袭剽窃年谱（2011年终版）》 作者指着方舟子鼻子骂：“你有19本所谓的著作，你只要敢宣布其中任何一本没有抄袭偷窃的东西，我给你发二次稿费。”你们猜方怂大师怎么样？连个屁都不敢放！ [哈哈][哈哈][哈哈],1,unlabeled,weibo_social
//:[晕]水路管不要钱[晕],0,unlabeled,weibo_social
行动派和花言巧语的区别 //:比这更可恶的是：＂你怎么会发烧呢。 ：还有更可恶的，比如说：“发烧了去看医生啊！”[怒] // ：我也会。。。哈哈哈！// ：哈哈我好像听说人家发烧了也一定会说一句这个……// ：哈哈[哈哈][哈哈][哈哈],0,test,weibo_social
回复 我的老婆只准我来负责，但不介意帮别人负责他们的……[哈哈],1,unlabeled,weibo_social
太险了。人品爆发被拯救了。[晕] 我在:,0,unlabeled,weibo_social
做完spa，来喝东西，这个点的满记，一个人都木有噢[哈哈] 我在:,1,unlabeled,weibo_social
??//:内容我不评论。但效果真的挺震撼。马在舞台上奔驰，还有满场的风雪。看演出那天，正是阴历十五，月亮一点点在雪山后升起。[爱你]。也是我看过的最棒的大型情景剧。,1,unlabeled,weibo_social
餐馆门口凉的花生米，一看没人，抓了一把[嘻嘻],1,test,weibo_social
美味因为美人儿的欣赏 而更添滋味[bm可爱][太开心],1,test,weibo_social
心痛[泪]//: [泪] //: //: “父母望儿归，我们一路莫徘徊。将来治国平天下，全靠吾辈。”娃娃们，一百年了，可我们还在让你们因校车的种种，而再也回不了家。,0,unlabeled,weibo_social
要不哥大义凛然一回 化化妆陪你回家一趟？//:我妈嫌我没有女朋友 // :你那不是亲妈 :我妈全都嫌我…… // @?心-?? :2 // : 我妈嫌我有刘海！[泪] // :我妈嫌我太抠门[鄙视][哼][偷笑],0,train,weibo_social
搜狐拼了[衰] //:搜狐姑娘们太有牺牲精神了[晕]这长相身材干什么网编啊//: 穿得和天上人间一样 干活比天上人间还累 挣得还没天上人间多[思考][思考][思考],0,unlabeled,weibo_social
迟还信用卡是件可怕的事儿，因为迟还了三天信用卡，我凭空出来了135元的消费，收了我27元滞纳金之后，还收我108元的消费利息！！尼玛啊伤不起啊伤不起[泪],0,unlabeled,weibo_social
咕噜噜。睡到一半醒了[抓狂],0,unlabeled,weibo_social
回复:出租车师傅是不是看我老实好欺负啊[晕] //:哈哈,0,unlabeled,weibo_social
帽子给力了！[哈哈],1,test,weibo_social
兄弟的车怪病缠身半年，四处投医无果，买了各种名贵零件更换均无用。昨天下决心，召集来各路神仙，闭门修车，下军令不修好不给回家。奋战18小时，拆散全车，偶发现哈雷蜀黍真心有号召力，行车电脑法国嘀，喷油系统德国嘀，电管系统日本嘀…… 今日凌晨，终于发现病灶，节气门线组其中一条虚焊鸟[抓狂],0,test,weibo_social
不旅不行分享会 798北京非洲中心分享会第二位分享者――“种太阳”公益项目发起人李可欣主讲：速写爪哇。整个旅程就是穿越到神秘的岛国童话的过程。[嘻嘻],1,val,weibo_social
青蛙王子存钱罐~耶~有存钱意识的不是招财猫小姐就是青蛙王子先生[哈哈],1,unlabeled,weibo_social
//???王??: //:如果是真，不幸被我言中了[泪]//: [泪],0,unlabeled,weibo_social
//: [失望] //-UP:。,0,test,weibo_social
我发现装修真是一个改变人生最直接的途径――爱情也不过如是。恋爱过程中会分手，准备结婚时也会分手，领证了也会分手，为婚礼也会分手，为父母也会分手，为孩子也会分手，为房子也会分手，为装修也会分手...看来因为性格、脾气甚至于外遇、偷情而分手的还是幸福的，因为至少与感情有关[伤心],0,unlabeled,weibo_social
[哈哈]//:[哈哈] //:我曾经恨过很多人，甚至买了春药伺机投放。当然，后来用大脚趾想出来春药是假的。但是我的手段阴险毒辣，杀人于无形，所以你们不要欺负我[泪],0,unlabeled,weibo_social
99%的中餐馆子（如果不是100%的话），上菜次序都是胡闹的――凉菜、汤品、肉菜、素材、主食、甜品等等，基本都是厨师看当日心情，做好哪道服务员上哪道。我自己就遇到过无数次主食比凉菜还先上的情况……[泪],0,unlabeled,weibo_social
回复:近一半的没吃到//:回复:客气[爱你]我们制作，繁星负责品尝就Ok啦[萌],1,unlabeled,weibo_social
减压贴~~//: //:好可爱[哈哈],1,val,weibo_social
上上下下左右左右BABA[哈哈]你懂的。。。通关[嘻嘻],1,unlabeled,weibo_social
昨夜致青春欢庆周末换了三场，然后半夜发现手机不知道去哪了，小5再见了[泪]。。。然后5C还是5S呢？哪个颜色好？[悲伤],0,unlabeled,weibo_social
厚道点行吗？[泪][泪][泪]，爱特我干嘛[抓狂]我想去西藏 //:@--IAmWhatIAm,0,unlabeled,weibo_social
人人游戏招聘，求推荐简历到tani.lin-inc.com[泪][泪][泪][泪]急需 我在:,0,test,weibo_social
???[悲伤][悲伤]重量级贵宾，小编能想到现场是有多high阿，不知道接下来爆料的嘉宾是不是更加的大牌呢？期待期待,0,test,weibo_social
//??:一九一只鸡，二九一只鸭，三九还背着一个胖娃娃呀～咿呀咿?儿喂 //:[哈哈]这文化水平！//:[哈哈]//??42度牛二:哈哈哈//-大萝卜喵儿:一九一只鸡。。 //:[围观]//:介尼玛报道…,1,test,weibo_social
唐朝[嘻嘻] 我在:,1,train,weibo_social
[鼓掌] //://@,1,unlabeled,weibo_social
回复:今天还没刷呢。 //:我path没刷 没刷 我都好久没刷了。。。[泪] //:我遇到这种情况通常都是因为交友不慎，有人又在path里面刷屏了。 //:遇到这种问题不用怕，请安装手机毒霸，完美保护您的手机安全，远离恶意广告骚扰，下载地址：www.safeapp.cn,0,unlabeled,weibo_social
忽然????照片[偷笑] 在??拍?的?大家一起吃? 一上菜 很快的所有人 吃光光 後?才想到要?少?拍照??[?] ?果拍出?的效果都?菜了[失望] ~~哈哈哈哈 白拍了[偷笑] 只能?我?太???料理了~~,0,test,weibo_social
[衰]一PR美眉连着四封邮件把我名儿写成“杜圆圆”，我找谁哭去我。。,0,test,weibo_social
最炫辰辰风[哈哈],1,val,weibo_social
是额，小K妈早上九点多就来我家了[偷笑] ，上午采购，下午洗串，把我俩手指都串疼了呀[泪]//:今天大采购了啊//: 我还在继续[泪]，下午还是去买了洋葱，红薯，蒜蓉面包，一次性调羹[汗][偷笑],0,unlabeled,weibo_social
有一些在你背后经常刻薄的说你坏话的人。这样的人可能有两种情况：无非是过的不如你好妒忌你，或者实在太惦记你了。说心里话，这两种情况对你来说都不算太怀。所以，原谅那些人并继续用善良加以回报。相信我，她们（他们）的心里可能更痛苦呢。[可爱],1,val,weibo_social
需要学的东西越来越多，需要看的书高高堆起，我人生的前三十年到底都干吗了？到现在还什么都不懂？？？[抓狂],0,val,weibo_social
//: 共同努力才有共同繁荣。高尔夫从业者虽然听着高端，实际上是“弱势群体”[悲伤] //:路漫漫兮其修远，吾辈将上下而求索。。。中国高尔夫事业的发展还需要业内所有朋友共同的不懈努力。,0,test,weibo_social
//: 我的股票[怒][怒][怒] //:问题是真不行 真不会……这人水平不行吧真没得治的……,0,test,weibo_social
京东快递员素质有待提高阿！我承认他们很辛苦，但是不应该质问客户为什么没在家里等！到我家门外打电话质问我为什么不再家里等，我怎么知道你几点来[怒],0,unlabeled,weibo_social
有人首杀我[泪],0,test,weibo_social
倒数第三就是第一个啊，我也喜欢“过”，嘿嘿嘿[太开心]//:倒数第三个老子也喜欢！//: 正数第5个&倒数第三个~//: 你们喜欢哪种？我选外国的内个型。,1,unlabeled,weibo_social
各种莫名、各种混乱、各种郁闷，实在无语，救命啊?[抓狂],0,unlabeled,weibo_social
//:少见啊[抓狂],0,unlabeled,weibo_social
系统升级到ios7，备忘录丢失[泪]苹果啊，iphone啊，你怎么想的[顶] 害人不浅。,0,unlabeled,weibo_social
为涩么~一个月不来~苹果派就下架了，考虑过我们客户的心情嘛[泪][泪],0,test,weibo_social
美女相聚，生日快乐！[爱你][蛋糕],1,unlabeled,weibo_social
爸爸妈妈！爱你们……往往等失去时才知道好！//:多陪爸爸妈妈[泪],0,test,weibo_social
无语 [泪]//:泪水浸湿双眼,0,unlabeled,weibo_social
看到妈妈把储物间规置得这么有条理，心情还是很爽朗的，不是吗？ 虽然有些东西找不到[晕][酷] WeicoLomo,0,unlabeled,weibo_social
回复:嗯，现正在穿过东部撒哈拉沙漠高速公路回开罗。 //:?。。是哪?？埃及?？？？ //:回复:看了好几枚三四千年的方尖碑，包括协和广场那枚的兄弟。[爱你] //:哼哼哼！,1,unlabeled,weibo_social
今儿闺女一早嗓子疼，我这个揪心啊！一个假期都没事，或者说在家怎么折腾、旅行、天天外出参加活动都没事…但只要上学马上生病[抓狂] 祈祷今晚别发烧[害羞],0,unlabeled,weibo_social
今天又增加15场！时装周看个够！[鼓掌]//:漂亮！Oscar de la Renta这场称得上异常瑰丽！ 即时带来时装周权威报道，目前已播报纽约时装周超过115场秀，近万张图片，数篇业内点评，这是国内绝无仅有的专业线上报道，时装迷们请随时关注 猛戳链接查看更多更全！[花心],1,test,weibo_social
郁闷，刚才看到外方回复，一部有关芭蕾的外版书中文简体字版版权已经被一家出版社抢先拿走了[抓狂],0,unlabeled,weibo_social
不得不转[哈哈] //: 回覆:?可能是他信仰藏教的原因～～BAZINGA！[哈哈] //:藏教不用戒色的呢,1,test,weibo_social
这一天，四点到五点喂奶，正准备睡觉，六点有人开我家门，惊魂未定，七点老公手机闹钟响，不听不关吵到八点，正准备睡，娃又饿了，喂奶到正有困意，八点半老公进来说话，娃醒了，刚哄睡，九点阿姨按门铃上班了[泪][失望][委屈][可怜],0,unlabeled,weibo_social
植物大战僵尸2肿么这么难~~[抓狂][抓狂][抓狂]有通关的吗？,0,unlabeled,weibo_social
还在开会……[泪],0,unlabeled,weibo_social
我也想找老百姓的医生，可是我不知道老百姓的医生在哪~~[悲伤],0,unlabeled,weibo_social
工商银行 这是特么的什么效率；愤怒[怒骂]银行能不能提高点办事能力啊，职能部门真是让人民汗颜,0,unlabeled,weibo_social
又把银行卡弄丢了[泪][泪][泪][泪][泪][泪]数不清第几次了。。。我怎么就不长点儿心呢！我下回一定记住。[衰][衰][怒][怒][怒][怒],0,test,weibo_social
无论你贫穷、富有！永远对你说＂我愿意＂的第一人就是~~母亲~~热泪盈眶中 [泪]//://-Jane:伟大的母亲！母亲节快乐！,0,test,weibo_social
[怒] //:太特么嚣张了，打死丫都不为过 //?-小神: 卧槽！这是马路边！！！尼马！路过的都是死人吗？！！！//:必须严惩！[怒]求公布处理结果！ //: 这老外怎么处理的！判刑！ //:[怒] //:这么嚣张，必须爆揍 //:严重关,0,test,weibo_social
天天泡医院的人伤不起啊[泪][泪][泪],0,unlabeled,weibo_social
哈哈哈，我们家的大盘子[哈哈][哈哈][心][酷],1,test,weibo_social
嗯嗯[亲亲]//: 我妈妈也会这样对我期望～,1,unlabeled,weibo_social
回复:哥你真好！[泪] //:,0,unlabeled,weibo_social
谁说萌！这明明是丸子奶奶！[泪] //:小丸子换新发型了，太萌了吧 //:小丸子酱新发型。。。认不出来这萌货了,0,train,weibo_social
一江之隔，支持左少！//: 关注！//:[话筒]//: 关注！//: [抓狂],0,unlabeled,weibo_social
货真价实的扁食嫂，童叟无欺。除了扁食，拌面也是绝品 //:这家拌面独一无二，厦门小吃三巨头中，老大姐的店子 //:[赞][鼓掌],1,unlabeled,weibo_social
喝着养乐多就着纤体梅幻想着瘦成干儿的身体我想我是疯了！佩服那些饿瘦的人我想我是个堕落和矛盾的胖子总是把减肥挂在嘴边却在见到好吃的以后偷偷告诉自己得了明天再减！我永远是个胖骗[失望]我还不太适应学校外的生活~怎么办多么悲哀。想你们了-_-猫猫,0,train,weibo_social
好形象！[泪],0,unlabeled,weibo_social
最痛苦的莫过于周五的日子得知周末要加班！我的天空瞬间变成了灰色！还准备这个周末好好休息休息?唉?一声叹息啊?[抓狂][流泪],0,train,weibo_social
延村，聊斋拍摄景点，却找不到那个角落[嘻嘻][嘻嘻],1,test,weibo_social
加班真欢乐 从第一次见到 老师的时刻起，就开始默默地觉得自己跟她有点像，嘻嘻嘻……这次我终于得逞啦[xkl转圈][太开心][转发],1,train,weibo_social
回复:[耶] //:[哈哈]一定好好讲//:哈哈，那就祝你成功啦！[马到成功][给力]//: 我一会要在我们学院的团课上给将近200名推优的同学讲一讲 的这次正能量经历啦[可爱]有点紧张呀 //:哈哈，那就祝你成功啦！[马到成功][给力],1,unlabeled,weibo_social
这个还行！ //:尼玛这胡子怎么长出来的//:这太尼玛扯了！连胸肌都不用练了！[怒]//: 真的好帅~,0,unlabeled,weibo_social
硬生生被饿醒。。。家里却弹尽粮绝，只剩一颗蛋，煎来垫个角?[泪],0,unlabeled,weibo_social
寻找儿时记忆居然在北京看到了我们家乡的皮影戏[太开心]。作为世界非物质文化遗产，陕西华县的皮影戏以唱腔和精细的皮影著称，真是嘹咋咧！,1,test,weibo_social
拍的很漂亮啊[鼓掌],1,unlabeled,weibo_social
[怒][怒][怒] //:再多的心痛也无法挽救对孩子的伤害，爸爸妈妈们要教会孩子保护自己和安全的能力！无辜的话语却凸显自我保护意识的单薄~~为孩子祈祷~~,0,unlabeled,weibo_social
你最闹心！ //:[泪][泪][泪],0,test,weibo_social
说传言明天微信5.0就出来了[衰] 太可怕了,0,unlabeled,weibo_social
都躺了四个小时了 脚丫子还是冰凉 还是清醒的不行 我到底是啥变的啊[怒][抓狂][哼][抓狂][怒][泪][晕],0,unlabeled,weibo_social
亚龙湾一线海景全套房精品康年度假酒店，希望你们住的开心[爱你]，有什么需要帮助的可以私信我哈[威武],1,unlabeled,weibo_social
在 参加创新谷开谷活动， 你们万兴出水了[哈哈] 我在:,1,unlabeled,weibo_social
牙床子肿的我都受不了了。。。。啊啊[抓狂],0,test,weibo_social
看这头，是有多给娘面子啊!只剩小半个Omelette，关键是这个Omelette是由洋葱，胡萝卜，蘑菇加了三个蛋做的!这是给娘打鸡血吗?[晕],0,train,weibo_social
上市首日就破发[哈哈],1,test,weibo_social
打酱油的路过下。。。//: 沉重哀悼！//：中国股市戴上了绿领巾！//: 哀乐声起，大盘首先发表悼词：童鞋们，我老了，吃了点鸡素，未老先衰……[泪] //:沉重哀悼！,0,unlabeled,weibo_social
终于在免费餐厅蹭到网络了！一次多说几句：行李严重超重，被EK罚300刀，超一公斤竟然要30刀！[泪] 迪拜机场工作人员办事效率太低！ 替同事买了一堆东西，厚着脸皮要了些小样儿！ 迪拜专为A380服务的新航站楼也够大的，和T3相比清静不少！ 我在:迪拜国际机场 困啊！ 我在这里:,0,unlabeled,weibo_social
抽烟丝，就对了//: 看看吸烟的人[怒] //:大家快戒烟吧！！吸烟的危害远不止你想的那么简单,0,train,weibo_social
在想我的考试运是不是在中考跟高考就透支光了[泪],0,unlabeled,weibo_social
祝所有大朋友小朋友节日快乐！[得意地笑]舍不得班长走，不想长大[泪] //:六一快乐！ //:大家快乐!,0,unlabeled,weibo_social
我次奥~~笑裂了~仰望星空派和国王蛋糕太他妈戳心窝子了[哈哈]//: 太黑暗了 //:哈哈哈，教授还是回来吧！//: 难怪教授说国外没有任何食物，我不该嘲笑你的，教授我错了[委屈]。 //:国王蛋糕笑尿了我[哈哈,1,test,weibo_social
[衰]那谁还会带女朋友去那吃啊//: 男盆友在门口等着[嘻嘻]//:女子餐厅，很有创意的想法//: 支持半份菜！最好出个小胃口女子餐厅 //:[嘻嘻]实在吃不了，咱也得把肉肉吃光光，对吧,0,test,weibo_social
//://: //: 十多名乘客表示需要心理辅导[蜡烛][衰] //:今天二起电梯事故。。。。,0,unlabeled,weibo_social
亲，我们自助午餐238+15%服务费，每周三和六持中信银行信用开来消费可享受自助午餐和晚餐分享套餐半价优惠。现在 还推出趣味菜单游戏，最多可赢取50%折扣优惠。可以一试究竟哦。thekerrylife.com/thekitchengame 是您聚会的好去处哦[亲亲],1,unlabeled,weibo_social
UGG好贵，一双帆布鞋一千多[衰]不过，穿着，真舒服！,0,unlabeled,weibo_social
我睡觉很老实，一夜无翻滚动作[睡觉]大床只睡一半，床的另一半总是空着，空着空着空着的寂寞，向谁诉说[晕],0,val,weibo_social
High Tea [酷][鼓掌][威武],1,unlabeled,weibo_social
全套[哈哈][哈哈]//:这要多少全套才还得清呀?[晕],0,unlabeled,weibo_social
将江南的艺术韵味建设到底，将绍兴的人文感受发挥到底，将开元的特色服务锻造到底。[嘻嘻][嘻嘻][嘻嘻],1,unlabeled,weibo_social
//:观点相左→言语相互攻击→寻找各自阵营→阵营言语恶斗→阵营对立→阵营线下组织→阵营肢体冲突→埃及[衰]//: 分裂的国度,0,unlabeled,weibo_social
郁闷！银行登陆密码锁住啦！[怒],0,unlabeled,weibo_social
[可爱][亲亲][太开心][爱你] 我是因为你 烂颤 的微笑[晕],1,unlabeled,weibo_social
【超级笑星闲谈】[偷笑]小编发现~现在 里~ 老师正在老妈的三国时代中展现女王范~一会又要在超级笑星中大显“毒舌”风采~[哈哈]今晚21:30~《超级笑星》复活赛播出同时~编辑短信A+最想说的话，发送到10660122688 参与节目短信互动~有机会赢取千元现金大奖哦！[给力],1,train,weibo_social
回复:咦，那。。。。是。。。。对哦。。。。要死，一个晚上丢人二次。[泪]我的大戚风模具规格是21cm。不是21寸[衰][委屈][黑线] //:我又想笑一次，因为你说21寸我觉得它实在太巨大哈哈，我知道那是你笔误[嘻嘻],0,unlabeled,weibo_social
"额[衰]项目会议结束了,俺上午又充当了一回专职会议摄影师[挖鼻屎][挖鼻屎]",0,val,weibo_social
回复:[嘻嘻]这个也不一定如果能倒回去就挺好了[偷笑] //:你直接就是最前面那个。。 //:这个嘛。。。[偷笑] //: -张斌,1,unlabeled,weibo_social
哈哈 玩笑而已 过一阵就搞男士之夜 你要来//--拍照片: [怒]//:送你生玉米 回家自己爆咯[lt切克闹]//--拍照片: 男士送什么？//:回复:哈哈，哪能呀，那个人才像呢 [哈哈] //:回复:您一副我吃了没付帐的样子[泪],0,unlabeled,weibo_social
【最新消息】在京家属统一收到信息 马航：飞机在南印度洋坠毁。信息译文“我们必须承认MH370已经失事，机上人员无一幸存。对此，马来西亚航空表示深深的遗憾。接下来，你们将听到马来西亚总理的讲话，我们现在收到的证据显示，飞机在南印度洋坠毁。”（南方都市报）[伤心][蜡烛],0,test,weibo_social
这个活动我可真给奖金呀，到现在还没有我满意的。[围观][抓狂],0,unlabeled,weibo_social
骷髅图案是敢死队的意思吗[哈哈],1,unlabeled,weibo_social
[思考]//://: [泪],0,unlabeled,weibo_social
生日快乐二月是好多朋友的出生月，有木有？[嘻嘻],1,val,weibo_social
咖啡瘾犯了……[偷笑]为大卫林奇转~//: 同意[泪]一早找杯咖啡真不容易，咖啡店都还没开门[抓狂],0,val,weibo_social
明天有好吃的了，哈哈哈//: 回复:这个可以有，还可以有西班牙语法语！[嘻嘻] //:我认真想了一下山楂怎么说，再次黯然发现在吃的方面我的热情程度与英文水平呈反比。要求下次活动教教大家那些常见的与美食相关的地道英文,1,train,weibo_social
为毛没叫我参加！！ [抓狂][抓狂][抓狂],0,unlabeled,weibo_social
自从成了微博委员会成员，我才发现做个公正的委员这么难。明明是攻击，最后投票结果就是判定非攻击[晕] 我在这里:,0,unlabeled,weibo_social
转发//：//：回复:[泪] 感恩感恩~~虹汝替小蒋利感恩您们~~ //:转发此微博:?小?利送去?日的?候，金虹汝??的?心一定?令到小?利有更多的希望，身?越?越好！,0,unlabeled,weibo_social
谢谢朋友细细看了我的文字![爱你],1,unlabeled,weibo_social
左边是海滩，右边是泳池，结果---下雨了[晕],0,train,weibo_social
芒种了！北方忙着种忙着收割，广东呢？二十四节气[可爱],1,test,weibo_social
看游记就会觉得太多地方没有去，逛书店就会觉得太多书都没有读，这样不好，时间太少。[失望],0,test,weibo_social
一到晚上就开咳，夜夜睡不好，快三周了，这要如何是好啊？[泪],0,train,weibo_social
抱歉，写错，是元帅路，心里老想着安泰河[晕]//:吃朱紫坊吃到安泰路，还是只认这家，仿牌开遍福州也不爱光顾，老店坚持更显难得//:破戒必去,0,unlabeled,weibo_social
回复 ??作V?海:怎么会笑话呢？鼓励你哈！记着多创作一些以点带面、以小见大的歌词，这类歌词的空间感很强，受众面会很广的[耶] //??作V?海:回复:老大，发到你邮箱啊，别笑我啊[哈哈],1,train,weibo_social
谁培养出了优秀的世界公民?[抓狂] //:这么来看，和 你的看法近似哦。 //: 当认真反思！ //: 骂人时，都来不及看上下文的。 //:为博眼球选择性报道，缺乏职业道德。// : 唉，之前报道有些离谱了,0,unlabeled,weibo_social
[哈哈]//: 靠和素质奉献无关的身份组成俱乐部，然后再集体高尚互相吹捧，你这明明是在影射党校，坏人~//: 非常无奈的是，说不定将来还真是这批人当权啊。。。,1,test,weibo_social
我喜欢！各位们喜欢不？ //:我喜欢大董和大董的意境菜..哈哈哈[可爱] //:我也喜欢大董~~~那里的菜肴。。 //: //:俺觉得是因为大董帅。。 //: 有深度的话。,1,unlabeled,weibo_social
我会告诉你，我全身湿热，分散痒，整个晚上没睡吗？我会告诉你，我一个晚上用了一瓶双飞人吗。。。[泪][泪][泪][泪][泪][泪][泪][泪][泪][泪][泪][泪][泪][泪][泪][泪][泪][泪][泪][泪][泪][泪],0,unlabeled,weibo_social
回复:你们做的好捂也捂不住[哈哈] //:回复:看来您挺了解我们，呵呵 //:节目是否利于跨界传播、互动??新媒体即是一种融合，蜗居在一个媒界里想辄不行了。,1,unlabeled,weibo_social
[怒] 这帮GZ的！,0,unlabeled,weibo_social
"为毛!!!姐的高中同学都开始分享关于生孩纸坐月纸要注意的事了啊??我是有落后别人多少挖挖挖!深深的受了刺激,默默的反省一下…[泪]",0,test,weibo_social
[抓狂][赞][赞] 今晚大董新菜式“玖瑰凉瓜汤”，不但凉瓜青造型美，汤?味鲜，而且器型独特，赞?,0,val,weibo_social
我靠！！！[抓狂]//: 天阿。。最后一张。。。。羡慕阿！ //:我K！！！！我也要去维琴察！！！我这辈子第一个热爱的外国男人！ //: //: OMG //: 天呐！！ //-请重新搜索:OMG!你居然找到了..[泪],0,unlabeled,weibo_social
大半夜到家，迎接我的将是玛麻坚持一定要给我做的肉炒酸菜和烙饼鸡蛋（按要求加了谷雨的香椿的喔）；为明天能有时间游泳而分担的稿儿；皇马和巴萨，以及一个越过时差要跟我假装谈话的男人~~生活很幸福[太开心] 今夜务必晚睡，不然对不起这顿大夜宵[懒得理你],1,unlabeled,weibo_social
团结起来才有胜利的可能啊![抓狂] //:举个例子，“《货币战争》《明朝那些事》这样的畅销书才只卖一块钱，你的书凭啥要定10块钱？”读者一定会这么问。当价格战让默认的定价标准仅可支撑超级畅销书和已经获利的老书时，就不会再有一个培育新作和新人的电子书市场，而这时传统书也快要消失了。,0,unlabeled,weibo_social
我和他还是有本质区别的[汗]我只是市井P民，也因此只敢偶尔奢侈喝口儿西凤，而不至色犯命劫王熙凤。[泪],0,unlabeled,weibo_social
汪汪在旅途晚点，两个小时以上[衰] 我在:,0,unlabeled,weibo_social
希望中奖，以后多支持你[嘻嘻][嘻嘻][嘻嘻],1,val,weibo_social
表侮辱狼，大自然中的狼，哪有这么缺德呀[衰],0,val,weibo_social
???，我估??著衫[哈哈] //:吃了?的被??不?冷?？[偷笑] //?M:小??[嘘]?吵醒?[做鬼脸],1,unlabeled,weibo_social
我想?浪啊！！我不要台?！！[泪][泪][泪][泪][泪][泪][泪],0,train,weibo_social
西五环，杏石口桥北向南，三起事故还在处理中，分别是最外侧，中间车道，和最内侧车道[悲伤],0,unlabeled,weibo_social
我的猫在家里失踪了，所有地方都找了找不到，有什么办法可召唤它们出来吗[泪][泪][泪],0,test,weibo_social
2姐，旅途注意安全啊。刚落地就碰上罢工，哈哈，你的旅途很精彩，要保护好自己，没事别出去溜达，在窗边看看就好//: 太刺激了，尼泊尔罢工[哈哈]，说停电没停，汽油不好买，电话卡涨价，外面很吵，又在游行。其它影响不大。茉莉香片1982,1,val,weibo_social
请问这位从小就霸气外露的少年是经历了怎样的二十几年才瘦成今天这样儿哒？大幂说亮点是绚彩波点鞋！[嘻嘻][抓狂],0,train,weibo_social
平时就这样，楼主和主页君是想奔500去吗？！！[哼] //:南京路也已“沦陷”...[抓狂]拍下你看到的人山人海+景点坐标，添加话题PEOPLE MOUNTAIN PEOPLE SEA， ，看看国庆出游有多苦逼吧~[阴险],0,unlabeled,weibo_social
就买这个吧[太开心] //：这车也太Q了吧！,1,unlabeled,weibo_social
开着会，突然饿了，又开始想念四川的美食，尤其是冷锅串串。可惜我不能吃…[泪],0,unlabeled,weibo_social
[哈哈]//: 产品同学一个小细节不注意就是灾难。。。。,1,unlabeled,weibo_social
【3千万美金包起马尔代，沙特王子害游客没得玩。最近有要去马尔代夫的童鞋最好缓一缓，沙特王子萨尔曼一个人豪掷3千万美金包了马尔代夫的三个度假村，为期一个月，到下月15号为止，王子把水上医院，游艇还有几百个保镖都搬去了，目前很多游客已接到酒店取消通知。土豪的世界真是...[泪]（via英国时报）,0,unlabeled,weibo_social
心太软 //:[衰],0,unlabeled,weibo_social
《知道不知道》直播开始，在我的同事中，一直以老实巴交著称的 来到陷阱密布的《知道不知道》，就在刚刚，他居然把自己的那份题目放在了我俩中间，就在我准备偷看的时候，他恍然大悟，瞬间收起来了[怒]！赌张帆会赢的 你俩输定了。哈哈,0,test,weibo_social
一把年纪的，还收到表白，万分感谢主的厚爱，阿门。但这不是等于每天有人在诅咒我失恋嘛~~NONONO[抓狂],0,test,weibo_social
[爱你][威武]//:回复:感谢 君的厚爱啊[泪] //: -余公 -1 以上粉丝获得LOWA鞋一双，希望你们能走遍天下哦！,0,unlabeled,weibo_social
我现在最烦听到的话就是“晓颖，早上忘打卡了，怎么办？” 你们自己说怎么办！就应该都算旷工，看你们还没记性！[怒],0,unlabeled,weibo_social
都是这么成长起来的。//?: 老郭还真不能有头发//-筱白: [哈哈],1,unlabeled,weibo_social
[晕][晕][晕][晕] //:啧啧,0,unlabeled,weibo_social
[哈哈][抓狂],1,test,weibo_social
拔牙太痛苦了[泪]缝了好几针！都三天了还肿呢[悲伤]求安慰[爱心传递][围观]@???1988 - -希宝儿,0,unlabeled,weibo_social
问：如何管好中国经济？答：限呗..[衰] 限购、限贷、限外、限行、限价，现在高铁也开始限速了，正应验了葛大爷那句话：步子迈大了，容易扯着蛋。,0,test,weibo_social
谢谢弟弟~你也保重，而且要多写歌喔。那天午餐的时候我可是仔细听你唱了，很不错，等着你来上节目[呵呵] //:啊呀 朋克摇滚的代价啊~查查姐现在好点了吗？大家都挺关心你的~尤其是西安你的小徒儿们呵呵 要快快好起来噢还要上你节目呢！！ // :[泪]昨天晚上去开会从楼梯上摔下来扭伤的~,0,val,weibo_social
新品牌名为凯翼，奇瑞江北项目的前期筹备已经结束。在奇瑞转型过程中被砍掉的旗云品牌将在凯翼汽车“复活”。又回归多生孩子的节奏。[晕],0,unlabeled,weibo_social
求辟谣，话说要真的我得再弄点装备了[衰],0,val,weibo_social
内牛满面，大家还是搞基算了。。。//: [哈哈][哈哈][哈哈][哈哈],1,val,weibo_social
是骡子是马？你连上赛场溜溜的资格都没有[泪],0,val,weibo_social
昨晚的周报是在 完成的。捏脚师傅说，你们都是搞IT的吧？ 一致说。只有那位苦逼开电脑的是搞IT的[泪][泪][泪][泪]不爽不爽,0,train,weibo_social
豪华精选酒店大堂停放古董车，两者都是凝聚时间精华的无价之宝[太开心]欢迎下榻！,1,test,weibo_social
无信仰的人，就是魔鬼[鄙视][鄙视][鄙视] //:[怒] // ：不要这么残忍吧。。。[泪],0,unlabeled,weibo_social
不行了...[泪],0,unlabeled,weibo_social
我好奇的是她怎么能出国在国外待这么久 //:[衰],0,unlabeled,weibo_social
为什么仅仅是深圳呢？//: 这个app还是算了吧 //:[衰]//: 新的商业模式。[晕],0,unlabeled,weibo_social
太想买了……我要控制住……[抓狂],0,val,weibo_social
十年了，还是传奇啊。//:今晚联播头条，网游十年，绘就传奇世界。标题很给力啊! //-勤子:原创！春天！[亲亲] //?Rina:哇塞~~~,1,unlabeled,weibo_social
呜呜！我刚睡着就被奶奶吵醒了，让我吃石榴，我这回来就是吃吃吃[衰],0,train,weibo_social
?旧伤未愈又添新痛，最近我和周遭的一干人就没几个健全的[抓狂],0,unlabeled,weibo_social
回复-lisa:画个圈圈诅咒你！ //-lisa:我顿时感脚很幸福[鼓掌][鼓掌][鼓掌],1,unlabeled,weibo_social
"回复@?上说的:是，是，是我错了[泪] 开化根佛节值得一去，各种根雕艺术。开化美食，开化的龙顶，开化的油菜花，一切都是那么那么滴美好，只是时间太短暂啊 !微博为嘛不能改错别字呢！[泪] //@?上说的:是开化, 不是开怀... 哼!!",0,unlabeled,weibo_social
热闹 //:好想进城逛街[泪][泪],0,unlabeled,weibo_social
狗，在死的时候也是有感情的，他也会恐惧也会疼，带着怨恨死去..你敢直视他无辜的眼睛么？人，可吃的东西很多，餐桌已经够丰盛了，还在追求什么？他那么忠诚地追随着人们..却被人杀掉[悲伤],0,unlabeled,weibo_social
其?我真的很想?句：每次有?些新??出，有人??算有人?好?，大佬呀我住在??都唔?心你?4日3夜真的?心什?呢？?不是??、屠?或文革呵？//@?主PP:22至25?曼谷[泪][泪]?算,0,test,weibo_social
好形象啊.. //:笑死我了[哈哈] [哈哈] [哈哈] .. //@-Pinocchio:最后一行是亮点。。 //:。,1,train,weibo_social
终于把＜忠犬八公的故事＞看完了！一只来自日本的小狗对主人的爱与眷恋，让我伤感到哭泣！[泪]来自一个真实的故事，简单但充满了所有的爱！[爱你] MD，美国佬就是会拍！[威武],0,unlabeled,weibo_social
选题啊选题！[抓狂],0,test,weibo_social
哎? //: [哈哈],1,unlabeled,weibo_social
[鼓掌][鼓掌][鼓掌][鼓掌]//:很不错！[鼓掌] //:中大新闻系 ，自从有你们，中大更精彩。我们是97级的师兄师姐哦，我们毕业11年了。//: 很有创意，非常温暖，继续坚持呀！,1,unlabeled,weibo_social
why？//:我就是奶奶带大的。。。 //: [哈哈] //: //:,1,unlabeled,weibo_social
[可怜]木有人呀 [抓狂]//: 你打算对谁表白呢?[亲亲] //:很想参与一下 [哈哈],0,unlabeled,weibo_social
哈哈哈哈[嘻嘻]//: [抓狂],0,unlabeled,weibo_social
小图一般了，大图，喵的，我不该点的。。。[泪],0,unlabeled,weibo_social
最大的杯具就是通宵把稿子赶完了，发给小编，小编说今天我休息，发离线吧。[衰][衰]为毛我忘了昨天是周末。[泪],0,unlabeled,weibo_social
准 贱死啦//：特别是天蝎男 我擦 //:特别是双鱼女我擦 // :有的[泪] // : 暴准有木有[威武][威武][威武],0,unlabeled,weibo_social
以前饿的时候把娘摇醒一碗面10分钟就上桌了。现在娘不在身边了我只能翻翻外卖的电话了[怒][怒][怒]。来先从鸭脖打起。。,0,unlabeled,weibo_social
感谢您的夸赞，好吃回头再来哦~[嘻嘻][给力],1,unlabeled,weibo_social
哎玛，走过路过不要错过，蛇精病开演唱会了。。。笑哭了。。。[泪],0,unlabeled,weibo_social
找机会 找时间 重走一趟[伦敦奥火] //:回复:当然啦！回忆里最美好的是大家啊！下周去泰山弥补未完成的心愿 //:[嘻嘻] 火炬传递成为我永远的美好回忆，你们涅~？[害羞] //:[伦敦奥火] ?勒,1,val,weibo_social
请允许我仅代表我个人骂一句脏话就一句 代表月亮消灭你丫的！[闪电][哈哈][偷笑],1,unlabeled,weibo_social
上哪找媳妇去呀？[泪][泪][泪]//:那没人了,0,unlabeled,weibo_social
尼玛还是人吗？？[怒骂] //:这种人爸爸应该凌迟处死。 //: 狼心狗肺的，丧心病狂的，动物才可以做出这样子遭天遣的事！make me sick![怒骂],0,test,weibo_social
看爪就知道是美女！[亲亲][爱你],1,unlabeled,weibo_social
吴小贝？[泪] 宝贝，等你来哦！明天就带你去医院检查！[心],0,unlabeled,weibo_social
求避邪[嘻嘻],1,unlabeled,weibo_social
善于总结，快快行动吧！[哈哈]加油,1,test,weibo_social
凌晨2点，很缺觉，但就是无法入睡。[失望]夜很静，我有想去四环兜圈的冲动！想我已故的最爱的父亲，我想他，但我无法见到他。就像寄宿的女儿在想我！我们三个想见不能见的孤独的人！珍惜在一起的时光吧，不要等到永远不能见时才知有他们多不一样！[神马],0,test,weibo_social
//: 【月静怕成为家里的负担 坚持出了院[泪]】因为高烧不退，陈月静半个月前在温州一家医院住了十多天院，医生多次劝她立即接受血透或腹透治疗。但她始终没有答应，而且等身体稍有好转，就坚持出了院。姐姐说，陈月静是怕自己成了家里的负担……,0,test,weibo_social
[泪] The River II -- David Darling & Ketil Bj?rnstad,0,unlabeled,weibo_social
秦始皇派出了采蘑菇的女巫取仙丹[哈哈],1,test,weibo_social
为嘛要圈我！！！[抓狂] 高跟鞋、键盘、搓衣板，你选一个今晚跪吧~[挖鼻屎]//: //: 胖子最怕热了，胖子最怕胖了，胖子最怕露腿了，胖子最怕藏不住了。。。总之，胖子的夏天不好过。,0,train,weibo_social
[心] 温暖！ //:[泪] 买！全买！,0,unlabeled,weibo_social
这衰鸟.不合也罢。晃眼一看片头黑宋鸣谢字幕：陈正宾同志永垂不朽！[衰] //: 该跟三表童鞋合个影，认识多年，我们居然没一起照过相……,0,unlabeled,weibo_social
回复?永超:哈多谢 //?永超:[蛋糕]生日快乐！ //: 哈哈[爱你] //:哈哈[爱你],1,unlabeled,weibo_social
最喜欢喝这个了。郁闷 //:[汗][怒] 靠呀... //:TMD没少喝啊！,0,unlabeled,weibo_social
其实我并不开心[失望][泪],0,train,weibo_social
终于知道体重为啥增30斤了！[失望],0,unlabeled,weibo_social
//:哈哈哈，笑死我了！一张A4的打印纸谁不会阿！哈哈哈！还有这个批示也太瞎了吧！ //: [衰] //: 手哥证实下 //:,0,test,weibo_social
[衰][衰]//:绝对不合理,0,unlabeled,weibo_social
[哈哈][哈哈][哈哈]我做的佛手参炖鹌鹑汤变成红烧鹌鹑啦！和孩子聊天，忘了锅里煮的鹌鹑了，等闻到了焦味才知道..[抓狂][偷笑]汤没得喝了，鹌鹑肉还可以吃的[嘻嘻],0,unlabeled,weibo_social
"少在外面次饭吧,还是自己做健康,卫生海鲜还是去海边次吧[酷] //@?烈摄影WildHorse:想补锌咋就这么艰难and危险..不长点儿心眼儿就敌不过一堆缺心眼儿的 //:人心都被狗吃了 //:鲍鱼也是[怒]",0,unlabeled,weibo_social
交友不慎啊[抓狂] //:我们找时间去首都吧？[偷笑][偷笑]//:仰望万元户[bm顶]//: 通过你之前各种晒好吃的，我确定你的工资已到达6位数，请客！！！//@-装嫩薇_:我可以直接泪崩不说话吗？ //:@-装嫩薇_ 万元户，你还好吗？？,0,test,weibo_social
太牛x啦，这是我看到的最难的动作，他是外星人吗[哈哈]真要膜拜一下啊！,1,unlabeled,weibo_social
转瞬间从收红包的就长成发红包的了[泪],0,test,weibo_social
在南极还串了个门儿，滋润啊你们！[嘻嘻],1,val,weibo_social
回复:三四啊~[哈哈] //:我怎么看见这个都有冲动了[偷笑] //:转,1,unlabeled,weibo_social
技术失误：给宝宝洗完澡擦干抹油的时候，看小样晒太阳实在太好玩了，一激动忘了垫尿布，又拉又尿好热闹，小PP还得重新洗[偷笑]得亏下面垫了浴巾，要不就不只是洗大浴巾那么简单了[衰]技术帖分享,0,unlabeled,weibo_social
盆看起来也不错...[哈哈]/: 真抠，就来个青菜白水汤[左哼哼] //:妹纸这是要红绿搭配的节奏么[偷笑][偷笑],1,val,weibo_social
[泪][伤心][威武]//:[蜡烛]生者健雅，逝者天安!,0,unlabeled,weibo_social
这个节奏[衰],0,unlabeled,weibo_social
七年后再游日照 早起，想去海边看日出?，看看呼呼大睡的某人和这个雾气朦朦的天气，只好作罢[?][伤心] 推开窗，咸咸的海风吹来阵阵的腥味，日照人多海脏沙粗[汗]除了凉爽湿润的空气让人舒服[甩甩手] 我也继续呼觉觉[睡觉] 我在这里:,0,val,weibo_social
回复:讨厌的顶级厨师广告！你会送我酱油哇啦？？[挖鼻屎] //:哈哈，互动好有爱 //:回复@???:确实这样呀！！真是替你捉急亚 敢吃半生不熟的蛋[哈哈]好了回你消息顶级厨师快结束了[抓狂] //@???:回复:。。。我就知道你会说这个。。。,0,unlabeled,weibo_social
今晚包饺子吃。说到包饺子就想起小时候额家每逢周日下午4点，爹娘哥姐齐动手包饺子的景象。听着广播“小喇叭开始广播了”的额，手里也学着爹娘哥姐样包着饺子。至今虽不会做饭，但会擀皮包饺子[嘻嘻] ...如额曾经年龄的儿子，今也乐于参与。与旧时不同的是人少吧，也没了“小喇叭开始广播了”。[失望],0,unlabeled,weibo_social
[哈哈]//: [偷笑] 是不是这样？,1,unlabeled,weibo_social
刚从天马节回来，深知摄影人的心血啊～～[衰]找回的可能不大吧，禁忌教训[照相机][照相机][照相机]扩散[围观][围观][围观],0,unlabeled,weibo_social
[爱你] 喜欢佰草集的亲们，有没有发现旗舰店有什么变化呢？对了，就是只要购买就能参加的淘大奖奖品已经变成最爱的“竹露香氛”噢！27号参与淘宝团购，得到你想要，还能拿到限量不售卖的【竹露香氛】哦[发芽] [来],1,val,weibo_social
一碗硬货，各类海鲜，尊补啊[泪][泪] 我在这里:,0,test,weibo_social
[衰]//-王琦: 这广告做的，太坑小四了[哈哈],0,unlabeled,weibo_social
转给我所有的作者看。[泪],0,unlabeled,weibo_social
想到接下来些时候可能会穿到的比基尼……这些我都吃不下了……怎么办啊？[泪],0,train,weibo_social
到机场折腾了一圈，又回来了，晚上7点多再走。哎~~[微风][微风][微风][做鬼脸][悲伤][呵呵][可爱][落叶],0,unlabeled,weibo_social
哈哈 太有爱的一群善人，可爱之极 ，留下这件娶媳妇儿的聘礼吧 //:强烈反对小建同学公益成控，卖掉大瓶子。请曹总体谅，其他同学都高抬贵手，给小建留下这个瓶子。我未见过小建，公道说话而已。// ：[泪] 我妈留给我娶媳妇儿用的大瓶子// ：曹总出价16000￥ // :俺出,0,unlabeled,weibo_social
本人就十一月滴[怒][怒] //:晕倒,0,unlabeled,weibo_social
木开张，?，失败了[失望],0,unlabeled,weibo_social
【来自甘肃的喜讯】‘主任，我老婆生了一个7斤6两的儿子，太谢谢您啦。’激动之后回想，她是一位弱不禁风的女孩子，第一胎因为发烧，孕六个月孩子夭折，再不怀孕。经过调理，她怀孕了，保胎至孕七个月，回到了老家。他们的信任让我感动。电话的那一端充满了喜悦。[哈哈][爱你],1,test,weibo_social
[晕][晕][晕]盐多少钱一份？都被收费的麻辣烫麻酱带坏了[哼],0,unlabeled,weibo_social
回复 :英雄呗![嘻嘻] //:天啊，怎么炸成这样，可怜啊！ //:靠，我是你师哥!暴宠…[怒骂][怒] // :哎哟我去..暴宠你很抢镜啊 后面那包子炸的有点过火了 // :快炸傻了[哈哈][奥特曼][奥特曼][奥特曼],0,test,weibo_social
食品安全真是令人触目惊心，以前很喜欢吃的鳕鱼，现在都不敢吃了[泪],0,train,weibo_social
我今天终于变身为超人了[奥特曼]――早晨[钟]5点半起床，7点上早新闻[话筒]，8点到9点执机[话筒]，顺便编辑两个整点的新闻资讯[电脑]，10点新闻[话筒]，11点新闻[话筒]。接着编辑下午的节目[电脑]。4点接嘉宾[大巴]，5点到6点继续上节目[话筒]。马上又要去接嘉宾[大巴]，7点半又一个小时啊[话筒]~[衰],0,unlabeled,weibo_social
//:如果你觉得自己还流着一身中国血，就请帮同胞喊一帮声！ //:帮你再喊！ //: //@-XINGXING-://: [怒] //:！ //:再帮你喊！//:帮你申冤！,0,unlabeled,weibo_social
动感十足，笑喷了[抓狂] @?有朋： 一年又快?了，??快?！！ 下载：,0,unlabeled,weibo_social
早起是自杀式行为。[抓狂][抓狂][抓狂][抓狂],0,unlabeled,weibo_social
谢谢我亲爱的邻居！[偷笑][偷笑][偷笑] //:瑶瑶[威武]//: 好成绩连连到啊！[鼓掌][鼓掌][鼓掌],1,test,weibo_social
畅游日本名古屋名古屋中华料理[鼓掌],1,train,weibo_social
不这么搞，估计又有人抱怨不公平专制独裁的。但我支持利索的~ [呵呵]//:[泪],0,val,weibo_social
一车乘客获救，但司机，却永远地走了~[泪] //:正能量请传递。,0,train,weibo_social
回复:我看行[嘻嘻] //:老朱去应聘个餐饮总监靠谱不[偷笑] //:支持 //:聚集在理想主义旗帜下！酒店业的朋友们看过来！转发也是支持！ //:,1,val,weibo_social
回复:太特么黑暗了！现在剩的这仨哪个是唱歌的料啊！梁博还能听，剩下那俩推次点儿了吧 //:我也是[泪],0,unlabeled,weibo_social
感冒，咳嗽，嗓子哑。。。[泪][泪][泪],0,test,weibo_social
"20%和中奖一样的,血汗钱啊[泪]//:对呀！我老公一人挣钱养活一家三口，平均下来就没多少了！",0,unlabeled,weibo_social
没吃到至乐汇的饺子，只吃到木马的一片面包片，这就是迟到的代价。[泪],0,val,weibo_social
你家已经引发世界关注了。。。转！ //:免费广告转一个！ //: 靠，这不是我家么，傻犬客栈是也啊！难道我们客栈要红了，网址一个啊，www.1997inn.com[泪]，,0,train,weibo_social
介个季节，三亚的阳光非常理想[亲亲]，暖暖的阳光伴随着海风的轻抚，心暖花开。。。,1,unlabeled,weibo_social
哈哈，你还记得啊，感动[泪],0,unlabeled,weibo_social
我又偷拍了，不乖[偷笑]但是我?拿?光晃文物！我太喜??女孩?了，?得跟我多像啊！[哈哈]不?，我?是最喜?宋了！唐有?野，明?於媚，清太繁?，宋?雅得恰到好?！徽宗如果在世，我一定??上他的吧，管他?不?治?啊，人家?踢足球！,1,unlabeled,weibo_social
[失望]乐姐，女人对自己要求过高到失实的地步，往往会对别的同性造成深深深深滴桑害滴 //: 姐你会有游泳圈？怎么可能？天大的笑话呀！[汗][吃惊][挖鼻屎][嘻嘻],1,unlabeled,weibo_social
980！！！勾引俺……[泪]木油时间……//: 成都到加德满都往返九百八。 走一个？,0,val,weibo_social
火大！[怒][怒][怒][怒]！,0,val,weibo_social
童玩 幽默 淘气 恶作剧 生活必备//:[泪][泪][泪]好吓人,0,test,weibo_social
//-啊枫://:拼命转 //:战友们微博转起电话打起支持勇敢的博主，挽救命悬一线的狗狗[抓狂],0,unlabeled,weibo_social
开车回家，路过一餐馆，突然冒出念头想去吃点东西，却发现错过了辅路的出口，即使靠得了路边也不能停车，这诺大一个钢筋水泥的丛林当真是不适合人居啊[失望],0,unlabeled,weibo_social
回家晚，在公司对面金鼎轩打包了个牛杂米线，现在满地铁都是麻辣味，汗。更悲催的是，我居然忘记说别放香菜了。[衰],0,unlabeled,weibo_social
靠，没见过这么拆台的，你个不厚道的家伙。[怒] //:超龄//:胡总给介绍个公司？[偷笑] //:进军娱乐圈?,0,test,weibo_social
//:[悲伤]武汉会不会有猪流感呢[吃惊],0,unlabeled,weibo_social
感谢Tomorrow杂志对我们大力支持！[哈哈],1,unlabeled,weibo_social
走哪迷到哪，亲切温暖小太爷[爱你],1,unlabeled,weibo_social
次奥！！！为什么电脑里存的6000多字一下子消失了，变成 只有一千两百字？？？老纸昨天写了一天的啊！！而且明明保存了！！！这是为什么！！[抓狂][抓狂][抓狂],0,test,weibo_social
觅食记 前些天在一家餐馆喝到的八宝茶，配料很丰富，而且倒茶的方式很特别，那种有一个细长细长壶嘴的铜壶，上茶时像表演一样，很好玩儿 [抱抱] 茶蛮好喝的，我研究了下配料，有枸杞、红枣、陈皮、菊花、冰糖、还有一种茶叶？貌似不够八宝啊，改天自己煮个真正的八宝来试试[偷笑],1,unlabeled,weibo_social
最新消息：最快4月，每天大陆游客个人游人数上限将由3000人增至4000人[威武]拟新增15个个人游城市，哈尔滨、大连、贵阳、烟台、无锡、常州、南昌、徐州、佛山等。目前大陆客入境台湾最多只能停留15天，将考虑放宽到一个月[鼓掌]夜市，我来了>>>,1,val,weibo_social
//: 我就是没有理想的人！[酷]好自在！[偷笑] //:回复:[太开心] //: //: 回复:[咖啡] //:回复:[茶] //:[给力] //: [握手][赞][玫瑰]早上好！ //: //:回复:[咖啡],1,unlabeled,weibo_social
去年房东出国，说房子要卖，挂100万。就那破房子！觉得他好异想天开啊！今年回来说幸好没卖，不然卖赔了。[哼]接着通知房租每月涨壹佰。[泪]我悲愤的想，如果政府明文规定，房租每平米只能是20元。会不会租房市场和卖房价什么的就都正常了？？,0,val,weibo_social
[good][鼓掌][鼓掌][鼓掌]太美了！ //:绝对的大福利哇！！大家准备好了吗？//: 8月1日，乐蜂网五周年生日party正式开场！这次准备的大礼可真是[鼓掌][鼓掌][鼓掌]，等你来哦?,1,test,weibo_social
[泪][泪][泪]//:,0,test,weibo_social
人生第一条对联，自己写的上下联。写对联绝对是苦力活啊，磨墨，割纸，这不好又全部重写。自从走上了码农这条不归路后，写字越来越少，字越来越丑，[泪]草稿一个，?最后一次乱改名 表鄙视我，我也觉得挂上去会被喷。,0,unlabeled,weibo_social
太不仗义了！ //:[抓狂],0,test,weibo_social
早上从沙田赶赴中环上班，下午从中环到沙田开会，晚上从沙田回中环跟同事Happy hour，再从中环回沙田睡觉[晕],0,unlabeled,weibo_social
为了去天目湖，那么早就出门了，那个困那，等会车上补觉去……[抓狂][睡觉],0,unlabeled,weibo_social
春天花会开[爱你],1,unlabeled,weibo_social
回复:还有一大堆事没做[泪]在老妈催促下毅然下班。要么把事情放到末日后再处理[偷笑] //:辛苦的,0,unlabeled,weibo_social
//??所?://: //:会做饭的男人最帅了！小哇好棒！ //:美厨男哇[抓狂] //: //: //: 我家出得了厅堂、入得了厨房、耍得了酷、卖得了萌、做得了精神领袖、正得了良民三观的男人啊！！！,0,unlabeled,weibo_social
我??的笑……[哈哈]//--an:自己研究搞定了。以后不问这种白痴问题了[奥特曼],1,unlabeled,weibo_social
10年之中好像去过一次//: 没去过[衰],0,unlabeled,weibo_social
汨汨[泪] //:????,0,unlabeled,weibo_social
[怒][怒][怒][怒] //:[怒] //:[怒] //:[怒][泪][泪][怒],0,unlabeled,weibo_social
送你妹跟娶你妹差不多[哈哈][哈哈],1,unlabeled,weibo_social
[哈哈][哈哈][哈哈][哈哈][衰][衰][衰][?][?][?],0,val,weibo_social
你欺负它干嘛[怒]！！！可恶的人啊！你知道你比它大多少吗[怒]真心会遭报应的[怒]！！！ //:太缺德叻！橄榄油上吧！,0,unlabeled,weibo_social
呵呵，山西的有啊，待会来一个//: [泪][泪]80后都是老男孩了，70后默默飘过。 话说好像没看到山西有什么的特色客栈介绍呢。,0,train,weibo_social
7.5级~[晕],0,val,weibo_social
刚过青甘省界就看到这么一块牌子，甘肃人民欢乐多[晕][晕][晕] 我在:,0,unlabeled,weibo_social
咱家地图数据还成[嘻嘻] //:// :…………// ：默默转// ：默默转 // :神州大地处处收费站啊。就这么高的收费，高速公路还缺钱，钱都给内部人士转移了。,1,unlabeled,weibo_social
小清新的火龙果盆栽~！好美啊！[爱你],1,test,weibo_social
话说2012，很多人上船了。国庆红白喜事都有，已经是今年参加的第三场葬礼了[衰] 丧葬一条龙呢，也提供巧克力的。估计也有真假的说？[衰],0,test,weibo_social
家里已经有一个从济州岛泰迪熊博物馆请回来的小熊啦，希望能给大宝儿再赢一个[爱你],1,unlabeled,weibo_social
回复-光影漫步:我们不能让金钱腐蚀了我们纯洁的心…要视一切金钱如粪土，是有机肥。 //-光影漫步:把地址磨掉也就算了，为啥还把钱数磨掉。。。[泪],0,val,weibo_social
[抓狂]//: 还有什么比晒老婆厨艺更拉仇恨[哈哈],0,unlabeled,weibo_social
大家怎么看？有单身节来看单口相声的吗？要是有我们就说～哈哈哈！做个调查！//-曲艺社:单身班主＂单身节＂说单口[偷笑]这个可以有!各位好朋友们，大家愿意一起乐呵不孤单吗?[嘻嘻]民意调查一下呗[哈哈],1,test,weibo_social
马尔代夫之旅 Morning！昨晚上被各种壁虎虫子吓着了，beach villa真心住不惯。早晨一大早又被各种虫叫鸟叫声吵醒，晕?准备换房到water villa，找管家沟通后结果满房，只有加钱到ocean villa了。又可以浮潜啦?btw，我黑了！[衰][晕][泪][泪][泪][泪] 我在:,0,unlabeled,weibo_social
这事太欢乐了 //: [偷笑] //:[泪]// -真身 :好吧，我的错//: 糊你熊脸，博主是妹子啊！//-真身: 不看片什么杀毒软件都不用，戒了吧孩子//: 手动杀毒最好，你试着杀过几次后，就基本不会中毒了，以后可以裸奔，可以横着,0,unlabeled,weibo_social
已经开始跪求攻城师帮偶写爬虫工具了，技术改变生活呀[泪][泪][泪],0,unlabeled,weibo_social
最亏最苦的是平民百姓[抓狂],0,unlabeled,weibo_social
真是没头没脑又没完没了的拆呐！ //:从此我们的＂水上漂＂失传！[泪] -华侨大学 //:气死我了，那地方是绝好的亲水平台，对武大人来说简直可以算是文物了，现在可以怀念凭吊的地方又少了一个 //@-荡空山-: 武珞路上每年撞死人更多呢，拆了吧？,0,unlabeled,weibo_social
各位有收到?那?叫你去?加跳??的?毒短??？不知招?惹?了，最近老收到?似?息，把每一?都留存下?，罪???，再??，姐就不客?了[怒],0,train,weibo_social
十八大前减十八公斤，并以此向十八大献礼。[哈哈],1,unlabeled,weibo_social
//: 有些事情，看着好像不紧急，但等你发现别人开始做的时候，已经晚了 //:我厂。。。[泪],0,train,weibo_social
可可物语 猫姨我当面没卖萌给你看，现在补一个吧，麻麻说你一定最爱左图表情[爱你],1,unlabeled,weibo_social
[失望]//: [挖鼻屎],0,val,weibo_social
我们也不想，因为出差，又不想把他寄养，所以才放在朋友家，结果他趁着人家收快递，开门的时候跑出去的[泪] //-文琪:转转，这么可爱的狗狗怎么能丢了呢，主人真不负责。,0,unlabeled,weibo_social
好主意，[阴险] //:[哈哈]明白了吧,1,unlabeled,weibo_social
好不容易得闲，想打开久违的电视机，可捣鼓半个多小时都每打开，一是好久没用，忘记如何操作；二是歌华有线，设备就不能搞简单点吗？[泪],0,unlabeled,weibo_social
猫咪太可爱了！[哈哈] //:[哈哈][哈哈][哈哈][哈哈]//: [哈哈]//: 喵星人屁股大[哈哈] //:彻底被卡住了。。,1,train,weibo_social
逆袭[哈哈][哈哈][哈哈][哈哈]//-福运-富蕴:一脉相承啊[哈哈][哈哈][哈哈][哈哈],1,unlabeled,weibo_social
回复:不知道，我都还没进帝都，在边上河北境内，你肿么了？在这几里地呆的时间比跑长途还久[晕][晕][晕] //:妹妹陪着你一起苦逼呢 你那还在暴雨么 //:收到，谢谢提供市内的情况，不知道什么时候能回家[泪][泪][泪] //:积水清理中，暂时限流。,0,unlabeled,weibo_social
回覆:你再给葛师朗读吴念真的《这些人，那些事》，就更意味深长了。今天2月29日，四年一遇，这梦不妨今圆。[酷] //:而且，让 给您捏脚，一刻不许停；让刘小葱给您沏茶（不能偷喝），一边帮您打着伞，挡雪；喝到高兴时，讲课讲到累时，再让他们集体给您来一段桑巴舞。[嘻嘻],1,unlabeled,weibo_social
越来越简陋的动车！靠背居然又换成了灰黑色的大壳子，迟早变成绿皮车！[怒] 我在:,0,unlabeled,weibo_social
还是很美 //:红颜自古如名将，不许人间见白头。//:最是人间留不住，朱颜辞镜花辞树。[泪],0,unlabeled,weibo_social
[泪][衰][衰],0,train,weibo_social
唉，归真堂是丑婆娘选美，媒体受邀则是脱裤子放气。 //:[怒],0,unlabeled,weibo_social
[泪][泪][泪]为他们默哀！[蜡烛][蜡烛][蜡烛]我们亲历了这场雷暴雨，今回魔都，平安多好！,0,val,weibo_social
求安乐死[泪],0,test,weibo_social
崇哥喝起来[哈哈]//: //: 感谢霈雯从大老远的地方带来那老大的呢前腿！老香了。哥几个喝起来！,1,unlabeled,weibo_social
[吃惊][抓狂] //: [偷笑],0,val,weibo_social
只有一栋么？[阴险]//: [泪]泥马我这一生中错过了一栋大楼啊,0,unlabeled,weibo_social
【好干部标准】天涯微博 吃一辈子没买过单；喝一辈子没伤过肝；嫖一辈子没翻过船；赌一辈子没输过钱；骗一辈子没被拆穿； 恶一辈子没人喊冤；贪一辈子没人举报； 闲一辈子照样升官。[抓狂]-cri@--细k,0,train,weibo_social
回国记得请我吃饭！ //:[泪][泪] 回国见！,0,test,weibo_social
谁总结的，很形象啊！[嘻嘻],1,test,weibo_social
报社新闻奖评选讨论会ing…已经开了四个小时了！那个困，那个累…[泪],0,unlabeled,weibo_social
闺蜜聚会，问我家wifi密码，一个人设置后就是上不了网，于是我们说你的iphone是不是买了水货阿？她郁闷着用她的蜂窝，第二天，她问我儿子wifi密码，再试试，不行就找商家去，结果马上就连上了。原来我把密码最后4个8少说了两]闺蜜[抓狂]，我们笑到肚子疼[太开心],0,val,weibo_social
[嘻嘻]//: 好喜欢徐峥的声音，配的也好像，哈哈=！！,1,test,weibo_social
[顶][鼓掌][鼓掌] //-OYEEO:[给力][给力][给力][给力][给力][给力],1,unlabeled,weibo_social
谁来拯救这帮丧失良知的人，不“不能称为人是动物”[怒]//: 见到他一定报他//: 弄死！[怒]让我碰见骂死丫的！什么东西！！[怒],0,test,weibo_social
[嘻嘻] //:七个白雪公主和一个小矮人，太需要更多保护了！,1,test,weibo_social
//: //: 这是篇好文章 //://:看完这篇，想起一个词意的演变，人定胜天，在古代，人定胜天指的是“人心安定，人人都能安守自己的本分，人类体现出的凝聚力和力量能够超越自然界”，在现代“多指人类一定能够战胜自然”。可是，人类与自然本该是和谐统一的立的[泪],0,unlabeled,weibo_social
用筷子是习惯，可用这种一次的筷子的出产据我所知最多也多不过20年吧，这种筷子最初只是生产给日本人用，中国才没这种方便筷的习惯和传统。这二十年来是砍光了大小兴安岭的所有成材啊[悲伤],0,test,weibo_social
[哈哈][哈哈][哈哈][偷笑][偷笑][偷笑]最后亮了！,1,unlabeled,weibo_social
下次聚会给大家带瓶今天厂家刚寄送过来的 中国第一互联网感恩酒，请大家都品鉴品鉴～//:回复:[哈哈] //:坏人[泪] //:我怎么这表情啊！我那么帅，这不是黑我么[晕],0,unlabeled,weibo_social
【百变大咖秀精彩抢先看】[笑哈哈]这期节目疯了，我不说了，大家提前看视频吧，今晚某几个同学真是毫无节操啊，三观尽毁啊，下面请欣赏来自泰国的表演：[围观] [抓狂],0,unlabeled,weibo_social
[围观] //:谁来保卫我中华民族子民？！[怒],0,unlabeled,weibo_social
好谈不上，纪录了当年便是珍贵。 //:已经买不到的一本好书[泪]//-没时间工作: 这本书出版，至今整好十年！[哈哈],0,unlabeled,weibo_social
看过后发现，只去过1-6月去的地方，7-12月后一个都没去过，该补课的还很多啊！[抓狂],0,unlabeled,weibo_social
才发现今儿是腊八，出门在外，没喝到家里的腊八粥[失望]，用这个替代一下行不？好歹也是＂五＂色，看上去很丰富地感觉?[做鬼脸],0,unlabeled,weibo_social
今天地铁绝对三班四班的挤[衰],0,unlabeled,weibo_social
不解释[哈哈]//: 哈哈！//:,1,train,weibo_social
//: 帮帮忙吧！//:医院地址：北京市海淀区玉泉路15号 721医院（中国航天中心医院）坐地铁在玉泉路站下，出东北口，往北一公里，奶奶在住院部南楼5层，病房走廊一进去左边第2个房间6号床 北京朋友帮帮忙！！[泪],0,unlabeled,weibo_social
回复:谢谢。服务这门课，在国内真的是国内酒店业放在第一位要学习的。 //:吆～急死人了！差劲，没有服务意识！ //:回复--:我还在机场等着呢，还有二十分钟就赶不上飞机了[泪] //--:现在如何？,0,unlabeled,weibo_social
"[蜡烛][蜡烛][泪][泪] //: [蜡烛]//:人心怎能堕落到这等地步![蜡烛] “一个社会发展的程度,常常不是看这个社会是否出了雷锋式的人物,因为要在13亿中寻出一个雷锋式的人物并不难,而是要看活在社会底层、中层甚至上层的流氓、地痞、黑帮,他们的操守究竟怎样,为人是否还有人",0,test,weibo_social
[哈哈]//: 。,1,test,weibo_social
国人的素质真的就那么差吗？[抓狂],0,unlabeled,weibo_social
岂有此理！真是算命界的业界耻辱！[怒],0,unlabeled,weibo_social
我也喝到了 好像没以前好喝了[衰],0,unlabeled,weibo_social
昨天晚上称了下体重，胖了！想起今天要吃大餐，傻了！干嘛我没事称体重！[抓狂] (来自),0,unlabeled,weibo_social
回复:踢足球，摔到手腕，肿得厉害，现在赶往医院途中，骨科。希望不要有事。手臂已经骨折过一次了，唉。养男孩，这是硬伤啊。[泪][泪]//:过敏？,0,test,weibo_social
"这就是改造,这就是规划,下一个[怒]//: 全变了味儿了！全不是地道的老北京小吃！这特么叫《老外虎老外》[衰] //:过度旅游开发",0,unlabeled,weibo_social
这个我喜欢[抱抱],1,unlabeled,weibo_social
"随手拍美食毛豆季又到了,最爱夏天的傍晚,一罐冰啤来盘子毛豆,慢慢悠悠的享受时光,日子过得平静也好,激情四射也好,一年四季的吃食就在那儿等着你,到时候你就来吃吧,什么季节吃什么,好的一定就别错过!人生也一样啊![嘻嘻]10分钟做好夏日餐馆点击率最高的下酒小菜",1,test,weibo_social
[哈哈]//: 嘿粉内～～那桑喃动盈～～～//: 好幸福的一对~~,1,unlabeled,weibo_social
收到 和 寄来的考拉，让俺又回忆起2011我的旅行。。。顿时老泪盈眶[泪][泪]。。。 你们还记得lavender吗？! 老汉俺又要老了一岁啊! 再次老泪。。。,0,unlabeled,weibo_social
[晕]//:我去！！王祖蓝你怎么跑到迪拜当服务生了！？,0,unlabeled,weibo_social
我也要去泰国！！小编自己也要去玩[抓狂][抓狂]，抽中了我，能放一个带薪假期吗？ [可怜],0,unlabeled,weibo_social
地安门外大街的老锅老灶火锅，烟袋斜街对面。转发为马克，我记得住的吃饭地方太少了[泪],0,val,weibo_social
2013，爱你一生。祝大家新一年快快乐乐！[爱你],1,test,weibo_social
欢迎欢迎！订餐电话6260 8887，希望您能成为幸运的粉丝~[嘻嘻] //-月如眉: ，正好十月份是弟弟的生日，准备去大吃一餐的！呵呵！！,1,val,weibo_social
孔子周游列国其实就是 johnny walker 呗[哈哈],1,unlabeled,weibo_social
皇天不负有心人，几经波折后，终于…………吃上饭了[泪],0,unlabeled,weibo_social
好教程。一定要记得邀请码哦：1589――要我发就填1589[嘻嘻]//: 真有创意，悲催的地方我就不说了[偷笑],1,test,weibo_social
进击的巨人今天刷完了?什么时候出新番啦???[泪]我焦急地等???我焦急地等???,0,unlabeled,weibo_social
喜欢第一个[鼓掌]//:很喜欢！[花心],1,unlabeled,weibo_social
又要问那个著名的问题，到底为党还是为人民服务？ //:彻底没有底线了 //: [泪][怒] //:一个车祸背后？ //-汽车与你:深圳，从此将被钉在耻辱柱上 //:真如此吗？深圳，你真是个特区，牛逼透了！,0,test,weibo_social
敢吃逗你玩――这坨饭团神一样的存在着，你敢吃么[衰],0,unlabeled,weibo_social
我爱满堂彩 还珠格格小燕子 和容嬷嬷 居然是闺蜜[吃惊] 她们居然齐双双穿越到《我爱满堂彩》的舞台[吃惊] 这容嬷嬷真是man到我了，丑到我了[偷笑] [嘻嘻] 不要再黑我琼瑶经典行不行[抓狂]皇阿玛快下旨将这容嬷嬷拿下[围观] 化妆小品《路边轶事》,0,unlabeled,weibo_social
我刚更新了微盘iOS客户端2.3.7版，微博用户现在可以一键登录微盘，切换账号更方便，微博控们速速来升级吧！[鼓掌] 更新地址：,1,val,weibo_social
-传奇 [怒][怒][怒][怒]你们是在拿我们的职业和人格开玩笑，为了你们自己的利益，来伤害我们厨师，你们好意思吗，你们的活动太不靠谱了，以后我拒绝参加。。。,0,unlabeled,weibo_social
这交通别遛人就算积德，特别是支乎我去西单苹果店[抓狂][抓狂] //:前两天刚刚投诉完,0,val,weibo_social
这是神马小生物？火星独有吗？好萌~~！[哈哈],1,unlabeled,weibo_social
这么个排兵布阵，今年曼城又没戏了。。。真替这帮队员可惜啊。。。//: 今天曼齐尼确实有问题！曼城这种攻强守弱的球队，面队阿贾克斯这样的对手必须要控球打对攻！甚至应该在客场以我为主！今天失败就失败在后防线！萨巴来塔和卡巴不先发没有道理！[怒],0,unlabeled,weibo_social
用心所写记忆里关于爱的味道，用心经营自己的生活，暖暖的话语，暖暖的食物，暖暖的慢慢回忆，适合安静的独自享用[心] 的新书《记忆的味道》，带我走入她的回忆里，这样一本书也打动了我内心深处自己的念想。谢谢gogo给我带来的暖暖的感动。。亲爱的书写的真的很棒哦！！[爱你],1,train,weibo_social
哎，震撼呀！[抓狂] //：//:无,0,test,weibo_social
那的牛奶，喝一次肚子不舒服一次。喝星巴克的就没事[晕]//:2号楼同学表示凹凸的厉害了，下周求1号楼白富美套餐走一个[花心] //:请看最后一行。。。非常贴心的推出了?丝鲜牛奶。。。,0,unlabeled,weibo_social
我第二职业是卖布的[嘻嘻] //:真的假的，改天要试试,1,unlabeled,weibo_social
有点看不懂。。。左边你看懂了么 //:贵圈微乱 //:这！个！是！什！么！！ //: 回复: [泪]婷婷对不起，我@ 错对象了 //:智商啊!这关人家 什么事儿？那是朕在联想都不敢想的妹子啊，你要,0,test,weibo_social
单曲循环直到你回来[泪],0,unlabeled,weibo_social
香港下了一个星期的雨，还要下多久啊啊啊[抓狂],0,val,weibo_social
您想表达什么？告诉大家一历史事件？[泪],0,test,weibo_social
这才是真正的扯蛋???[偷笑]//: [巨汗][弱]//: 那你说介个有木有人性哇[挖鼻屎] //-悟: 真能扯，转走！[衰],0,test,weibo_social
哈哈，我早就发现了！//:唉！原来狮子女在这方面也可以排第一啊[抓狂] // :哈哈，好多狮子妞和双鱼妞呢！！自己来看 // : 你是“傻妞”么？,0,val,weibo_social
今天一天是有多忙 除了见客户就是见客户 出发~柳芳[抓狂],0,unlabeled,weibo_social
左边是瑶姐儿，右边是小白……这搭配，无敌了好么？！[哈哈][哈哈][哈哈][哈哈]这外号取得都那么喜感……,1,unlabeled,weibo_social
//: //:真的？ //:[怒],0,unlabeled,weibo_social
化了妆你还能看出来啊？！[吃惊] //: 嘿？！ 你背着我接戏[抓狂],0,train,weibo_social
Jason我邀请码一直木有收到[泪] //：加油，司南！好名字！,0,unlabeled,weibo_social
在巴黎听到这个好消息太激动了!凯旋门 //:今天下午，国家话剧院演员刘丹，获得第19届北京大学生电影节网络电影单元最佳女演员奖！[鼓掌][鼓掌][鼓掌],1,train,weibo_social
锅再不说去秦淮河喝花酒了[衰] //:帝都的故事总是让人背心发凉，30年过去还是一帮人渣在嘲笑别人短裙漏底[怒],0,unlabeled,weibo_social
特别喜欢她[呵呵]声音巨柔美[可爱],1,unlabeled,weibo_social
艾玛，工科男都太油菜花了。会考过后一直没看过物理，不由让我想起了恩湿啊。如果上学那会儿有如此趣味的题，吾必好好学习之[抓狂] -刘思达 -曾锋 //:[围观][哈哈]//:笑屎了！太黄啦！ //:少儿不宜。。。,0,unlabeled,weibo_social
"回覆:还是写写二王吧 //:要想做到：""楷书，融冶魏晋，用笔朴茂恣肆，趣韵高古，别出新意。""郭强给推荐几个好帖。 //:[鼓掌] //: //: 关注，转发！！！",1,unlabeled,weibo_social
拉到脱水了…[泪][泪][泪][泪][泪][泪][泪] 谁能在身边？,0,val,weibo_social
[怒骂]//: 同骂！他们也知道利用规则啊[鄙视]//: SB!BC!!!!伦敦奥运会，求求你，别让我们这么恶心了行么！！[吐][吐][怒骂][怒骂][怒骂][怒骂][怒骂][怒骂][吐]还要爆出多少料啊！[怒骂][怒骂]怎么还不取消你举办资格啊,0,val,weibo_social
回复:对呀你真聪明![哈哈] //:你是为了画工口漫画么？,1,test,weibo_social
心痛[伤心] //:世界需要他的照片。,0,test,weibo_social
五十元我们来过。拉萨啤酒太苦了。[嘻嘻],1,val,weibo_social
啊？好得受不了？//:最近好书太多受不了啊[泪] //:[泪][泪][泪]//??店:报告韩老师 ：出版社答复我由于您的高标准要求，坚持手工做书，所以现在每周才能生产500本，所以我一千本的订单要排队到圣诞节,0,unlabeled,weibo_social
:阿玛尼酒店非常好，但让我有点失望是早餐没有现煎蛋，不过提供这种形状的煎蛋，可惜不是糖心的 [泪],0,unlabeled,weibo_social
什么时候才能来一场大雨，给大家都降降温啊！！！[泪],0,test,weibo_social
"来段绕口令~[嘻嘻]“放弃该放弃的是无奈,放弃不该放弃的是无能,不放弃该放弃的是无知,不放弃不该放弃的却是执著。”",1,unlabeled,weibo_social
没辙、没辙的，文明被无情的践踏 //:他们不懂 //: 应该是，这种砖叫沟槽砖 //@???主: //: 文保单位成天都在做什么？[怒][哼],0,test,weibo_social
马来这边天气好热，语言马来语一点都不通[晕],0,unlabeled,weibo_social
你妹！为毛毛给我起这么个名字！！！[怒],0,test,weibo_social
度小游看世界 太可恶了，这些人一点都不尊重人家糯米糍的感受！！对于这样的行为我只想说四个字：放着我来！[抓狂][抓狂] P.S这组照片拍摄于1978年，美国阿拉斯加,0,unlabeled,weibo_social
这位老人走了 我们团队代表李锦记来吊唁 葬礼 简朴的让我们惊诧 富可敌国的一个村庄的领袖 就这么离开了 老爷子 一路走好 您给我的感觉 一生 自觉觉他 自度度人 阿弥陀佛 老人 往生极乐净土！造福桑梓的老人！[泪][泪][泪][蜡烛][蜡烛][蜡烛][蜡烛][蜡烛][蜡烛],0,unlabeled,weibo_social
哥，是否还记得？[哈哈][哈哈][哈哈]升级了吧！//-寺:哈哈 这是..难道这是.. 排龙[晕] 你说呢？,0,unlabeled,weibo_social
?山王榴?摩?蛋糕。味道好但??蛋糕真不是我的??。[泪][泪],0,train,weibo_social
长了虫子的旧杂志只能处理掉了[衰] ，都是十几年前的读者、青年文摘、21st century……原本还想着留给我将来的小孩看……有什么办法可以让书柜里的书刊保存得好一点呢？,0,unlabeled,weibo_social
//：新浪，屏蔽你娘的连接！操！//：//：//：影响公务就该死吗？2岁的孩子啊！这说的不是人话！ //:[怒] //：操T娘的蛋，狗屎大运！ //：没有人性！： //：原来想求证的。没想到链接被屏,0,unlabeled,weibo_social
爆笑//:把自己当颗葱，谁拿你蘸酱啊 //://-Edwin:[衰]//:[衰],0,test,weibo_social
用 摇摇招车，小伙伴们再也不用担心打车没带现金了，师傅们也不用为找零钱而发愁了！[鼓掌],1,unlabeled,weibo_social
Loli厨房出品今日早餐，肉汤素面。作为厨娘，一物多用是基础技能，柴米油盐贵，持家不易阿[抓狂] 好眼力的看官能发现，这红汤底是昨日炖狮子头的肉汤[馋嘴]因为是放了冰糖的，所以今天配了微甜的南瓜片，味道相宜色泽又亮丽。再加上鸡毛菜，鸡蛋，稍许雪菜笋丝的点缀。早上一碗，暖胃暖身出门不怕冷,0,unlabeled,weibo_social
有难度啊//:我要cos 成 L…[嘻嘻]// : ?儿 -歌手,1,unlabeled,weibo_social
一叠钞票才换了两张欧元，落差好大啊[抓狂]。后天飞法国，有没有推荐的shopping哇。,0,test,weibo_social
祝愿老爷爷一路走好[泪][泪]感谢您为中国影视片做出的巨大贡献[围观][围观][围观][蜡烛][蜡烛][蜡烛][蜡烛][蛋糕][蛋糕][蛋糕][蛋糕],0,unlabeled,weibo_social
经常性的跟同事们宣扬我公司不加班，然后我自己在办公室悄悄加班；一边学习政府工作文件加强维稳，一边看微博围观救中国；一边跟别人说工作要用脑，一边自己复制粘贴投标文档；我竟然没精神分裂，这绝对是个奇迹！[晕],0,test,weibo_social
你这技术严重不过关啊！就这照片还是我各种裁各种修给捣腾出来的。[晕],0,train,weibo_social
朋友送的定制版信息守护神，据说有很强大的加密存储保护功能，不用怕任何存储介质丢失，也不怕电脑送修[哈哈][鼓掌],1,train,weibo_social
"尾气加污浊的空气,交警不容易啊!!![抓狂]",0,unlabeled,weibo_social
回复:哈哈必须有感！尤其是你说你不爱考水，还是没找对地儿阿。据反馈他家的肠儿也好吃！8过现在最大的感是：我好谗！我好谗！我好谗[抓狂][抓狂] //:必须是啊哈哈哈，你有成就感么[嘻嘻][嘻嘻] //:是大M边上，我推荐的那家吗？,0,unlabeled,weibo_social
cute~圣诞节去HK要买下它~~ //:呢?重有?炸雪糕味呢! 哈哈~[嘻嘻] ??:,1,train,weibo_social
呵呵，九江话＂害死人了＂在这不会让人有误会吧！[哈哈] //:好久没吃了 大中午的，害死人了～～～ //: //:,1,test,weibo_social
想纤体的我，却在美食面前投降了，晚上开斋了。不说了，回家反省去！[汗][泪]还有啊，怎么拍的那么傻呢！！！讨厌！[哼],0,test,weibo_social
现在每天跑步再也不能说是为了减肥，而要说是锻炼身体，因为这体重无论如何也减不下来了。[衰],0,train,weibo_social
//:绝对可以起诉市政//: shit[怒] //:防不胜防//:爱走路的注意了！远离望京电线杆//: 感谢帮转，互粉一下吧 //:报警 //: 剩下没断的怎么处理呢?,0,unlabeled,weibo_social
我擦!乐死我了[哈哈][哈哈][哈哈],1,train,weibo_social
啊哈哈哈，到家有扇贝吃！上锅啦！[太开心],1,unlabeled,weibo_social
今晚十一时更新，量蛮足。[鼓掌],1,train,weibo_social
这么好的清官都被抓了[酷] //：多好的市长，在美国白瞎了//:好多!// :美国真穷[失望] // :美国史上最大贪污案之一。// -怡 ：//,0,unlabeled,weibo_social
瞧…路灯都亮喇。算夜了吧…等sh咯[泪],0,train,weibo_social
你也可以带上你上戈壁时用的户外杯，个大还不必再花钱，也很有腔调的说[偷笑] //: 自己带杯子省2元吗?那像我这样追求外表和形式的(俗称装B)，必须先得花一百多块钱买个星巴克的保温杯啊。//:我就是经常要中杯加甜点的那个，从没赶上免费啊[泪],0,unlabeled,weibo_social
//://://: 国外敌对势力又想做什么[怒] //:坚决不外流 //:[泪][泪] //:我们会自己把它吃完。[哈哈],0,test,weibo_social
还是会因为一句话就觉得。。。应该。。。不是那个人。。。[泪],0,test,weibo_social
我觉得我愈发的珠圆玉润了~[泪],0,val,weibo_social
求助上海！ //: //:[抓狂] //: 虹口区飞虹路公平路，求救！！//: 【上海 - 虹口区 求助】,0,unlabeled,weibo_social
感动[可怜][委屈][泪]?,0,unlabeled,weibo_social
我！要！睡！觉！[悲伤] 我在这里:,0,test,weibo_social
靠，为三叔泪奔[泪],0,train,weibo_social
好还谈不上，总之尽力、开心吧//?假期V: 好?要更好 //:回复?假期V:谢你关注啊 //:回复:尽量说有用的话，做有意义的事。 //:[嘻嘻]做好当下，说归说，方向是对的,1,unlabeled,weibo_social
吃货们的春天[鼓掌][馋嘴],1,unlabeled,weibo_social
下嘴唇被亲肿了！我这个恨呐！该死的臭蚊子！好不容易早睡一回！呀呀个呸！[抓狂][鄙视][怒][伤心],0,unlabeled,weibo_social
高级定制 vca定制系列...哇卡卡...今天又回来了一批...[哈哈][哈哈]18k黄金黑玛瑙单花项链 + 18k黄金黑玛瑙5花手链/18k黄金白贝母5花手链/18k白金白贝母5花手链...[做鬼脸]有现货哦...[嘘][哈哈]喜欢的要赶紧了哦[抓狂][抓狂][抓狂]没有了不要怪我没告诉你们哦...[酷][话筒][话筒][话筒],0,test,weibo_social
巨烦躁！及其烦躁！这个丧气的周末！[抓狂] //:此时，极其烦躁！无比烦躁！难以形容的烦躁！！！？好想到海边痛快的大喊一场啊~,0,val,weibo_social
他们根本就不爱动物[怒]//:北京动物园的工作人员都是人吗？！想出这样的挣钱方法就！不要脸！,0,unlabeled,weibo_social
[衰][衰][衰]傻X了，没有修甲，没涂底油外加手欠，有两个颜色花了，有一个指甲破了,0,train,weibo_social
高价求最美女机长那期杂志[泪]//:当然有了，当年中国最美女机长就是我们杂志拍的封面，这不是我们网络忽悠本领差嘛，学习阶段//: 回复:我说 有点开拓精神好不[右哼哼]可以先晒了让他们跟风嘛[哼]或者…机长有妹妹么[思考]起码有表妹吧[偷笑],0,unlabeled,weibo_social
论与三胖谈恋爱之风险//: 这种国家太可怕了[衰],0,test,weibo_social
[哈哈][哈哈][哈哈][哈哈][哈哈] //: 今年广院必火！//@??清: [哈哈][哈哈][哈哈],1,test,weibo_social
烫头发太失败了，被整成花仙子小蓓的头型了，就差别2根三叶草了。[泪],0,test,weibo_social
减肥之日遥遥无期[泪][馋嘴],0,unlabeled,weibo_social
我就fuck这个痛风，这不能吃那不能吃，变个天他还跑出来折磨你[抓狂][抓狂],0,test,weibo_social
还真是惊涛拍案，卷起千堆雪，诗人看了要哭了[泪],0,test,weibo_social
牛！第一回碰上应聘的人跟我吵架！这个我能忍吗？能要他吗？哼哼！[怒] 我把门把手都摔掉了。。[汗],0,unlabeled,weibo_social
杯具继续上演[衰],0,unlabeled,weibo_social
还在自阅室……要是考不过我会哭！明天加油！[泪],0,unlabeled,weibo_social
走咯走咯，[泪][泪][泪],0,unlabeled,weibo_social
神器 [哈哈][哈哈][哈哈][哈哈],1,test,weibo_social
//: 曹书记和市长都不管不问吗？半个城没水不算大事吗？那他们天天都在管些什么？！[怒]//:这才是徐州基本民生问题啊！希望市领导能体察民情。,0,unlabeled,weibo_social
各位FW女同事要小心些[衰][怒],0,val,weibo_social
家里的小居头，工作日早上七点起，双休日早上六点半起[泪][泪][泪],0,unlabeled,weibo_social
有请“2013韩国小姐”中国赛区的9位候选人出场[哈哈]//: 我了个去！表情都是一样的。我要置办新衣服鸟?,1,val,weibo_social
我是歌手邓超是来强饭碗的吗？哪里是帮帮唱啊[晕],0,val,weibo_social
我要是再年轻点！！一定去韩国建国大学学艺术！[泪][泪]回不去的时间啊！！,0,test,weibo_social
[怒]我真是贱，还非得来。点三个菜准得有一个没有。干炒牛河都缺货，还开什么港餐厅。 我在这里:,0,unlabeled,weibo_social
"台湾很多朋友都有微信与微博呵，我的FB不知为何用iPad,iphone都无法登陆[泪]",0,unlabeled,weibo_social
都是好作品//:看到最后，眼泪默默地滑了下来。。。。[悲伤],0,train,weibo_social
这个太帅了~~//：[晕],0,unlabeled,weibo_social
//??: ?好留了?告不然怎??呢[抓狂],0,test,weibo_social
看看看看我家可怜的墙啊，第一张照片貌似墙面最新装饰一样。往后看吧！我这个头疼啊！！！ 茶壶和酒杯是被客人咋弄到墙里去的我表示很费解！一起吃饭的好朋友能打起来我也表示很费解！[抓狂][抓狂][抓狂],0,test,weibo_social
本周六下午&周日全天空闲，全面接受各位预订，预订从速！吃喝玩乐男女不限！无聊没事儿干[抓狂],0,unlabeled,weibo_social
[怒]肿么回事,0,unlabeled,weibo_social
其实呢，我觉得我还可以，我从来没有删除过粉丝~大家关注我，也都是给面儿（当然也不排除按错了、误操作或者被迫的），但是，不知道为啥，看到这位盆友，忽然有种，“移除”的冲动~[衰][汗]李玖哲-小胖子的一天-,0,test,weibo_social
[衰]24小时不关机工资也不高的（转）[泪],0,unlabeled,weibo_social
【国庆买票难】1、上联：票难买车难上座下更是难；下联：站着累蹲下挤上厕更费劲；横批：查票了，查票了啊！2、我国火车专用对联：上联：啤酒饮料矿泉水；下联：花生瓜子八宝粥；横批：让一下，让一下啊！[衰][衰][衰][衰]这就是3E的代价...,0,unlabeled,weibo_social
[悲伤] 儿子和养女，还记得你们是从哪里来的吗？[档案],0,unlabeled,weibo_social
2013 smart 城市大行动谁能抵挡这一排城市小精灵的诱惑~ 精灵Party 我们来了~ [太开心],1,test,weibo_social
真爱无敌啊//:真是不食人间烟火的性情中人儿啊。真爱啊真爱 //-Linda:[泪][泪][泪],0,unlabeled,weibo_social
我们切 那里怎么，钻女男女大派送！ //:我觉得 我们姐妹可以去血洗一把[哈哈],1,train,weibo_social
天宫一号我想到了电影“海洋”的一副画面。一只叫不上名的蜥蜴趴在美丽神秘的大海礁上，天空中出现了一枚火箭渐渐地划破天际，蜥蜴随即抬头看着火箭在天上飞过。我感觉也许它对眼前的一切感到好奇和莫名奇妙。之后呢？火箭的推进器会一节节掉进深蓝的大海里、落在无垠的草原上、坠到神秘的山谷里[泪],0,test,weibo_social
//: 酒吧一条海？//:这是小白楼么[泪][泪][泪],0,val,weibo_social
依本人之见，买房一定要尽早尽力一步到位，越大越好，少折腾，别给自己找麻烦。卖方一定找一个靠谱的买家，如今这卖房也没那么容易。相当不痛快。[怒][怒][怒],0,unlabeled,weibo_social
转发[晕][晕],0,val,weibo_social
我拿什么拯救VIVI啊~~[抓狂] //-小小马：小乌龟哪有你可爱啊,0,unlabeled,weibo_social
怎么不是微信[汗] //:回复:短信来啦！10086！[衰] //:主动出击啊！,0,unlabeled,weibo_social
没错，都是占小便宜吃大亏呀。。。//：看错的人不少吧[衰] //：阿！那你送给我吧！我叫快递上门取就行。 //: 是的，送就送，送谁不是送呢，只要能解决机票，姐姐我认了。。。//：姐，是你送他。 //: 等待另外十九个。是送到厦门吗？//：是的，恭喜您被,0,unlabeled,weibo_social
今天?加同事婚?，?拉?Q好?喔[爱你][爱你] -亚婷cindy ?游王翎芳,1,test,weibo_social
虎师云上归来啊[呵呵][浮云][浮云][浮云]//:终于到了北京，可是国航为了省钱，空着的廊桥不租用，摆渡车又要绕着机场跑十多分钟。 //:明早国航的航班，我很忐忑 //: 下次听郭老师的，不坐国航的 //:回复:不到万不得已我不坐国航！[哈哈],1,unlabeled,weibo_social
[哈哈][哈哈][哈哈][哈哈][哈哈][哈哈][爱你][怒] //-Eleven:好美哦,0,unlabeled,weibo_social
?，“食?奴”?告片?了！//:好想看！[鼓掌] //@?智?:食?奴 一你吃?咸?包?？,1,test,weibo_social
早安江西游28~34°的天气[达人一周年]，凉爽的风[浮云]，多云转阵雨的惊喜[太开心]，一天的好心情从此便开始了[鼓掌]。早安，加油吧各位，为明天的幸福！[加油],1,unlabeled,weibo_social
//:哈，人生的意义，百分之99.9的人都不再想这个问题了。司机师傅是0.1%//: NB 说到骨髓了~ //:这位司机师傅徐志摩家后人吧??? //: 深了…//: 诗人啊 //:我操。。。 //:[泪],0,train,weibo_social
→_→//:好地费牛，好女费汉啊[嘻嘻],1,test,weibo_social
北京人谁要你的“京八件”呀？那都什么玩意儿呀？美的你。[晕],0,train,weibo_social
果然，管制… 还没飞呢…[泪],0,unlabeled,weibo_social
1路车上旁边坐一臭流氓??你大爷！我穿着仔裤还摸我腿，有意思吗[怒][怒][怒],0,unlabeled,weibo_social
不对[晕]//:好像是广东的＂仁面＂,0,unlabeled,weibo_social
[哈哈]//: 我找出来了 //:补充一点，近三年来，在学生组织工作表现突出，现任某一要职//:绝对憨厚淳朴好男人！,1,test,weibo_social
回复 :那天光线不好，如果有晚霞照在它的pp上，那更性感了。 //:哇，真的会晕耶，销魂的PP[晕][哈哈],0,unlabeled,weibo_social
回复:必须的， 赶快带上酒，金蚝侍候[哈哈] //:重了点吧？这样， 安排，我们去试。。。[哈哈] //:配雅柏漩涡啊！[馋嘴] //: 配Spey25啊！[馋嘴],1,unlabeled,weibo_social
[泪]//: [爱你]//: 臭乖 [哈哈]//:你哭个啥啊 臭宝// : 2012[泪]// : 听听 听听 看看 看看 [哈哈],0,unlabeled,weibo_social
中国好声音[赞][赞]感觉我自己不敢看了[泪][泪]难分难舍你们真的非常棒[good][good]都不要下台了[给力][给力] 姐您真的不容易 我在:,0,test,weibo_social
魁拔2啥时候出啊//: 左 右 [鼓掌],1,train,weibo_social
回复?心:干爹，本来很正常的一个词，以后该怎么叫啊 //?心:[哈哈][哈哈] //: 干爹口味都差不多，浓眉大褶子眼锥子脸,1,unlabeled,weibo_social
"Mon dieu !!! Aidez - moi~ [抓狂] C`est pas difficile d`écrire 1 rapport. Mais, trop de choses à chercher...construire...penser...[泪]",0,unlabeled,weibo_social
[怒][怒]是的话就好了[怒] //:看到牛了，您老这是打牛的出去玩吗？,0,test,weibo_social
不是家宴啊，厨娘在酒店负责煲汤，用剪刀切雪梨（难度真高）[泪],0,unlabeled,weibo_social
这家伙有点酷！//:快来看看这家伙呀[抓狂],0,train,weibo_social
//:[悲伤][悲伤][悲伤],0,test,weibo_social
有同事在西安结婚，组里几个人赶过去玩，我在短信里是这么写的：鼓楼回民街的平娃烤肉、贾三灌汤包（贾平凹）、八宝甜稀饭、红红酸菜炒米、涮肚、钟楼德发长饺子、西工大西门坊上人羊肉泡馍、魏家凉皮、樊记肉夹馍..还有必喝蓝马or汉斯小木屋果啤.我滴神啊，不行馋死我了[泪],0,test,weibo_social
今天我掌勺。。[哈哈],1,unlabeled,weibo_social
你睇我对你几好，为左今晚和你食饭不吃热气野，我提早在下午茶食左先。。。几累啊食得我。。。[哈哈][偷笑][哈哈]~~~,1,unlabeled,weibo_social
老卡肯定早跑了，听到内几个专家在那儿白乎，分明是被外媒谣言带着走的！ //----我就是我:回复 :我也等着呢[泪]这也太不靠谱了！已经折腾我两个晚上了??再有一次，就赶上最不靠谱的蛟龙了??[泪] //:卡卡的新闻呢？还等着呢。,0,unlabeled,weibo_social
[衰]//: 失去联系3天！！//:,0,test,weibo_social
//: [可怜] //:[泪][泪][心],0,unlabeled,weibo_social
太棒了[鼓掌] //:[耶],1,test,weibo_social
9个交易日发行50只新股、极不人道[怒][怒],0,unlabeled,weibo_social
儿子拉着鑫鑫阿姨的手问，你妈妈在哪里？在做什么？[思考]啊，你为什么不知道？[疑问]好，那你回去打电话告诉我？[亲亲]我的电话号码？我要去问问看电话店老板[偷笑],1,unlabeled,weibo_social
每天日出日落，我也快分不清楚了[偷笑][晕][酷]//:我还以为是日落…,0,test,weibo_social
艾欣刚刚捐出，一会再试试可不可以多捐几份，大家行动起来吧[抱抱],1,train,weibo_social
[左哼哼] 偶就知道，一定木有咱们 [泪],0,train,weibo_social
今儿TM真不顺啊！[泪],0,unlabeled,weibo_social
改变不了他肇事逃逸的现实，就算真是这么说的，那也是逃不了被拦下来情急之下的假惺惺[右哼哼]//: [衰][衰][衰]真相只有一个！//: 大逆转,0,train,weibo_social
这种无常真的好有爱[鼓掌],1,unlabeled,weibo_social
真惨！不过我也真的感冒了。我到今天都没缓过来，清鼻涕一直留。。都没法儿化妆了。[泪],0,unlabeled,weibo_social
最爱招牌菜红里透着金黄相当诱人，石磨热气腾腾，漫漫的脱骨凤爪吃一块软烂香糯，微微的带点甜味，随着筷子往下翻会发现这道菜的绝妙之处，盛在石磨里铺底的是红薯，红薯甜糯香滑，和凤爪配在一起，红薯带着凤爪的香味，凤爪沁着红薯的甜香！[花心]这可是你的最爱！[嘻嘻],1,unlabeled,weibo_social
北京队进总决赛了!准备到1.5万人的五棵松篮球中心看球![嘻嘻][哈哈],1,test,weibo_social
[失望] //:星座排行的作者[奥特曼] //:你们还相信星座吗？,0,test,weibo_social
如果接着下雨，可能会出现严重的地质灾害！尽量少乘坐地铁。这不是三峡大坝引起的吗？请专家分析一下。//://:这什么质量？？[怒][怒][怒] //:,0,unlabeled,weibo_social
不要勾引我~！我看不见我看不见！[抓狂] //:估计一折的看不上，看上的也抢不着。[偷笑] 有勇气的可以冲一把[嘻嘻],0,unlabeled,weibo_social
小库和老宗[哈哈][哈哈][哈哈],1,train,weibo_social
我们俩是不是被抵消了[泪][泪] //:[偷笑]//:v//:脸皮很厚的转了[嘻嘻],0,unlabeled,weibo_social
我中奖了，半夜被叫醒修复badcase发布，这还是头一次[嘻嘻][哈哈]。有点新奇。 我在:,1,train,weibo_social
[鼓掌][鼓掌] //:还有长沙的朋友……歪而抗母,1,unlabeled,weibo_social
继续踏实前进 //: 目前国内第一，超越admob了，童鞋们厉害！ [拳头] [拳头] [拳头] [拳头] [拳头] [拳头] [鼓掌],1,test,weibo_social
交委童鞋，你那么无能，给你?工资的那群知道么？[泪],0,test,weibo_social
"[话筒]甲鱼,富含丰富的胶原蛋白和矿物质,自古就是一道滋补美味的佳肴.干锅甲鱼,精选五年以上鲜活甲鱼配以秘制浓厚鲜汤和精选香料,肉质润滑,浓香突出.特别是甲鱼的裙边,口感更是香浓肥厚哦~在川香美食汇,这可是不容错过的滋补美味~[嘻嘻]长峰体验佛罗伦萨西餐厅",1,unlabeled,weibo_social
[挖鼻屎][泪][可爱][害羞][偷笑]我最喜?的都回?了[嘻嘻] //:回来了回来了。。。。继续挖起来~~,0,unlabeled,weibo_social
回复:多谢 的推荐。aws是我们学习的榜样，目前ucloud 产品价格上有一定优势，在密钥方面我们没有做，因为大部分用户都不习惯。为了在不影响用户体验的情况下确保安全，我们根据中国的实际情况做了些方案，稍后回推出，到时麻烦多测试测试[哈哈] //:国,1,val,weibo_social
什么是忠诚，看看吧唧 //:[泪] 我也想哭了...抱抱~~,0,unlabeled,weibo_social
回复:老大还是该去感受哈[嘻嘻] //:俺一直没去过阿拉善 [汗],1,unlabeled,weibo_social
//: //: //: [给力] //:赞评//: 应该对执政的走资集团有清醒的认识了，不打倒他们中国没希望，中国老百姓没希望，中国共产党没希望！[拳头]//: [怒骂]那些卖国企的厂长们罪该万死、死,0,val,weibo_social
我怎么没看懂？[右哼哼]//:回复:无耻没底线[怒] //:逻辑就是 如果再不赶紧涨 等再跌两天 就达不到所谓的涨价标准了。,0,unlabeled,weibo_social
[抓狂][哈哈],0,unlabeled,weibo_social
"GO嘻嘻！这回终于? 肥成功了,分享下我的方法： 天猫出游季[神马][神马][给力][给力][哈哈][哈哈][哈哈][哈哈][挤眼][挤眼][抱抱][抱抱][怒骂][心][心]5566yyyu77788ii",1,unlabeled,weibo_social
发生了什么？[衰],0,test,weibo_social
西藏往返后第一次运动，肺活量感脚明显加大，轻松拿下五公里折返[酷]但有肌肉拉伤风险[泪]求证-熊猫 和国足上海埂一个意思么[思考],0,unlabeled,weibo_social
今天有个骗纸打电话自称是神马中级人民法院的让去领船票，领你妹啊，2012啊早过去了，谁还要船票啊！早干嘛去了？！[怒骂],0,unlabeled,weibo_social
谢谢你[泪][泪]要祝你未来一切都好！//:现在抬头，就能看到《细雨湿流光》，安静地排在我的书架上，它旁边是《如果是永别，就祝你永远幸福》，再旁边是《亲爱的贝拉》。都是读大学时候买的，毕业的时候也没忘盘回来，说句矫情的话，你的书，伴着我的青春。,0,unlabeled,weibo_social
墓碑 //:[怒][怒][怒][怒][怒][怒]这笔账怎么算？！,0,test,weibo_social
【免费大餐倒计食?5】为了祝贺《美食导报》创刊28周年，我们邀请广大读者免费品尝广州28家特色餐厅的大餐，只要你，就有机会入围。饭局五?清心鸡沙田乳鸽店。想品尝真正的沙田乳鸽吗？ 开饭时间：2013年2月28日中午12时（本周四）。[嘻嘻],1,unlabeled,weibo_social
天蝎、巨蟹、双鱼是大吉啊。。。。其实我只想要大利就好了，缺钱[抓狂],0,test,weibo_social
[衰][衰] //:无话可说!中指!//:去你妈延安！ //:,0,val,weibo_social
回复:我猜你不认识的是：?饬?饬（dao chi dao chi―)，意思就是打扮打扮.[可爱] //:十个字我有四个不认识……,1,unlabeled,weibo_social
买杂志意外发现合唱团一看定价和独唱团一样也是16元，立即抽抽了！尼玛激动的我以为韩寒变异了，这可是正轨卖杂志的地方！饥不择食地向大妈求证，这新出的独唱团么？大妈说反正卖出去好多本！尼玛我如获至宝！居然忽略了封面大标「第二次亲密接触」撕掉包装从设计到内容完全网名组成的山寨[泪]抗议,0,unlabeled,weibo_social
其实我们是哥哥，只不过长的老[泪][泪][泪],0,unlabeled,weibo_social
[泪][蜡烛]生命健康成长已实数幸福，不苛求//:作为孩子的父母也应该受到谴责，把孩子单独放在车里本来就不对。希望这事给所有人以警醒！,0,test,weibo_social
意思是?，我家旁?要?始施工。。。[汗][泪],0,unlabeled,weibo_social
回复:欢迎欢迎啊！感谢来支持金小帅[太开心]签到有礼积分0.5 //:啊啊啊 晚了好几天[泪] 从今天开始早晚安吧！[许愿],0,unlabeled,weibo_social
小主人，我来教你怎么爬吧[嘻嘻],1,val,weibo_social
《小妈妈找蝌蚪》？？//-紫气贪狼: 谁小时候不都这样么？//:[哈哈][哈哈][哈哈][哈哈] //:你大爷的!!!笑屎我了~[偷笑][笑哈哈],1,unlabeled,weibo_social
//: 回复?重生530:[衰] //?重生530:[话筒][话筒][话筒]多少人无罪被剥夺[怒骂],0,unlabeled,weibo_social
有木有也想这样的，不想孤身一人过七夕啊[泪][泪][泪],0,val,weibo_social
每天手写微博 证明我还会写字 又是郁闷的一天，俺这大肿脸啊，今天去医院帽子口罩捂得严严实实，[泪]话说哭都不好哭，眼周围都肿了，眼泪要流出来还得爬坡吧[抓狂]。ps：嘱咐一下参加手写微博的同学，可以直接点击关键字进去发新微博，一定@ 我，如果发了我没去评，来活动贴再说一下，可能是我没看到,0,train,weibo_social
小学生陶淘有天在广场上，陶不知因为啥话题和一个小朋友在攀比，只听陶说：“你有啥了不起啊，你有在北大念博士的舅舅吗？我有，我的舅舅在北大念博士。” 他小舅，你是陶绝对的偶像啊！[嘻嘻],1,unlabeled,weibo_social
baby，想你了！[花心][爱你][亲亲][哈哈],1,unlabeled,weibo_social
在青岛偶遇妈咪女士出门旅游青岛转机，哇哈哈便相约一起出门吃韩国料理。明儿这位女士就走了[泪][泪][泪],0,val,weibo_social
[鼓掌]买个彩票 //:转发抢股票去 //:正式声明：我接受近东兄的挑战！同时要求对方必须履行诺言！千万别做缩头WG！我会拿出赢得的苏宁电器股票中的一亿股均分赠送给转发这条微博的网友！,1,unlabeled,weibo_social
晚餐 你们的晚餐吃什么？果子还没吃饭[泪]求推荐~,0,val,weibo_social
原来还有比我更惨痛的股民朋友。[泪],0,val,weibo_social
好久不见吧，Creme Brulee法式焦糖布丁做好了哦！要的速速来领！[嘻嘻][嘻嘻][嘻嘻],1,train,weibo_social
大亮，在今天这个不寻常的日子//: 蒙牛亮了[哈哈],1,unlabeled,weibo_social
下好大的雨！又冷！我坐车还坐错方向了！[泪],0,train,weibo_social
[偷笑][嘻嘻] //:说呢，在798不小心点到一杯超级spicy的饮料，我猜是在番茄水里加了红辣椒黑胡椒还有别的什么东西。当搅拌棒的那根芹菜被我吃了，那杯辣椒水被帅锅很享受滴喝下去了。还说＂嗯，好喝！＂我对他的老板金女士说＂你的Bodyguard很棒唉！＂刚知道原来帅锅是cK underware model,1,train,weibo_social
李小璐和乃爸宝宝的满月Party上，小鹿主题的点心和装饰品太可爱了[可爱] 开始没多久就被妈妈们抢光了。我也给我家宝宝抢了几只[爱你] 八卦：贾乃亮的侄女（途中）是个小美女，我家领导还流着口水给人家照相，俨然一副怪蜀黍嘴脸[哼],1,test,weibo_social
我是有多用心，晚上做梦都是写，写，写的！[抓狂],0,train,weibo_social
"介研究结果,是真的还是假的?[抓狂]",0,unlabeled,weibo_social
?才???生，?都有玩?，我都??！ //@???太太:?才?了?生，?都有玩?！(乜有男仔版咩[思考]).// :我都有玩?（竟然）[哈哈][哈哈] // @???太太 :我！有！玩！?！！超?念喔,1,unlabeled,weibo_social
早上本准备带叮小当去超市购物，出门前这小子看到刚买回来自行车非要下楼骑车，好吧，我改变计划把将近20斤的自行车给他扛下楼。结果小人家骑了几分钟就不愿意玩了，又要求我开车带他出门。心里那个恼火啊，嫌我胳臂不够粗加强负重练习呢，本想今天不购物就吃素多陪你玩会儿，这下可好两头都没捞着[怒],0,unlabeled,weibo_social
[话筒]//://: //: 匪徒！[怒]//: //://:是谁让幼小心灵充满恐惧？仇恨的种子就是这样播下的！ //:可怜天下父母辛！ //: 人权在哪？ //:为什么妈妈不能抱我？,0,train,weibo_social
有的人喜欢吃梨，有的人喜欢吃苹果，所以明知她喜欢吃苹果，我却给她梨，当然她会不喜欢，我也是花了好多年才明白这个道理。[嘻嘻],1,val,weibo_social
“自救”这个词的体现 //:[哈哈],1,train,weibo_social
梦想还是要有的，万一实现了呢[爱你],1,unlabeled,weibo_social
老妈今天居然在我上班的小区路上捡到了我昨天丢的一颗扣子??顿时觉得丢手机的事情变得很渺小！[衰],0,test,weibo_social
下次照照的时候手机拿远点，这样显得脑袋小，哈哈[哈哈]//: 回复:哈哈，谢黄首长夸奖 //:迷死啦鸟。,1,unlabeled,weibo_social
文化部不让Suede唱Beautiful Ones? //:[抓狂]把我最爱的一首删了！！[怒] // :煞笔吧他们// :烦死我了// ：我操，真的假的？BEAUTIFUL ONES ?什??什?？?什?？BOB DYLAN不?唱 BLOWING IN THE WIND。。?道?人最熟悉的一律禁唱?,0,test,weibo_social
你妹的肯德基~//?WYJ: [衰][衰][衰],0,unlabeled,weibo_social
美女毛球又要火啊[哈哈][哈哈][威武][威武] //: //://: 毛里求斯夏季亲子游[兔子]//: 我开始想念毛里求斯了[心],1,unlabeled,weibo_social
[哈哈]环肥燕瘦，全凭喜好啊//: 回复: 社长喜欢丰润，却不喜欢大象 //:社长，那么面条的美女，你让她长双大象腿，也不协调呀？ //:回复: 胖纸喜欢胖纸[笑哈哈] //:回复:社长嫌腿细[晕],0,train,weibo_social
午餐众生相：A:饭前猛化装滴[嘻嘻]B：眼睛掉进菜里滴[偷笑]C：拍照也不忘放筷子滴[做鬼脸]D：为了瘦成闪电，只能抱着水喝滴[泪]E：一看镜头就来劲儿滴[嘻嘻],0,unlabeled,weibo_social
纳尼东少藏的好深！终于被挖出来了！[抱抱]//: 纳尼少东也上微博？ //:回复 : [泪]东少发话了！！！我争取完成领导交代的任务。 // :插花！找师妹啊！,1,unlabeled,weibo_social
[吃惊] //:凌乱了 //:[泪]//:怪不得剩女那么多 //:好男人都让男人给抢了[泪],0,unlabeled,weibo_social
回复:从厨房顶部的上面出来。不能停止[生病] //:先把水的总阀关掉呢 //:回复:刚才有关管理人来了。他说水管坏了，明天再来。但继续漏水[怒][怒][怒][怒][怒] //:漏水啦，找楼上[晕],0,unlabeled,weibo_social
去年看了直播~[带着微博去旅行][抓狂] //:来世，做飞鸟展翅翱翔，世界尽收。//://:死了也要飞[good],0,unlabeled,weibo_social
写战略合作协议需要灵感啊，何况一连写多份。[晕],0,test,weibo_social
求图[哈哈] //:我只想说，这几天一直在跟我聊越南买新娘这事儿的亲们，你们已经成功把这个概念植入我了，我脑子没反应就先问价钱。。[挖鼻屎],1,unlabeled,weibo_social
谁说的都是男生，这不一样在上班么？[抓狂],0,unlabeled,weibo_social
[泪][泪][泪]??? //:[蜡烛],0,test,weibo_social
安纳塔拉假日体验 热烈欢迎[鼓掌] 携爱侣入住安纳塔拉位于马尔代夫的度假酒店！祝福你们蜜月快乐[心] 也借此祝福你俩的爱情甜蜜、婚姻幸福、相爱相伴到永久[心][心] 有空到水上活动中心去看看，和爱人一起选择并浮潜种下自己命名的小珊瑚来见证难忘的蜜月时光，是个不错的纪念哦[呵呵],1,unlabeled,weibo_social
对 说：我突然发现你是我粉丝第一位，新年快乐 你是想兔年发财呢？还是想兔年解决个人问题呢？还是想兔年什么什么呢？你自己选吧~~~ 我的饭局……蘑菇……[鼓掌],1,unlabeled,weibo_social
我身边大部分人第三个八小时的一半时间也用于工作。[泪],0,unlabeled,weibo_social
[泪]为什么我们对孩子的保护就这么不到位呢？没有儿童座椅吗？不知道说什么好了……同情？愤怒？我愤怒大于同情了！,0,unlabeled,weibo_social
[笑哈哈]欢迎欢迎[哈哈],1,train,weibo_social
表这么说嘛，各种各种华丽丽的美啊[爱你],1,unlabeled,weibo_social
//: [风扇]//: [抓狂]//://: 我们知道有八千万//-高手: 不是一般的保守。[哈哈] //: //: //: 房产建筑矿产洗浴夜总会太多了 //:我都咖啡色了 //:保守估计，我国涉黑人员将近8000万人,0,val,weibo_social
葫芦娃[嘻嘻][嘻嘻][嘻嘻],1,unlabeled,weibo_social
小马你对实验室太好了[爱你] //-wang-:宋局有微薄吗 // :宋局，我觉得这个片子你能用的上。// ：美历来就不曾免费，如同自由,1,unlabeled,weibo_social
一眼看不到头啊[抓狂],0,unlabeled,weibo_social
我们的微博有奖活动很多，只要你积极关注和参与，总有一天，大奖就属于你[嘻嘻],1,train,weibo_social
[泪] //: 这是最让我扼腕的一段[泪]梁所规划的北京城，更有韵味也更静谧凉爽。如若成真，巴黎罗马都不在了。[泪] //: 知识分子的命运。,0,unlabeled,weibo_social
妈呀~~纠结死我啦~~抱着电脑看电视~~[抓狂][抓狂]我在这里: 朝阳区,0,test,weibo_social
一个星期瘦5斤有办法吗[衰],0,unlabeled,weibo_social
我点开视频几秒钟就看不下去了那些工人又怎么可以如此冷酷的继续着他们的“工作”[泪]善待动物～,0,test,weibo_social
既然爱这么残酷，那情愿选择不爱！爱，不就是要让被爱的那个人快乐吗？那年我们曾同住一个房间，多么青涩的小妹妹；那年我们曾为她的幸福祈祷，多么美丽的新娘...还记得 师弟为他们夫妻拍的MV老公为老婆批上外套的那一段，深深打动了我[泪]如今是怎么了？婚姻...我们还可以进行吗？,0,test,weibo_social
准备周三展览会的活动，小马快快跑[哈哈],1,test,weibo_social
//:知足吧，中国人！[哈哈][泪],0,test,weibo_social
[哈哈]往事不要再提，人生已多风雨。原来这句也是人艰不拆的意思。//:[泪] //: [泪],0,unlabeled,weibo_social
白色胶原蛋白，黄色维C，绿色补脑神经。急需绿色的啊！[抓狂][抓狂],0,val,weibo_social
贺瑞丽女王 寿比南山，福如东海。早日把战场打到南方小渔村来。[嘻嘻][嘻嘻][嘻嘻],1,unlabeled,weibo_social
//: [?]//: [泪]//:[泪],0,unlabeled,weibo_social
室外，胶地，周末，都空着！我们不是个体育大国的现实写照[失望],0,unlabeled,weibo_social
生病的孩子只能吃粥了[泪],0,unlabeled,weibo_social
[晕]?2011 [晕],0,unlabeled,weibo_social
盼望出关吃上垃圾食品！垃圾食品最好吃！ //:乖乖，除了7，其他都爱[泪],0,unlabeled,weibo_social
我真的什么也没弄啊？！[衰],0,val,weibo_social
//:辛苦！感恩！ //:童话二分之一大家族加油！大家辛苦了！无限感恩！借用一句咱们的主题曲，爱，有大家每一个人才完整！[泪][赞] //:这个时候还在为童话二分之一加班的兄弟姐妹们辛苦啦！还有日夜兼程赶往长沙因为台风只能在香港过夜的@??甯 辛苦啦！加油！,0,unlabeled,weibo_social
Joselito就是这个。[哈哈][哈哈][哈哈],1,unlabeled,weibo_social
四个小时，终于出苏州了……[泪],0,unlabeled,weibo_social
"[泪][泪][泪]这床好硬！各种失眠。我在这里: 江苏省,扬州市,邗江区,康民路 我在:",0,unlabeled,weibo_social
继一个月前发布报告称耐克、阿迪达斯、李宁等知名家服装品牌的供应商向中国江河排放环境激素类物质后，昨天，环保组织绿色和平发布了其最新调查报告，称耐克、阿迪、李宁等国际国内知名品牌的产品中含有“环境激素”，对生物的性发育产生影响。[怒],0,unlabeled,weibo_social
[鼓掌] //:骑骆驼是欣赏全方位欣赏乌鲁鲁的最佳途径之一！欢迎 //:红土中心配上夕阳暮色，色彩上更显绚烂极致。骑着骆驼缓缓行于其中，用心感受这片土地的神秘和精彩。,1,train,weibo_social
嘻嘻已经到 餐厅了[哈哈][哈哈],1,val,weibo_social
为什么木有双子座，难道注定没好运么[泪][泪][泪]亲们榜上有名么。。。,0,unlabeled,weibo_social
买了10个烧饼~掉了两个~[泪],0,test,weibo_social
陌陌就算了，不过n个月前，一位聪明剔透的美女妹妹就总结出了我们的生活状态--＂在微博中睡去，在微信中醒来＂[哈哈][哈哈][哈哈] //:[哈哈] //:[思考] 。。。那一定是成功人士！,1,test,weibo_social
【死循环】我要买火车票回老家，但是我身份证丢了，我买不到票，于是我回不去了。但是补办身份证必须回老家补办―― 于是，我死循环了。 委托家人找关系补办了身份证，家人快递给我，收件人是我。结果需要凭身份证取件――于是我又死循环了...[抓狂][怒骂],0,val,weibo_social
当世事再没完美，可远在岁月如歌中找你...看得不行了，两人我都超爱啊[泪],0,test,weibo_social
好热的天儿啊~~~~感觉就像螃蟹，快被蒸熟勒。。[晕],0,unlabeled,weibo_social
"让别人伺候吃嘛[偷笑] //：吃螃蟹,对偶来说,实在是比写本10万字的书还要难10倍的技术活..[抓狂].",0,test,weibo_social
某人国庆发4000大洋，我们分文未得，看不到钱途呀看不到钱途..[伤心],0,val,weibo_social
[泪] //: 北京也强拆？买个房子不容易遇上强拆无处说理[伤心] //: 这些你们会解读吗？这是真真实实的欺压老百姓，丑陋、肮脏的行为，难道我们百姓就该遭罪吗？连家都要没了，如何谈国？,0,unlabeled,weibo_social
[酷][抓狂][赞]叹真正六星级酒店的下午茶！,0,train,weibo_social
"回覆-mEi:[偷笑]你看,像我不... //-mEi:不会是你孩子吧，哈哈[哈哈]",1,train,weibo_social
[许愿]Lamastay...一直 一起 成长 //:因为你们让我明白自己可以做的还有更多，不仅是工作，还有生活 你让明白有些东西即使很在乎也要学习衡量与取舍，什么要坚持什么要舍去。//:也是和你们一起才让我的青春那么疯狂[泪],0,unlabeled,weibo_social
16人的菜，写满1张[哈哈],1,unlabeled,weibo_social
"老国展举办的美食优""品""在轻工，图书分享会，品尝到 @?轻食RockingHorse 最棒的甜品，聆听创作者的故事~其中饱含爱意细腻回味绵长的大理石征服了我。也是在这儿，我知道了自己原来是个喜欢一个人霸占厨房，又希望有人打下手儿的矛盾个体[晕]3本书抱回家拜读",0,test,weibo_social
好想要钥匙扣！[嘻嘻][嘻嘻][嘻嘻],1,unlabeled,weibo_social
下次我们皇冠品牌的微电影也许就可以参考这样激动人心的桥段设计~[嘻嘻]~创意总是这么扣人心悬~ （分享自 ）,1,train,weibo_social
[哈哈]//: 果然有神秘礼物哟！,1,test,weibo_social
排完练，看了汉堡芭团的新作 RENKUN。 刚好赶上看现场直播 ：德国与丹麦的球赛。 汉堡全城的车都插满了国旗， 球丝们也都涂了旗脸， 一脸期待， 又将是个不眠夜。。[威武][鼓掌][酷],1,unlabeled,weibo_social
下午四点一个人吃了麦当劳的一杯热可可+芝士堡+鸡翅。后来两人又在鹿港了好多菜[衰]，再这样吃下去要长成happy lemon的头像了[抓狂][抓狂][抓狂][抓狂]！最近不能再吃了?,0,train,weibo_social
"//:我刚才转发那条被删了![怒]女孩们,过节前都小心一点吧!出去玩时都别乱喝陌生人的饮料!万一真出事吃亏的都是自己!别让这二逼别再踏进mix的门了,欺负女人算本事吗?建议女孩报警吧,你不报,他会去害更多女孩的! //: ！",0,unlabeled,weibo_social
吃得比较饱。。。吐出了哈林。。。[抓狂][抓狂][抓狂][抓狂][抓狂],0,train,weibo_social
回复:欢迎“大蔡鼠”叔。。。。[哈哈] //:我带着白老鼠的心态去试试可以吗？[抓狂],0,val,weibo_social
避重就轻、避实就虚、把老百姓的丧事变成领导的喜事之真实写照！[怒],0,unlabeled,weibo_social
有点难度[泪] //://：【可怕的日本】,0,unlabeled,weibo_social
祝大家重阳节节快乐~~祝福爸爸生日快乐[亲亲],1,val,weibo_social
2013年明信片 这张卡片是意料中的、那两个想成就窝窝为明信片达人的、俺的大小宝贝 和 寄自小城南通的。南通的欣欣然亲子文化活动搞得是如火如荼，孩子们的游学领域越来越宽广，参与的人也越来越多。白驹过隙，立秋了。秋天是收获的季节，也借此祝福天意和当当~！[亲亲][亲亲],1,unlabeled,weibo_social
果然是一位食家[鼓掌],1,test,weibo_social
早餐竟然没有皮蛋瘦肉粥！[怒] 我在:,0,unlabeled,weibo_social
美女 欢迎随时来玩啊 老磨坊欢迎您[爱你][鼓掌][鼓掌][鼓掌],1,unlabeled,weibo_social
一家几口人都以为对方爱吃栗子，于是都爱买。等下班回家都从包包里掏出来说:我给你买栗子了。嗯，我也给你买栗子了，瞧还是两包。还附带剥栗利器[哈哈][晕][衰],0,val,weibo_social
//-健气受: [呵呵] //?治--:[可爱]//-健气受:恩~【抱抱】~乖~小吕治 //?治--:[抱抱]//-健气受:恩~乖【摸头】~不哭了哈~这个不一定准的~ //?治--:[可怜]叔叔//-健气受:啊~~这个肯定有不准的啦~不要伤心啦~ //?治--:[伤心]不?不?,0,unlabeled,weibo_social
今天破了纪录了，从中午11点45到晚上9点28，泡在一家咖啡厅10个小时，午饭晚饭都在这解决，见了5批人，成功挖了1个半，还做了一次深入的团队沟通。一下午说了一个月的话[衰],0,unlabeled,weibo_social
卖相粗旷了点。[嘻嘻],1,unlabeled,weibo_social
随心云游当地人介绍去红星公社吃饭，摆设有特色，开始感觉不错，但吃完很失望。豆干汤一般，小油菜倒不错，是最好吃的一道菜。黄焖鸡:鸡肉倒是不老，看起来很大一盘，但吃剩鸡头加鸡脖一大串。豆豉爆肉:味道过得去，但配料一大堆，没什么肉，吃完还是那么大一碟。[晕],0,unlabeled,weibo_social
要上雪山了，我不要高原反应[晕],0,unlabeled,weibo_social
海天共鉴，华宇婚典。沿着绵长的海岸线，许下相守一声的诺言。[可怜][亲亲],1,test,weibo_social
好男人，好重情！ //:[泪],0,train,weibo_social
暴击+KO[衰],0,test,weibo_social
成都的喵星人都这么安逸。[可爱]我在这里: 成都市-金牛区,1,unlabeled,weibo_social
还等什么啊[抓狂][抓狂][抓狂][抓狂],0,unlabeled,weibo_social
微博如果没有言论自由还叫微博伐…喜欢没事找事的别来看…受不了。。脾气再好，也是有容忍限度的！！！[怒][怒][怒][怒][怒],0,unlabeled,weibo_social
我不想说啥了...[泪],0,val,weibo_social
天天向上五周年：收到啦！已经交给导演组了。多谢推荐！//: [赞]支持//: 最近，天天向上节目组正在征集‘’名校风云之我在大学等你来‘’的专题节目，来，让我们一起转发，让这组火遍中国各地的照片再热一次，让闽南师大更加地威名远播！ [爱你][给力][酷],1,unlabeled,weibo_social
周末来酒店烛光晚餐的时候可以露一手噢[呵呵][爱你],1,unlabeled,weibo_social
[晕]//: [晕],0,val,weibo_social
晕，这路段的车估计都废了//: //: //: [衰],0,unlabeled,weibo_social
昨天一下做了三比萨[熊猫]吃了一张 ，送给楼上朋友一张 ，还剩一张今早又当了早点[晕]看来 想当个厨子 你身边必须得有吃货 否则做出来浪费了 长此以往 便难坚持的了 而作为一个有哈士奇捣乱的厨房 更要劈出一半时间盯着它 很不容易,0,unlabeled,weibo_social
话说我今年财运还真是不赖呢。[嘻嘻] //:有了机会，关键还要看你有没有那赚钱的命儿，我对你信心不足[哈哈]//@[哈哈]btv李晓君: 你的已经过了，我的才开始。[晕],0,unlabeled,weibo_social
脾气急，易冲动！绝对一点就着！[泪][抓狂],0,unlabeled,weibo_social
/要求试次/???:要求试次[哈哈][哈哈][哈哈][晕],0,unlabeled,weibo_social
欢迎回归[哈哈][哈哈][哈哈],1,unlabeled,weibo_social
已经恢复畅通了哦！[挤眼]//: [泪],0,unlabeled,weibo_social
象牙和金银或木料不同，越戴越黄，越戴越透[泪]根本就不能养??屯着也不可能升值??,0,unlabeled,weibo_social
不能去??看演唱?的人望梅止渴[泪] //:你会不会忽然的出现，在街角的咖啡店，我会带着笑脸，挥手寒暄~~,0,test,weibo_social
上梁不正下梁歪[怒]//: 治理公款吃喝，不能放过任何死角。,0,val,weibo_social
谢谢[嘻嘻][哈哈]同乐同乐哦 //:双子，生快！ //:谢谢[嘻嘻]谢谢[嘻嘻]非常感谢[嘻嘻][太阳],1,unlabeled,weibo_social
[泪]我很撑!,0,unlabeled,weibo_social
补图（昨日）:没看到什么大咖，也没吃到传说中很NB但很难吃的国宴。手机不敢随便拍，怕被打。。。。门口的警卫很像狗，还没靠近，耳朵已经立起来，牙已经呲出来了。。。[抓狂],0,unlabeled,weibo_social
为了给公司省几百块钱 睡的比狗晚 起的比鸡早[失望],0,unlabeled,weibo_social
让人羡慕的两亿[哈哈]//:全球用户两亿，GOOGLE PLAY类别第一名，GO系列应用总下载全球第四。今天早上，我们在旧金山第一次发布GO桌面的用户数字。,1,val,weibo_social
第一名～//:[爱你] //:,1,unlabeled,weibo_social
各位妈 明请品尝菲式枣糕[哈哈],1,test,weibo_social
[鼓掌][鼓掌]//: [话筒]律诗半岛灯火耀海面，岸湾依稀泊船舰，举头极目远望去，墨云滚滚罩海面。[偷笑][嘻嘻][哈哈] [围观],1,unlabeled,weibo_social
他那是想骗汉堡吃的苦情计，千万别上当[偷笑] //：早知道请你吃完汉堡再走啊[泪],0,test,weibo_social
//:其待这款车啊 //:[嘻嘻],1,unlabeled,weibo_social
欲加之罪 何患无辞[衰][浮云],0,train,weibo_social
[哈哈]//: 笑了,1,unlabeled,weibo_social
【你关注！我送书！】对了，转发时请说明在哪个城市[哈哈] //: 我想要惊悚小说，随便哪本都阔以，越惊悚越好[馋嘴]//: 哎哟这力度可太大了！[给力]都是译林2013的国际畅销书啊；这才第一波，下一波得送神马好呢?[偷笑],1,train,weibo_social
哎呀，难怪最近变笨了！[泪],0,train,weibo_social
吃撑，因为笑点低好几次笑的快断气，没去旅游。。[泪],0,val,weibo_social
拉拉扯扯开始穿衣服[衰],0,unlabeled,weibo_social
[话筒]话说怎么大家对明信片的热情不高的？转发的好少啊，小编要哭了[泪]！快快艾特你的朋友们转发吧，小编好从遥远的澳大利亚北领地给你们寄明信片啊！！[围观][围观][给力][给力],0,unlabeled,weibo_social
又是分裂的一天，白天排练 老师的＜三人行不行＞，说着山东话唱着京剧各种洒狗血解放天性的表演训练，晚上来录和加拿大乐队 的合唱歌曲Jet Lag，竟然被要求我想像自己是个穿着黑色吊带丝袜拎着酒瓶子的朋克少女，这这这，要求太高了吧~[抓狂],0,test,weibo_social
"面对这样的医生,广大女同胞是不是很有安全感?值得信赖啊[哈哈]不过,最后张医生说,[偷笑]//: 惊喜！等了好久！",1,unlabeled,weibo_social
国家和全社会什么时候重视并落实解决[衰] //:准时收看 //:看小[嘻嘻]嘉宾,0,test,weibo_social
我想知道当事犬是什么心情。。//:哈哈哈哈笑不行了 //:[哈哈],1,test,weibo_social
冲破建国门桥栏杆，直接掉下？[晕][哼][汗]在北京敢上路的没多少会开车的…在北京抢着升学，抢着升官，抢着买车，抢着买房，还抢着送死[弱]…原来送死也是缓解首都压力，也算基德的一种方式！真是毕生皆抢功！送给狂抢在北京的外地人。 //:半个小时前刚从建国门桥下过去！[吃惊],0,unlabeled,weibo_social
[抱抱]//: [最右]//: 嗯~我们的工作室暂时只在北京的蒲蒲兰有活动~[呵呵]//: 只有北京的才能参加吧？,1,unlabeled,weibo_social
一日之即在于晨，虽说也不早了！再加上上午木课，所以要好好利用起时间来，看场电影！放松一下！[嘻嘻] WeicoLomo,1,train,weibo_social
打错了！[汗]追星！[嘻嘻] //:凡老还追寻呐！[吃惊][哈哈],1,unlabeled,weibo_social
2013.06.19. 本周三公益类，微电影 ：《产前阵痛》 《大球》 《天错》 《一个纸杯的生命之旅》 《走》 《醉驾惊魂》 感谢 。但看每部电影名字都很好，喜欢的朋友欢迎过来观看。或者一个人来坐坐。[可爱],1,unlabeled,weibo_social
[赞]//:这个转给 转丁钧查收//:让我们留住秋天![爱你]今天明天两天在京承高速白马路出口等你们哦[嘻嘻],1,unlabeled,weibo_social
[哈哈]//: 居然没有租用带洗手间的房车！[抓狂]//:主要是经纪人担心李敏镐被男粉丝尿到。（男厕所站一排小便，男粉丝一扭头，哇！这不是李敏镐嘛！哗~~~尿了李敏镐一身）,0,unlabeled,weibo_social
果断扩散！！！//: .. 终于台湾之旅报导出刊了感谢各位 ....[鼓掌][泪],1,val,weibo_social
[泪] //:QAQ好感人字也好看QAQ//: //?少女: QAQ //: QAQ //:QAQ//: QAQ,0,unlabeled,weibo_social
//: [泪]//: 消失的北京古城`缅怀~,0,val,weibo_social
活儿，不加儿化音意思就对了。 //-小猫:字儿呢，你再不给我，宽粉就真的没有了…我就真的不开心了[怒][怒] //:怎么还调上坎儿了。什么都懂啊你可。//-小猫: 报出子…给丫个空心果使这活儿，挺好…哈哈 //:硕爷您学绕口令儿呢？,0,unlabeled,weibo_social
把我胖的！[衰],0,val,weibo_social
回复:280元8道（其中有一道叫银鳕鱼西京大酱泡状喷射烧[晕]），380元9道，还在试营业，但没啥优惠。先警告下就午间看来量并不大，大胃男慎入。且我提到的都是不错的，而章鱼金枪鱼一般新鲜。对午间套还是求个营养平衡吧，鸡蛋料理重复出现，蔬菜补给不足，也许可以改进 //:晚上的会席料,0,unlabeled,weibo_social
"感觉“好久”没刷围脖了，是在忙着上课，忙着考试，忙着写报告, 找stage...？ ? 我都不知最近都忙了神马，时间就木有了 ~~~~(>_<)~~~~ [泪]",0,test,weibo_social
婚姻被国五废了[衰] //:艺术，被 废了。策划，被 废了。空军。被 废了。大炮被 废了。美术，被 [哈哈][哈哈],0,unlabeled,weibo_social
[抓狂][抓狂]要去吃要去吃！ //: 谢谢了,0,unlabeled,weibo_social
没人了呢，好寒心~那么公布获奖名单了哦，本期中奖的幸运儿是 获得幸运奖的是 恭喜这两位啦，呱呱呱[可爱] (,1,test,weibo_social
连着看完了人体蜈蚣I、II 食欲都没了[衰] 还是赶紧想点单纯美好的事物吧：别看我只是一只羊~ 绿草原因为我变得更香 我昨晚唱得怎么样[嘻嘻],0,unlabeled,weibo_social
[赞]这团友竟然穿短袖摆pose~~看来南极也没有传说中冷嘛~！[哈哈],1,unlabeled,weibo_social
热感冒的人伤不起[泪][泪][泪][泪][泪]出门切饭饭咯,0,val,weibo_social
"如果整一个阿拉伯干炒牛河，与美国皮蛋瘦肉粥，自己荷兰布拉肠…或者法国串串香和意大利担担面、澳洲烧饼…会好吃点嘛？！[抓狂]//:反串,,,",0,train,weibo_social
不看后悔的、超赞的、简单易学的旅行创意[good]没wifi也得先马着以后看！咱也用这种方式游遍全球吧朋友们~炫酷死了哈哈哈[哈哈] //:[晕][晕][晕]得劲!![汗][汗][汗][晕][晕][晕][好喜欢][好喜欢][好喜欢][好喜欢],0,unlabeled,weibo_social
你俩怎么过的？ //-婕宁: 祝福祝福!明年就有孩儿一起过了[爱你],1,val,weibo_social
收到的礼物，漂漂的蛋糕?[嘻嘻]非常好吃，受到一致好评，谢谢,1,test,weibo_social
早高峰8分钟间隔，疯了吧[抓狂],0,test,weibo_social
有一个小姑娘，她有两部ipad，担心我买她的ipad，就把一部送人了，就这样还不放心，情急之下，一咬牙把另一部刚买才没多久的ipad给摔了，然后怯怯的问我，屏坏了你总不想买吧。这是我今天最大的悲哀…[泪][泪][泪],0,unlabeled,weibo_social
乌拉!//: //: 所有证书，都是废纸 //: 计算机初级证书作废了？！完了，我现在是无证程序员了…[衰]//:// : 当年杂不取消 // :,0,unlabeled,weibo_social
[鼓掌]通麦大桥已经通车啦！！,1,unlabeled,weibo_social
打电话回家，家里的同胞们真开心啊，妈妈姨妈小姨表弟表妹们各种吃饭各种聚！唯独我不在家！[泪]想想父母那一代，虽然过去家里孩子多日子苦些，但现在年纪大了兄弟姐妹常来常往也有个照应，多好！想想我们这一代，要不独子，要不就离得远，一年见不到几次，可怜呢。所以，有几个闺蜜何其重要！,0,test,weibo_social
"这是吊胃口，可以提高完整版的收视率[哈哈]//: 我去,停在最关键的地方[怒]可是最近的这一个是过去时啊还是现在进行时啊[思考]// : 四大冷艳系冰雪美人来啦,冰天雪地里的女神们，美丽冻人，很是心疼[玫瑰]",0,test,weibo_social
发烧了！[生病]怪我自己不注意！[泪]还好有颗山楂卷！谢谢,0,unlabeled,weibo_social
？ //: 苑老师，很有可能戏曲频道的领导不是这么理解的，或者说他们不愿意这么理解。[偷笑] //:其实戏曲的本义的是戏剧与曲艺 //:倘若独立的条件不很成熟，暂时委屈一下也是可以的，有总比没有强嘛。[哈哈] //:央视的大频,1,unlabeled,weibo_social
祝贺庆叔 //:多谢//: //: [鼓掌] 祝贺！！！,1,train,weibo_social
第七个，[心]，可惜头发长度不再。[泪],0,unlabeled,weibo_social
哈哈，看得出评估团的威力啦……石老师真可怜……//:石主任怎么变成罗老师了，太有才了！顶起！ [哈哈] [哈哈] [哈哈],1,test,weibo_social
//:[怒]//://: [怒],0,unlabeled,weibo_social
我想做那个柔弱漂亮的姑娘，我爱失业小鲜肉[爱你] //:今天去看媒体专场，俺作为一个新闻专业出身的观众来说，大姚演的很不错呦，商场老男人和失业小鲜肉口味其实都一样吗，那些女人认为值得男人爱的若兮和值得娶得红姐都败给了一个总结起来只是柔弱和漂亮的姑娘,1,unlabeled,weibo_social
"谢谢好姐妹带我进入-II 的美肤殿堂,一发不可收啊,我也不想收。神仙水果然名不虚传,怪不得一致推崇,大家一起好才是真的好[偷笑]前天在 又有幸得到了最新推出的全新肌源修护精华液试用小礼盒,小红瓶好惊喜[爱你] 我在这里:",1,val,weibo_social
每日感恩 史上最有大爱滴一位母亲！看完她一生撒的8个谎言，让人泪如雨下！[泪][泪][泪],0,train,weibo_social
人才[衰],0,val,weibo_social
终于熬过了北京长达半年的冬天，刚摸着春天的边儿，就要出发去全中国最冷的地方了！[泪][泪][泪]不过那里天很蓝很蓝~你知道是哪儿吗？,0,unlabeled,weibo_social
每天一盒呢[泪],0,unlabeled,weibo_social
买明信片的的姑娘，你挑花眼啦...[晕],0,unlabeled,weibo_social
[泪][泪]//: 白大爷走了一百天了，愿您天堂安好、[蜡烛][蜡烛][蜡烛][蜡烛][蜡烛][泪][泪][泪][泪][泪],0,test,weibo_social
我好困啊[睡觉][睡觉][睡觉]起不来啊！[抓狂][抓狂][抓狂]眼睛张不开[泪],0,val,weibo_social
晒明信片最近一个月收获的家书[心]分别来自:多伦多和乌镇 ; 香港 ; 德国和留尼旺 ; 氏努河图海底 ; 广西和西安 ; 海拉尔 忘签名的那谁 [太开心],1,unlabeled,weibo_social
"盘古大观,这个角度看,确实是够壮观和雄伟的![嘻嘻]",1,unlabeled,weibo_social
老师你们都在微博之夜啊 小秘书我好想去现场啊[抓狂],0,unlabeled,weibo_social
有的宏观调控用的部门 调控起来还不如不调控//:发改委说涨价就涨价，独断专行[怒],0,unlabeled,weibo_social
上午停水下午停电[泪][泪][泪][泪][泪][泪][泪][泪][泪][泪][泪][泪],0,unlabeled,weibo_social
收到了不少短信，但是发现现在的我越来越不喜欢发短信祝贺什么过年过节的。这是不是初老症[泪],0,unlabeled,weibo_social
我桌上有烟随便抽//: 酒没事儿，越老越陈，就跟咱俩似的[偷笑]//: 更悲催的是……烟也抽完了……[抓狂],0,test,weibo_social
我要去西藏！！！[抓狂] //：太美了,0,unlabeled,weibo_social
香港驾照办下来了，还不错，期待国际驾照[嘻嘻][嘻嘻][嘻嘻] 我在:,1,unlabeled,weibo_social
全删了，我决定不看了！不知道在法国的白鹿原有否完整版？[衰] //://://: 电影以日本轰炸做结尾感觉怪极了。最有意思的戏应该是解放后。这个片现在放是有一定参照意义的。//:这样的电影还能看吗？,0,val,weibo_social
"Sweet MorningFrom now on,love yourself,enjoy living then smile.从现在开始，爱自己，享受生活并且微笑。[呵呵] [嘻嘻] [哈哈] [挤眼] [太开心] 早安、甜心们",1,unlabeled,weibo_social
看完本周南都头条文章，顿然觉得再在北京待下去非死即伤，在无法离开的现在，决定立刻买个空气净化器，或者俩，或者仨[抓狂],0,unlabeled,weibo_social
爷这辈子再也不要吃它了[泪]想起我就恶心[生病][生病]那味道哟[吐][吐][吐],0,unlabeled,weibo_social
杭州 果然很无聊的街[晕] 我在这里:,0,unlabeled,weibo_social
"我从丁丁身边走过,留下阵阵榴莲香。。。[嘻嘻]",1,unlabeled,weibo_social
[哈哈][哈哈] //:10010// :,1,test,weibo_social
yoko啊~>_<~+好久没你的消息了 //:好听，干净，希望 //:[蜡烛][蜡烛][蜡烛]你要活着//:[泪] // :洋子阿姨[泪] // :你要活着，你要平安[蜡烛] // :无,0,val,weibo_social
好懂事的娃娃，愿她和妈妈在天堂安息。[蜡烛]//: 这么善良懂事的小孩，上帝怎么忍心带她走~ [泪] [蜡烛] //:很沉痛地宣布一个消息：由于烧伤过于严重，小萌婵和妈妈最终都没有能战胜伤病，离开了这个世界！感谢每一位热心读者和好心人的关心和资助！,0,unlabeled,weibo_social
哈哈哈、真好//: 还是那个地，还是那个桌子，只不过你换成了叉子媳妇。[哈哈][哈哈][哈哈][哈哈],1,unlabeled,weibo_social
设计专业化非一日之努力可达；支持设计的文化底蕴非一日之积淀。好与不好的判定能力的提升，就象看玉，看的多了，自然能看出成色的差异所在。革命没尚需努力。压力、动力[泪],0,test,weibo_social
//: [哈哈][哈哈][哈哈],1,val,weibo_social
都在干嘛去了？？药监局的人都吃什么饭的[怒骂] //: //: //:?混蛋啊！转！ //:// :// :各位家长注意了。,0,unlabeled,weibo_social
这是多么大的飞跃与角色转换啊，样样都做的出色！[哈哈]尚雯婕还我真相大白,1,unlabeled,weibo_social
[哈哈]//: //: bazinga！！,1,unlabeled,weibo_social
//-北京:醍醐灌顶了，真心给国足道个歉[衰]//:再次转给所有黑国足的人，你们愧疚吗？[挖鼻屎],0,test,weibo_social
海航快闪看到粉丝发布视频了，但是小编想说，我不要看枪版，人家要看正版的！！[抓狂],0,test,weibo_social
[爱你]我爱北极虾，哈哈~~北京也有吗？//: 亲们 加拿大野生北极虾全国促销轰动开始啦 关注我们看看自己身边的超市 是不是有我们的身影,1,train,weibo_social
深夜食堂 卤肉饭好好吃[抱抱],1,train,weibo_social
洗洗睡，lz都要冒火了[怒][怒][抓狂],0,train,weibo_social
瞧瞧//: 看看，脾气暴躁并喜欢大骂人，我多好啊，非常善良且被伤害[泪],0,unlabeled,weibo_social
昆仑山矿泉水就是专为女性设计的吧，它壮硕的瓶身如榔头、柳长的瓶颈如把手，握着那是相当有手感。[哈哈],1,unlabeled,weibo_social
[馋嘴][馋嘴][馋嘴][爱你][耶][耶][耶],1,test,weibo_social
筝言筝语 趁年轻――趁我还年轻。你说，我还年轻吗――嗯，我还年轻吧~[可爱]~,1,unlabeled,weibo_social
【超级笑星微直播】四号选手阿毛玉强将两首神曲串烧起来~从小兔子瞬间变成了大兔子哦！[给力]可偶滴同事告诉我这是驴[衰]~大伙儿觉得到底是什么呢？[疑问]可以编辑手机短信A+看法，发送到10660122688 告诉我们~还有机会赢取千元现金大奖哦！[笑哈哈],0,unlabeled,weibo_social
快忙疯了，没时间搭理你们了亲们[泪] ，明天告诉你们李献计历险记好看否，现在微影评还在论《画壁》,0,val,weibo_social
每个节气都展示一组[嘻嘻],1,unlabeled,weibo_social
小屋经历了“水漫金山”之后，窗外的雨又淅淅沥沥的下起来~雨天总是很容易让人陷入沉思~昨晚没开电脑，今早一看邮件N封待处理[抓狂] 疯狂的一周开始了,0,train,weibo_social
公益西桥店离我很近 //:嘿嘿，问问严总，帖子内容没问题吧，我没在网上，谢谢啦 //-BUICK:[鼓掌][鼓掌]欢迎别动队及爆总到店[抱抱],1,train,weibo_social
胃疼，想吐，蓝莓芝士和鸡公煲要泡汤了，[衰][衰][衰],0,unlabeled,weibo_social
会出太阳的 //:这回知道啥叫邪恶了吧，真真黑社会是谁，这回大家都清楚了！[怒][怒],0,train,weibo_social
空闲的时候就剩吃了[衰]?,0,test,weibo_social
最让你上火的事情急找某人，电话打爆了也没人接，火气一下就上来了有木有？想摔手机、把河东狮吼有木有？[怒骂][顶][抓狂][怒],0,unlabeled,weibo_social
坑爹啊坑爹，去双流老妈，排号68，前有三十桌等位；转海底捞，排号93，前有六十桌等位！最后吃了金台路最专业的麻辣烫[怒] 请问你真的不是因为拿了海底捞2万字的稿子，才替他们忽悠中五百大奖吗？！亲，包邮哦，U盘也不用还！[酷],0,unlabeled,weibo_social
5月1日 卢广仲[可爱]//: 今年P哥哪里演，我跟到哪里看,1,val,weibo_social
亲，你这样会有很多人想和你做朋友的[哈哈],1,unlabeled,weibo_social
"海德公园的奥运庆典,最感人的一幕就是来自世界各地的人们和当地人一起与台上的歌手哼着歌,摆动身体，不分国界。即使天上下起了雨，温度迅速降低到10几度，丝毫没有减轻人们的热情。还有个英国大姐，一直在我身后默默为我打伞[泪]。伦敦有真情SIII看奥运直播大使日记",0,unlabeled,weibo_social
??天都醒很早是在?哪?啊[抓狂][抓狂][抓狂],0,test,weibo_social
[吃惊]我们每天都在呼吸着什么？[伤心],0,unlabeled,weibo_social
你们的活动怎么是周一啊。。。[泪]艾欣不能参加，但是呼唤大家来参加 超级靠谱的活动啦~~[笑哈哈],0,test,weibo_social
回复-CHEONG:这么帅的帅锅你竟然不认识……[泪]回家好好看看动物世界！ //-CHEONG:不认识[嘻嘻][偷笑] //:[good]这俩人是谁啊？怎么这么帅呢！,0,unlabeled,weibo_social
好不容易坚持了一礼拜，结果就被一碗肉丝炒蛋毁了。。。[泪],0,test,weibo_social
我残着，蒙着面就到交通队办理违章来了，见不了人，也别给警察叔叔?吓着... 2月就重新记分了，趁年前扣分缴费得了。感谢前阵子就已经替我顶过分的童鞋，一年年分总不够用，也难过。[泪][泪][泪][泪] 2011，该！2012，改！[失望][失望],0,unlabeled,weibo_social
绝技！ //:[给力] //:[哈哈] //:绝对神来之笔啊[衰] //:i hate that game//:一定要看到最后//@--Linn--: 真的可望不可及//: //: 回复:嗯，尤其是人家关底最后那几下，真是神来之笔啊，看得我都惊呆了，原来还可以这么玩！,0,unlabeled,weibo_social
逗笑都有问题？！[抓狂],0,train,weibo_social
刚刚被某个对我很重要的QQ群的管理员给移出群了，和群里的老朋友失去了联系[泪] 真有这个必要吗？现实真的很“骨感”！,0,train,weibo_social
我这趟着都能中枪呀，[晕]//: 不是我说你有钱的,0,unlabeled,weibo_social
麦丽素救活了多少古装剧里那些即将死去的人们。。。[哈哈],1,train,weibo_social
回复 :眼睛不好使，都是看天下霸唱哥的小说看得....[晕] //:很好了 已经看成动物类了 恭喜你[握手] 继续 这就好比 画静物一个砂锅上画出10几种颜色同律 //:回复 :我已经用我看三维的视觉了，看到两只羊角[哈哈] //:回复 :抽象角度再看看[握手],1,val,weibo_social
为什么休息天想睡懒觉反而睡不着[泪],0,unlabeled,weibo_social
午间小憩 ，看看英伦下午茶的演绎，赏心悦目一下，按耐不住就行动起来吧~ [哈哈],1,val,weibo_social
吃饭了，外面天气真真好，我只能躺着看看外面的阳光傻傻发呆，还好围脖保持了我和外界联系，你们在老板面前也太太太嚣张了吧[晕] ?,0,unlabeled,weibo_social
//:美丽的地方值得一去再去。[哈哈] //:我去过枫泾，很美的地方。//: 好文好图，感谢啦,1,unlabeled,weibo_social
一个颈椎病突发智力受损然后丢了钱包的同学特发此图表达下复杂心情，她对现实世界到底有多不满意呢，请参照右边插腰的小背影并想象一下她的表情。 有人需要新钱包了[泪],0,test,weibo_social
教授堆儿里，本来就是一帮乌合之众！//: //: 什么教授，狗屁暴徒！！！ //: //-摄影-漆匠: 最起码的家教都没有也能当教授[衰] //: //: //:[赞] //: [赞],0,test,weibo_social
医者仁心啊！ //:[哈哈] //: //:春晚我打麻将，爱看看，不爱看睡，没必要为个把节目上纲上线，这才是文革遗风。,1,unlabeled,weibo_social
"回复:NO,NO,NO，正式的用英文名是HOSHINOYA Karuizawa.中文是虹夕诺雅 轻井泽[可爱][可爱][可爱] //:酒店就是 旗下的位于轻井泽的度假酒店！名字就是我的微博名字。。。我那是日文串法，正式英文是hoshinoya resort[哈哈][哈哈][哈哈]",1,unlabeled,weibo_social
你们[抓狂]//:早，鱼皮，队形排好,0,unlabeled,weibo_social
莪哪麽觉得咱仨整得那么像三个酒友呢！[害羞]//:okok[哈哈]//?柒柒:亲妹妹正解……[泪]不过那臭丫头貌似要二月底才从帝都回来。。要不咱俩哪天先去走一个？心情极度不美丽滴说..[泪],0,unlabeled,weibo_social
可爱小萌猫求包养 [可爱],1,val,weibo_social
//: 悲剧！ //:[怒]，生活在?朝，真是悲哀！//:摔倒老太太成毒药，惹不起 好人都不敢做了！,0,train,weibo_social
[泪] //: 深夜发吃报复社会烤猪蹄，，，诱人到极致。报复成功4.6颗星。刚吃完面条的小伙伴看哭了快。。,0,unlabeled,weibo_social
一声巨响，厨房墙上放各种调味品的隔板轰然倒塌，满地的酱油醋蚝油花椒大料盐，现在一屋子混合调料的味道，事故现场就不发了，总之一个惨不忍睹~~~[怒],0,test,weibo_social
深夜发吃报复社会真是好饿啊[馋嘴][馋嘴][馋嘴][馋嘴][泪][泪],0,train,weibo_social
发现美，诠释美，让美不留于表面，更注重内在，不浮夸，不张扬，“精“于内致。//:美的//: 谢谢您 肯定，我们会做到更好[太开心],1,train,weibo_social
儿子总有一天会拉着一个女孩的手告诉我这是他最爱的女人，他要和她出去住，还要守护她一辈子。[泪][泪][泪],0,unlabeled,weibo_social
哈哈 昨晚真的好热闹呢[哈哈],1,test,weibo_social
热情的西班牙~~超美//: ZARA诞生地！//：没去过没去过没去过没去过[泪],0,train,weibo_social
干嘛要[衰]黑我大国产混合油电。。,0,unlabeled,weibo_social
不营业了吗？很多年没去过了！好怀念记忆中的那个板栗山公园啊！[泪] //-铜陵:[泪] 小铜真的缺一座孩纸们无忧无虑玩耍的乐园，走了一座板栗山，还会再来吗？,0,unlabeled,weibo_social
书白读了。[怒],0,test,weibo_social
我妈拉着我去看房看户型。?现在房子不是不景气么？买房干嘛。[晕][晕][晕] [浮云][浮云][浮云] 都2012了[哼][哼],0,unlabeled,weibo_social
真正的国际玩笑[怒]，西方就那样强势的吗[抓狂],0,val,weibo_social
土楼的民风好纯呀… //:[晕],0,unlabeled,weibo_social
又来老舅家混饭，欺负了可爱的小乖，吃了一肚子涮羊肉[馋嘴]幸福的周末就要走了[泪],0,unlabeled,weibo_social
MS蜜语：如果你已经在旅途的路上，如果你还在温暖的被子里，无论你在哪里bonbon依然祝你假期愉快哦！[太开心] [太开心],1,unlabeled,weibo_social
各位小主儿都在哪里看得甄环传的呀，偶打算假期追下热剧呢。最好推荐PAD能看的萨[可爱],1,test,weibo_social
肌肉酸疼，僵硬啊[泪],0,unlabeled,weibo_social
[偷笑] [哈哈] //：你有饭前拍照的习惯吗？[疑问],1,unlabeled,weibo_social
必胜客里等灰机[嘻嘻],1,test,weibo_social
同感！[爱你],1,unlabeled,weibo_social
回复:木有??啊[抓狂] //:各种念各种念 //:你们这是腐败之旅吗？各种口水中！,0,unlabeled,weibo_social
鼓励一下，都很专注，不过原材料看上去真的很不错 //:我拍的我原创人，我当然必须滴得有份儿了[挖鼻屎][酷] //: 哪都有你，算是吧！！！ //: 那也是我拍的好[鼓掌][酷] //: 回复-刘晓鹏:嗯专注的帅！！！！,1,unlabeled,weibo_social
明天穿雨鞋上班[抓狂][抓狂][偷笑][偷笑] //-88:准备淘宝看看雨鞋了 //: 今后一个月可以派大用场了……,0,unlabeled,weibo_social
这小画画的喜欢！[鼓掌],1,val,weibo_social
海南旅游攻略 【看万景之胜地?品宁静之乡情?走进海韵万宁2日游】万宁美景数不胜数，要是真正的玩转万宁要花费花几天的功夫，本期攻略给大家选取比较有特色的景点，行走在万宁的大街小巷，每处都是景色迷人，来到万宁宛如天上人间一般，大家一起感受这里的海风海韵吧！[爱你],1,test,weibo_social
[抓狂] //:NND，今年又胖了[抓狂][抓狂][抓狂]//: 没有吃过容太家花园烧烤BBQ的人，不足以谈论人生。[哈哈],0,unlabeled,weibo_social
天蝎男 你好！ //:哇哇，见到本尊了！ // :丑乖丑乖的宝贝！小姨爱你[爱你] //,1,unlabeled,weibo_social
周末和天团的十位小朋友一起吃火锅，好胃口止不住，昨晚在家试试卤蛋，今早带来单位，谁来早谁吃[嘻嘻],1,test,weibo_social
[good] [爱你] [心] //：。,1,unlabeled,weibo_social
能预定假期的人最划算了，提前交定金能拿到2-3折的价钱呢。[给力]像我这样假期遥遥无期，连周末都不知道能不能幸存的人就只有眼馋的份了[泪][泪],0,test,weibo_social
赶紧加入品尝队伍吧，我已经先行动啦！//: 回复:鲜活的，肉鲜嫩多汁[挤眼]，怎么涮都不会老！更值得一提的就是涮着吃的小饺子，吃一口，忘不掉，快来吧！[太开心]（半只起售） //:活的？,1,train,weibo_social
两人来欧洲最好----你就看这普通的一份披萨：我就是把肚子上安了拉锁往里塞，也塞不下这么大一张面饼！[衰] 你那边是咋吃的？,0,val,weibo_social
恕我愚钝，我真不懂[衰] //：如何与领导吃饭、如何给领导敬酒、如何与领导一起坐车等技巧你懂么[挖鼻屎] //:1966年初夏，《北京日报》发表社论《游泳也要突出政治》。胡耀邦听后嘻嘻一笑，脱口而出：“游泳突出什么政治！游泳应该突出鼻子，不然就会呛水！”,0,train,weibo_social
为谁呢[吃惊]//:[玫瑰]为吉祥果儿发的博文在140天里阅读量近108万。这个专门写给你的一个月内阅读量30万，速度不慢啊！[哈哈]//: [呵呵],1,unlabeled,weibo_social
就是喜欢面条[嘻嘻],1,unlabeled,weibo_social
这个必须推广，罚不罚都是次要，意识很重要！我在美国开车习惯了，有次回国开车，人行道主动减速到完全停下，还被后面摁喇叭！[怒骂],0,test,weibo_social
这个不准您是经常出现在西站的人，求出嫁我[泪] //:我双鱼,0,unlabeled,weibo_social
洋气！ //: //:瞬间感觉土豪金不洋气了。哈哈哈 //:哈哈！?丝的逆袭瞬间变土豪的利器好吗[哈哈][哈哈][哈哈][哈哈][哈哈],1,unlabeled,weibo_social
第一次写就是精华游记，那是必须傲娇的！[嘻嘻][嘻嘻][嘻嘻]//: 回复:哈哈哈，一定要把娇柔做作风发扬光大[嘻嘻][嘻嘻][嘻嘻] //: [哈哈][哈哈][哈哈],1,unlabeled,weibo_social
被三个0点促销同时折腾的筋疲力尽。。。现在好想滚去睡。。。但是刚才精神过于紧张一点儿都不困了[泪][泪][泪],0,test,weibo_social
会遭报应的！[怒] //: 阿?陀佛！//: 老来难，老来难，劝君别把老人嫌，当初我嫌别人老，如今轮到了我的头前呐,0,train,weibo_social
回复@?Meg陈俪群:[话筒][围观][握手] //@?Meg陈俪群:求真相！[泪] //:回复:[握手] //: //: //:我小时候学习崇拜过的英雄还剩谁？[泪][泪][泪][泪][衰][衰][衰] //:一个个的破灭。 //:,0,unlabeled,weibo_social
明年去吧！[泪] 隔了两个月才看到。,0,unlabeled,weibo_social
什马情况啊//:[泪] 不知道被求婚是神马感觉啊…嗯哼@-梦千寻- //:这个做的比117好啊！,0,unlabeled,weibo_social
错过早餐滴孩纸午餐时间到啦！[偷笑][偷笑]//:明天早餐金鼎轩的走起呀[鼓掌][鼓掌] //:每回都必点的虾饺皇！[花心][花心],1,unlabeled,weibo_social
霸气吧 哈哈哈 新昌也有求伯君和陈天桥啊[偷笑] //:??酷! //?_诗忆: 哈哈哈 老乡帮老乡么 爸爸你是不是也考虑考虑买绿城的房子啊[嘻嘻] //:人是故乡亲，老乡帮老乡。下图陪同者为前嵊州?委书记盛秋平。,1,train,weibo_social
今天有人说我瘦[嘻嘻] 可是我想长胖啊[泪],0,val,weibo_social
中国人干点别的不成，干这种事儿来劲着呢。[怒][怒骂],0,train,weibo_social
悦旅杂志超神奇收纳什么的最实用了。尽在悦旅T+L?5月刊[鼓掌],1,val,weibo_social
华丽丽的混乱八卦！ //:情伤爆肥的阿mei居然深情地对着哈林唱前男友之歌，导播居然给哈林和莫愁大镜头~「我太八卦了」[衰][委屈],0,test,weibo_social
回复:必须以肥为宏福～与挚友有福共勉[推荐] //:[哈哈]四十有余也！惭愧！惭愧！[泪] //:好孩子不仅仅是学习好。,0,unlabeled,weibo_social
东总，生日快乐！！！年轻有为的典范呀，祝你新一岁投啥成啥，继续祸害移动互联网圈[嘻嘻],1,unlabeled,weibo_social
收到啦[晕][爱你] //:向全世界说爱你：我人生中第一次收花就是你送的！我爱你！,0,unlabeled,weibo_social
今天是怎么了！继老爸紫苏事件后，午饭吃了老妈做的红烧大虾居然过敏了！我知道自己自要吃没熟透的虾会瞬间过敏，但吃老妈做的虾二十多年，今儿个第一次啊！我以为只有我自己会做菜欠火候！老妈啊老妈！木想到您这五十多年的厨子也有失手的一天啊！还就被您亲闺女赶上了，哪说理去[泪][泪],0,unlabeled,weibo_social
春节和人拼车回去，有没有什么要注意的？！[悲伤]赶紧来友情提醒哦，亲们！！！,0,unlabeled,weibo_social
//:无耻之尤！背后肯定有不可告人的利益链！把这贴子转出来！[怒][怒][怒],0,unlabeled,weibo_social
讨厌的肩周炎[汗][抓狂],0,unlabeled,weibo_social
面粉进去，面条出来！//:会擀面条略过[哈哈]，话说我仅仅会这个了吧[挖鼻屎] //:[抓狂][抓狂][抓狂][抓狂][抓狂],1,unlabeled,weibo_social
坐在我左手的姑娘亲一下[爱你] //:太低调[爱你],1,unlabeled,weibo_social
[吃惊]天啊！不能喝伊利了[生病]真恶心[怒骂]别说一周了，万一是什么顽强的寄生虫……那你就成异形了……[生病]好恶心,0,val,weibo_social
//://:[哈哈]中国司法是一部让十几亿人心寒却让全世界笑话的《笑林广记》。//:,1,unlabeled,weibo_social
微行迹 这里风景如画，值得一年四季游览！牦牛肉嫩，青稞酒香，美味佳肴，我都不想走了....据说九寨沟寨里的村民都很富有，百万不算少，千万不算多。每年年底还有分红。带着微博去旅行 哪怕在这里放三年牦牛也好啊[泪],0,test,weibo_social
不带我吃！[泪] //:喜欢大盘鸡的皮带面[馋嘴],0,train,weibo_social
回复:老牌子，你多大的咖啡馆？总投资多少？定位是什么？ //:[泪]呀，真的回覆了，太感?了，我看好一款拉帕瓦尼的??，??下月去北京?，??这款机器很耐用 //-咖啡大佬老冯:回复:哈哈，那你第―次喝益生糖是什么时候？[嘻嘻] //:是呀，再不捋就全忘了,0,test,weibo_social
那无辜的表情！走起来[嘻嘻][哈哈],1,unlabeled,weibo_social
早上起来，满脑子都是三天三夜的旋律[晕],0,test,weibo_social
[爱你][爱你][爱你] //:祝好友；[鼓掌]真心笑容在每一天[太阳][心][微风] //:早安！周末快乐！,1,unlabeled,weibo_social
亲们，就不一一 [汗]（最后发现爱特了「了」 ）[汗]//: [衰] //: 清明了 挺想你的~,0,test,weibo_social
回复:4号和1号[泪][泪][泪]4号我等了三辆才上去，后来又被挤下来了 //:几号线,0,unlabeled,weibo_social
[太开心][心][礼物]//-英雄: 行走在婺源的暖阳黛雅中，村民们用万寿草在我身上印上万寿的祝福，感动、感恩,1,unlabeled,weibo_social
红包账务处理[哈哈][哈哈],1,val,weibo_social
鼓励鼓励//: [泪],0,val,weibo_social
[哈哈][哈哈][哈哈][哈哈]笑抽了,1,unlabeled,weibo_social
[可爱]//: //:人固有一死，或死于白水，或死于藏猫，或死于连跳，更有死于高温者，最夸张的是死于二手烟雾中???//: 人故有一死[偷笑] //:回复:人故有一死，或抽烟死，或不抽烟死！ //:从前有个人，不烟、不酒、不赌、不嫖；,1,test,weibo_social
舍不得闭上眼睛阿，因为醒来假期就省最后一天了，不到24h了[泪],0,unlabeled,weibo_social
人在中山，对话厉无畏先生。来去匆匆，没吃到中山乳鸽，有些伤感。[失望],0,test,weibo_social
Topless 容易下垂[偷笑] //:那。。。只能窝在家自惭形秽了[晕][汗],0,unlabeled,weibo_social
更有客房情人节套餐[心]，去香港之前一定要点的链接[礼物],1,unlabeled,weibo_social
7月7日旅游大派送话题：7月份张纪中的新版《西游记》就要上映了，更多拍摄地点，让我们跟随西游记的情节去旅游。[做鬼脸] 不过今天要问问大家，老版《西游记》孙悟空横空出世的地方是在哪拍摄的？[失望] 你最喜欢的人物是哪个呢？奖品：咏歌会欢畅礼包一份,0,unlabeled,weibo_social
请问这两位同学，你觉得哪个比较强？[太开心] [偷笑],1,unlabeled,weibo_social
汪星人这点应比喵星人强很多吧！ //:好感人！[泪],0,unlabeled,weibo_social
为毛都叫小野君哇？不是应该小野亲么？[抓狂],0,unlabeled,weibo_social
oh no。生物钟调到7：30了。。。[泪][泪][泪][泪][泪],0,unlabeled,weibo_social
一心系员工啊[悲伤]//:回复:木有啥重要的事儿了，别忘了每月十号给大伙儿开工资[泪] //:会！赶紧向我交代一下后老李时代日知的事宜,0,val,weibo_social
//:这不就是典型“房地产崛起” 的套路么？空手套白狼，而且套的是狼群，而而且狼群还不报案[衰],0,unlabeled,weibo_social
看Radwanska打球，急得我揪心。使点劲啊，用点力啊，跑起来呀，偶的妈呀，怎么病病歪歪的，这跟Serena完全不能打！家里两个波兰男宁，看不懂球，坐在一边问我：什么是deuce？[鄙视]认真一点，好伐？[抓狂],0,unlabeled,weibo_social
蟑螂打到早上一点，闲书看到早上两点，浓咖啡已经喝到三杯，脑子还是糊涂到像十三点一样[晕],0,unlabeled,weibo_social
支持支持[抓狂][抓狂][抓狂][抓狂][抓狂][抓狂][抓狂][抓狂][抓狂][抓狂][抓狂][抓狂][抓狂][抓狂][抓狂][抓狂][抓狂][抓狂][抓狂][抓狂][抓狂],0,test,weibo_social
[围观]粉粉们，现在预定一花一叶咖餐厅年夜饭，每店前5名支付定金顾客赠送法国波尔多干红葡萄酒一瓶啦！[给力]会员再享10%积分返还。欢聚大年夜，好运吃出来花粉们，快来抢先预定吧！！[鼓掌],1,val,weibo_social
德钦御庭今天的天空好像更蓝，连云朵都很少呢?再次见到日照金山[抓狂]羡慕阿，是有多幸运多惬意阿[鼓掌],0,unlabeled,weibo_social
据说在藏区的一些地方，牛粪还是一道菜哦！~[晕][晕],0,unlabeled,weibo_social
你见过天王送快递的？[晕]//:有点四大天王的意思吗， 和老师您觉得呢，[哈哈][哈哈][哈哈],0,train,weibo_social
[衰]哇，晴天霹雳啊,0,train,weibo_social
回复?:一言道出小伙伴们心声[赞][鼓掌][花心] //?:跳槽到 吧！[呵呵],1,train,weibo_social
快看 拉的便便糖！据本人透露是香蕉黄瓜和杨梅！太有才，多美的屁股拉得这样有型！ [嘻嘻],1,test,weibo_social
。。。师叔。。你肯定没干好事。。。。[衰],0,unlabeled,weibo_social
体制内都是些啥货色呀，各个龌龊至极！[衰],0,test,weibo_social
我偶遇了失散多年的兄弟！[哈哈],1,unlabeled,weibo_social
哈哈~~~北京消防太有爱了 //: 视频版都出来了[嘻嘻]，走你//: 【航母style视频征集】如果你也有你的态度，你的style，想来参与PK，那就拿起 记录下你的身姿加入到航母style活动中来吧！走你~[走你]活动详情：,1,test,weibo_social
第二次看到类似的微博，比比看，我们的教育很失败，很多方面我们自己也不能做到还早嘛要求孩子做到呢？[泪] //: //: 还不晚吧??,0,unlabeled,weibo_social
[泪] //: 请求支持与转发双廊客栈联盟的公开信保护洱海，从我做起！相信政府支持政府让环境更美好！,0,val,weibo_social
出线了。[太开心][太开心][太开心],1,unlabeled,weibo_social
回复:[泪]特别是这种炎热天气，看到就觉得透心凉，好舒服！！！[笑哈哈] //:我也好喜欢这种清爽的颜色哦，看着就很爽，嘿嘿,0,unlabeled,weibo_social
[泪] //:小伙伴们，尽量减少户外活动吧[感冒][感冒] //:已经两天了！！！而且随着北方集中供暖开始，这种天气将成为常态~~ [抓狂],0,unlabeled,weibo_social
大家记得明天（1０月26日）下午向杨律师咨询有关劳动法方面的问题。杨律师是我所劳动人事部负责人，熟悉劳动相关法律法规并积累了大量的实践经验，一定能帮助到你的。[鼓掌],1,unlabeled,weibo_social
我深知再万能的面膜，再牛逼的spa也挽不回姐姐被化妆品深度腐蚀滴脸[挖鼻屎][抓狂][委屈]，我只有使出杀手锏---[睡觉]睡觉！！[酷]。还是不行只有靠终极灭绝武器PS鸟[鼓掌]。各位著名的姐明天14：30?15：30到 Good night!,0,unlabeled,weibo_social
境界啊//: 在中国会莱很多警察驱散吧[失望] //: 无敌精彩！！ 不一样的快闪！,0,unlabeled,weibo_social
剪发前很激动，剪发后很被动[泪],0,unlabeled,weibo_social
幼儿园老师实在太离谱！得空去找她。[怒],0,val,weibo_social
哎呦，看得我眼泪飙出来了~ //:[泪][泪][泪][泪][泪][泪][泪]心痛~,0,unlabeled,weibo_social
[吃惊]这个姓见过，名字有意思！[哈哈],1,unlabeled,weibo_social
楼下不知谁还用手机放歌，旧楼隔音很差，我家四层听的特别清楚，一首歌反反复复放三遍了[晕]，这要搁以前我早就透过窗户嚷嚷了，现在着实是不敢，怕被砍[泪],0,unlabeled,weibo_social
某心灵手巧男纯手工出品[鼓掌][good][赞][兔子][给力],1,test,weibo_social
畜生都不如！[怒] //:畜生！[衰][怒],0,test,weibo_social
[鼓掌]//: [爱心传递]//:回复:你好！7-8月份，门票半价。//:请问教师证在那些时候是有优惠的？,1,train,weibo_social
[泪]欢迎，你要好好改造，浪子回头金不换,0,unlabeled,weibo_social
为什么我才看到这条~肉丸子已经是 的了~这几天还真的有点想它~[泪],0,unlabeled,weibo_social
刚进家，差点回不来了[哈哈],1,unlabeled,weibo_social
艹！！居然不带走猫猫！不能温柔转发了！找到主人先挠她！！[怒],0,unlabeled,weibo_social
完了完了，都有，还是没觉得幸福[泪],0,train,weibo_social
[怒]此教师真乃人渣也！,0,unlabeled,weibo_social
如此纠结的姿势你也能睡着么？不会是骗我的吧[抓狂]脖子拧着，胳膊拗着，好像被打断了再拼起来一样。。[吃惊],0,val,weibo_social
老有所养，老有所依。[泪],0,unlabeled,weibo_social
万圣节 [抓狂]。 上面是双胞胎吗?,0,unlabeled,weibo_social
北京小伙伴紧随其后，这个冬天熊孩子倍感温暖，谢谢大家对歌诗达熊孩子的厚爱！[太开心],1,unlabeled,weibo_social
[悲催][甩甩手][给劲]//?子:[哈哈][哈哈] //:上海的来了//?村?心:[good]//: //: [赞],1,val,weibo_social
这雨下还是不下，吓得俺也不敢出门，俺没有小铁锤啊[抓狂],0,unlabeled,weibo_social
我们台的旧话筒在我这![酷][嘻嘻][哈哈]//: //：//：亲爱的同仁们，我们挚爱的话筒……。中央人民广播电台最开始所用……还是有点年代了吧。,1,unlabeled,weibo_social
呵呵，欢迎有时间来小店坐坐！[嘻嘻] //:大龙虾，真心很不错！！！?,1,val,weibo_social
在闷热的办公室居然待了十三个多小时。突觉今天路上好黑啊。[晕],0,unlabeled,weibo_social
[嘻嘻][泪][哈哈][生病][吐] //:[酷][生病][怒骂][lt切克闹][衰],0,val,weibo_social
[微风][咖啡] //:回复:[握手][good] //:[鼓掌],1,unlabeled,weibo_social
周末节奏吃出的早餐哲理，你了解吗？太深刻了！赶紧get！[爱你],1,unlabeled,weibo_social
[泪][泪][泪] //:我吃荤，不吃素。[可爱] //:你可以吃菜[嘻嘻][嘻嘻] //:不减肥了！吃起来！[鼓掌],0,unlabeled,weibo_social
回复:听说了！五尺男儿都为之落泪了！爱马的人还有没看的么？一起呀！！ //:你这样爱马之人，会喜欢死的 //-for-a-day:急死了还没看呢[抓狂],0,val,weibo_social
Burberry男款格子短袖恤衫，???小票，?袋及??包?，很透?！推?紫色！看???[哈哈][哈哈][哈哈][哈哈],1,unlabeled,weibo_social
又睡到了出夕阳的时间。可为什么我牙这么疼[衰]我这两天吃的够养生的了[衰][衰]好痛。,0,unlabeled,weibo_social
OMG!!! 我最爱的?建豪 [抓狂][爱你] 猛击转起啊 [哈哈]//: FYI 吴建豪~,1,unlabeled,weibo_social
哇！[太开心] 我们的发布会好热闹呀！[给力][给力][给力]感谢 的报道哟！,1,unlabeled,weibo_social
"每日一新[熊猫]以希??士靴?融入?代的?方文化,???感更????而出的迷人造型,???感又???尚的扣???,再搭配??的大型皮???更能感受?特的??~[爱你]?南鞋店地址:上海市?安??西南路80?:021-62891014~",1,test,weibo_social
快乐滑雪队2012活动圆满结束，临走前刷了万龙最长的游龙道，全长3.4公里，13分钟完成，用六只脚手机版记录的图和数据很靠谱啊！到北京了，开堵[怒],0,test,weibo_social
今天明天厨房和玻璃装好就只余下刷漆，然后准备开业！[晕] 我在:,0,unlabeled,weibo_social
360度全方位无死角各种压力。[晕]淡定淡定。。老爸淡定。。。我淡定。。。。工作淡定。。。感情淡定。。。姐妹们淡定。。。乌龟淡定。。。淡淡定。[酷],0,unlabeled,weibo_social
不要取笑强迫症好不？他们好痛苦的。[泪] //：我也一定要抠下来安好~~~[抓狂],0,test,weibo_social
这秃子不敢@ 被害人家属，是怕破坏军婚被收拾么？[挖鼻屎]//: →_→//:[晕]→ → → → →//: 呔，这个拉皮条的秃子，娶了她吧,0,test,weibo_social
这个美发师是那个，黑厉害了//: NB呀//: 卡哇伊[鼓掌][鼓掌][鼓掌],1,unlabeled,weibo_social
看完宇宙大爆炸理论感觉世界观更混乱同时更完整了[晕],0,unlabeled,weibo_social
这宠物~是一只~猪！！??[晕],0,unlabeled,weibo_social
期待下一次的精彩！[亲亲],1,unlabeled,weibo_social
可爱的宝贝儿！[爱你][爱你][爱你][爱你][爱你][爱你][爱你],1,unlabeled,weibo_social
[爱你]亲好好享受我们的私密温泉哦，在房间里就能泡温泉，避免了下饺子泡温泉的尴尬哦?亲，假期愉快哦，可以参加我们的带着家人去御庭活动哦，有机会获得我们的大奖哦[嘻嘻][爱你],1,val,weibo_social
第四节真要命[抓狂]~小心脏受不鸟啊！[泪],0,unlabeled,weibo_social
呵呵，还是养狗狗可以当神仙[嘻嘻],1,test,weibo_social
得上传染病了，千万别碰我，眼睛都睁不开了，驾照考试怎么办啊[泪][泪][泪],0,test,weibo_social
我能说我都抽过吗！哈哈 //:我能说我都有吗[偷笑] //:我承认都没见过[衰][衰],0,unlabeled,weibo_social
谢谢 和 携灿灿一同来参加聚会。可惜灿灿没看上硕姐呀[哈哈][嘻嘻][哈哈][嘻嘻],1,unlabeled,weibo_social
牙神经还是疼啊！[泪],0,test,weibo_social
[抓狂][抓狂][抓狂][抓狂][抓狂]焦躁 烦躁 暴躁,0,unlabeled,weibo_social
保佑我这一周的期末考试都过吧[泪][泪][泪]马上有满绩[威武][威武][威武] ---tun,0,unlabeled,weibo_social
我刚刚喝完，回来得太晚，导致药11点多才熬好。[泪]我的也比之前的苦，刚跟我妈还在说这个呢。我觉得吧，咱们俩都成医托了，估计今天好多同事都想去调理身体了，对吧？,0,unlabeled,weibo_social
云南首届年宵花交易会！[鼓掌][鼓掌],1,unlabeled,weibo_social
哀悼，吴天明。划时代导演，亦是不端架子的良师。2006年一堂编剧课上，与吴老师相谈甚欢，自大地说推荐一个好剧本，竟把厚厚一本A4纸稿《背后》递给他。后来，他竟读完了。电话我，称赞。并为陌生的后辈之我毫不吝啬地写了推荐。一直想面谢他，想写一个好本子谢师，一晃八年，却再也缘悭一面。[泪],0,val,weibo_social
美哉，此处可渔！[偷笑]//: 其实美无处不在，就在身边[爱你] //:这水天一色[鼓掌]拍得真好,1,unlabeled,weibo_social
听了你的祝福我就快没一天开心了！[泪],0,unlabeled,weibo_social
看到你这条微博我表示很开心，看到苦逼的你我内心得到极大平衡[哈哈]谁叫你那观山湖豪宅不住搬个狗屁家，瞎折腾。,1,test,weibo_social
下了好几次决心，一定要戒掉网瘾，戒掉ipad，回归弹弹琴，看看书的日子，可。。。。怎么办啊，戒不掉啊。[抓狂][抓狂],0,unlabeled,weibo_social
除了不停地向你们道谢，我不知道自己还能做些什么！[泪][泪] -薇薇 @,0,test,weibo_social
当我到泰国机场准备调整时差时发现，i疯已经自动调整到当地时间，我对着天空深情地说了声：乔布斯，[爱你]谢谢//: 牛,1,unlabeled,weibo_social
超级不好。[泪],0,unlabeled,weibo_social
哇喔，快乐愚人节[爱你],1,test,weibo_social
等灰机...[衰]，希望这次可以准点飞吧。^_^我在:首都机场T2国内出发,0,train,weibo_social
看不成了[衰][衰] //: 挺风和丽日的//: ……一分钟版《姜戈》//: 这是怎样的好运气……一分钟……一分钟……一分钟……今天天气不错……,0,unlabeled,weibo_social
快快快！憋不住了，哪儿有厕所？[抓狂],0,train,weibo_social
有看仙逆的吗？太长了[晕],0,unlabeled,weibo_social
//: [哈哈]哈哈!真相大白了。,1,unlabeled,weibo_social
烤乳猪，太诱人了[嘻嘻],1,test,weibo_social
[嘻嘻]加油//:想去个杭州怎么那么难，次嗷，念叨一年多了！,1,val,weibo_social
//: 中枪了![泪],0,test,weibo_social
跳芭蕾的应该能驾驭的了~//: 这个是鞋子啊[衰]//:GAGA姐能够驾驭.... [嘻嘻],0,unlabeled,weibo_social
万恶的资本主义！[泪]//: 万恶的资本主义！[泪]//: 看哭了肿么回事！,0,unlabeled,weibo_social
回复-汽车在旅行:雾霾，首堵[生病]，云南的气温很暖，天空很蓝[嘻嘻][浮云][浮云] //-汽车在旅行:北京七日游啊~ //:很明显是腾冲[呵呵],1,val,weibo_social
下次要和爸妈一起来个全家福，其乐融融的再来一次歌诗达欧式豪华邮轮游哦！[哈哈],1,unlabeled,weibo_social
[鼓掌]//: [给力] 不管是《孤独星球》中国唯一夫妻档崔群与黄嵩讲述的牵手旅行有喜有悲的《那些旅行教我们的事》，还是几个女生组成“痴呆少女团”横冲直撞开启环台湾岛的青春无敌之旅！都会给你一个旅行的动力！[礼物] [威武],1,unlabeled,weibo_social
论持久战[晕],0,unlabeled,weibo_social
[泪]//:成长，就是看着身边的人们都渐渐地步入并不快乐的生活，自己也与他们在一起，陆续消失、接踵消逝……,0,train,weibo_social
尼斯漫记原来这个世界上真有旋转木马这个童话般的东西哦！我也想坐……[爱你][爱你][爱你],1,test,weibo_social
[鼓掌][鼓掌]//: [话筒]很高兴能宣布，广州成隆行第二个品蟹员是ROSAS_M，期待她的光临和指点！//: [话筒]各位亲们，我很高兴能宣布，广州成隆行第一个品蟹员是 ，期待他的光临和指点。[鼓掌] //:这个又苦又累的活，我包下来了！,1,train,weibo_social
此刻黄山[可爱]美丽云海，可遇不可求！图片来自黄山导游。,1,unlabeled,weibo_social
[抓狂]//: 尼玛尼玛这这这。。。[bed凌乱][bed凌乱][bed凌乱],0,unlabeled,weibo_social
[可怜][委屈][怒][抓狂][钱][生病]各种心情错综复杂。。。//: 哪家公司这么好啊[钱],0,train,weibo_social
Loli厨房出品今日早餐是本帮酱鸭米线。配菜是酱鸭，青菜，玉米，青豆，还有一盘盐水毛豆[哈哈]昨儿， 说我早餐一成不变的，可以换换了[汗]不知道你早餐吃的啥呀？究竟有多丰富？！[疑问][左哼哼],1,test,weibo_social
我想喝可乐！！！[抓狂][抓狂][抓狂],0,train,weibo_social
[可爱]玉米好?害。,1,val,weibo_social
都好好切磋！啥时候？//:我回去也要和你切磋[晕][爱你],0,unlabeled,weibo_social
越看越不对，你找谁啪啪我？//: [怒][怒]让你爷们啪啪你//:好吧//: 好吧，我文盲//:别解释！再解释也是不通[偷笑]//:没睡醒呢就开会了//:大哥，言语不通，该重修语文[挖鼻屎],0,test,weibo_social
今天冻死我了！[抓狂][抓狂]这天气变化太快了！,0,unlabeled,weibo_social
恩是哒。还有，俺的脸上好像着么也木有看出悲催相哈~~好像还幸福的不得了啊:我们把它当作一种经历吧当咱们老去回忆现在的时候一定不会觉得悲催了这是种幸福啊！ //:今天悲催到无敌啊，要在麦当劳坐到凌晨，等着上火车，为了喝点热白开还只能用我的体温把它捂热了。。容易吗我[衰],0,unlabeled,weibo_social
我也想出去走走。都待一年了，中间去了一次朝阳公园，连场电影都没看[泪][委屈],0,unlabeled,weibo_social
看着公车都空的没天理的开过，为啥我的公交迟迟不来。[晕],0,test,weibo_social
说：小城一天1000部戏演出...他还说：发完照片演出去..[泪],0,val,weibo_social
确实啊，逃无可逃，只有血拼！！！[威武][给力][din推撞][伤心]//?: 有同感?？,0,unlabeled,weibo_social
看起来我要加入…………夜奶一族了[泪],0,unlabeled,weibo_social
本周四上午10点，我们一起来玩相机~[阴险][做鬼脸][害羞][爱你][哈哈] //:我哥威武～,1,unlabeled,weibo_social
建议荷旅局做点米菲兔[哈哈]//:回复 :她的家在乌特勒支的中央博物馆中的米菲兔之家。[哈哈],1,unlabeled,weibo_social
三清新闻三清山旅游宣传短片亮相美国纽约时代广场，让美国人也瞧瞧小清的风姿[嘻嘻]欢迎更多的国外游客来江西，来三清山旅游，we are ready ！[给力],1,test,weibo_social
//--薛公子: //:转，望快点找到女孩儿！ //: 常看我笑话的粉丝们，帮忙转一下吧。为人父母都真的不易[泪]//: [泪]这个女孩父母命很苦，哎，转发一下吧。-蓉蓉,0,unlabeled,weibo_social
如果你喜欢法餐，而且是最道地的法餐，今天 的推荐不应错过。京城最著名法餐厅【浮士德】首次开团，仅198元享原844元浮士德双人套餐！传说中的求婚圣地，明星青睐的场所，奢华、优雅、细腻、时尚 别笑话我，我自己打算多屯几套，呵呵。[嘻嘻],1,unlabeled,weibo_social
才喝了不到一斤就喝多了…[抓狂][抓狂][抓狂],0,val,weibo_social
把腰带解下来换酒！[哈哈] //:我们这种消费，说是法国的你孙总也不信啊[泪] //: 英国红酒？ //:回复:五粮液还是五粮醇，忘了！还有英国红酒！[害羞] //:喝的什么高级酒呢？[思考] //:回复:已晕乎[晕] //:可惜，你喝少了[嘻嘻],0,test,weibo_social
必须转给尚未求婚的老少爷们，作个参考//:今晚的三里屯北小街都被感动了[泪],0,unlabeled,weibo_social
sherlock. 为什么一年只有3集[失望],0,unlabeled,weibo_social
[馋嘴][嘻嘻][给力],1,unlabeled,weibo_social
许久没有来西直门，竟然在换乘站迷路了[泪],0,test,weibo_social
"随着经济的发展,国人对食品安全问题将越来越重视//：感叹~~而今还有啥子能进肚子哦？人不至于最终全部被饿死撒[衰]",0,unlabeled,weibo_social
"[哈哈][哈哈][哈哈]晚安 //:Oh, Pug!",1,unlabeled,weibo_social
小地主，猪小妹，我对你们表示深切滴羡慕嫉妒恨，你们在那非，我在等着冬至出来收钱滴赶紧拿完钱回去[泪],0,unlabeled,weibo_social
"那得看在何等环境和条件下了。像偶们都市报纸的记者，大都状态是：我是一块转，哪需要往哪搬！哪容得了我们想干嘛干嘛[衰]//: //:是否应该这样问：中国为何不让培养顶尖的专业记者？// : 在自甘落后的体制下,你不能真正让一名记者深入任何行当",0,unlabeled,weibo_social
车展是车有魅力吗？ //:干露露进化为脱光光[怒] //-黄耕:穿这样和车有何关系? //:光着就完了![哈哈] //:[挖鼻屎][吃惊] @??苏不是胖胖苏 @ //:我草！祝北京国际鸡展越办越好！！[失望][失望],0,val,weibo_social
历史文物就这样被摧毁了！[泪][泪][泪] //:历史会记住这个疯狂且耻辱的时代//: //-休特: [围观]//: //:,0,unlabeled,weibo_social
好多呢，放心吧 //-万卿: 留几个20做烧烤啊！[哈哈],1,val,weibo_social
6:05起床，监督NONO吃饭，下去遛NONO。6:30洗漱，6:45吃饭，6:55换衣服出门。7:10到站台.悲催的公车走掉了。。。。然后今天迟到1分钟！！！我的100大洋没了。。。。[衰],0,unlabeled,weibo_social
带3岁多的小盆友出来旅游，无论是耐心或体力都是一种考验和挑战。。[泪],0,test,weibo_social
游水先黎大暴雨！[衰],0,unlabeled,weibo_social
[怒] //:[吃惊],0,test,weibo_social
感谢大神 昨天没有预测比赛[哈哈],1,val,weibo_social
[哈哈][哈哈][哈哈]苹果Siri被指提供”嫖娼指南” 娱乐场所喊冤,1,test,weibo_social
活过来了[哈哈][哈哈] //:失去才知珍贵 //:这次装上再也不卸了，强退170次也不卸！！//: 奇迹需要等待 //:奇迹出现了！,1,unlabeled,weibo_social
你在这个位置上过课么。[哈哈]（转）,1,train,weibo_social
回复:吼吼，下回我也尝尝[哈哈] //:生吃过。 //:回复:我也看过些资料说可以吃，但是，怎么吃呢？生吃？还是做菜？ //:最后的那个花，小时候抢着吃。,1,unlabeled,weibo_social
[鼓掌][来],1,unlabeled,weibo_social
你比央视靠谱多了。[泪][泪][泪],0,unlabeled,weibo_social
偷我手机的人，我让你过年[怒]，你把里面重要的信息都还给我吧~[泪],0,test,weibo_social
回复:好眼力，在转车[哈哈] //:这里应该是人们南路吧，靠近锦江宾馆。,1,unlabeled,weibo_social
旅行社和导游都是弱势群体。[失望] //:全国共性问题，旅游部门现有的执法力度只是警告性的，还不具备重罚使其畏惧的处分手段。其实这些问题，有些旅游部门根本无权管理，僧人真假只有宗教部门可以鉴定。欺骗诈骗敢问又该是谁来管辖？《旅游社管理条例》《导游人员管理条例》，,0,unlabeled,weibo_social
[可?] //：好可怜啊，骨肉分离！//：//：[泪],0,unlabeled,weibo_social
掏钱受虐 求年会早点结束[泪] 我在这里:,0,test,weibo_social
[偷笑][酷] //: 怎么办呢哈哈 //-Pacey:太造孽了[泪] //:这事儿你怎么看,0,unlabeled,weibo_social
教育本身已经成为商业化的产业了，如何能摆脱现实？ //?教育-潘加惠: //: 一切朝钱看的国度是没有前途的！信仰缺失，是这个时代的悲哀！ //: [泪]教育是让人大度看问题宽容包容，可现在的教育已经背离道德，唯金钱第一，名次第一。这样下去我们影响到的将是整个下一代。,0,unlabeled,weibo_social
现在看去年的自己做的节目觉得好坑吖。。。{{{(>_<)}}}[泪][泪] 靠你了[爱你] 我在:,0,unlabeled,weibo_social
[泪] //-://-高惠君:,0,unlabeled,weibo_social
这个时候旁边要是有个亻该多好啊！[抓狂]--羊官儿,0,unlabeled,weibo_social
2013中粮我买网食品网购白皮书解读2：1生鲜食品增长率最高，达109%，其中28-38岁网民近一半，都市白领近一半，年轻父母略过一半，女性占2/3，2北京网友最爱买零售，上海网友最爱买进口食品，广州网友也最爱买进口食品，但是木有人在网上买生鲜食品[泪]。-食品网购专家,0,unlabeled,weibo_social
神厨娘子大家这几天怎么都不做菜艾特我了！[泪][泪][泪][泪],0,val,weibo_social
龙门镖局 初恋戏码终于上场， 最后的快板打的飙泪[泪][泪]~ “初恋党”们这集戳中你的泪点了么？,0,unlabeled,weibo_social
[哈哈][哈哈][哈哈] 这张图片说明什么？1.中美是可以友好的；2.女人婚后可以少干一些活的；3.男人要多做事；4.古人比我们前卫；5.只生一个好。（图片转自 ）,1,unlabeled,weibo_social
每个人旅行的定义不同... 我愿意3K住一晚酒店，可能不愿意花钱买个包...酒店控的无可救药也让人抓狂[抓狂][抓狂][抓狂]时常为感受一座酒店而专门安排一次住宿。,0,unlabeled,weibo_social
两周不见，尼玛，miumiu吃成猪了！！！！[怒][抓狂][抓狂][抓狂],0,test,weibo_social
早上好，亲们! [爱你] 从小就唱我爱北京天安门，从小就向往CCTV。终于有一天，来到北京学习，工作，生活，天天进出我向往的中央电视台，天天上下班经过北京天安门。今天，天安门广场大屏幕开始播放我们制作的《锦绣中华》宣传片，人生的又一个梦想实现了！感谢命运，感谢帮助过我的朋友们![鲜花][微风],1,train,weibo_social
孩子做错事是可以原谅的，但这孙子根本就没有认错的心！[衰] //:让他火！！//: 不明白这些个爱乱刻的人，什么地方刻字最多难道他们不知道么。。。乱刻就欠剁手~ //: 这孙子要火大了 //: //: 法老的诅咒！,0,test,weibo_social
Loli厨房出品蕃茄包菜，牛肉酱炒空心菜，土豆鸡毛菜蛋汤，柠汁烤小黄鱼（从烤盘夹出来就破相了[泪]），红豆饭。,0,test,weibo_social
这都什么人！//?:肺疼[衰][泪] //?: 在此深深地表达一下我对 ? 童鞋以身吸毒的默默牺牲和奉献的崇敬之情。更值得提倡的是 童鞋以跑步明志扩充肺活量吸更多毒，发挥先锋带头作用，成为新北京学习的楷模。阿门，上帝保佑你们[绿丝带]//:明天果然令人期待。。。,0,test,weibo_social
偶遇[嘻嘻],1,unlabeled,weibo_social
睡不着，2个月没去敬老院看可爱的老人们了，明天一定要去一趟。纠结带什么礼物去，[可爱]顺便把2013年的捐款带过去！[可爱]林琳笨要坚强努力哦，开心快乐多赚钱多捐款哦，别先把自己饿死哦！,1,unlabeled,weibo_social
[晕]车展越来越开放了//: [围观][吃惊],0,unlabeled,weibo_social
感冒[泪],0,unlabeled,weibo_social
[害羞] 小枣真不好意思呀//:吃过了小枣手做饼干，我再也不敢说我会做饼干了[爱你],1,test,weibo_social
停水停电[泪][泪] 牛妈打电话让做饭哩，看来只有吃面包鸟[抓狂][抓狂],0,unlabeled,weibo_social
STAY的Sunday brunch失望啊[泪] 海鲜套的头盘生冷得丝毫不惊艳，三文鱼生蚝尔，尤其是所谓龙虾肉居然是麻小，好失落[晕]；肉套的火腿冷盘和塔塔牛肉倒是有点意思，可惜主菜的烤鸡肉干如粗柴，大大扣分；最好吃的反而是菜单上毫不起眼的蔬菜餐，无论是荤素配比还是温度，都不至于太难为我脆弱的小胃,0,test,weibo_social
矮油，八喜，你是多能吃呀？麻麻胃里像是藏了个黑洞，吃很多东西还是很快就觉得饿了，心慌的睡不着觉啊，还得吃点儿去。[抓狂],0,unlabeled,weibo_social
刚才去奶奶家的路上看到姆们亲爱的于老师啦！！！[哈哈][哈哈][哈哈]老师爽朗的笑声瞬间勾起我好多儿时回忆，好想回到十八年前[泪][泪][泪]于老师说我又长高了（这几年是长了点，始终保持在181.5），眼睛也更大了！（我眼睛以前是有多小...[泪]其实不仅大了，眼皮都由单变双咯）,0,unlabeled,weibo_social
来到阳澄湖一眼望去，全是蟹庄！最终选择了这家我在微博上联系的“溢香蟹楼”价格也很合理，准备上船吃螃蟹[鼓掌],1,unlabeled,weibo_social
各位先生各位女士，不要再跟我?日本?了[怒]我?不懂[衰],0,unlabeled,weibo_social
可言可语可可在我电脑上翻看壁纸，看到这张说：妈妈，狗狗好可爱哦。我们就用这张吧。刚好你姓狗，用这个正好。[泪][黑线]你才姓老鼠，我属狗，我才不姓狗呢。[思考][右哼哼],0,val,weibo_social
[晕][晕][晕][晕][晕] //:[吃惊],0,unlabeled,weibo_social
//:回复: 急 寻 急 //: [衰][衰][衰][衰][衰]朋友家的金毛带着贵宾离家出走了，求扩散 //:主人电话13559935391、13559935392,0,unlabeled,weibo_social
在电视上给老爸老妈放前几天去旅游的照片。看完后，老爸很认真的说地方不错，照片照的也还行，但如果把你从照片里去掉，效果会更好[泪],0,unlabeled,weibo_social
人家是让你们这些设计大师多看些科学杂志，尤其是麻省理工科技创业[鼓掌]//：你让他把项目交给我就行了，不用那么辛苦地飞了,1,unlabeled,weibo_social
回复:反正每个节目都有jp出现，不然怎么对得起娱乐二字呢。。。 //:回复:要西快了！半夜句叫 //:[抓狂][抓狂][抓狂],0,unlabeled,weibo_social
回复:谢谢！ //:康爷要注意身体啊！ //:回复:是的，所以要暂缓执行。一般吸烟时都在想别的事，所以根本记不住这盒烟是何时打开的。 //:由此看来您老的记忆理论准备不足！[哈哈],1,unlabeled,weibo_social
[委屈] 我也不知道吖[泪]莫名变坏人[泪]//: 为什么不提前通知下啊！?看到直播[泪]婷姐是坏人，下次上节目要罚唱两首,0,train,weibo_social
朝阳大悦城店 竟然用变了质臭鱼 糊弄顾客！！！芥兰老的带梗！厨师说没问题，前厅经理说你可以自己处理。靠！！ 这菜品 这服务[弱][弱][弱][怒][怒][怒][怒],0,test,weibo_social
下山路上，不停地遇见有人在抽烟，我好紧张。[生病][怒][怒骂] （图片与文字无关）,0,unlabeled,weibo_social
尼玛[抓狂]想办个边境通行证就TM这么难？各种不管各种要交[怒]毖朝[威武],0,unlabeled,weibo_social
连看两部电影。。。结束了这个点了[晕],0,test,weibo_social
擦 饿 真饿[晕],0,train,weibo_social
重新开始我最爱的普拉提。收获很多，感触很多，发现肥肉也很多[泪]脊柱左旋，骨盆前倾，虽然毛病不少，好在底子还在，希望能尽快回复之前状态。你说呢,0,unlabeled,weibo_social
湖南不愧是本朝龙兴之地//:咋都出在湖南？ //:湖南想干啥? //:？ //:越战英雄都敢打，国家主席都敢杀，民企财富都都劫，＂宇宙真理＂真乃所向无敌！ //:[怒]胡鞍钢出来走两步//: //: 湖南想变天！//: 城管越来越无法无天！,0,unlabeled,weibo_social
白羊这点我一直做的很好。。 //:染黑发。。。真的吗？ // :[爱你]// @?小妞Carrie :最不靠谱的转运。。。,1,unlabeled,weibo_social
我们一直在寻找机会给更多宾客更多福利！酒店水疗中心正推出一系列特惠专享，例如：选择淋巴排毒香薰按摩，就慷慨赠送背部按摩和拔罐或刮痧！！真是诱人又超值！更多特惠详情，请看下面宣传单页。现代生活压力大，一定要懂得爱自己哦~[抱抱],1,val,weibo_social
比如唠叨与琐碎我擦了个去！今天诸事不顺是真的！！！！花了几个小时备份了手机里所有的东西然后开始刷机！！然后你妹的刷了一个多小时还没好！！！问了好几个爷们儿还不如我呢！！然后想上微博求助！！然后看到好多评论！！！我心说先回复一个！！结果一不注意删了一条微博！！！妹啊！！！[泪],0,unlabeled,weibo_social
太欢乐了 //-magazine: [哈哈][哈哈][哈哈],1,unlabeled,weibo_social
坚持抵制！//: 他们真是疯了！坚持抵制！[晕][思考] //:坚决抵制，不用海天牌，大家转起来！,0,unlabeled,weibo_social
[哈哈][哈哈][哈哈] //:有钱！[钱] //:消灭地球暴政 //:神马？！ETO开始行动了？？-叶文洁 //: 赞！！！ //:牛,1,train,weibo_social
这么好的天气，走！踏青去[爱你],1,test,weibo_social
智能360太好玩啦，可是为什么爱疯不能用啊[抓狂],0,unlabeled,weibo_social
坑爹的足协你做得太漂亮了[怒],0,val,weibo_social
早安，周五。早安，阳光[可爱],1,unlabeled,weibo_social
美女们！[花心]应大家要求[太开心][爱心传递][爱心传递]这款平跟过膝靴到货咯[做鬼脸][做鬼脸]！,1,test,weibo_social
//-ZENSON: [可爱],1,unlabeled,weibo_social
[围观]//://:[哈哈][哈哈][哈哈][嘻嘻][嘻嘻][嘻嘻] //-刘:？ //: //: 又一次惨烈的冲击了中国社会的道德底线 让有良心 行善的人不敢做好事 此恶性循环必然带来更多恶果 //??中文?:震撼转载,1,test,weibo_social
文科生表示还是图文并茂比较容易了解，这个最科普，大家看一看。ps看晚一步，今天炒蛋没洗手……[泪]//: [H7N9全国综述],0,unlabeled,weibo_social
小戴子Listen!! So touching! 最平凡的人却有最打动人的美丽声音！她，35岁的狱警Sam Bailey深情献唱Beyonce经典之作《Listen》轰动全英！好久没有听到如此美的Listen了，听得我泪流满面啊[泪],0,unlabeled,weibo_social
枯坐了两小时，钱包拿两百块，找个排档全部花掉去[怒],0,unlabeled,weibo_social
我们恨你[泪]//?: 隆重不推荐！人多！不订位就经常排队！订位就经常订不到位！吃一次就上瘾。想吃第二次！隆重不推荐！ //:帅哥，我们这里好吃吗，是隆重不推荐那还是隆重不推荐那还是隆重不推荐那[偷笑],0,unlabeled,weibo_social
//:今天省领导去新华了，希望除了落改村，偏远的下冷村也关心下吧！那里偏远，老人多，村干部工作也辛苦。镜头之外更需要关注！//: [围观][围观]请大家帮忙转发好吗？真的对不起！刚刚才看见，希望现在转发还能帮上忙！[失望],0,unlabeled,weibo_social
FXXK OFF!//: [怒]转给更多人看，还原历史真相就在,0,val,weibo_social
[泪]致敬,0,test,weibo_social
在复工的第一天po这个实在是太不应该了，不过照片也太美啦?原来有这么多地方没去过！你觉得哪里最浪漫呢？巴黎不错哦！[爱你],1,test,weibo_social
还好都不是//: //: [衰]//:＂两个人谈恋爱，三观一致很重要。有几点问题是一定要谈清的：1，是否喜欢杨幂，这是审美观。2，是否关注了陆琪，这是恋爱观。3，是否是方粉。这是人生观，同时也决定了智商。如果你既喜欢杨幂，又关注了陆琪，还是个方粉。那么。珍爱网也帮不了你,0,unlabeled,weibo_social
"早上出地铁，碰到了两个妈妈年纪的女人，站在我面前，对我说“姑娘，主与我们同在”然后在胸前画十字架，我看她们的嘴型，说了个”阿“我想配合一下，就张口说了个”阿弥陀...“说到一半我发现她们说的是”阿门...""我又跑了...为毛我的一天总是从落跑开始的...[泪]",0,unlabeled,weibo_social
我真的有[泪],0,val,weibo_social
有一百五十年历史的西澳大利亚第一颗葡萄藤[爱你][爱你][爱你],1,val,weibo_social
米聊vs微信感慨一下每天微信联系人以数以十个的速度增长，而米聊一天也就三三两两的有或没有[萌][衰],0,unlabeled,weibo_social
气死我了[怒],0,unlabeled,weibo_social
知乎的「如何正确地吐槽」成了我每日必看栏目。这条吐槽我真的跟着做了。[哈哈],1,unlabeled,weibo_social
请重视！万万不可轻视舆论的压力！//: 好吧，我没hold住，谁hold住，谁去。希望我的朋友们，谨慎入住宁波江东区香格里拉大酒店！作为目击证人，我可以坦率地告诉你们，一旦遇到攻击，没人管你。[泪]生命只有一次，酒店到哪都是！[哈哈],1,unlabeled,weibo_social
尼玛太搞了//: “班花”本尊出现咧[害羞]//: [衰]我只想澄清???拍摄时那块口香糖真心不是我吐出来的啊??[衰][?],0,unlabeled,weibo_social
回覆:喔！害我以?我老了！?幽默感！？[抓狂] //:不是冷笑话只是冷笑话也爱这句转了一下[兔子] //:?是我很喜?的沙士比?名言之一！怎?到了微博?冷笑?？好笑在哪??可以告?我？？？？[黑?] //:爱所有人，信任少数人，不负任何人！,0,unlabeled,weibo_social
老娘也不知道在电视上和哪个2B专家学的，打了一大杯不知内容的蔬菜混合物，非让我喝了…俨然闻到了小时候喂鸡的鸡饲料味道…[衰],0,unlabeled,weibo_social
"?得北京下起??大雨,[抓狂]",0,test,weibo_social
-金利多慈善基金 //:心酸酸的[悲伤] //:政府撒钱给美国、欧洲、非洲、朝鲜……为什么不拿出一点点给这些孩子呢，他们是这个国家的未来呀！,0,test,weibo_social
太热啦，这大太阳~怎么大周末的还堵车啊[抓狂],0,unlabeled,weibo_social
为人民币服务[怒],0,unlabeled,weibo_social
好可爱//: [嘻嘻]我要去摸摸，让不让啊[din推撞],1,train,weibo_social
厄?这笑话隐藏好深?[汗][晕] //:上万转发啊。。。比我狠 //:,0,test,weibo_social
麻辣戈壁，买到山寨的红牛了[黑线][黑线]富民产的[抓狂] 在包装是否存在侵权[思考],0,test,weibo_social
明天怎么上班阿，都爬不起来了[泪],0,test,weibo_social
好方法，果断秒存。这真是下血本啊！ 这才叫＂杀手＂级的应用，无法超越吧！[泪][偷笑] 明天给 送5本菜谱，该你表现了。,0,unlabeled,weibo_social
张翰能有封腾腹黑的总裁气质么？悬。。。还说嫩了点儿，宁愿小哇来演[哼] //:张翰我勉强可以接受。赵，我真心吃不消。。我还是留着小说的美好记忆吧//: 这个组合凑合吧，比杉杉强啊！真不想把好文都毁了。[失望] //:之前薇薇说也要拍。好像,0,unlabeled,weibo_social
帮转帮转[嘻嘻] 明信片控们不要放弃这个好机会哟~//: [话筒]话说怎么大家对明信片的热情不高的？转发的好少啊，小编要哭了[泪]！快快艾特你的朋友们转发吧，小编好从遥远的澳大利亚北领地给你们寄明信片啊！！[围观][围观][给力][给力],0,val,weibo_social
怎么会是小文呢[泪][泪][泪][泪],0,unlabeled,weibo_social
猝不及防被这个姑娘击溃了//: 这姑娘很可爱//: 真的可爱的姑娘！//: //:[心] 想与刘欢和大家一起流点儿眼泪的，建议看看！ //:坚持看完，险些被戳中泪点 //: [泪][泪]毫无准备随手点进去却很快就被感动到一塌糊涂，用心去珍惜~~,0,train,weibo_social
嘿，小伙子真精神啊，回家别忘了继续操练起来，俺们等你交作业哈[哈哈],1,unlabeled,weibo_social
枪毙，畜生！孩子碍你什么事了[怒][怒][怒],0,val,weibo_social
[哈哈] //://:[泪][泪],0,unlabeled,weibo_social
人肉他，一刀斩他个桃花开//:我*你祖宗！！！你**是人么！你*了个*的！！[怒]//:,0,train,weibo_social
Thats 100% True!!!![泪] //://:话说此君算是睡的多的[泪]原来上班的时候觉得自己不可能更累了，申请的时候才发现原来上班根本不算什么，等到开始在美国念书，才发现过去的苦啊累啊神马都是浮云！[生病] 老美同学既绝顶聪明又超级用功的不在少数[赞],0,unlabeled,weibo_social
[哈哈]//:看看人家的员工餐[泪][泪][泪][泪],0,unlabeled,weibo_social
这比C罗还农民，为毛糟蹋黄立行，丫就预谋要上了黄，到手了//: 我不能接受！//@??: [抓狂]不...,0,unlabeled,weibo_social
[抓狂]// :话说当年我看到这个倒回去看了几十遍…超级激动的……允浩把在中手自然而然收进手心中，然后往怀里方向放，虽然早就坚定允在真爱。看到这幕突然觉得这就是恋人吧…真正的恋人…普通的恋人…真爱也许就是这样，心灵的合拍所以，合拍的手。,0,unlabeled,weibo_social
明天还要开车去深圳开会呢.. 明天金光华广场还有奥迪技术巡展呢... 让我们共同期待暴风雨过后的绚丽巡展！[嘻嘻],1,test,weibo_social
泪奔！ //:[心][心][泪] //:父爱的伟大！好感动哦！ //:[泪][泪] //:超感动哇[泪],0,test,weibo_social
7年多了，恭喜你，终于用了回新手机。你翻身了[太开心]???,1,train,weibo_social
这大热天的我抱个热水瓶！活受罪啊！[抓狂],0,val,weibo_social
名古屋出发的新航线：Jetstar Japan低价航空公司开通名古屋至福冈，名古屋至札幌的新航线，票价均在5000日元以下。来名古屋后可以花不到400元就能到北海道和福冈，大好机会，不容错过哦。[鼓掌],1,unlabeled,weibo_social
不改革吗？ //:[怒]//: 十足无耻缺德王八蛋[鄙视][鄙视][鄙视]//-大鹏:全额报销 加 高干病房 高干门诊 高干医院 老干保健中心 不惜一切代价， 90%的医疗支出用于干部医疗 。,0,unlabeled,weibo_social
和第一车网、机锋手机市场的市场总监谈了一下午，问题建议一大堆，不过我还是觉得，六只脚很有前途嘛，欢迎推荐有识之仕加盟，晚了没位置了啊[嘻嘻],1,unlabeled,weibo_social
可可成长在送老爸回平潭的路上，可可想留在外公外婆家，说我们可以自己回来，她在外婆家过寒假。这孩子还真是只要有玩伴就可以不要父母了呀。[晕][哼]图片是上次小雨上来，两孩子一起做 的手工，小雨的愿望:想要月亮。[哈哈],1,unlabeled,weibo_social
哪天回国来体验一把[嘻嘻]//: 看起来不错 国内的主题酒店有进步啊/: 有奖转发想在童话般浪漫的酒店和TA一起过七夕吗？8月6号―8月23号我在一个有爱的地方等你参与方式：1、同时关注 2、评论说出七夕你想怎么度过并转发此微博。,1,unlabeled,weibo_social
在网上买了一瓶特价的高级香水，名牌，超级便宜！本以为自己赚着了，但当我拿到香水的时候我彻底崩溃了！！[可怜]浓香型“榴莲味”高级香水……[失望][感冒],0,test,weibo_social
恩！经典！收了！咱也大气点的~~哈哈哈[哈哈],1,val,weibo_social
冷家本来就瘦 //: 回复: 我挑了张显瘦的而已[酷] //:你麻麻好瘦[泪]各种羡慕,0,unlabeled,weibo_social
[怒]//: 还能再夸张点吗？下次能不能不再说俺们拉低品味，真是冤啊！,0,train,weibo_social
回复:哈哈。 //:回复:表想多了??我是不是约解释越黑了??[衰],0,unlabeled,weibo_social
安排休息的屋子一股怪味，说送饭到屋子，等饿的不行了，问服务员才说忘记送了，于是拿到了不值五元的白菜套餐。电话没信号，发现居然电话线都没接。[怒],0,test,weibo_social
东站等的士突然一个阿姨拿着杀蚊喷雾开路直接打尖（阿姨杀到的地方大家慌忙躲开），杀蚊喷雾还直接当香水用喷在自己手上、脸上，一路喷一路喃喃自语，[汗]发生咩事[晕],0,unlabeled,weibo_social
哎u。胳膊疼。不能右手打弯了。1分钟变杨过[抓狂][抓狂][抓狂]这可肿末办？,0,test,weibo_social
回复:这都被你发现啦~~[哈哈] //:回复:呵呵，这条回复彻底颠覆了你勾画出的小美好，[嘻嘻],1,unlabeled,weibo_social
昨天晚上的成果，对付蜜蜡原石有一点点心得了:敢下手就ok。[哈哈],1,unlabeled,weibo_social
我靠，这么大风啊，怎么没人跟我说啊，[泪][泪][泪],0,unlabeled,weibo_social
饿[晕]就不吃[哼],0,unlabeled,weibo_social
热烈欢迎美京城美食达人 [鼓掌] 光临康源轩药膳，期待您的意见和建议哈[得意地笑],1,unlabeled,weibo_social
「城中客房」?者?：我十分想和那???喜羊羊的?伙合影[抓狂][害羞],0,train,weibo_social
喝免费咖啡咯 ?的 //:星巴克咖啡武汉全城免费喝啦！！[太开心],1,unlabeled,weibo_social
哈哈端午节时也有艾草 //://: ?起?，?真是?有自己做?艾草汁。可是，哪?能找到艾草呢？//: 每年的清明都会下雨，但不是每个清明，都能吃到往昔味道的青团[泪],0,train,weibo_social
南锣鼓巷也变海了！[泪]//:我去！真的假的？//: -0- //:海景房啊，,0,val,weibo_social
[晕][晕]拍照水平咋样？//:你信得过蜀黍证件照的技术嘛[偷乐]，不过没有打印照片的设备[bm卖萌] 好在现在照相馆加价都能立等可取,0,unlabeled,weibo_social
等了俩小时了，还在等[泪],0,val,weibo_social
[哈哈]呵呵,1,unlabeled,weibo_social
跨栏和标枪的好逗啊[哈哈]//: 第一张和最后一张好帅哇[哈哈]//:[哈哈][哈哈][哈哈] //:太帅了捏 //:太可爱了……,1,test,weibo_social
估计外星人原本是要来的，后来一打听，这个星球原来有一种叫城管的终极武器，就放弃着陆计划了[衰],0,unlabeled,weibo_social
【80后春节遭遇新烦恼：“被逼二孩”】“什么时候要二孩？”，这是马年春节困扰很多年轻人的新话题。面对“七大姑八大姨”的“穷追猛打”，不少网民开始吐槽自己“被逼二孩”的经历，还有单身网民表示，别人都要生二孩了，自己还没有找到对象，差距越来越大了！马年春节，你被逼了吗？[泪],0,train,weibo_social
捷泉是什么？//--心砚堂: 下次可以改地方了，别老是捷泉捷泉的。。[哈哈],1,unlabeled,weibo_social
[good] //:还有，在所有妹妹眼里哥哥都是帅哥/:)/:在所有母亲眼里，自己的儿子都是帅哥[呵呵] ，转了！ //:认为你儿子会是帅哥的请转走。。。[嘻嘻],1,test,weibo_social
马油保养确实给力，再加上很细腻的做工和地道的材质，确实给人以长穿如新的味道。 //: 新的一样~~~[爱你] //：tm好靴，日系靴经常保养，光亮度很棒，羡慕,1,train,weibo_social
配枪子弹太少，火车站应该有特警巡逻的啊[抓狂],0,unlabeled,weibo_social
哈哈，希望你们笑纳拉！[哈哈][哈哈],1,val,weibo_social
属苏州工业园区 //:组团去 //:为何我们去阳澄湖没见到这个酒店[泪] //:明天下午公布啦！五星级阳澄湖澜廷度假酒店 豪华房免费试住！！！,0,val,weibo_social
在上海真好……[泪][泪][泪],0,test,weibo_social
旅途硬菜【网传史上最全的南京美食攻略！！[赞] 】来南京旅游的童鞋，大家可看好啦 ！ 史上最全南京美食攻略哟！[兔子] 快来对号入座，看看自己周边都有哪些特色美食！[太开心] 本地童鞋看过来！！求补充~求校对！！[嘻嘻],1,unlabeled,weibo_social
【女子带热干面上公交车，司机自掏补偿金劝其下车】武汉出台规定，禁止在公交车上吃东西，但昨日一女乘客仍端着热干面上了车。司机杨师傅劝阻未果后，怕耽误其他乘客时间，又怕激化矛盾，便自掏1.5元车费、面带微笑地补给了女子，请她下车。女子很是尴尬，拿过钱后走了... via长江日报[晕]拿过钱后走了,0,unlabeled,weibo_social
[落叶]美好的时间总是特别的快！又到了说再见的时候。。。Bye? 深秋的北京！恋恋不舍ing[泪] 希望飞机可以准点[飞机][飞机][飞机] 我在这里:,0,val,weibo_social
好几年没疼得这么厉害了，[泪]，现在左边一只猫捂着，右边一只猫捂着，背后是空调，还是抱着电脑直发抖...杨淇羽！叫你上周五刮大风去盯外景！叫你没事晚上偷吃冰淇淋！叫你大冬天光脚丫满屋乱跑，一停暖气就傻了吧？活该！[泪] 疼死了...捶沙发中，暖宝宝都用完了，也没人冲个红糖水，怒！掀桌！[泪],0,unlabeled,weibo_social
//: 麻烦各位亲利用你们强大的社会关系再帮忙帮转！[泪]跪谢！！//: 霞姐想办法用你巨大的粉粉帮帮这小孩，阿里来的，正在武警总院治理。[泪],0,unlabeled,weibo_social
好美的画面。。。8过，我是被博主的ID诱惑到了，刚睁开眼睛，好想来二两麻辣小面哟[馋嘴][抓狂]//:最难忘的地方 昨天的必应首页大奖――马六甲海峡清真寺 夜幕版，同样很美！[心]更多美图：,0,unlabeled,weibo_social
不识白头翁，唯见地雷阵。 //:朱元璋，， //: [逗号][叹号] //: 岁月 //: 朱总真苍老许多。。。想当年气宇盎然。。纵使前面是地雷阵。。。[泪],0,unlabeled,weibo_social
想去//: [哈哈][赞]//:[哈哈]给你养养眼！//:最近跟风景干上了！//:,1,test,weibo_social
[嘻嘻]//: 让发改委把加州的项目全停了，看他们还敢不敢。//: 加州小城还是不是民主党的领导？！城里五套班子还想不想在体制内混了？！反了他们了。//: [哈哈],1,unlabeled,weibo_social
哇塞 你居然有和林丹合影 羡慕嫉妒恨！[抓狂],0,train,weibo_social
//:悲凉~//: //:我要去找这本书 //: 推荐《梁》这本书//: 欲[泪]//: 梁思成的艺术贡献是人类的，而不是本朝的，只能做这样的安慰吧。//: 令人感到苍凉的，又岂止是一座座古建的消逝呢？,0,val,weibo_social
最后条太好笑了，况且况且况且[哈哈] //:哈哈,1,unlabeled,weibo_social
一枚激动的汤包~见到我后，流下幸福汁液~[哈哈],1,test,weibo_social
生快！美女！我家 。著名的小美女，号称幂姐哦，想认识的，就加她微博祝她生日快乐吧！呵呵[蛋糕][哈哈],1,test,weibo_social
//:妈呀！[抓狂][抓狂][抓狂][抓狂],0,unlabeled,weibo_social
约会取消，继续加班。这一周都卖给公司了[泪],0,unlabeled,weibo_social
您老人家能不饭点儿转吗？[抓狂]//:销售经理，你是不是打算赔死洒家。。。,0,test,weibo_social
享受了人为的长假就不得不忍受连续工作8天的痛苦，灵魂正在星期六，身体却悲催地开始了星期一啊，而且要连着3个星期一[泪] 还好新的一年开始了，我们悲催的上班族又有假期啦，安排好时间让各种旅行都来吧[嘻嘻],0,unlabeled,weibo_social
赔600瓶葡萄酒怎么算的？//: 摊上大事了 [衰],0,val,weibo_social
自己看到都烦，没人收拾 [泪],0,unlabeled,weibo_social
[衰][衰] //:小甜甜布兰妮？,0,unlabeled,weibo_social
泉州――海的史诗 【泉州541公里自驾游巡礼活动之崇武古城】[给力][太开心],1,unlabeled,weibo_social
//:[怒]//: //:[怒]//: [怒]//: 没有王法，还用国法吧[怒],0,train,weibo_social
[吃?][怒],0,unlabeled,weibo_social
一到过年，海口政府所在的国兴大道就成了卖花大道[衰]这些小贩子干脆进政府去得了,0,test,weibo_social
这够抓起来了吧？！//:[吃惊]亲妈？神经病？ //:[怒] //: 还是人吗？[怒] //-:实在是不敢相信！艹[怒] //:虎毒不食子，你毒过虎！[怒] //:是不是亲妈？[怒],0,test,weibo_social
吃好喝好，出差去不了了！ //:吃好喝好，开会去不了了！[泪] //: 吃好喝好，出差去不了了！[泪],0,test,weibo_social
麻辣咖喱牛肉干正在烤箱中，还有6分钟出柜[酷]老美不会吃零食，除了水果干就是坚果再就是各种玉米片土豆片儿，香干鸭掌牛肉干浪味仙干脆面统统没有，想吃个牛肉干也得自立更生[泪],0,unlabeled,weibo_social
今天 第二间拍摄番禺广场科尔海悦酒店的南岗喜宴[嘻嘻][嘻嘻][嘻嘻][嘻嘻],1,test,weibo_social
猴哥，过年好呀！！不想上班啊[泪],0,unlabeled,weibo_social
看了下元旦外出旅游的价格[衰]太贵了！不让人活了啊,0,unlabeled,weibo_social
你敢和我们说你们南朝鲜人不爱吃肉？去宇宙中心五道口看看[怒][怒],0,train,weibo_social
会长会长 你怎么了。[泪][泪][泪],0,unlabeled,weibo_social
这么快就收到啦~谢谢支持！[鼓掌] 好好享受阅读的过程吧~,1,unlabeled,weibo_social
[泪]拉肚子不带这样的.. 我在这里:,0,unlabeled,weibo_social
没hold住，又在宝马车里哭了。[泪],0,unlabeled,weibo_social
是这样么？//:[泪]//: 设计师们来青岛吧[嘻嘻] //: 今天坐了10号线，跟13号差不多～帝都地铁，木有不叫的 /: 早高峰体验了一把，每个车门都排一溜儿长队，车门一开，人群完全不看里头是否有空间，闷头只管向里冲。上车后不扶把手也不用担心站不稳,0,unlabeled,weibo_social
"[泪][泪]吴天明(1939―2014)，不仅是自学成材的优秀的导演，也是一位慧眼识千里马的伯乐，在他任西影厂厂长期间，大胆启用了张艺谋、周晓文、黄建新、顾长卫等一批有艺术造诣的""新人""，并把他们推上了事业辉煌的顶点，使他们成为国家级/国际级的人物..[蜡烛][蜡烛]",0,val,weibo_social
恍如隔世。。。//-Vicki：到目前仍在流行的元素：长大衣、小背包、豹纹、口罩、自行车//：在妈妈怀里撒娇~~[泪],0,unlabeled,weibo_social
回复:感谢关心啊 [爱你] //:经常看到你在外面吃饭，既羡慕也担心，油脂太多了[晕] //:回复:牛肉锅贴，馄饨 //:单看盘子真不知道吃的是啥 //:光盘行动[哈哈],0,unlabeled,weibo_social
[威武][鼓掌]//: 北京第一家国际管理五星级酒店 几代人的成长花园 具有它独特的人文文化 称之为家，只有它担得起[爱心传递]//:真心祝福[心],1,train,weibo_social
我中，我也是典型的巨蟹，但此微博吸引我的亮?是配?那?紫色的裙，美翻了！//@?肇麒: 全中[抓狂],0,unlabeled,weibo_social
可怜我不能与你们分享生日蛋糕！[抓狂],0,val,weibo_social
可惜，好声音，结束了。只好吹吹江风看看人。//: 这人潮不是节日还看不到呢。。。转一个//: 外滩好堵啊[抓狂][抓狂],0,test,weibo_social
您这是要献哈达呀。[偷笑][嘻嘻][哈哈],1,test,weibo_social
//: [抓狂][抓狂][抓狂][抓狂] //:【日本人写的中国饮食安全攻略】OMG，看完都需要勇气……[黑线],0,val,weibo_social
[衰] i am thick,0,unlabeled,weibo_social
"温馨提示亲爱的旅客朋友们，由于今日凌晨海口大雾天气，导致多个航班无法正常降落而备降在临近地机场。今日多个航班延误或者取消，让亲们受苦了[泪]！！请出行的亲们关注海南航空官方微信【HNairlines】,输入航班号即可获得航班动态。",0,val,weibo_social
亲的这组图都拍的好有意境呢～泰辣椒餐厅整体风格也是古意盎然，充满了泰国韵味～感谢您晒出美图[可爱],1,unlabeled,weibo_social
虽然“菲特”已减弱为热带风暴，但是这雨还是不停的下，还能飞吗？[抓狂]CA1542,0,val,weibo_social
若干年后，因为我无数的二累积在一起，于是出了一本叫熊猫语录的书，幅标题是…那些烂在老公心里的笑话[汗][晕][书呆子][黑线],0,unlabeled,weibo_social
3个我喜欢的离开了[泪][泪][泪],0,val,weibo_social
小时候常常吃。[哈哈][哈哈],1,unlabeled,weibo_social
在俄罗斯，移动的短信始终发不出去，这个问题反映了几次，始终没解决，只好在酒店时跟朋友们用微信交流交流。到了莫斯科，微信退出了！联通的号码，平时不用没开通国际漫游，连不回去了[泪]谁知道我的微信号啊？有没有来过莫斯科的朋友给个必去攻略？ 我在:,0,test,weibo_social
发烧君，你丫弄不死我，我就弄死你，死磕到底。[怒],0,unlabeled,weibo_social
是冬天了吗，昨晚又闷又热的，简直睡不着，想着那些苦逼的稿子，就像是上辈子欠的债[抓狂],0,test,weibo_social
与君共勉！ //: 不错，[嘻嘻] //:,1,unlabeled,weibo_social
晚饭后刚眯一觉醒来，好困，好累，难受[泪][晕][抓狂][打哈气][黑线],0,train,weibo_social
我家院里有樱桃树，玉兰树，和竹子，剪一刀送你回去架接?[偷笑]买树远，我家跑去香河东买的。。太辛苦。。[嘻嘻],1,train,weibo_social
[哈哈] 原来亮点在中间//：最多的还是中间的大黄狗，当然也有人叫他大黄或者旺财~//：[嘻嘻] 普及了。,1,train,weibo_social
[话筒]翻译如下：纳达尔说：费雷尔这家伙在睡觉，我们拿舒缓泡沫去捉弄捉弄他[偷笑]。费雷尔醒了大叫：[抓狂]CABRON混球，你对俺干了啥？你个小兔崽子，你给俺这喷的是啥玩意儿[黑线]？,0,unlabeled,weibo_social
道理牧羊人。半夜两点被我抽风的妹妹 talkbox放葫芦娃弄醒后又被这个刺激睡不着了 [泪][抓狂] //:你这个羊腿在哪烤的 我回去尝尝 我家楼下有家 但是脏乱差 我要发展新的[哈哈],0,unlabeled,weibo_social
呦，老帅哥的新戏俺得转呀，得大力支持，[嘻嘻]//: 吼吼 哪来得老帅哥啊？,1,test,weibo_social
我也超??牌子的?。[馋嘴] //:说它回味好，是因为回味有朱古力的淡淡余香，收尾干净利落不显甜，又没有其他朱古力的腻！好货色啊！吃过这个朱古力，才直到之前的朱古力都白吃了……这种收尾的朱古力，直叫人一口就从此爱上[泪],0,unlabeled,weibo_social
该死的老虎。//@?_?_jing: [弱] //:好一个执政为民，两袖清风的残暴公仆[怒] //,0,unlabeled,weibo_social
全是掌声～[鼓掌][鼓掌]//: 此处可以有掌声……,1,unlabeled,weibo_social
中午参加 明星厨师到我家的活动，跟大厨们学了几个小菜和鸡尾酒，沙拉因为摆得漂亮还得了满分，好开心啊[可爱] 谢谢美丽优雅的 [爱你]可惜提拉米苏的奶酪搅拌过头，完全没法用，只得放弃，真是遗憾啊[泪][抓狂],0,val,weibo_social
回复:20公里骑行，4公里跑步，是有点多[泪] //:哎～～！,0,test,weibo_social
[泪]兄弟愿你往生净土。[蜡烛]噶玛巴千诺[蜡烛]???,0,unlabeled,weibo_social
蓝精灵2 看的英文原版，那么多孩子听不懂只能看乐呵了，谁说只适合儿童看？明明是3D成人广告片好么[晕]成人台词不少，开房这还算是小清新的[汗]，难怪现在的孩子早熟。植入广告多的无底线了， 东方卫视达人秀，新浪微博，时光网，蓝月亮等数不过来了，广告收入都能收回成本。影片上座率高！,0,test,weibo_social
豆乳花，结果就是龙凤布丁，骗伦[抓狂]，不过味道蛮好吃[嘻嘻],1,unlabeled,weibo_social
帽子[偷笑]想 啦 //:忘了 [哈哈]//:今天的主题是。。。先吃再说,1,train,weibo_social
宝宝吃饭好香~~[亲亲],1,test,weibo_social
荷兰正是横色的世界~[爱你],1,unlabeled,weibo_social
//://: [泪]我们到底算什么,0,unlabeled,weibo_social
[衰]//: 。。。 //: 逆天了[衰],0,unlabeled,weibo_social
转，梦中享受一下//:[抓狂]必须转，太帅气了,0,test,weibo_social
游点看头【[话筒] 2014首场流星雨！你许什么愿？】新年首场流星雨将于明天凌晨登场，按照预测：凌晨3点半流星雨将达到极大，天顶极大流量为每小时120颗，而且流星雨速度中等，适合照相观测哦[抱抱]一起去看首场流星雨吧，看到流星，游游要许一个说走就走的旅行愿！你呢？,1,unlabeled,weibo_social
[哈哈] [哈哈] [哈哈] //：这不是升级后的炮咩[偷笑],1,test,weibo_social
谁家拍女宝宝照 时 来条介小裙子 让我过过眼瘾[抓狂][抓狂],0,unlabeled,weibo_social
到家了饿了[抓狂],0,test,weibo_social
周一的早晨，堵死了[抓狂],0,unlabeled,weibo_social
//:这周五将会抽出第二位幸运儿[鼓掌] 并送价值$59的相声票哦！！只要转发再@ 两名好友即有机会获得！大好机会不要错过啦！大家一起来听相声吧[亲亲],1,unlabeled,weibo_social
最理想的婚姻[心] //-lin：美丽而又平淡的爱情~~//: 看得我泪流满面，感动[泪],0,unlabeled,weibo_social
落枕的结果是：右边的脖子左边脖子长，俺赚了！[汗][泪],0,val,weibo_social
年初二下厨制作家庭聚餐[嘻嘻],1,train,weibo_social
修行 //:早安[哈哈][哈哈][赞],1,unlabeled,weibo_social
我欲哭无泪呀[悲伤],0,test,weibo_social
[伤心]//:这孩子~太让人心疼了~她告诉我：“如果因为我生病才买我的肉丸子，我爸爸会不开心的。”嗯，我知道，我是因为你的肉丸子真的好吃才买的。~ 请帮忙扩散！,0,val,weibo_social
你能说我不爱生活不是积极向上的女生吗？但这场青春的告别仪式多么阴霾谁还记得？没有谁能轻易改变谁，但你心里清楚的很你想要怎样的生活，并为之付出什么样的代价。如果青春是用来怀念，也愿就此遗忘。--致我的青春[哈哈] 我在:,1,val,weibo_social
泪！痛！恨！这块土地全部都是车来车往！ //:[泪]这是多惨的悲剧啊～ //: //: 躲过了计生，没躲过车祸。来生千万不要做中国人的孩子 //: 痛心啊 //: 为孩子哀悼！关注校车安全。,0,unlabeled,weibo_social
还是别了，你出就可以了，呵呵~！//?看不?天A：咱?一起被 //: 够可以的，你回来的时候可以出栏了[嘻嘻],1,unlabeled,weibo_social
[嘻嘻] //:脱了秋裤[偷笑] //:红裤裤加蕾丝袜[晕],0,unlabeled,weibo_social
大sb//: 【发改委副主任杜鹰：国内油价低于国际市场】[晕],0,unlabeled,weibo_social
巡逻兵[哈哈],1,train,weibo_social
"闺蜜自远方来，晚上聊起城市规划的话题，后来我在处理投诉，她就埋头自己的手机，等处理完她已经睡着了。再看手机，微信发来了60张这次她在国外照的照片。。。这是要移民的节奏吗？[衰] 话说凑巧前不久我们都分别去了同一座江南古城，对于那里今后的""规划""都忧心忡忡，祈祷发展速度能慢一些",0,unlabeled,weibo_social
木去过，不瞎猜...//:木去过德国，不瞎猜。。。有知道的吗？[思考][哈哈],1,unlabeled,weibo_social
//: [哈哈]各种美味给力的寿司呐~晚餐来吃板长寿司神马的最给力了~[good],1,unlabeled,weibo_social
谢谢 还没转出去 大家抓紧? //:真闪，帮转 //-:真值！穷人帮转[泪],0,unlabeled,weibo_social
[泪][泪][泪]魔兽来了 Yeah!!,0,test,weibo_social
回复: 出锅应该将锅倒扣出来，不应该像我这样用筷子夹，结果冰花就碎了[泪] //:果然是传说中的冰花煎饺[赞],0,test,weibo_social
回复:[哈哈][给力],1,unlabeled,weibo_social
[good]//:又一个亮点。 //@?老1947: //@??苗: [悲伤][害羞][赞][good][爱心传递][心][鲜花][话筒],0,train,weibo_social
[哈哈]距离太短 //:[哈哈] //: [哈哈],1,unlabeled,weibo_social
是人吗？ //:屮尼妈[怒][怒] //:,0,test,weibo_social
莫名滴我就想起Sophie[哈哈][哈哈][哈哈][哈哈],1,train,weibo_social
//: 期待第二段的播出[抓狂],0,test,weibo_social
什么情况呀[怒][怒][怒] //:保安也闲不住了……[怒]//:,0,test,weibo_social
[衰]最悲催就是大周末调金价，闹腾一上午到现在脸都没洗牙都没刷！ 你个杀手 回来这么多天还有后遗症,0,unlabeled,weibo_social
躲得过下雨，躲不过感冒，冷死了[衰][围脖],0,unlabeled,weibo_social
家里两台电视都被霸占了，可是都不是我要看的内容！[晕][晕],0,unlabeled,weibo_social
什么结局啊到底？怜儿到底和谁了？晴川到底干嘛了？！不会最后是晴川做的一梦吧？谁给我简单讲下呀[抓狂] -斯里兰卡,0,val,weibo_social
艹[衰]//: 啊哈哈,0,unlabeled,weibo_social
回复:本宫对乃这个答复很满意~[嘻嘻] //:这是开胃菜,1,test,weibo_social
米国这桥前些时候断了 掉进去好几辆车[泪][泪],0,unlabeled,weibo_social
哈，你可以考虑把你那些宠物直接带头上[哈哈],1,unlabeled,weibo_social
这事告诉我们买车一定要带天窗的。[抓狂] //:途胜车主因为一场大雨被淹死在北京的大马路上！这算什么世道？[衰],0,test,weibo_social
【高速广播编辑李琪】15日，重庆小学四年级学生靳亮一个人在过马路时，被一辆出租车当场撞倒，原以为出租车司机要送自己去医院，没想到半路上司机叔叔给了他100元，然后把他推下车。经诊断，小亮为脚踝骨折，家长已报警。三天过去了，肇事司机请你站出来！[怒],0,unlabeled,weibo_social
就怕大宵总说话！咱能把微博关了么//: [泪],0,test,weibo_social
放生，前提是翅膀呀小腿儿啊什么的先卸掉//：[抓狂],0,unlabeled,weibo_social
[蜡烛][泪]//: [蜡烛],0,train,weibo_social
今天上午有仨学生打座机，问我IDK中关村店在哪儿[晕]，中关村店木有啦，网站没更新啊，人已经到海兴大厦啦。于是乎~我就把 中关村店的地址给她们了[偷笑]， 给提成不？[挤眼],0,unlabeled,weibo_social
今日下午茶，用港式奶茶必备之黑白淡奶，加上闺蜜 送的红茶和 送的经典黄糖制作了一份港式奶茶，搭配厦门古早味小甜食“米老鼠”，港厦搭配的结果是，奶茶木有问题，茶味浓郁，入口顺滑，后味悠远香浓，堪称完美[害羞]，米老鼠则问题很大，皮好厚，他妹纸的[抓狂][鄙视],0,unlabeled,weibo_social
2：0，终于零封一次了[哈哈][嘻嘻],1,unlabeled,weibo_social
小戴子做节目怎可如此无底线！[怒]逝者为大，在我们这代人的心中，翁美玲是美好、可爱的代名词，她永远是我们心中无可取代的俏黄蓉。收视压力让行业的从业人员无耻的秀下限，已经到了不择手段的地步了…这么娱乐、消费逝者，试问有想过当事人家属的难堪吗？,0,test,weibo_social
因工程延误 周二全天歇业[泪][泪],0,val,weibo_social
??新?合＂???神??女＂在八星抱喜隆重登?[哈哈][哈哈][偷笑][酷],1,train,weibo_social
和好友去明洞逛街，很喜欢这里的美食和服装店，居然还有mango折扣店，大采购！街旁的化妆品店实在不大吸引我，我用惯的牌子这里都没有。今天身上穿的是我们家lingstyle的皮草，赢得很多路人的目光，估计是这件衣服强大的滩羊毛领很抢风头。副作用是人家一开口居然都是直接和我飙日文[泪][泪][泪],0,unlabeled,weibo_social
[泪]太可怜了。。内牛满面。。。//: 请不要丢弃它，因为你拥有很多，但它却只有你！,0,train,weibo_social
简直不知道怎么形容 文曲星下凡吧//://://: //:这才是学者，才叫知识分子。[泪]（虽然从出版的角度，这种书印量太低，千字八十也很难营利，但此书填补了一个学科的空白，理应得到当局特别的奖励！！！）,0,test,weibo_social
开始做微博营销了[失望]//: 刚发完，立马有朋友告诉我丫是好基友……[挖鼻屎],0,unlabeled,weibo_social
//:哎！[泪],0,unlabeled,weibo_social
先吃蝴蝶结//-左左: [可爱]先吃跟,1,unlabeled,weibo_social
喵换新环境本就陌生，到家后看见两只兔兔，眼神很惊恐，远远的看了一会儿就钻进沙发下面不出来了[泪][泪]，想拍个照片都不行。兔兔们倒是很淡定，吃吃喝喝没啥反应[偷笑]。,0,unlabeled,weibo_social
回复:回复:感动～今天也落不下，周六、日晚上6到8点，有我俩主持的另一档旅游节目《周末驾到》一起来闹[嘻嘻] //:美女晶晶姐，我没方向感呀！[哈哈]每晚我都准时收听您的节目，喜欢听您讲话，还有磊哥，超开心哦！还要等两天才可以听到您的声音，[悲伤]所谓一日隔三秋，好,0,unlabeled,weibo_social
摘牌子飞驰了哈哈 //:没我们你们北京人都得饿死渴死累死没地儿住冻死[偷笑]//: 我们怎么了，我们怎么了[怒]没我们，你们北京能建设的这么好骂[怒][怒][偷笑],0,unlabeled,weibo_social
大半夜的饿的睡不着，难道重新爬起来加班？[抓狂],0,test,weibo_social
[泪] //:欲哭无泪[泪][泪][泪] //:世界上最遥远的距离不是天涯海角，而是我在中国，养老金在美国//:究竟在我年老之后是否有所依，政府都无法给我一个确定的答案，而我却在我年轻的时候交纳着如此之高比重的养老金，不知是否悲哀,0,unlabeled,weibo_social
我找到我抑郁的原因了……//: 看来熄灯睡觉，不仅节约用电，还远离抑郁[嘻嘻],1,unlabeled,weibo_social
NM这点落地，23:15让关ipad[怒] 我在:,0,unlabeled,weibo_social
[泪]//: [呵呵] //://:Bless u,0,unlabeled,weibo_social
[衰] 最爱蟹膏了//:用这种精确的描述定义蟹粉岂不更不堪了。。。 [嘻嘻]//: 蟹黄还是弥漫性肝脏那。雌蟹的硬黄还是卵子。 //: 突然觉得无法直视[衰],0,val,weibo_social
开讲啦【新年季 周润发正在开讲】 发哥的笑总是让人印象深刻，原来露牙是关键啊！！！！[抓狂]正常人拍照片，自拍的话是露八颗牙齿，但是发哥可以达到在十二颗牙齿以上。惊呆了有木有！！！小伙伴，敢不敢晒出你的笑，检验一下你的笑是不是也可以达到发哥的标准呢？[来]抗忙北鼻！,0,unlabeled,weibo_social
冬季恋歌[围脖]，暖暖的感动着[泪]，生活本应如此，没争吵只留爱[爱你],0,unlabeled,weibo_social
你以为你以为的就是你以为的吗？[鄙视][鄙视][鄙视][衰] //:玩天下人于微博呢?,0,test,weibo_social
[衰][衰][衰]:猪狗不如啊！[怒][怒][怒]:,0,unlabeled,weibo_social
[哈哈]吃掉高科技,1,unlabeled,weibo_social
回复:人胖脂肪厚。。。。[害羞] //:这孩子受得了嘛？[偷笑] //:冻人……[泪],0,unlabeled,weibo_social
周六下午的茶会是一次史无前例的拔光脱光茶会。茶主极其敏锐而开拓喜谈了。她一边淡定地泡茶，一边大刀阔斧地开始拔光脱光~首先被扒的是A先生..然后是Z...X和Y也被无情的扒光。BCD。终于我和来喝茶的烨还有F女也被她犀利地扒光[黑?]茶会结束我，我和烨对这场从头扒的尾的八卦茶会表示感觉良好。[嘻嘻],1,test,weibo_social
锦江会锦鲤餐厅 出品的生煎包 味道好极了[馋嘴][鼓掌],1,unlabeled,weibo_social
我曾经引以自豪的深圳物业啊！//: [泪][泪][泪],0,val,weibo_social
[威武]我们一起愿意为你[哈哈]//://:吃饱了吗？我愿意喂你 ..[哈哈] //:等等，右右是我中学那个“税融”么？//: 小猫咪们，我好想放弃治疗[泪][泪] //:小乖乖，我们吃饱啦[嘻嘻][嘻嘻],0,train,weibo_social
这张图戳中我的内心了?[泪],0,unlabeled,weibo_social
伤不起的减肥餐，2b青年用汤勺吃火龙果。。因为实在找不着调艮。。。。[衰][衰][衰],0,val,weibo_social
夫子庙的灯会真的这么壮观吗？超出想象 //: 我前年在南京旅游，就住在夫子庙附近的桔子酒店 //: 这是夫子庙前的广场？//:晚安今日本博表情，如有同感，敬请对照。1、[吃惊] 2、[抓狂] 3、[怒] 4、[泪] 5、[嘻嘻] 6、[心],0,unlabeled,weibo_social
奶奶的横着看时，西凤酒底下那个我还以为有一款叫什么什么“大白妹子”的奶酒呢[抓狂]正过来一看[汗]“太白娇子”,0,train,weibo_social
说自己牛逼是欠，说自己傻逼则为贱，这年头似乎贱更值钱[嘻嘻]//: 请参照你最近的一条星座微博……//:还有什么外表坚强内心脆弱；什么最渴望有人懂；什么xx星座是最值得被珍惜。。。拜托，这些搁谁身上都会觉得合适吧？星座要让营销帐号毁了。,1,unlabeled,weibo_social
矮油 这个是当年的最爱//：我还是高手嘞[衰],0,unlabeled,weibo_social
洗完澡出来才发现没带裤子[汗]平时顶多忘个毛巾袜子今儿升级了[泪][泪][泪]脑子真是一锅粥[伤心]幸好还有一条阿迪训练的短裤，But长度还没超过我的裙纸[抓狂][抓狂][抓狂] ?,0,unlabeled,weibo_social
[怒][思考] // : // :,0,unlabeled,weibo_social
//:随后，战场上不断传出高呼：中国人不打美国人...[哈哈]//: 美军都是华人的话，跟美国开战就是内战了[晕]//: 为啥连国籍都没有就敢让从军，不要政审？不怕他成为境外敌对势力卧底？//: 美国人民解放军[嘻嘻] //:绿皮换绿卡，呵呵。,0,unlabeled,weibo_social
清明节最堵的两个地方，八宝山扫墓，玉渊潭赏花！结果…我都赶上了！[晕],0,test,weibo_social
今天来银行办事期间阿姨过来说同同志忙吗我想查下余额大叔过来说饮水机没杯子[汗]到哪里就成为哪里的工作人员骑白马的不一定是王子穿白衬衫的不一定是工作人员奥[衰],0,unlabeled,weibo_social
"现代文明正在日益加速蚕食我们这个以农业为根基的传统文化,节（围绕着吃）吃不具有冲击力、凝聚力；着装不具吸引力了（新衣服不诱人了），鞭炮环境污染了（如何驱赶年）可以不放了，亲友走动少了（见不见无所谓了），给长者下跪没了，红包给不给都可以，给了也不说谢谢、、洋节到火了、、[抓狂]",0,unlabeled,weibo_social
【度假在涵田】[鼓掌],1,unlabeled,weibo_social
只判了死缓，依据是什么？！ //: 什么＂长子＂＂父母官＂，骨子里全是＂家天下＂那套[鄙视]//:“共和国长子”？扯蛋。是共和国吗？有这样的共和国吗？//: 家族企业，养育了一群贪婪的蛆虫！[怒骂],0,unlabeled,weibo_social
[吃惊]~~有没有开车走一次的冲动呢？[太开心],1,unlabeled,weibo_social
"回复:貌似是陕西的面吧 //:社长,是叫浆水面,我还真没吃过. //:[笑哈哈]大腕炸酱面 //: 回复:你答应请我吃的什么什么面呢?[怒] //:[哈哈][哈哈]所以，还是在玻璃窗内晒着阳光喝茶听音乐最惬意。",0,train,weibo_social
光大?行、光大证券一直都很诡异!期指空头瞬间湮灭66亿，独立套利系统肯定干的不是临时工的活。话说国债期货，刚小心翼翼伸出的头，会缩回去吗?[怒][怒],0,test,weibo_social
百度叫车后，大半小时还没回音。幸好有车从我面前下人。[晕][晕],0,unlabeled,weibo_social
这沙宝亮穿的是防狼服吗？[哈哈][哈哈],1,test,weibo_social
[哈哈][哈哈][带着微博去旅行][神马][浮云],1,unlabeled,weibo_social
//: 加油！//:??大家的支持 要?常?哦 [哈哈][哈哈] //:牛肉??光 胡椒??光 ???也?光了 ??大家的??支持 我?我姐?心了 想吃的明天再?唷,1,test,weibo_social
一个老于江湖，一个化蝶独飞。[泪] //：。,0,train,weibo_social
[怒]//: [怒]//:,0,unlabeled,weibo_social
怪不得，我还拍脑门定价呢，没头脑！[衰] //://:【整合营销的精髓】成本：不是通过成本定价，而是了解消费者愿意为满足需求而付出的成本,0,unlabeled,weibo_social
//: 本条微博热门微博Top76[鼓掌],1,test,weibo_social
回复-火山: 最早，我们那位童鞋也是这么说这么做来着的。。。后来的后来的后来，我终于会做各种好吃的东东了，人家却也厌倦了洗碗。。。[泪] //-火山:要是有个人给我做这么多好吃的..其他的我都包了.,0,unlabeled,weibo_social
久不练，手艺竟然有点生疏了……[可爱],1,unlabeled,weibo_social
恭喜小盆友啦～继续支持我们南方少儿频道的《南方小记者》栏目啦[爱你],1,test,weibo_social
孩子，快快回家吧！ //:每次看见都会心碎[伤心]转！-蜕变的美,0,unlabeled,weibo_social
还没血战，姐就挂了[抓狂][抓狂][抓狂][抓狂],0,unlabeled,weibo_social
//: 回复 :一审时五个被判聚众斗殴罪各三年，原定于今天开庭的另一个未成年人一审，常熟市法院通知取消。 //:天下奇闻，叹为观止[怒] // // : 这就是“法律的威力”，可以用来对付民工。[怒] // :此案值得媒体关注，我们将拭目以待。,0,test,weibo_social
姐，你的差不多还完了吧！[哈哈][哈哈] //:努力还自己中！,1,unlabeled,weibo_social
“我神经病犯了，能请假么？[花心]”“神经[懒得理你]不能！[挖鼻屎]”“哦[书呆子]那我还是去上班好嘞[嘻嘻]”人不可能两天踩上同一泡狗屎[不要]但可能在同一个叫南礼士路的地铁站想骂街[怒骂]――动物园厕所的故事[思考],0,unlabeled,weibo_social
【岂有此理！光天化日女子遭骑车男精液涂面！[怒]】24日上午，上海外高桥附近，一男子边骑电瓶车边手淫，然后将精液涂在一过路女子的脸上。女子随即报警，经调取监控，警方迅速抓获该“色魔”。警方提醒广大女士，遇到此类案件，切勿有羞怯心理，一定要及时报警！ via东方网,0,test,weibo_social
今天中国游泳队太帅了！好消息一个接一个啊！！[给力]直播的时候，激动得我呀！！！[可怜][泪][奥运金牌],0,val,weibo_social
共勉。//:悲催的80后。[泪],0,train,weibo_social
回复:代表代表总代表。 //:裁判裁判边裁判//: 回复:报告报告假报告。 //:编辑编辑宏编辑//: 形象形象真形象。//: 秘书秘书女秘书//: 秘书秘书大秘书[哈哈]//: 儿子出一上联：领导领导小领导。我对不出。,1,val,weibo_social
回复:败的EL奢宠级，虽然比专柜便宜n多，但还是贵啊，很纠结，下个目的地的机票少一半了[泪][泪][泪][泪][泪][泪][泪][泪] //:肿么个情况,0,test,weibo_social
[泪]忘记下午还有场电影[泪]。,0,unlabeled,weibo_social
[抓狂]膜拜了！,0,train,weibo_social
啦啦啦[嘻嘻]这是馒头呢馒头呢 还我是馒头呢 哈哈，元宵节快乐O(∩_∩)O 美图秀秀Android版,1,test,weibo_social
[抓狂][抓狂][抓狂]//:（???）想吃 //:哈哈好萌！(*??`),0,unlabeled,weibo_social
→_→ /:→_→//-chow:→_→//:→_→简直荡气回肠//: → →//: //: 最右！//:突然好感动。。[泪]//:一千多年都过去了，能站出来保护师傅的还是大师兄。,0,train,weibo_social
瘦那么一点的原因。 //:那老子还是没瘦下来。。。[泪],0,unlabeled,weibo_social
[汗] //:女神经病！[衰] //:这是要救人？//: 哇，看来是准备去救人了，加油，姑娘！,0,unlabeled,weibo_social
回复:事发当天，Ｎ拔人建议我去买彩票，然后我冲进某彩票点，为福利彩票事业贡献了4元人民币，可系，一分钱回报也木见着。。。[泪] //:回复:如果你这运气给了彩票事业真是了不得[哈哈]顺便表示一下同情[咖啡],0,unlabeled,weibo_social
不仅坐车坐过头…坐回去时又坐反方向…>_<吐血了 [泪],0,unlabeled,weibo_social
吉娃娃也很向往自由吗？还是吉娃娃可以忽略自己的自由，一心成全主人的自由？//: 我不要藏獒[泪]// :看看，我一直喜欢哈士奇 //:借我用用...//: 咦，不对呀,0,unlabeled,weibo_social
[哈哈][哈哈][哈哈][晕][晕][晕] //:,0,unlabeled,weibo_social
快递奶奶“一闭上眼，想到这债永远都还不完，蛮灰心。但只要眼睛一睁开，就还得拼命去做。”一个65岁的老人说出这样的话，真的太让人心酸了。[泪] 愿奶奶能早日还清债务。,0,val,weibo_social
额！这是让我打死三哥还是想让三哥打死我？[闭嘴][晕],0,unlabeled,weibo_social
//: 要永远在一起[爱你],1,unlabeled,weibo_social
@??兔拉拉 @?氏?? 爸爸理发，准备好好先生模样迎接你哟[嘻嘻]理着理着我就发现，咿？[吃惊]理发师分明正在把我照着他的发型一摸一样地弄呢[抓狂]孩子你可看准了，坐着的是爸爸[汗] 我在这里:,0,unlabeled,weibo_social
通常在飞回祖国的飞机上我就开始变魔鬼了！[怒] //:我以前特别不理解说脏话，动手打人等行为。自打到了北京，越来越深刻理解有些脏话需亲口骂，有些人要自己打。,0,train,weibo_social
乐理神马的最恼人了[晕],0,unlabeled,weibo_social
[泪] 我可怜的指头~也想红了~~~,0,unlabeled,weibo_social
北京终于下雨了[泪],0,unlabeled,weibo_social
//：还有我一只猪手[嘻嘻],1,test,weibo_social
回复:瞧瞧您用的字?！?尊重各??音！ //:叫 那个二逼去看看法西斯动卫军潘二的微博，看看这帮狗粉是人生的还是狗生的。 //-天天狗肉节: 嗯 狗粉齐秦也举报我了，新浪也不管我，过气了真没面子[哈哈],1,val,weibo_social
真敢为满洲国叫好？！[吃惊][怒]这也算语不惊人死不休吗？！[吃惊][哼] //:如果这不是汉奸，谁还是？如果这样的言论都可以自由，民主就是法西斯！,0,unlabeled,weibo_social
亲，下次再接再厉，争取拿到50%折扣哦！[嘻嘻],1,unlabeled,weibo_social
[爱你][握手],1,unlabeled,weibo_social
提炼工艺好的话 地沟油处理完像金龙鱼一样透亮～这种方法只能用在街边的小摊油品检验中～有半数的饭馆油品都或多或少有问题。//-无双谱: [晕] //: //-愚: [good]//:,0,unlabeled,weibo_social
曾在武汉丢车的日本人，赴云贵地震灾区赈灾遭围攻！[失望],0,val,weibo_social
[可爱][太开心] //:,1,unlabeled,weibo_social
跟着一起来的美女 练得很不错，已经会被坡落叶飘了，而且还上了 的五号高级道，并且顺利的下来了，很牛呢[good] [鼓掌][鼓掌],1,train,weibo_social
谁赢了最后！我想南宁！[泪] //:一群围脖控！！,0,unlabeled,weibo_social
没有一项符合[衰][衰][衰]我死去吧//:星座不符，桑心了 //:招聘海报不错咯 //:这样的公司还有什么犹豫的！,0,train,weibo_social
求证！老百姓真可怜，除了要面对各种毒食物，毒衣服，连买个房都逃脱不了带毒的命运！难不成以后买房要先掘地三尺考察下么[泪]//:求证？ //: 这个毒得辐射多远啊？ //:哇塞，买房还得先调查下是不是毒小区啊，不然欠了一屁股债 最后生病健康也没得到保证。,0,unlabeled,weibo_social
期待ing~在哪呀？//: 这好像不太像我了[哈哈]期待观摩晚上的演出[嘻嘻],1,unlabeled,weibo_social
追星族族长是超人[衰],0,unlabeled,weibo_social
[泪]其实每天都在过愚人节,0,test,weibo_social
漂亮吗？[可爱],1,unlabeled,weibo_social
[泪] //:地铁无压力//:哭了,0,train,weibo_social
只有国庆和春节的时间，这座城市才叫北京，平时请叫他首都！怀念北京城！这座城市肩负的东西太多了！也请给他减减负吧！[抓狂][给力],0,test,weibo_social
卖萌一哈哈。我素90后。。。哈哈哈。。。。眼袋出卖了我。。。[泪],0,unlabeled,weibo_social
[哈哈]//: [哈哈]//: [哈哈]应该是5s //:俊死了，?买纸滴！[哈哈]//:[哈哈],1,unlabeled,weibo_social
崩溃中…嗓子好点了，今晚演出没问题。不过这次住的这个所谓阿克苏最好四星级酒店太霸气啦，房号1111我忍，中央空调是坏的我忍，给我个冷风机敷衍我我忍，楼层过道比房间里凉快我还忍，此刻连马桶也莫名其妙堵了…我快成忍者神龟喽！怀念伊犁的香榭丽，怀念香榭丽的429…[泪],0,val,weibo_social
//: //-cheshi:场面够炫的// -张岩松 : 嚯！后天晚上[鼓掌][鼓掌][鼓掌],1,unlabeled,weibo_social
"空气污染指数: 北京 美使馆 506 (污染指数爆表), 北京 422 (重度污染). [怒] 又爆表了",0,train,weibo_social
马航飞机失联马航到底隐瞒了什么！[怒],0,unlabeled,weibo_social
嘿，小家伙，竟然敢不怕我！！[怒],0,unlabeled,weibo_social
出门后手一摸才想起忘了刮胡子。[衰]幸好今天没约什么陌生人见面。。[挖鼻屎],0,test,weibo_social
哈哈哈 现在的我[哈哈],1,unlabeled,weibo_social
阿婆很美 //:感?！[泪][心][鲜花],0,unlabeled,weibo_social
司机们竞技…唉…可苦了坐在前排的胆小的偶[泪],0,unlabeled,weibo_social
手机摔地上了，角儿上磕了好大一个坑儿，不漂亮了~[泪][泪][泪],0,unlabeled,weibo_social
天朝奇迹就是这样产生的！把1.9亿换成越南盾，都能做一个比现在好百倍的平台 //:不对吧，9月14日宣布中标，应该不是现在的系统//-:其实这家公司也就能拿到9000万，开发成本900万，苦逼开发团队一共拿到9万[衰],0,unlabeled,weibo_social
Xiao习 没出息睡不着的人大半夜转转转[泪][晕][睡觉][哼][抓狂][酷][失望][鄙视][怒][委屈][怒骂],0,unlabeled,weibo_social
@-YY2- 提前祝生快啊亲，礼物神马的都是浮云，一切尽在不言中啊我的祝福你懂的?蛋糕是出自俺设计之手应该单独拍照留念[泪],0,unlabeled,weibo_social
有我们的哦 谢谢嫂子 这个票不会被人仿造了吧[衰],0,unlabeled,weibo_social
下午跟资方开完会聊天，问我做过最疯狂的事。我想了想好像真没有。他给我讲了三个他的故事，太可以入戏了[抓狂]大奶牛诚不我欺，等我讲你听。,0,test,weibo_social
[泪]这个点儿，看到了您拍的照片，我纠结了，明明吃过晚饭，可是现在饿了，吃还是不吃啊？ //-朵朵:,0,unlabeled,weibo_social
[泪]//:还好我的今天到了,0,unlabeled,weibo_social
//:[怒] //: //:令人发指的罪恶！ //:,0,train,weibo_social
我们能做什么？//: 心酸[泪] //:看完心情好复杂[泪] //?-面条达人: //: //:这是一个怎样的社会啊!,0,train,weibo_social
说好的减肥呢[泪],0,train,weibo_social
高富帅投资人云集[酷] //: 啊啊啊好久没参加团里聚会了[泪] //: 真有面,0,unlabeled,weibo_social
不枉半夜回家也不忘浇水(^_^)终于催得新芽啦！！！！哈哈[抓狂][抓狂][嘻嘻][抓狂][哈哈][嘻嘻] @?大可 [嘻嘻] 我在:,0,unlabeled,weibo_social
今儿连滚带爬的从中级道下来，摔的都想吐了，换刃还需努力啊[衰],0,unlabeled,weibo_social
是说白羊缺心眼吗[衰],0,unlabeled,weibo_social
这件事关注很久了，这篇解释较详细 //:?TVB新?都有??！?者?水塔高大概2.3米，不知如何把???上次！！其?最可怕的答案是..??多年，?手?一直在酒店?未???！！[抓狂],0,unlabeled,weibo_social
普通的白猪[嘻嘻][嘻嘻][嘻嘻],1,unlabeled,weibo_social
哀怨的眼神[抓狂]//: 彻底被征服了~顶礼膜拜~摄影怪叔叔，简直可以被列为自草泥马之后又一大神兽。,0,unlabeled,weibo_social
哈哈，太正了，这眼睛，这胡子 //:回复:连系统都不放过你啊！ //:[晕]太夸张了,0,val,weibo_social
暑假快结束吧，游泳池人特多[晕] 我在:,0,unlabeled,weibo_social
[?力][鼓掌]加油喔！ 期待你的音? //:李伊啊! 我们期待著你一步步朝向大歌星的路?展，加油哦!!!哪天把吉他??店里~我要听??版啦!! ^_^,1,test,weibo_social
"又见洗衣机,人性无底线了.无齿小儿何其无辜。[泪][泪][泪]",0,train,weibo_social
我的牙呀，劳资整天让你吃香的喝辣的，你怎么能如此对我，让我这么痛[怒][怒][抓狂][抓狂][泪][泪],0,unlabeled,weibo_social
[?嘴][?嘴] //:中旗买的酸奶子，有年头没喝过了，要有点儿酪胆子就完美了[哈哈][哈哈][哈哈]?宋健,1,unlabeled,weibo_social
回复 :香港新界区西贡[嘻嘻][嘻嘻][嘻嘻] //:龙虾湾系属于边度架？？,1,unlabeled,weibo_social
看着就舒心！[晕],0,train,weibo_social
[bm可爱]//: [威武]天气寒冷，囤脂肪的时候，吃好喝好才是真的好！[嘻嘻],1,unlabeled,weibo_social
[衰] //:[哈哈]//: //:大桥质量没有问题，是车的质量有问题。,0,unlabeled,weibo_social
在北京世贸天阶CJW和深圳欢乐海岸CJW，一样的美好！[爱你][玫瑰],1,val,weibo_social
走不回去了[泪],0,unlabeled,weibo_social
集体婚礼么[哈哈] //:去年就揭过了，傲娇装逼的商业活动而已。//: 只有我一个人觉得，这一群婚纱样礼服、手捧新娘捧花的“名媛舞会”看上去略雷人吗？主办人是“周信芳之女周采茨”，不晓得为何，这个周家后人老给我一种“背后有神秘黑幕”之感……,1,unlabeled,weibo_social
最尴尬的就是脱了一精光后，胖阿姨大夫拿着彩超棒幽幽地说：我看过你演出。我刚要说谢谢，人家接着又说：赵亮演得老好了。[衰],0,unlabeled,weibo_social
果冻的微博日记果冻终于吃到1元的大牛肉汉堡～[嘻嘻][嘻嘻][嘻嘻]就在这里lakers（传媒大学店） 我在这里:,1,val,weibo_social
"彻底考晕了[衰][衰][衰]我在这里:北京市,海淀区,展春园西路北京语言大学 [奥特曼] 我在:",0,test,weibo_social
一口气练了41个俯卧撑，没想到还是这个结果，靠！[抓狂],0,unlabeled,weibo_social
洗洗睡了…//:[赞]值得关注！//:[可爱]睡眠是最好的滋补品！睡好梅助你有良好睡眠！ //: //:,1,unlabeled,weibo_social
我会尽快完稿的！ //: 快上架！[晕] //:《中国旅游报》很快就会有相关报道，希望可以回答邓老师的这些问题。 //:哦？ //-邓世勤: 回复:真的吗？萤火虫，如何由广西运送到山东？需时多久？损,0,unlabeled,weibo_social
冬季到台北去看雨，梦的是一杯咖啡的优雅与香浓。[嘻嘻],1,unlabeled,weibo_social
领导家孩子看吗？ //:?是哪?子?巴?定啊[怒] //:领导又拍脑袋了 //: 如果是我的孩子我会让她睡觉。我代笔完成。然后注明，妈妈代写。孩子看不懂，睡了 //: 深有同感！一开场，我就翻节目表看，竟然要十点才结束！这叫哪门子第一课？给领导看的就明说啊！,0,unlabeled,weibo_social
身上灌了铅一样沉 怎么都从床上爬不起来 [泪][泪][泪] 饿神都不能给我拽起来[兔子][兔子][兔子],0,unlabeled,weibo_social
等我不喂奶了 我要拔牙，纹身，喝酒，趴着，化妆，喷香水，喝可乐，喝咖啡， 吃巧克力，吃蛋糕，吃油炸的，吃麦当劳，吃有防腐剂；添加剂的东西，最重要的是我想睡个整觉[泪],0,unlabeled,weibo_social
天 //:他被拦截在二环雅宝路段，对着44路公交车开枪，打死打伤多名市民，公交车司机右腿被打穿，但坚持把车开走了，他的毅力令我们敬佩，否则死人更多，我们急救中心抢救了他，但不幸的是他的腿没有保住[泪]截肢了，英雄！[鲜花],0,train,weibo_social
[怒]//: //: 1997年，那年我17岁，刚刚考完大学的暑假，帮助父母在南京摆夜市摊点，深夜城管来了，直接打砸抢，母亲无助地下跪哀求，我含着愤怒的泪水把母亲拉起来，我说，我们不能向没有人性和良知的人低头，那一刻我永远记得！ //:城管怎么//,0,unlabeled,weibo_social
回复:他是名人哈哈 //:哈哈 我大概知道是谁了 不认识 听都听的知道了 [哈哈][哈哈],1,val,weibo_social
一早起来没见到 的早餐？怅然若失 [失望],0,train,weibo_social
//: 他爸叫“命运”？[哈哈],1,unlabeled,weibo_social
不相信咯，自从在超市买到过期已经变味的火腿肠就再也不信了…坚持不要打折的食品…真的很危险[泪][可怜][怒骂],0,unlabeled,weibo_social
今天看到最给力的一句话：爱在弦上不得不发！[衰],0,unlabeled,weibo_social
冲上云霄2 昨晚第一集平均收?最高35，据观察目前好象是全年最高哦！英伦风情被拍摄得好美，非常期待随后的 绝美外景[嘻嘻],1,train,weibo_social
最后一次享受金卡待遇，竟碰到了升舱，还真不习惯啊！咱就是经济舱的身子啊..[衰],0,test,weibo_social
俺们车队悲催的在这前不着村后不着店的乡间迷路了！[泪],0,unlabeled,weibo_social
对神经系统有辅助调节作用[鼓掌],1,unlabeled,weibo_social
[怒] //-Freshmedia:这女人百世轮回为畜生//:针对教育暴力 应该立法，这死女人应该承担刑事责任!!!她已经毁掉了一个孩子的身心健康!//:看到娃娃的表情我立刻想哭了[泪]。变态女！辞退是便宜她了，确实该人肉[怒]//-Vivian:超级变态,0,unlabeled,weibo_social
很开心我们收到了TripAdvisor中国官网 颁发的2012年度卓越奖！[鼓掌]感谢用宝贵的时间为北京华腾美居酒店(Mercure Beijing Downtown)写下评论的每一位朋友，您的每一次肯定都令我们欢欣鼓舞，您的建议和意见更是鞭策我们不断提高向前的动力！ 真诚的感谢您！我们一直在努力！,1,unlabeled,weibo_social
快讯【高速交通广播 广西田东面包车翻下山崖，1死3伤】今天中午，一辆载有5人的面包车，在广西田东县作登乡境内翻下数十米深的山崖，经过消防部门努力，目前全部被救出。但其中一人已死亡[蜡烛]，3人受伤，另外一人无碍。[泪],0,unlabeled,weibo_social
看评论都说胖的好，可伦家还是觉得瘦的美[泪]//:坏就坏在16：9的屏幕。 //: 还真是添一分太肥，减一分太瘦[ok] //:俺是古典美。[偷笑],0,test,weibo_social
//:[good] // :哈哈，太有才了！[哈哈],1,test,weibo_social
回复:很专业嘛[嘻嘻] //:视觉，手感上佳，而且有防油墨设计 //:回复:你敢包一个试试？[怒骂] //:还不赶紧搞个中国之翼包书皮大赛 ，咱们的人肯定赢…… //:人世间最痛的就是爱恨纠结！,0,test,weibo_social
回复:才10多块一个，黄特多 //:哎呦，好肥美的大闸蟹呀[哈哈],1,test,weibo_social
回复:回复: 你们俩想复燃就复燃吧阿门！只求亲狗饶了我[泪]男友还未搞定，请给妹一条缠绵的小路[爱你]蕾女的原则素：闺蜜前夫可杀不可辱 //:我准备开始新的恋情了，答应黄小蕾这几年来对我的追求，你介意吗？[爱你],1,unlabeled,weibo_social
老布什总统说的？[哈哈][哈哈][哈哈],1,unlabeled,weibo_social
回复:哈哈..那我重新[爱你] //:好看的 你 //: 啊~你们有认出衣服来嘛[嘻嘻],1,unlabeled,weibo_social
[哈哈]糖果就是孩子的整个世界，i am serious//: [哈哈]笑得眼泪都出来了！,1,test,weibo_social
目的地【中国“百慕大”四川黑竹沟】黑竹沟位于乐山市峨边彝族自治县，沟内高山众多，有云海、佛光等奇景。但当地人称为死亡之谷。[生病]1950年，国民党胡宗南残部30余人，仗着武器精良，入沟后无人生还，也有人携带8个指南针进内却全部失灵。当地彝族祖训曰不得进内，否则遭灾！[衰]看图景色好吸引,0,train,weibo_social
端午过后 刚过完三天假，脸上的肉肉跟我say hello，“哥们，好久不见！” [泪][泪]啊啊啊~~~,0,unlabeled,weibo_social
"谢谢关注! //:太有范儿了~~ //: 回复:非常,非常感谢你的肯定! //:朱刘实在是太棒了[爱你]",1,unlabeled,weibo_social
老妈包的大馄饨[嘻嘻] 我在:,1,unlabeled,weibo_social
早上办事去，开始坎坷最终顺利，耶，拥堵的三环，推推嗓嗓到了单位，美好的一天，开始[爱你][浮云][爱你],1,unlabeled,weibo_social
外婆家聚餐，部分最爱[爱你][馋嘴]吃完，跑步[哈哈],1,unlabeled,weibo_social
我有一种预感，用不了多久，酒店自己也准备返现给到自己网站做预订的客户了。 //://: 支持创新的力量[赞]~~//: 回复: [害羞][害羞][害羞] 被携程封杀说明我们真正进入了酒店预订行业[嘻嘻]，被腾讯copy说明我们真正得到了互联网圈的认可[嘻嘻] //,1,unlabeled,weibo_social
终于拿到了公主的签名版新专辑，特别适合晚上写稿时听，超级耐听！[爱你],1,unlabeled,weibo_social
[晕]还好不是我贴。。你弄到那么晚啊辛苦的！,0,unlabeled,weibo_social
NND，我更恨你，我热得跟啥似的，你在那开着空调喝着青啤吃着烤肉，我要代表月亮消灭你！[抓狂]说你喝酒不@ 男人，你一下@ 了两男人，唉，疯婆娘，可愁死个银了[衰],0,unlabeled,weibo_social
如果人与人永远这样，社会真的就是和谐的社会了。[泪]//: ??微博,0,unlabeled,weibo_social
元哥，有种！[哈哈] //:回复:预计十月！ //:哥们：什么时候国内首映？想看！ //:谢武老师！ //:有种！ //:音乐会首映礼！ //:有种！ //: //:有种！ //:有种！ //:有种！ 王小山:期待。 //: 有种！,1,unlabeled,weibo_social
“现在国家对乳制品的抽查已经到了无以复加的程度！这么抽(查)会抽死人啊！”光明乳业总裁郭本恒在中国乳制品工业协会第18次年会上如是说。[衰][鄙视]如果不是矫情，食品生产企业负责人这种抱怨越多，老百姓就会越开心！[哈哈][耶],0,unlabeled,weibo_social
好吧，成都！虽然一波三折，却也让我有意外的最大收获，感谢亲爱的司机接机，并入住如此特色的酒店。成都，我预备爱上你[太开心],1,unlabeled,weibo_social
//:一定要看[泪] // :感动[泪] // ：不小心看到，忍不住哭了，男人~~ // :让我留下，让爱留下...[哭泣男] [放开],0,unlabeled,weibo_social
回复:顺便游览“金鸡湖”，美景美食美心情。 //:有机会一定一一吃之！[嘻嘻] //:回复:[馋嘴]江南运河这一段什么镇江、丹阳、常州、无锡、苏州、吴江、嘉兴、桐乡、杭州吃食太多了，大晚上的，不说了，[抓狂] //:这大晚上的！[泪][馋嘴],0,test,weibo_social
Sizzler的午餐时刻[爱你][爱你],1,val,weibo_social
头痛[失望][可怜]！就吃＂散利痛＂[生病][生病]，今天已经是联系第三天了[抓狂][抓狂]，奇怪的是每天头疼的时间比次日提早一小时左右[思考][思考]！这样的状况与几年前一样！难道真的是2012了吗！[黑线][黑线],0,train,weibo_social
少喝啊 要等我[做鬼?] //:[哈哈]往死跑! //?宋健:回复:是跑得 ?不住?[做鬼?][做鬼?] //:收到！飞前来电！我近一周会乱跑！,1,test,weibo_social
再也不用因为nice买iPhone了//:我等android用户终于可以用了[泪][泪][泪]//:来了。,0,unlabeled,weibo_social
前几天高烧不退啥也吃不下，喝粥都恶心，昨晚上还吐了，[汗][晕] 今天状态好点了，水果餐补补缺失的维生素果酸神马的...一稍微好点我就心情愉悦，觉得离健康近一步了[嘻嘻][嘻嘻]旁边床位一大姐一人打点滴给朋友电话哭诉嘴苦难受，我赶紧让我家人给她买水了，希望她能好点，看她一个人输液怪可怜的...,0,unlabeled,weibo_social
一家人一人吃个鸡蛋，然后和老爷子扯了一个半小时，生活，这样也不错。但是明天就又回去开平了[泪],0,train,weibo_social
美食DIY大朋友小朋友们，咱们钟爱的鸡翅又来了~今天，80后女孩教大家做可乐鸡翅~小编想说的是：今后想要吃鸡翅再也不用抱妈妈的大腿了！[泪],0,unlabeled,weibo_social
啊。。。在保定折腾了一天。[怒],0,test,weibo_social
回复:[抓狂]我也有你照片，哈哈哈。 //:回复:我好像有你照片，回去找找，贴门上！[偷笑] //: 非你莫属了。 //: 恐怖片。。。。[泪] //:[黑线] //:,0,unlabeled,weibo_social
台风天兔 爷昨晚为求统一、延续性，裹着一条空调被睡了一晚[睡觉]，今早果断开始鼻涕清流[黑线]，莫非这“兔子”威力这么猛，都刮到北京来了[悲伤]。 详情:,0,unlabeled,weibo_social
今天打了无数个喷嚏...不知道和你有木有关系、呵..。[爱你],1,unlabeled,weibo_social
回复:碰到很意外，赶紧和张影，可是拍的虚啦。[抓狂] //:像张健。。还来本溪水洞游过，哎，冷暖自知啊！！！[衰] //:。,0,unlabeled,weibo_social
给bon“解”字，说了个“疱丁解牛”的成语故事给他；bon爹技痒，说“嫩”字时，他脱口道：“老牛吃嫩草”?bon娘石化一秒钟，小bon问：是孝顺的意思吗？把最好的留给老人吃？[晕]bon爹立马远遁。bon娘老老实实地解释引申义。小bon想了下：牛肯定都喜欢吃嫩草的。bon娘只说：是，喜欢就好！[可怜],0,unlabeled,weibo_social
坏人忒多[泪],0,unlabeled,weibo_social
[笑哈哈]//: //: [鼓掌]圣诞节要吃大餐哦，你们呢？[太开心] @-三亚旅游资讯,1,unlabeled,weibo_social
[晕][汗],0,unlabeled,weibo_social
做?场，女滴当男滴用，男滴当牲口用！真是市场虐我千百遍，我待市场如初恋[衰]同期声~,0,unlabeled,weibo_social
必须看大图哇！果然异域风情！[哈哈],1,unlabeled,weibo_social
又出发去看花了。[睡觉][睡觉][睡觉][睡觉]雨雾天。[晕][晕][晕] 我在:,0,unlabeled,weibo_social
妹妹长大啦！ //: 还是那时候瘦啊我！！！[泪],0,unlabeled,weibo_social
[猥琐]呵呵 真开心，励志48天减 肥24斤，愿望终于实现了。我用的方法: 很给力的哦~~天猫出游季[神马][神马][抱抱][怒骂][心][挤眼]5[心][给力]6[哈哈][挤眼][给力][哈哈][哈哈][哈哈][抱抱]u867uy7,0,unlabeled,weibo_social
晚安我饿了，所以我要睡觉啦[泪]内个，喃觉得谁家菠萝包好吃？[睡觉],0,val,weibo_social
世界上永远没有感同身受这样的事！真的，都是说说而已！??祈祷不再有饥饿，伤害，嫉妒，泪水，无奈……[伤心][伤心]期待飞机能穿越是真的！[晚安][晚安],0,unlabeled,weibo_social
途秀送福利小伙伴们，这次主页君带来了迈克尔?杰克逊定制手套、定制笔记本、旅游手册等好礼，都是从美国空运过来的哦~[太开心] 赢取方式很简单，来这里 给 投票就OK啦！主页君会随机抽取若干名送出奖品，当然，关注 会加分哦！每周出奖~[酷],1,unlabeled,weibo_social
现实版地下工作者[哈哈] //:这个真实段子精彩!//:！！//:呵呵,1,unlabeled,weibo_social
夜色，美酒[太开心],1,unlabeled,weibo_social
立冬吃饺子，冬至吃饺子，立秋抢秋膘要吃饺子，三十团圆吃饺子，初一过年还要吃饺子~~~一年到头吃饺子，你们想过饺子的感受吗[怒][怒][怒][怒],0,unlabeled,weibo_social
早上7点半就开堵了[泪] //: 年度恐怖大片《丫们回来了》！//:幸亏没开车！//: 首都模式开启，各位请耐心做好堵车准备，路上多听听广播、看看书、玩玩手机纾解情绪吧…,0,test,weibo_social
早下班真是太残忍了[泪][泪]我每次都要在外面晃荡一个半小时以上才能等齐人吃饭…,0,unlabeled,weibo_social
减肥中的孩纸桑不起 之二我被香味吸引着在小吃摊中徘徊，我不断的告诫自己马非夜草不肥、今晚你已经吃的很多了、爸妈从小就告诫你街边摊不卫生…可最终还是败给了干锅土豆[泪] -_-b,0,val,weibo_social
[泪]腹肌酸死，自然抖。。。,0,unlabeled,weibo_social
发现除了料理，熨烫衣服也是一个怀着美丽心情干的家务，老有成就感了[哈哈] 平时也就周末有空，今儿早，全部给它熨一遍[偷笑][威武],1,test,weibo_social
【郑州公交站牌被风刮断倒地[吃惊]】大风起兮云飞扬，秒换发型兮不重样，郑州大风让您走在时尚最前沿！大风吹乱的不只是发型，还有TA们―― ：客运新东站一公交站牌被风刮断倒地，砸伤一女士。 ：早上洗干净的脸，走一段路就变成了酱紫[吃惊]郑州，你是要逆天么[抓狂]大河报,0,unlabeled,weibo_social
对啦！我们是豪华精选品牌在中国唯一一家＂宫殿式＂酒店。[亲亲],1,train,weibo_social
[晕][嘻嘻],0,train,weibo_social
大男孩老男孩都是男孩[偷笑][偷笑][偷笑][挖鼻屎][挖鼻屎][挖鼻屎]所以都要一起节日快乐哟！[鼓掌][鼓掌][haha][haha][话筒][话筒][音乐][音乐],1,unlabeled,weibo_social
西昌机场，真大啊，快赶上丰台火车站了！[晕],0,test,weibo_social
砖家就是这么来滴！[怒骂] //: [哈哈]狗掀帘子--全仗着嘴。//: 佩佩佩服！[酷]//: [哈哈]//:[哈哈]//:,0,val,weibo_social
办了一件极其丢人的一件事 你懂的，嘘[嘘] [泪],0,unlabeled,weibo_social
买件好质感的斗篷就是这么难！[怒],0,val,weibo_social
//:27分，严重抑郁[汗]//: 竟然0分。。我惊呆了。。 //: 竟然15分，，，已有。//: 18分……已有抑郁 //: 22。。。嗯。。。//: 您的选择得分为39分。。。//: 30分[衰]，可以??安眠?了。[泪],0,unlabeled,weibo_social
周末过得总是那么快！[衰][衰],0,unlabeled,weibo_social
めんたいパ?ク[鼓掌] 常滑市！！?学、?食もできるし、明太子好きな人、?逃すな[给力],1,unlabeled,weibo_social
在携程预订最低仅需268元哦，戳右边去小蛮腰体验世界最高摩天轮啦>>> //:肯定好爽啊 超刺激的吧～？其实我也好想去哦，但就是，荷包叫紧啊，[泪][泪],0,test,weibo_social
您能喜欢我真是非常高兴哦，我跟拍的。呵呵！好开心！[哈哈] //:实在喜欢这张组合。,1,test,weibo_social
//: 想掩盖什么真相？都己经是赤贫户了，还不让人死得有点尊严，太无耻！[怒],0,test,weibo_social
牡丹花下不死也风流[哈哈],1,unlabeled,weibo_social
亲 你那么瘦还减肥！！！[晕] //:看着都不想减肥了~ //: 帮转，腰果布朗尼超级好吃,0,unlabeled,weibo_social
//:终于找到了！[太开心],1,unlabeled,weibo_social
今年的第一株桂花香[爱你],1,test,weibo_social
昆航动态2010年11月6日，在昆明市创业投资引导基金推介暨颁奖晚宴上，昆明航空有限公司董事长王清民（图中左五）从昆明市委常委、副市长刘光溪手上接过2010泛亚地区最具投资潜质十强企业证书和奖杯。[鼓掌] 昆明航空成为500多家报名企业中唯一一家获奖的航空企业。[礼花],1,unlabeled,weibo_social
球要打，范也要保持住！[嘻嘻],1,unlabeled,weibo_social
做完直播节目，我激动得电话我妈说，听了吗？她说，这年头谁家还有收音机啊[顶]，曹小力同学，你们任重而道远啊[可怜]，我对不起你[泪],0,unlabeled,weibo_social
魔镜魔镜告诉我，我长了张什么脸？据测试，我长了张型男脸[花心]。其实不管什么脸，最美的还是笑脸，对不对？[哈哈] ，来测测你长了张什么脸，传送门：,1,unlabeled,weibo_social
我想看电影[泪][泪][泪][泪][泪][泪],0,test,weibo_social
"畜牲。。。[怒] 老人家，您何必呢！这年代您越让他就越不知天高地厚！一路走好[微风] //:fuck // :令人发指！！姚礼尧:我当时看到老头一直在让,年轻人打人是还骂老头有病,老头连说我有病,我有病.然后别人劝老头跑,老头一直不肯跑,说要干活.",0,unlabeled,weibo_social
感谢你给我的简单平凡感动的七夕。我们传奇的相识到相知到现在，我相信我们会一直走到最后。有你在的每一天都是情人节。爱你[爱你][爱你],1,test,weibo_social
小盆友在班上组了个国家，自封老大，成员共九人，各有分封。今晚，小盆友宣布说他们要开研讨会了，议题是“今后三年的发展方向”！矮马，这也太靠谱了！！[晕][偷笑][嘘],0,unlabeled,weibo_social
现在在穿越微信回复“拍卖01”就能了解最新拍卖价，你们出价了么[嘻嘻],1,unlabeled,weibo_social
??都有人信[晕],0,train,weibo_social
[哈哈][哈哈]还真是，估计能组织一个榔头帮[哈哈],1,test,weibo_social
精辟啊，特别是最后一条！深恶痛绝啊[怒],0,test,weibo_social
娃，你在暗暗滴发咩誓哩？ //:[偷笑]废话，前几天我们也没能看清楚你[顶][抓狂],0,unlabeled,weibo_social
回复:有效期过，还超龄。[失望] //:详情请见：,0,test,weibo_social
晕，不知怎么想的[怒] //:史上最淡定“车祸姐” 脑袋飙血仍然不忘自拍。。。,0,unlabeled,weibo_social
想！哭！了！为什么那么蠢！[泪]带了相机sd卡却在电脑上。。。。以后必须在相机包里放一张备用的。今天只能pad拍照了卧槽。,0,unlabeled,weibo_social
仁者见仁，智者见智，靠不住者见靠不住。[哈哈] //:这样读名著啊！[哈哈][围观],1,test,weibo_social
[害羞][泪] //:搜罗全球震惊内容，下个微.博更震惊！ [给力] [围观],0,unlabeled,weibo_social
公车上温馨的看到推荐[可爱] 美好的一周早安 谢谢小编[心] //:你的负担将变成礼物，你受的苦将照亮你的路。――泰戈尔 推荐摄影师作品花与美好[心]更多图片欣赏,1,test,weibo_social
[抱抱] //：天然呆！,1,unlabeled,weibo_social
很爱剧中音乐[兔子] //:各位＜黑眼睛＞剧组的工作同胞们辛苦啦！一起来抢鲜看预告片吧[爱你] @?湘萍,1,unlabeled,weibo_social
[鼓掌] //-书渊:为老东家吆喝[织],1,unlabeled,weibo_social
突发奇想，应该找人给 排练一段相声，上上春晚什么的，绝对压过本山！把这事安排 给操持一下吧？[哈哈] //:这个有点意思！,1,unlabeled,weibo_social
我是哪肿咧[思考]Yu%//:?[泪]是的,0,unlabeled,weibo_social
收啦，浴室的感觉很稀罕?[爱你] //:,1,unlabeled,weibo_social
适当缺点心眼活的才自在一点呢，那些心眼多的人天天算计多累啊？是吧，我也缺心眼，同缺同缺[嘻嘻],1,val,weibo_social
[泪][泪][泪][泪]物是人非 //:十八年，导演真的很有耐心，我们喝片中人物一起长大，结婚，离婚，养孩子抑或。。。本周日下午2点半，拾楼说电影 别错过~,0,test,weibo_social
[衰][衰]我们吃过其中的... //: //:连厨师都不吃的四样菜。。。,0,unlabeled,weibo_social
我也好想打死特……[泪] //:砍死他！！！ //:有没有人向打死这个博主？,0,unlabeled,weibo_social
求地址[花心] //: [干杯]其实好吃的很呀?//:收照 [哈哈][哈哈][哈哈],1,val,weibo_social
两队拉平，你我也拉平啦！//: [泪] //:回复:进拉，记一球。[威武][威武] //: 看好英格兰， 俺已经猜法2:1英，盘口法国赢一球。 //: 11：50如果没有变盘的话，平手盘从理论上说是要压下盘压英格兰。 //: 最新盘口“平手”。法国队V,0,unlabeled,weibo_social
[晕][晕]//:[问号],0,unlabeled,weibo_social
额，难道俺记错啦//: 这是峡湾那个镜湖，不是马涩森湖啊//:这个就是趁我跳伞乔巴和乔媚约会的地方？[抓狂][抓狂][抓狂] //:回复:美吧[呵呵] //:是，我去过那 //: 回复: 正是 //:??不是马瑟森湖吧..,0,unlabeled,weibo_social
吃货每天除了吃都会是这个状态。 [泪] 小丸吃完早饭就开始想，我中午吃点儿啥呢？ [泪] 吃完午饭就开始想，晚上去哪吃呢？ [泪] 吃完晚饭就开始想，我明儿早吃多少才是多呢？ [泪],0,unlabeled,weibo_social
//:也许是给自己一个美丽的希望。。。[爱你],1,test,weibo_social
为毛感觉这么累？难道真的是年纪大了么[泪][泪][泪][泪][泪][泪][泪][浮云][神马][神马][浮云],0,unlabeled,weibo_social
cc ?你家的...XD//: 低调低调 //:chu~ //: [哈哈][哈哈],1,unlabeled,weibo_social
木有票[泪] [抓狂] 明天晚上去人艺门口找黄牛党！ //：期待期待！ //: 值！[奥特曼],0,unlabeled,weibo_social
我们够帅吗？[嘻嘻],1,unlabeled,weibo_social
露台[抓狂][抓狂][抓狂][抓狂] //: //-judy:[呵呵]欢迎常来,0,train,weibo_social
每次看到这种都流眼泪。。我们的宝贝女儿，现在就开始舍不得你了。。[泪]但粑粑麻麻一定伴你快乐成长，给你一个幸福的童年～青春的路上，一定要阳光向上～[爱你]粑粑麻麻爱你！@?氏?? [心] //:@?氏?? [委屈]唉！老父垂暮时，你终往新枝[泪]。@??兔拉拉 //:,0,test,weibo_social
[泪][泪] //:看到刘翔母亲的话，心酸的想流泪，一个伟大的运动员已经不属于自己，不属于自己的父母，当把自己的一切交给国家时，他背负的压力是常人无法想象的，无论成败，都应该好好呵护他，不离不弃，像对待自己的孩子一样！,0,test,weibo_social
全中。。。 //:[吃惊]全中...[衰],0,unlabeled,weibo_social
【生活?语】1.导致婚姻破裂的最新三大罪魁祸首：手机不设密码、保存聊天记录、参加老同学聚会;2.前任为了小三跟我分手，我为了报复，勾引了小三她爸。现在，他两都叫我妈……哼，看谁比谁狠;3.我们学校就一个系，一个系就一个班、一个班就一个学生，那个学生是我，那学校就叫家里蹲[抓狂],0,val,weibo_social
中奖名单 恭喜@??坡 三位小伙伴各获得《忍不住开了间家庭旅馆》新书一本+超美主题明信片一套，麻烦请把快递信息私信谷声君哈[鼓掌],1,val,weibo_social
回家刚一天明又远离家乡奔赴城市了这里的安宁好似一桶清泉给了我从头到脚的冲刷洗去了过去一年在城市的浮躁，让我一身轻松[太开心]，小时候骑马很艰难的到山顶喂桑现在可以开车很轻松的到达山顶 有点不适应[吃惊] 呵呵！祝大家在新的一年里 万事吉祥 扎西德勒！,1,test,weibo_social
鼻塞[泪],0,unlabeled,weibo_social
//: //: 一双无辜的大眼睛，充满了委屈、无助、绝望。。实在不忍多看，心会碎的[泪][泪],0,unlabeled,weibo_social
密集恐惧症的飘过[晕],0,unlabeled,weibo_social
中了双色球，就别买这些车了，济南有法拉利了//: 现在买还来得及吗，出去买块钱的//: 明天买车小哥能不能拿到提成就看今晚双色球了 ！//:[嘻嘻]//: 就等买彩票的钱了，右边准备准备呗//: 快去取钱[哈哈]//: 我准备好了，钱没准备好[哈哈],1,unlabeled,weibo_social
周一貌似来的太突然了～祝大家周一可以精神上班去哦[嘻嘻],1,unlabeled,weibo_social
[熊猫][哈哈][嘻嘻],1,unlabeled,weibo_social
就因为我小学时不爱背手，觉得好累，结果被老师骂过好多次，还罚过站[泪] //:当时看了这个封面，也有同样的感受//: 如果一个国家的教育是为了培养公民，它必然会鼓励独立的观察、思考和判别，必然会尊重言论和表达自由，必然会包容与众不同和奇思异想，必然会教人求真向善,0,test,weibo_social
"//-Sonic: 山东喝酒的讲究我可是领教过了[泪] //:以前在山东工作过,确实是这样的,定位好主副陪,主副宾以后,就不要分那么细了,特点是热菜来之前,主陪领三个酒,副陪领三个,主宾回三个,副宾回三个,三四一十二,外地人基本都晕了,那里还顾得上招呼主人客人,所以坐那里都一样",0,unlabeled,weibo_social
-夏 生日快乐[哈哈][蛋糕]?Ella 白头偕老 我在:,1,test,weibo_social
回复:电闪雷鸣 //:下雨很大呢。？ //:听雨[嘻嘻],1,test,weibo_social
"温馨提示北京明日周二, 雷阵雨,32°C ~ 22°C, 微风。这几天气温还算凉爽。但是32度的高温会不会带来前段时间雨后的闷热。我们也不得而知。[泪]所以建议亲们午饭后可以视天气情况出去感受下帝都不多见的凉爽。不过明天仍是雷雨天。各位还是要带好伞哦。[嘻嘻]明日尾号限行3和8。",0,unlabeled,weibo_social
早餐。洋葱圈煎蛋，不太靠谱，除非你把洋葱圈薄厚完整切分好。。。不过，怎么煎蛋都香阿[嘻嘻][嘻嘻],1,unlabeled,weibo_social
这个绝对不能支持！！[抓狂]人家韩国的公路上多守规矩知道吗？。。。这样“优越”的环境下考下来的司机，能应对中国的交通状况吗？还嫌“马路杀手”不够多吗？？？,0,unlabeled,weibo_social
踢球把脸磕肿了一块，这回我也有“自然粉底”了…真悲催[泪][泪][泪],0,val,weibo_social
我在这里: 东城区美好的天气，悲催的我[泪],0,test,weibo_social
回复:哈哈，原来把ebeecake先留在心里了[亲亲] //:回复:有?巧克力牌子 上?就被消?了,1,unlabeled,weibo_social
必须加油[哈哈],1,train,weibo_social
最喜欢鱼头泡饼了，因为我超喜欢吃鱼。建议是多开几家分店吧，朝阳区店多，海淀就一家，还离得远 [泪],0,unlabeled,weibo_social
北京南站无家可归的人[泪],0,train,weibo_social
拖出来见见光吧！！//: //:立法！治丫呢！ // /:估计这三位死定了// :薅出那北京的傻逼娘们儿 我要让丫知道 她的罪孽深重…[怒]// 拖出来见见光吧！好好的人你不做，净干些混蛋事儿！这真得防着点儿，今天敢虐猫明天就敢虐人啊,0,unlabeled,weibo_social
又没睡好[泪]快点过完这周吧，长假长假[花心],0,val,weibo_social
计划赶不上变化[抓狂][泪],0,val,weibo_social
拽掉大裤衩，裸视钱袋子[哈哈][哈哈],1,train,weibo_social
豆莎大侠，你是要闹哪样？！！[怒][抓狂][抓狂][汗] 美图GIF泰迪熊车狗大战,0,train,weibo_social
确实愚蠢 [抓狂]//: 愚蠢的，自我伤害的爱国行为不如打酱油//://: 满街义和团 //:这是谋杀 //://: 报纸们，把这种行为挑逗起来会是什么结果？ //:暴徒。 //:不要自己人害自己人！人家反倒,0,unlabeled,weibo_social
没敢问，她男朋友在旁边呢。。[泪]//: 你问问她能不能调成静音模式,0,test,weibo_social
【神话演唱会ing】韩国长寿组合神话来上海咯～～小编送上新鲜出炉的现场组图给没到的粉丝们先解个馋吧～[嘻嘻][嘻嘻] 更多内容尽在近期播出的新娱乐在线！,1,unlabeled,weibo_social
今天是头七，就北京祝福你？？？[泪][泪][泪] //:眼花 //:【《北京祝福你》9分官方正式完整版MV首发】[话筒]好多明星，眼都花了[给劲],0,train,weibo_social
[爱你] //:我都看哭了，虽然没去[抓狂],0,unlabeled,weibo_social
那年与老虎妈坐一起看球，现在又见到了＂新贵＂啦！[哈哈][哈哈],1,unlabeled,weibo_social
第59届日本传统工艺展的入选名单于22日发表，岐阜县有19人入选啦~~[鼓掌]有陶艺的，织染的等等项目。图片为伊藤秀人先生的「?彩大?」作品。,1,unlabeled,weibo_social
小浣熊 //@-王琮-:我这半世的英明啊，毁了菜的了！[抓狂][抓狂][抓狂] //:太可乐了！,0,unlabeled,weibo_social
汪汪在旅途挺好的海上屋海鲜大餐，因为盘山路的颠簸，光吃蔬菜了[泪] 我在:,0,unlabeled,weibo_social
[汗] //:不够粉的话，能不能别露啊[汗][汗][汗] //:[衰].... 快去问问她经纪人！,0,train,weibo_social
上次和途牛网去韩国，遇到一个北京的[衰]领队、一个韩国的[衰]导游，现在想起韩国就不舒服。,0,train,weibo_social
哦，“我太容易感动了”。郎骑竹马来，绕床弄青梅啊！//: 我靠，这个意大利小流氓太可爱了！ 贵频道要是找到这么通人性的小盆友，那收视率还不… //: 555今晚上看到的最美好的事情。。[泪],0,unlabeled,weibo_social
对号入座啊[哈哈][哈哈][哈哈]//: 靠。照这么说，怎么都嫁不出去了,1,test,weibo_social
生病了[泪]快点好吧,0,test,weibo_social
太过份了[怒]赶快说地址 //:[馋嘴],0,test,weibo_social
[?筒] //://: [泪]//: 救救青年。 //:[话筒]//: [话筒]//: 发起救援任建宇的运动[抓狂] //:为他就是为了自己 //: //: 握笔的手不因恐惧而颤抖，不因表达而获罪。 //:薄王?垮，?霾不散，余孽仍在!,0,unlabeled,weibo_social
不小心打破了一个碗，我心爱的KT碗[泪]，用了将近10年啊? 可年的Kitty 和 Melody[泪][泪]。。。如果你们有来生，请你们还要做我的碗[泪]。。。。,0,unlabeled,weibo_social
一旦坐下，胖肚肚的赘肉就遮不住了！[可怜][吃惊][汗][哼][抓狂],0,unlabeled,weibo_social
龙儿生日快乐[蛋糕][蛋糕][蛋糕][爱你][爱你] //: 谢谢江姐[太开心]你的文笔真是越来越好了[偷笑]可你暴露了我的年纪[抓狂],1,unlabeled,weibo_social
李晨挺好个小伙怎么就看上张馨予了呢？[晕],0,test,weibo_social
正在美发，煎熬了几个小时肚子叫翻天还不休，美是需要代价的有么有[泪],0,unlabeled,weibo_social
[哈哈][哈哈][哈哈] //:[笑哈哈],1,unlabeled,weibo_social
演出前各种状况[晕][吃惊]司机不见鸟，又走错路 长长的裙子拉链坏掉了[泪]感谢大学我没逃的手工课[汗]录制现场重新清场折返酒店，节目备播录制拖到凌晨[晕]不管怎样，最后OK就好[太阳] 辛苦了，明天还一场呢……加油[奥特曼],0,test,weibo_social
朋友的店， 支持一下。 不知道送妈啥的可以看看[哈哈] 5min小广告,1,train,weibo_social
回复: 经常有变化，建议时时关注 //:不知什么时候再有飞斐济的特价票。三四月时我看到7月4日飞楠迪往返含税6280港币的票啊，可惜下手晚了，不然我现在就在yasawa爽了[抓狂],0,train,weibo_social
这两个怂货！一个拉了特别臭的大便，我在客厅里都被熏的头疼！一个边走边尿，我刚擦的地板还要收拾！真想体罚你们两个混球！气死我了！[怒][怒][怒][怒],0,unlabeled,weibo_social
[右哼哼][左哼哼][挖鼻屎][做鬼脸] //:没办法，这是爱马仕(Hermes) 的当季款、热门颜色，国内近期排不上号，当然出手快！你又不可能要，看看照片过过眼瘾吧[嘻嘻][嘻嘻]//:啊！我都没看见[抓狂][吃惊],0,unlabeled,weibo_social
我不但错过了你的生日还错过了今年北京冬天的第一场雪[泪]！我亲爱的西施玲姐生日快乐噢[蛋糕][蛋糕][礼物][心]！永远美丽！[花心][嘻嘻],0,test,weibo_social
央视春晚，一年不如一年，太难看了。[抓狂],0,unlabeled,weibo_social
干部好不好，要看靠山倒不倒。//:[怒]//://:海南的同志有一个收收藏300多位女人的阴毛//:白天高唱主旋律，晚上贪污搞女人！,0,unlabeled,weibo_social
"回复 :用靓油炸致酥脆,带些椒盐味,香! //:貌似蛇皮呢！蛇骨还是椒盐好成绩哈 //:回复 :反而我不吃狗肉呢. //:[衰] 我觉得自己敢吃狗肉已经很勇敢了 蛇肉至今不敢吃",0,unlabeled,weibo_social
中了，我一定不辞万里的来看你，北京路[抓狂][抓狂][抓狂]//:抢个晚上好约会 //:抢个晚上的 @??奴灬,0,val,weibo_social
我想把写这条新闻的记者掐死。//:[衰][衰][衰]2名女生自己联系当地一家政府单位冯姓员工？,0,unlabeled,weibo_social
[怒] //:武汉电视问政 -武汉网络电视,0,test,weibo_social
代友求租 二、四、六号线沿线单间，四月初入住，请朋友帮忙。[亲亲],1,unlabeled,weibo_social
好心疼 //:[伤心] //:这只狗狗好像我家小白。流行泰迪的时候，通县狗场挤满了小泰迪，很多都是因为过度繁殖出现眼盲和天生残疾的问题，未来的一生怎么办，在有些狗贩子眼里小动物的一生就不叫一生，就是金钱的代码，卖不出去也就没有意义了。,0,unlabeled,weibo_social
让人们因为我的存在而幸福！原来很难很难！[失望],0,unlabeled,weibo_social
纠结[泪][委屈][哼][黑线][悲伤][生病],0,train,weibo_social
上班高峰亮马桥地铁售票机全坏了，[怒骂],0,unlabeled,weibo_social
晚上跟儿子较劲，把儿子的手腕弄伤了，内疚自责，狠心的妈[泪][怒骂][衰],0,val,weibo_social
所以大陆人民起码也得一辈子才行。。。 //: 这算是指桑骂槐吗！？[偷笑] //: 如此招数老掉牙了 //:心都操碎了![嘻嘻]//-文武: 主播：台湾人民23年不吃不喝才买得起房，我们大陆人民、、、哇~~哇~~。[泪][泪][泪],0,val,weibo_social
恭喜昨日参加有奖转发美图show获奖的童鞋们 @?人 -Jun ！！[鼓掌] 请大家私信小编姓名、电话及邮寄地址吧！[礼物] 奖品来喽！！,1,unlabeled,weibo_social
在北京的川籍精英可以聚聚[鼓掌],1,test,weibo_social
//-游建章:，，，穿越到现代来的几个家伙大喊，你们现代人跑得太快了，等等我。在没有人回应并且遭到嘲笑之后，掏出一卷发黄的XX纸，高喊【圣旨到！】，居然管用，于是就有了后面的故事。 //:【马光远谈央行眼中的互联网金融】[哈哈],1,unlabeled,weibo_social
//:上海110说找北京110，北京110说没办法，忍耐或不理[衰]真是不要脸和不要命的牛,0,unlabeled,weibo_social
终于有清楚的电视看了[泪]忍了几年了，一个破机顶盒要卖700！抢钱那！,0,val,weibo_social
[鄙视][怒][怒骂],0,unlabeled,weibo_social
基层，人要做，只是劳力不劳心而已！若非，干出不是人的事也行？高层，事也做，只是劳心不劳力而已！久之岂不成不接地气的赵括？看来只有中层既劳力又劳心，真正苦逼！[泪],0,unlabeled,weibo_social
还有奶茶的咸和甜。。 //:您说内是豆汁儿吧。。。//:第一次去北京吃这个，喝了一口就不敢喝了。[衰],0,unlabeled,weibo_social
[给力][给力][鼓掌][鼓掌]谢谢陀陀 //:[鼓掌],1,test,weibo_social
//:德国不放过70年前的罪犯，中国更没理由不追查20年前的朱令案了！[抓狂]//: 不能饶,0,train,weibo_social
男人的手放哪儿合适呀[花心]准吗？[嘻嘻],1,unlabeled,weibo_social
不是吧，俺如此招蚊子，在楼下瞬间被咬五个包，重点在于俺还穿着裤子[泪],0,unlabeled,weibo_social
VIBE引力 80公升在香港 带着全身最重要的东西，明信片，出发了！今天又是一个大晴天，晚上去太平山会很好吧？我就说过，海燕一见到我就跑了，没有遇到刮风下雨，我走到哪都是艳阳高照，不过，好热！各位有没有推荐的地方？好玩，好看，好吃的都行[爱你],1,unlabeled,weibo_social
都快行动起来[鼓掌] //: 天津奥林匹克中心旁的奥城C7-114，欢迎全部金台西照会所同仁过来包场！ //:恭喜[鼓掌] 以后去天津就只在这儿吃了[兔子],1,train,weibo_social
[泪]普通员工3个月才能买得起的东西，高层就2天工资就可以随便置办了。Matthew Effect,0,test,weibo_social
这球~~圣阿比啊~~~~[衰],0,val,weibo_social
大郅牛逼！[泪][泪],0,unlabeled,weibo_social
我不评论[怒骂],0,unlabeled,weibo_social
我有话说【第24届中国哈尔滨国际经济贸易洽谈会(哈洽会)】 [嘻嘻][偷笑],1,unlabeled,weibo_social
拍他的时候特别想给他20斤……[泪],0,unlabeled,weibo_social
烤全羊，[嘻嘻]十五斤！火爆啊！,1,unlabeled,weibo_social
听法国媒体报道这些华人黑社会在西班牙洗钱金额高达2500万欧元！西班牙警方也承认从来没有见过这么多现金！[衰] //: //: 这画廊显然是为了洗钱的吧,0,unlabeled,weibo_social
大家周末都干嘛呢？[思考]我在家等快递，结果等到了，就悲哀了！一箱豆奶从西双版纳运来，24瓶碎了4瓶，无论包装都严实，都经不住暴力快递的摧残！中通快递够差劲的！[悲伤][怒骂],0,test,weibo_social
一般建议使用两月以后写评测 //: 原po高赞[哈哈] //:,1,unlabeled,weibo_social
那些年，我唯一的女朋友。ps:说实话，我就辟辟谣，你Y说我没交过女朋友，说我有同性倾向的小犊子，哪只眼睛看我像了？！ha? ha??[怒],0,unlabeled,weibo_social
加油！共同守望[奥特曼] 为了一份责任，为了几百名员工的生计，一定撑下去[泪],0,unlabeled,weibo_social
欢迎，欢迎[鼓掌],1,val,weibo_social
那就长话短说[嘻嘻]//:说来话长//: 应该让杨老师说说这张照片是怎么来滴~ //: 浦江饭店这个位置哈嗲,1,unlabeled,weibo_social
恭喜前十名猜中8月刊封面故事里斯本的小伙伴们， 将不日为各位寄送最新杂志，请以下小伙伴们将地址、姓名、电话、邮编私信小编 @?子碎碎? ?? -若飞 。充满诗意诱惑的里斯本即将横空出世，敬请期待！[鼓掌],1,train,weibo_social
还能有靠谱的出行方式吗？ //:逛动物园都不能有安全感，让我想到长安街上的英菲尼迪，等红绿灯也是一种错。 // :一双儿女[泪] // :实在是不知说什么。。。// :真的不知道该说些什么[泪] // :[委屈] 默哀。,0,unlabeled,weibo_social
[泪] //: 去吧！少年！[哈哈],0,unlabeled,weibo_social
这楼我还没见过就成这样啦[泪],0,val,weibo_social
[抓狂][抓狂][抓狂] //?昊:,0,test,weibo_social
[呵呵]亲们，元旦聚餐的节奏，喜欢就来玉林烤鸭走起吧[鼓掌]~~,1,unlabeled,weibo_social
终于到赤峰了。这车座的真特么的累[晕][晕],0,test,weibo_social
一个男人，比女人还懂得搔首弄姿，我作为女人深感惭愧！！万分羞愧！！！[泪]每次去这个店，最想避开的就是这个＂姐妹＂啊！[抓狂][泪][泪][泪][泪][泪][泪][泪][泪][泪][泪],0,test,weibo_social
回复:[哈哈][哈哈][哈哈]新年快乐！ //:渔夫你不要这样…………明显是一副事后的表情……[衰],0,test,weibo_social
吓裆一跳[嘻嘻]//:中国人民人手一支，什么情况？哈哈，拉动内需！ //:先给你一支[嘻嘻] //-王春丽:哎呦~~ //[吃惊]州小生V:人人必备，老少皆宜[酷] //:AK47，Made in China！,1,unlabeled,weibo_social
[爱你]飘雪赏腊梅，掌灯泡岩茶！,1,test,weibo_social
走吧！再再走上滇藏川藏青藏 ，我们一起走起到 客栈一次相聚……//: [鼓掌]转起！ //:走过七条进藏的人悄悄转起！,1,unlabeled,weibo_social
凹的[耶]//: 我也觉得是突的[晕] //:我怎么看这都是凸出来的,0,train,weibo_social
狗狗有最单纯的感情，好好待他 //:[泪]感人啊，好好善待它把，别再走失啦。缘分啊。 //:7年前丢失的狗也能找回来，多不容易，恭喜 //: 看到LZ哭的照片我一下子也跟着哭了QAQ //,0,unlabeled,weibo_social
用信鸽就稳了，一分钟时间后面的动车司机就收到消息，不会追尾了，二十分钟早停好车吃上脆皮乳鸽了//：微博关了，那就回到古代了，那时候大家都改用信鸽吧．//：有这可能，中国不=中东。过了维稳的极限，你猜会怎样？ //: 那就真的要官逼民反了[怒骂],0,unlabeled,weibo_social
[哈哈]//: 去年12月某西亿欧到办公室来，玩手机，下应用，扯产品，三个小时后临走前，实在憋不住了问我们：你们没看出来是iPhone 4S吗？,1,train,weibo_social
历史总是惊人的相似[泪],0,test,weibo_social
回复@??V:早点应该ok，个人单间民宿200多，套餐自游人含门票的300，应该划算的！乌镇！台湾美食在乌镇台客栈 //@??V:那儿压根就订不到 我两年前来过乌镇 //:是啊，满到我花台上面了！[泪] //:这两天，乌镇人爆满了吧。,0,test,weibo_social
打架你穿裙子，你有常识么//:真是裙子[泪] //:背带裤是冠军！ //:我特么也没想到今儿约架啊！ //:哈哈你一背带裤你打得过谁啊,0,unlabeled,weibo_social
完蛋了[衰],0,unlabeled,weibo_social
58欢迎您[嘻嘻],1,unlabeled,weibo_social
终于到了，开始被题，着小子还挺认真[嘻嘻] 我在上岛咖啡,1,unlabeled,weibo_social
买疙瘩[哈哈]太欢乐,1,train,weibo_social
昨儿还有亲交了包子作业，一转眼偶就找不到了[晕]! 嫩家小盆友与洋洋一样很捧场啊!,0,unlabeled,weibo_social
失望了，最后怎么不是船票现身？[不要]//: 结局好和谐~ //: //: 这都是世界级的了吧。世界达人秀在中国。。。//: 中国达人秀 //: // : [哈哈] // : 转一下吧，虽然俺土人基本都不认识 // : [哈哈]//,1,val,weibo_social
姐郁闷呢，来陪姐吧[委屈]//: [哈哈],1,train,weibo_social
好吧我带拍立得去 记得提我[嘻嘻][嘻嘻][嘻嘻] //:checky 全记录 厦门啊，鼓浪屿啊，绝对是拍风景片的好地方，你们去过嘛[馋嘴]？,1,test,weibo_social
中午想去楼下买个打火机点香薰，结过发现楼下的小卖部改成公共厕所了……[挖鼻屎][懒得理你][衰],0,unlabeled,weibo_social
//:老师，你回答的好羞涩[哈哈],1,unlabeled,weibo_social
//:具体位子在：红旗河沟车站！//:[泪][泪][泪] //:主治医生：古牧失血量很大！刀伤集中在头、颈部，鼻梁骨被砍裂，伤口达0.5厘米，刀刀都是致命伤！心太狠了！[怒] //:狗狗的生命仍在危险期，大家有空可以去看望，也帮助一下善良的保安大叔。,0,unlabeled,weibo_social
快乐帝，一定要跟让你感觉快乐的人在一起交流。大排档，没有情人的花，还有好基友的饼干，七夕快乐[嘻嘻],1,train,weibo_social
[哈哈][心]//: [嘻嘻],1,test,weibo_social
回复 :温度计泡开水来着吧！太狡猾！ //:我觉得这是个阴谋，丫故意装病逃避组织审训。 //:一看就是弥补前晚的错误！ //:亏不亏心呀，早特么不烧了！而且昨天我按照 的吩咐鞠躬尽瘁伺候您到39度怎么不表啊？[失望],0,test,weibo_social
飞机晚点[泪] 不过大家还是很happy 到岘港打算组织看球呢 美丽岘港，春天有约,0,unlabeled,weibo_social
这是我今晚在世贸天阶败的两双鞋 购物狂张柏芝也是双子女 我们双子女行不行啊 行不行啊 行不行啊[抓狂],0,unlabeled,weibo_social
为什么你只长了两只手？[衰][衰],0,val,weibo_social
昨晚遛狗遇一萨摩耶犬，喜欢骑在我家狗儿子身上，结果就掐了起来，回家一看狗儿子左眼流血，赶紧去医院，恐眼结膜受损。生盐水止血，打了消炎止血各一针，还开了消炎眼膏。医生说是眼角受伤，好玄！萨摩耶爪子够厉害的！一晚过去，狗儿子眼睛没事了，真是惊叹狗狗的愈合能力~[爱你],1,unlabeled,weibo_social
[偷笑]李老师点出了现状！ //:[泪]手机当电脑用，电脑当电视用，电视当装饰用…//: [赞]点出了问题的本质！,0,test,weibo_social
你太桑我心了，少图。55。 //: 又少了个“子”字[嘻嘻] 这个可以参加哦！,1,unlabeled,weibo_social
时间好快，年年陪在我身边过生日的人今年似乎没几个了，但收到了祝福，谢谢。尤其是 ，快当妈了，明年抱着娃来！[爱你],1,unlabeled,weibo_social
毫无根据的自我意淫标准//: //: [右哼哼]//: 是真的吗？[泪][泪][泪][泪],0,train,weibo_social
[晕][晕][威武],0,test,weibo_social
必须的！ //:兄弟姐妹们到时来捧场呀嘻嘻嘻！[亲亲] //:有活?？ // :// :全场最专业Pose 姑娘 她要发新专辑啦大家期待「潘多拉的月光宝盒」,1,unlabeled,weibo_social
高级定制 钻石手链...嘻嘻...特别为了个别小伙伴们开发的项目哦！[调皮] 快来感谢我吧... 简单，复古，彩宝镶嵌都能选择哦...[鼓掌][鼓掌][鼓掌]???...,1,unlabeled,weibo_social
你的微笑，换来的是无数微笑！//: //: ―个微笑不够，―串[嘻嘻] //:,1,unlabeled,weibo_social
北京提醒【亲们看好自家的宝贝儿吧！西三旗附近的亲们注意了！】西三旗森林大地小区自8月开始陆续有人投毒！共死亡猫狗、喜鹊、刺猬、黄鼠狼40余只！此毒药闻后导致内脏衰竭窒息而死。-钢琴 的公主Summer从发作到毙命仅20分钟。她只有七个月，还没有体验过完整的春去秋来！[泪],0,test,weibo_social
[晕][衰][赞]演技好。。。,0,train,weibo_social
哇，―年―度喔[嘻嘻] //:回复-咖啡大佬老冯:下次约你[馋嘴] //-咖啡大佬老冯:我没吃到哦！[嘻嘻] //:喜欢就好。,1,unlabeled,weibo_social
[哈哈] //:不能长出逼，让你泻在身体里，不能长出逼，只好用腿夹射你，浪漫的夏季，还有生猛的一个你，给我一个粉红的肿菊。,1,unlabeled,weibo_social
怎么不把高考日子改了呢！取消得了！彻底给各国大人物行方便！[怒],0,test,weibo_social
为了不失眠，只能靠药物[泪] 我在:,0,unlabeled,weibo_social
"这次在西北某地旅行时带着相机误入了""禁区""，遭到严重警告和驱赶[泪]！大家外出，尤其是在西部及边远地带拍照可一定要注意观察环境[嘘]",0,unlabeled,weibo_social
一雨夹雪路上都是事故[泪]冷冷冷[泪],0,test,weibo_social
感悟[泪] //:走到途中才忽然发现，我只剩下一副模糊的面目，和一条不能回头的路,0,unlabeled,weibo_social
名厨新闻【手机淘宝“请全国用户免费吃喝” 】为与微信争夺线下支付，阿里再出奇招。据悉3月8日“包下数城市的餐厅和正规娱乐场所，请全国人民免费吃喝一天。”用户参与此活动的唯一条件是使用手机淘宝。为此，阿里方面的投入将超过11.11 与12.12两大主题活动的总和。小伙伴们3月8号准备了么？[抓狂],0,unlabeled,weibo_social
十月怀胎，全城陪护啊[抓狂],0,val,weibo_social
机械战警[嘻嘻],1,val,weibo_social
回复 :猫曰：知音难求~[失望] //:明明是一副渴求爱的眼神~~表钱~要一个温暖的怀抱~~ //-逸:这神情。[哈哈],0,train,weibo_social
这个点儿京承已经堵死啦，时速5公里[抓狂] 今天上班的时候可参考下,0,unlabeled,weibo_social
不单是电商步入冬天，就连传统行业也不例外啊！叫人怎么活啊？[泪],0,unlabeled,weibo_social
烤箱的生活， 你们感受下[衰],0,unlabeled,weibo_social
右边这位你真心疼我！！！[怒][怒][怒][抓狂][抓狂][抓狂][泪][泪][泪] //: 我知道你现在不能吃，所以转发图片让你看饱了吧，据说能缓解...,0,test,weibo_social
悠游台湾个人游和 的美食电影之旅》天天和你分享好吃哒day4---逢甲夜市 ＂北回木瓜牛奶＂我点的是少糖保冰的版本，就好喝的我啊～！回北京以后再也喝不到如此美味～很发愁[泪]北京咋就没遇见这么用心的商家呢，连饮料的冰会不会化掉都要研究出不同的杯种，实在是太过专业！,0,unlabeled,weibo_social
我觉得是“长江后浪推前浪，前浪死在沙滩上”啊。[衰] 庄小姐在变相催稿~~~我懂的~~~[委屈] //:【长江后浪推前浪，前浪仍在浪尖上！】 哈哈哈 ?jessie,0,train,weibo_social
谢谢炳刚老师的支持[心]，有美食的地方就有了江湖哟[偷笑]//: 哇塞那么简单啊！[馋嘴][馋嘴]中国饮食博大精深，弄的我都想半路出家、、学厨师啦！[抓狂][抓狂][抓狂],0,unlabeled,weibo_social
东方卫视笑傲江湖[good][good]现场观摩绝对比看电视更过瘾，还能近距离接触各位大咖观察员！赶紧参与起来吧！今晚21:15，且先感受爆笑第一集！[哈哈][哈哈],1,unlabeled,weibo_social
[衰][衰][衰] //: //:,0,unlabeled,weibo_social
孙杨也怕水！[衰],0,unlabeled,weibo_social
今年美国财政部推出限量88套马年“吉祥钱”，每套“吉祥钱”都是以数字8888开头，寓意吉祥美好！[爱你]家庭乐,1,unlabeled,weibo_social
带上熊宝，全家人一起去济州岛耍[哈哈],1,unlabeled,weibo_social
如果不是现下社会的那些黑心商家们，怎么会有如此的规定出台，各位家长也都是为了孩子的健康才如此，只能说“无奈”！[失望],0,unlabeled,weibo_social
我的脖子，颈椎出问题，导致右手及身体发麻。痛苦啊![泪],0,unlabeled,weibo_social
6月20号。零点。看球，不看球。看球，不看球。看球，不看球。看球，不看球。看球，不看球。九点半前要到公司。看球，不看球啊[泪],0,unlabeled,weibo_social
[偷笑]//:[怒]//:消息绝对属实！男女我都认识，男87，女91，现在男的和女人闺蜜在一起了，不过我也有听说女方本来一直忙婚事不知道李敏镐时间表，后来是这个闺蜜叫她去的，然后闺蜜本身没去，然后领证那天闺蜜陪着男的一下午安慰他。,0,unlabeled,weibo_social
泰达又赢了！[太开心],1,test,weibo_social
//: 谁再诬陷狗吃小孩，我就。。[怒]//: 谁再打狗，我就打人。谁再吃狗，我将诅咒！ //: [爱你][爱你]感动。。谁再吃狗，我就吃人[怒],0,unlabeled,weibo_social
难怪我睡得这么晚，找到原因了[哈哈] //:[嘻嘻],1,train,weibo_social
展示九江特色，彰显九江魅力！//:[鼓掌]//://:,1,unlabeled,weibo_social
周折多多，坚持3个月终成功，哈哈哈恭喜一下自己！ 准备请我吃饭！[爱你],1,val,weibo_social
还有下周一？[偷笑][偷笑] //:[泪]//--忙碌的2013年: 不相信北京能到零下21度。,0,train,weibo_social
我前两天还被陌生人提醒过文明扣没系，丝袜漏了大洞，一大坨米粒黏在头发上。想想好伤心…[泪] //: 这有个和你一样的,0,test,weibo_social
回复-峥峥卡哇伊:涮羊肉？？别馋我了 //-峥峥卡哇伊:[失望]本来我想说羊油的，结果想着晚上吃刷羊肉~哎。。。 //:妹妹，应该是羊油的，哈哈，里面不过有点小肉末 //-峥峥卡哇伊: 这个我也爱吃。。。羊肉的！,0,unlabeled,weibo_social
哈哈//: [哈哈][哈哈][哈哈]//: //:23333,1,unlabeled,weibo_social
想买票的喜粉私信报名啊，咱组团报名吧，[嘻嘻] 说不定有超值优惠呢？也许是擦肩而过哦，，，[哈哈] 持续火热哦，后面有抽奖D哦～,1,unlabeled,weibo_social
谢谢喽 //-橙色咖啡:转发确认！想去非洲旅行的就找他～～[哈哈],1,test,weibo_social
别人说你胖的时候...[泪],0,unlabeled,weibo_social
//@?物求救?息中心: [??][?筒]//: 现目万恶的资本主义啊![闭嘴][馋嘴][失望],0,unlabeled,weibo_social
突然回顾到该条微博！7斤1两的赵东妮同学！你妈累感不爱……[泪],0,train,weibo_social
没有你俩滴＂和声?＂怎能唱得起来?、谁都不可缺呀[偷笑]哈哈哈 //:[汗]美朵 抗议了！ 姐姐的声贝最高[晕][委屈],0,unlabeled,weibo_social
一上车，身穿23号球衣的老黑盘踞在我的上铺；我说这是我的位置，他淡定点头后又稳妥的躺下了[晕]80岁的白发老太挂着一手写胸牌，写道，我是美国人；成功买到中铺后摘下牌子开始跟23号搭讪，Hi，r U MJ？老黑表情淡漠，只听同行的眉眼女气中国男子指挥???哈哈，虽说挤点，火车出行也别有乐趣的！,0,test,weibo_social
永远在一起！[鼓掌] //:[哈哈] //:我宣布 在一起新歌首发，倒计时开始！：ONE、TWO、THREE、FOR...哦，SORRY，数反了...,1,test,weibo_social
本地超大新?反而上了香港??，新加坡唯一英文?只能在第四页??。唉，我?的报社也常自吹自擂?自己的新?已???水平，真不要?。[怒][怒],0,test,weibo_social
。。。[泪]失败了 //:心理小游戏~[太开心],1,train,weibo_social
日子照旧[泪]//: 忘记买了！//: 你还罚了20？[吃惊]//:20白扔//:明儿还得上班啊~ //: 这盘儿不算[抓狂] //:晴天霹雳 //:唉，明天得继续上班了//:唉，明天得继续上班了//: //: 唉，明天得继续上班了,0,unlabeled,weibo_social
我这手真欠..刚刷回来的机器，又想刷到新的ROM，结果又刷坏了，现在见着挖煤模式就想吐啊，安卓还真是发烧友之友啊..[泪][泪][泪],0,unlabeled,weibo_social
就是我一直打电话早她的[嘻嘻],1,unlabeled,weibo_social
这都什么世界啊！！！[泪][泪]要一个1岁9月孩子这样求生?,0,unlabeled,weibo_social
我就爬窗户看...[汗了] ..[哈哈] [哈哈],1,unlabeled,weibo_social
回复:呵呵，最近我们出团购了，亲感兴趣的话可以团哦[嘻嘻] //:回复:吃了很多自助就你们这家自助我还木有吃过呢，我想吃，但是没中奖~[泪],0,unlabeled,weibo_social
[怒]混蛋,0,unlabeled,weibo_social
[委屈] //：[泪] [失望],0,test,weibo_social
各种特写，看着各种饿。[抓狂][抓狂],0,unlabeled,weibo_social
幸亏离开啦，人少点回去[抓狂][抓狂][抓狂],0,unlabeled,weibo_social
高级定制Bvlgari?定制系列...18K黄金蛇头镶钻石单圈戒指+18K白金全钻单圈戒指...太美了...[花心]有木想自己也戴一个呢...[偷笑]不过一定要先知道自己戴几号的哦[爱你][做鬼脸][太开心][太开心],1,val,weibo_social
睡觉吧。。[晕],0,unlabeled,weibo_social
早安，即使一路小跑，依然木有赶上班车[泪],0,unlabeled,weibo_social
//: u are beautiful 。别人眼中的自己，是肿么样滴[偷笑][失望][阴险],0,unlabeled,weibo_social
还是穿马甲的好。//: 嗯，老汉我也有类似的担忧。。。 [神马] //: 我觉得现在女性的乳房露得越来越多，长期下去，会让男性对这个器官丧失神秘感，慢慢不再具有性征。//: 东半球，西半球，环球同此凉热。[抓狂],0,unlabeled,weibo_social
黄觉，会走路的艺术。[晕][晕][晕][晕],0,unlabeled,weibo_social
射手真的很重情//：【分手后，心最痛的星座】:冠军: 射手座；【恋爱后，最专一的星座】:冠军:射手座;【结婚后，最顾家的星座】:冠军:射手座;【爱人死后，跟着死的星座】:冠军:射手座;（不要轻易的和射手座分开）[抓狂],0,test,weibo_social
旅行结束的后续工作也是件烦心的事情，起床，收拾[汗][泪],0,unlabeled,weibo_social
[抓狂]求包?[衰][衰][衰],0,unlabeled,weibo_social
奢望 //:好喜欢这个微博阿，总是说出我的心声~[泪],0,val,weibo_social
小梦做的正爽，突然被陌生的外地号码一声骚扰，睡不着了！真够杯具滴……[泪][泪][泪],0,unlabeled,weibo_social
[怒]伤天害理,0,test,weibo_social
很想念大家。[泪],0,unlabeled,weibo_social
[泪]我脚着吧，喜娘是故意滴！当然，伴郎也是有意。呵呵，既然你情我愿，谈毛强奸啊……,0,train,weibo_social
哈哈 太坏了 //: [泪],0,test,weibo_social
吓失足了//: //: 人家不就是偷吃了点嘛，都被吓死了！[哼] //: 肿么那么讨厌，影响我们 吃饭[怒]//:,0,unlabeled,weibo_social
好人！//: [赞] //: [赞]//: 好人 //:[鼓掌][赞]标哥是好样的，真的值得赞扬，用实际行动证明雷锋的存在。[爱心传递] //:,1,unlabeled,weibo_social
比如唠叨与琐碎我TM一点儿都不想吃橘子我扒光它干嘛？！我TM要本月超支好多尼玛不开心啊！我TM大脑来例假各种情智双低脑残缺氧啊！我TM嘴唇发白是被吸干血了么？！我TM各种暴躁PMS持续快一周了能不能给个痛快啊能不能啊！！[怒][抓狂][哼]暴躁想杀人中……,0,train,weibo_social
[偷乐] //-影像-生活:[嘻嘻][嘻嘻]这个必须要转滴，还有我的背影呢,1,unlabeled,weibo_social
[汗][顶][生病][抓狂],0,unlabeled,weibo_social
好想去，但是没有时间[泪][泪][泪] //:还是五月中我要去的这个地方好。,0,unlabeled,weibo_social
回复 :为什么不做小阿姨[委屈] //:回复 :我死活当姐姐[挖鼻屎][挖鼻屎] //:带着我家 //:要去看...[抓狂][抓狂],0,unlabeled,weibo_social
[哈哈][馋嘴][抓狂] 在春天的早上，没有这碗“热干面”。。。,0,train,weibo_social
好男人都被男人抢了[偷笑]//:[泪][泪]好伤心,0,unlabeled,weibo_social
过年是我唯一长胖的机会[泪]//:每逢佳节胖三斤的定理，对空空管用么？,0,unlabeled,weibo_social
提前60天完成劳教任务[衰],0,train,weibo_social
改个颜色就能上啊[衰]//: 赤裸裸的抄袭啊[鄙视][鄙视],0,test,weibo_social
听听广播吧，前面的路就算通了，司机们都睡了也走不了啊。看来今天不能指望回家了。[泪],0,unlabeled,weibo_social
维多利亚的秘密哪栋小屋是你的爱？[哈哈] 我在:,1,unlabeled,weibo_social
客栈照顾到每个房间的景观和阳光，房间全部为洱海海景房[鼓掌] 在春日或初夏柔软的洱海海风下，放眼海面三两鱼鹰和远处高山，晒晒太阳，看会儿书，享受闲人的快乐。,1,train,weibo_social
鄙视 有钱无德又有什么了不起？[怒],0,unlabeled,weibo_social
//: [衰][衰][衰],0,unlabeled,weibo_social
回复:LONG LONG TIME AGO. 江山倍有才人出[嘻嘻] 期待新秀吧 //:夫努诺的最佳前台搭档，靓仔slayer靓女loli2,1,unlabeled,weibo_social
[泪][晕],0,unlabeled,weibo_social
移吧。//: 不败家了，攒钱移民[抓狂] //:还没等P民们过去，众多高官就都过去了吧。。。。,0,train,weibo_social
去左边影日出？个景好正啊[抓狂],0,train,weibo_social
[抓狂]买口罩去,0,train,weibo_social
[心]//: //:自行车挎子我也骑过//: //: 那一年刚刚工作不到一个月//-就这么不靠谱的活着: //: 那一年我初恋。//:那一年我出生了//:再也回不去了[泪][泪]//:1983-1984,0,val,weibo_social
最好的风景，最美的我们！[哈哈],1,unlabeled,weibo_social
只要想着明天吃什么，人生就充满了希望。[嘻嘻],1,unlabeled,weibo_social
人品爆?，?帝都回?到?府，?航前所未有地一分?都?Delay就起?了。哈哈[哈哈],1,unlabeled,weibo_social
最后知道真相的我眼泪掉下来。。。[泪],0,test,weibo_social
哈哈 这是啥情况啊！！//: 够牛的 //: 最右 哈哈 //:[衰] //: 哈哈//: [衰] //:王鹏IN BEIJING，你留下许多妹~！,0,unlabeled,weibo_social
五个，我还能坚持活着… //:最后一个也快没了。。。[泪] //-Xiaowen:ten。。。 //: 你有几个月牙呢？,0,train,weibo_social
神奇的章鱼保罗复活了[晕][晕][晕][晕],0,unlabeled,weibo_social
这...[汗] //:回复-vic:从没放弃过，你知道我的[泪] //-vic:加油 //:[泪],0,test,weibo_social
回复-小羽毛:[握手] //-小羽毛:嘿嘿，年轻虽好，但是没有刘老师的睿智和沉淀呀，以后还要多多请教您呢[嘻嘻],1,unlabeled,weibo_social
人这一辈子。。 //: [泪],0,unlabeled,weibo_social
三妈是个乌鸦嘴，摩小羯月底的日子是没法过了。[泪],0,unlabeled,weibo_social
刚刚去看票，居然都定满了[哼]//:前途无量！//:我买了380的票，没办法，我女儿是你的粉丝啊，她才10岁啊[泪],0,unlabeled,weibo_social
骑车吧。。。其实不比开车慢多少//: 唉，没有一条地铁线是例外的，感觉住哪里都不行啊[泪][泪][泪],0,train,weibo_social
默默无语两眼泪[泪][泪]//: 真的假的？//: [衰]//: 根据财报，新浪员工上个季度的月平均工资大约是8320元。去年同期大约是7378元。涨了942元，13%多。,0,unlabeled,weibo_social
人生最大的遗憾是：子欲养，而亲不待……[泪],0,test,weibo_social
好萌的干脆面~[爱你],1,test,weibo_social
[泪] //：向老人致敬~[花],0,unlabeled,weibo_social
"[嘻嘻][偷笑]//:我发誓薯条有这伞，就是现在怎么也找不到了！希望不是被当作破伞给扔了[委屈] //:为什么,到底是为什么 //: 。。",1,unlabeled,weibo_social
[泪] 感动死啦！特别的一次旅程 一定要幸福阿 亲！//:步步动心浪漫巴厘岛 谢谢 的浪漫 让所有人女生都感动的 铭记一辈子的惊喜求婚 终于顺利完成！一定要幸福 祝福你们[鼓掌][心][心],0,unlabeled,weibo_social
[哈哈]巧到吓一跳！ //:今天对我来说实在太够了！世界真奇妙～ // :太扯了，而且我们在车上还聊到你和小米，结果下车的地方就遇到你们。整个巧合无比！[抓狂] // : 结果就造成了欢声笑语一路搭车来到卡拉ok房的这么欢乐啊。。。,0,unlabeled,weibo_social
[衰]这个更狠 //:把牙齿敲掉[嘻嘻] //?沉: 回复?客:从昨晚纠结到今天了 我有强迫症 不挑出来难受 //?客:含口醋，泡软它，再剔。。。。瞧您这日子过的，这时间吃肉[打哈气],0,test,weibo_social
回复:菊花残[哈哈] //:她坐在一个棒槌上呢[偷笑] //:说这话的时候，您坐得住吗？[汗],1,unlabeled,weibo_social
看着心疼。。。 //:[泪]manta！！！//-JACK船长: [泪]//: //:据悉，这条鱼的学名叫蝠鲼，体扁平，有强大的胸鳍，主要以浮游生物和小鱼为食。蝠鲼从生物学角度上来说，并不是一种动物，而是一个科。//: 这个是魔鬼鱼，哈哈,0,unlabeled,weibo_social
//：生日快乐[泪],0,train,weibo_social
伤心的时候好好想想，我也好久没在实体书店买书了。。。//: 桑心么？[悲伤],0,val,weibo_social
没钱。。。还好我写的是网络小说[泪],0,unlabeled,weibo_social
是他自己亲生的么//:次奥 有这样的爹吗？[衰],0,test,weibo_social
这辈子做的最正确的一个决定：就是当了一枚吃货。[哈哈][哈哈],1,test,weibo_social
正在品酒，喜欢symphony mele！[可爱],1,unlabeled,weibo_social
真乃歌神也； 最抢镜了 MUX的MM们舞跳的巨给力 [笑哈哈] //: 还是文斌老师拍的清楚，还是两根腿，再转一次~[哈哈],1,unlabeled,weibo_social
指甲掐进去iphone？行为艺术？恨之入指头？//: 【颤抖吧~地球人！】多看阅读 for iOS 全球恢复上架，“设计狮”狠激动[泪]，他用颤抖的双手完成了微博图的制作，有图为证！并强烈要求自费贡献小米盒子1个，送给和他一样激动的转发本条微博的人！活动结束后送出！,0,unlabeled,weibo_social
娃玩命儿哭，爹死活哄不住，于是，掏出手机，开始放歌剧。娃，神奇的不哭了，改我不出意外的哭了[抓狂][抓狂][抓狂]。,0,test,weibo_social
[泪]//: //: 请拒绝动物表演。,0,unlabeled,weibo_social
那些夏花盛开过的岁月//: 听着可感动了，那是因为我们已经告别了一个时代 [泪],0,unlabeled,weibo_social
重阳夜，难聚首[泪][泪][泪]//://:,0,test,weibo_social
回复:[汗]谁请啊[太开心][江南style] //:你上海一日游 整出这么大动静干哈？还以为到北京了呐 有人请你素菜馆吃斋 //:回复:这招儿厉害的！ //:去哪里？报上经纬度！[咖啡]伺候,1,test,weibo_social
买了食谱，认真学习煲靓汤。看的我馋吐水滴答滴[抓狂]哪能办？现在就想喝汤了[馋嘴],0,unlabeled,weibo_social
啊...感觉好恐怖[晕]像要跳楼一般 有机会去见识一把[哈哈],1,train,weibo_social
[泪]好想去,0,val,weibo_social
说出图里你最讨厌的话[怒骂],0,test,weibo_social
[吃惊][吃惊]老公说我要是再懒下去就会退化成介个样子[失望][失望],0,val,weibo_social
哈哈~我的半价面包~~~去尼泊尔的同学们能省则省哦[得意地笑]//: 面包[哈哈],1,unlabeled,weibo_social
早安、沃阁连续三天的晴好天气，让南京一下子迈进了入夏的“节奏” 今天全市晴到多云，最高气温:31～32℃，最低气温:全市 21～22℃。[晕] 唐僧：“悟空，前面啊是火焰山？”悟空：“八是滴，才到蓝京，以前火炉歇得赖！”,0,unlabeled,weibo_social
我也再一号线碰到过一次 ，当时人还不多呢//:小偷要准备过年了？//-心喵喵:大家帮我转一下[泪][泪][泪],0,train,weibo_social
幸福的家庭，充实的生活，每个人心之向往的好状态，我要不要提前跟妈妈团取取经呀[哈哈]有点儿早有点儿早，那就分享快乐好心情吧~ [ok] p.s. 你是孝顺善良并且有职业精神的好同志，加油！,1,val,weibo_social
哪儿找的啊？那时我还是长头发。。。[泪],0,unlabeled,weibo_social
整来试试[嘻嘻] 今天兰会所活动扎堆儿了 等会你俩能见到 [嘻嘻]//:哦？！ 关注,1,unlabeled,weibo_social
[哈哈][围观]//: [耶],1,unlabeled,weibo_social
在2015的规划里，在建的6、7、8北（至美术馆）、9、10二期、14、15二期最靠谱，规划中的西郊线、海淀山后线、8号线南延、16号线、走北三环的12号线、有可能分段启动的3号线、南部U型线以及昌平线南延在后2015也是可以预期的。你家那边，也就是去焦化厂坐7号线了 [嘻嘻],1,unlabeled,weibo_social
抢人家盘子中的 ?不容易啊[抓狂],0,train,weibo_social
有有有！！！我前天还跟他说来着！说你让我去你家吃麦饭！！！[泪][委屈][悲伤]我要吃！！！,0,unlabeled,weibo_social
我爸说…有人要你照片…给你介绍个相亲对象…要是觉得大二太早，大三最合适了[衰]我才[泪]我才20岁[泪]还不到[泪],0,unlabeled,weibo_social
What a mess...[泪],0,unlabeled,weibo_social
"回覆:[酷] 嗯嗯 //:回复:好吧，我看看我哪天有时间[做鬼脸]！哈哈哈~ //:回覆:走,?假,一起去!去哪我都陪!!!到你?意?止!![酷] //:[怒骂] //:回覆:[可?] 是你自己不去的!!",0,train,weibo_social
别再刺激我了啦[泪] //:[哈哈][哈哈][哈哈] //:突然想起一个问题：情人节，是只有男士送花给女士吗？还是女士也要送花给男士呢？不是说女人如花吗？那干嘛还要给女人送花呢？今天有收到花的男士吗？炫耀一下吧！,0,val,weibo_social
练健美的吧???//：喂凉 //?Liu:[晕][晕]// :// ?ci :// ：够晒fashion啊~~// ：// @-黑黑的- :好意思出街啊,0,unlabeled,weibo_social
穿越了？//:[哈哈] //:今儿不是5月9号吗？[思考]//: 中国真伟大 //:大概五月十二日发,1,unlabeled,weibo_social
现在我吃它，一会它吃我。出发喂魔鬼鱼去[鼓掌],1,test,weibo_social
网帖《中国互联网十大约炮圣地》[?]：豆瓣Top1；新浪微勃；世纪佳缘；微信；美空；劲舞团；陌陌；QQ；百度贴吧；知乎[围观] 不只服务男性狼友、也有唯一“女性视角”约炮网站知乎，嗜才华男的女狼友福利！不过围脖肿么约的？叔落伍了，看来没V就是没前途啊[哈哈],1,test,weibo_social
中国达人秀 【微直播】I want you，I need you，I love you！美少女战士 一曲《无尽旋转》有没有让你想起青春洋溢、无忧无虑的中学时代呢？有和小达一样看萌妹子看晕的吗，真真儿找不到焦点了！[晕]用萌妹子的话来说就是“SNH48，总有一款适合您”！[得意地笑]全网独播，尽在21:50,0,test,weibo_social
回复:嗯，都回来了。当地火腿好吃，但又重又不会做，没带。类似的还有各种菌丶菇??[泪]只有在当地拼命吃，真是好吃到流泪！吉庆也有火腿饼丶火腿鲜花饼（配图右下角），吃了，无爱?[做鬼脸],0,unlabeled,weibo_social
我想：如果我晚上定点11点睡觉的话，8点就得准备：垃圾收到门外，我不和垃圾共处一室同眠。茶具得清洗，过夜茶渍不好洗。水池里泡着的碗必须洗掉！烧开水，不然早起没有白开水喝。得洗衣服晾衣服，当天的汗渍比较容易洗，不会发黄。得洗澡护肤做面膜。睡前还得想着喝牛奶。我的洁癖一定是没救了。[泪],0,unlabeled,weibo_social
我要吃这个，先来一只 [抓狂][馋嘴],0,unlabeled,weibo_social
虽然一二期我都没中奖，但我依然充满希望[泪][泪]。,0,unlabeled,weibo_social
那些美好的礼物一大早收到各地的明信片好开心呀，谢谢大家 [爱你][爱你][爱你][爱你],1,test,weibo_social
转给 同学，借此告诉你，你很标致，不肥滴。 //:肥胖是会呼吸的痛，它流在血液中来回滚动，后悔不减肥会痛，恨不节食会痛，想瘦不能瘦最痛。。。[抓狂],0,test,weibo_social
[鼓掌][鼓掌][赞] //:[good][鼓掌] //:[蜡烛]//: 当当网独家定制的嘎玛仁波切《生命的觉醒》签名毛边书正在参加活动，喜欢收藏和衷情佛法的诸位别错过了,1,test,weibo_social
百年牛栏山+哈尔滨小麦王+百威=tomorrow……[晕][晕][晕],0,unlabeled,weibo_social
背带裤 × 卫衣 × 运动鞋[爱你],1,test,weibo_social
呵呵！来吧！三样菜欢迎你！[偷笑] //-小瑜:你们最喜欢吃三样菜里面的什么啊，2月份我要去北京，有人招待我没//:最遗憾的就是730张杰在三样菜门外一圈一圈的转啊，被星星吓的都不敢下车[哈哈]//: 传说中的三样菜真的很好吃哦！ 一直听你们在说三样菜,1,test,weibo_social
?了一部??我竟然煮焦一盆菜，只好早上再??。[泪][泪],0,test,weibo_social
大连dei儿都踢酱比昂样了还成天看没够！[哈哈][哈哈][哈哈],1,unlabeled,weibo_social
阿力小百科乱博士一心想破坏环境、污染水源！那么神马是水体污染呢[疑问] 阿力提醒大家，在日常生活中可能随时都会发生哦。我们早晨起床刷牙时会闻到一股漂白粉[生病] 的味道，那就是余氯造成的；如果水龙头出来的水呈黄色[抓狂] ，就是铁锈污染了我们的水质。,0,unlabeled,weibo_social
5还么到手这就开始5S了[衰]～MINI也马上升级！哈哈,0,unlabeled,weibo_social
堵车堵死了，彻底的迟到了[泪],0,test,weibo_social
不为台湾游，只为舌尖爽！投…[围观][威武][哈哈] //-朱金忠:投票,1,unlabeled,weibo_social
[哈哈][哈哈]这酒劲儿大 //?二?:我要喝王善勇的酒！//:帅哥们?都在店里了吗？ 这天气座在south park?小院?简直太舒服了? -火龙果儿 想念你调的「比巴卜」口味的鸡尾酒? 有一起来喝一杯的吗？? ?二?,1,unlabeled,weibo_social
亲，你说得小编我都流口水了[花心]可怜小编发了那么多福利自己都木有尝尝看呢！[泪]其他朋友们如果想像这位吃货一样免费品尝 的小龙虾，记得转发每天傍晚的福利微博哦~我们每天都会抽出三位中奖者~,0,test,weibo_social
[鼓掌][鼓掌][鼓掌] 到位的很！//:各位，看看俺点评的还到位？[嘻嘻]PS：谁让我减肥来着？这看上去不胖嘛。、、谁在让我减肥我跟谁急[怒][嘻嘻],0,test,weibo_social
宝贝儿这么给力！？[泪][爱你],0,unlabeled,weibo_social
[思考] //：十年树木，百年树人。培养一代“贵族”需要三代人的努力，而我们的教育恰恰是经过三代人的革命，正在呈现出“党的教育事业”之“伟大成就”！教育政治化和管理行政化是办学与教育之大忌！为了中华民族的子孙后代，不要再作孽了！[怒] [怒] [怒],0,unlabeled,weibo_social
今天为了完成十一作业：侨福芳草地的体验报告。和宣宣同学一起从中午11点开始到晚上6点，一直沉浸在充满法国气息的氛围中，度过了一段很美好的悠闲时光~[礼物]挺开心的~[嘻嘻],1,unlabeled,weibo_social
//: //: 太对了[泪][泪] //: [偷笑],0,unlabeled,weibo_social
[支持] //:[围观] //:欢迎推荐哟～[哈哈][转发][转发][笑哈哈][得意地笑] -,1,train,weibo_social
//:知道什么叫血洗了吧~//-Cuina：//-Hiro：[晕] //：[抓狂] //：kevin。。。,0,train,weibo_social
准到爆[泪] //:不上班..// ：哇靠，又准了,0,unlabeled,weibo_social
//: 命运是一条漫长的河流，我们人就如同水中的鱼，偶尔能跃出水面看看前路，却依然无法改变命运的走向，，，[泪],0,unlabeled,weibo_social
看到你幸福，真的好开心。祝福、想念，一直都在。[爱你][兔子][围脖][鲜花] @??有神_00,1,val,weibo_social
[抓狂][赞]识食！,0,unlabeled,weibo_social
怎么这么多关于上海外滩的新闻，这不是添乱吗？[疑问]恶人先告状啊！[右哼哼]－鬼屋阴魂不散啊？[晕],0,unlabeled,weibo_social
走进伊朗 设拉子街头走进一家环境不错，人气挺高的伊朗餐厅，看到波斯蝌蚪文字的菜单顿时懵了，只好乱点了一通，烤鱼，烤鸡，烤牛肉，配上生洋葱和烤西红柿，好在都挺合口味，外焦内嫩。伊朗菜总结：偏淡，偏酸，无辣，一般都可以接受[嘻嘻],1,unlabeled,weibo_social
就是太热[衰],0,unlabeled,weibo_social
粗大事了！ 被卡在电梯里了！[衰],0,unlabeled,weibo_social
啧啧，豆花终于山寨了[哈哈][哈哈],1,unlabeled,weibo_social
谢谢 [爱你]享受大口吃肉，大杯喝酒的感觉吧，圣诞快乐！,1,unlabeled,weibo_social
我们就是狐?，快上菜！[酷] //:好想在动物园找份工作啊！！！[泪][泪][泪] //:萌死了[哈哈],0,test,weibo_social
去年买了几本书居然都是汉唐的，挺不错。 //:俺正失业。。。[嘻嘻] //:回复:哈哈，严兄若是能来，求之不得。只怕我们收不起哈。严兄推荐推荐就已经感激不尽了。。 //:回复:收我嘛。。。,1,unlabeled,weibo_social
橡皮鸭，橡皮鸭你要环游世界吗？香港的同学有眼福~[泪],0,test,weibo_social
【包茂高速法拉利车队两车追尾 车辆散架】 目击者称十多辆法拉利车呼啸而过，其中两辆发生追尾。兄弟，你开飞机呢？？法拉利又怎样？安全驾驶才是王道呀！！[抓狂],0,test,weibo_social
我是有多想去南美啊[泪]我想学salsa！,0,unlabeled,weibo_social
//: ? //:[衰][话筒]//: //: 再转。！扩散！！正义兄弟们，百姓弱者需要大家帮助！！[话筒],0,val,weibo_social
被认可我们很感动，这也是我们坚持下去的动力[泪][泪][泪] //:我也表扬下！菜不错~ //:欢迎会员们晒晒收到的菜菜[嘻嘻]，这样就不用我们去做微博营销了[偷笑],0,unlabeled,weibo_social
大早上的跑到保合寨本想借着拍戏顺便踏个青，结果被一鼓鼓的化肥味熏的头晕眼花的！！[晕][抓狂],0,test,weibo_social
回复:贵啊[泪] //: 是你喜欢的鞋子风格[嘻嘻],0,unlabeled,weibo_social
次奥，办了三个月的准生证，最后一个章居然卡在我没有居住证，靠，不会三个月前告诉我啊，需要我白跑这么多趟居委会街道办吗[抓狂][抓狂][抓狂][抓狂][抓狂]万恶的中国政府,0,unlabeled,weibo_social
回复-重庆:你且独自伤悲，老夫打点精神，寻点下酒菜，待会儿再醉一场。 //-重庆:我老实坦白我是狮子座的，找个婆娘好麻烦哟 //:回复:[怒]回京居然不向老夫通?，想翻天？ //:没有才要说嘛 [可爱] 说了就会有啊[可爱],0,unlabeled,weibo_social
订了一早上的货 血汗钱又花出去了~让我舒缓一下~~~[泪] 末日巨献！！不买没机会喽！！,0,unlabeled,weibo_social
猜猜看多少卡？[调皮]按照客人图纸要求设计制作18k 全钻镶嵌项链 ... 终于完工啦... 闪到不能直视...[晕][晕][晕] 可怜的师傅们，一会儿买多几瓶眼药水慰劳一下...[抠鼻][抠鼻][抠鼻] 我在:,0,unlabeled,weibo_social
//@?小?: [泪],0,unlabeled,weibo_social
柿子剃了光头！柿子胖了[吃惊]矮油！辣辣好幸福啊！！！[泪],0,train,weibo_social
[嘻嘻][给力] //:这小狗吃的什么啊，体格真棒[偷笑],1,unlabeled,weibo_social
我语数外都是体育老师教的，比不了大伙啊！[偷笑] //: 遗传？我不是！//: 回复:俺家三代左撇子，当年剪子都是特制的。 //:回复:这个可以有，是左撇子的转起来！ //:我左撇子，右脑好使[哈哈],1,unlabeled,weibo_social
吃了过期退烧药啊，糊涂的我和老妈……都38以上了[泪][泪][泪][泪]好难受……,0,unlabeled,weibo_social
无奈：中国正式夫妻和家庭，有的打造得跟集中营相差无几。你从外面看都很好，很稳定，很幸福，里面究竟如何，只有自己知道。用台湾作家许常德的话来说，就像个罐头，新鲜是唯一没有的东西。责任远多于快乐，彼此毫无抗拒地接受了。谁能不无奈？[伤心]搜狐微博,0,unlabeled,weibo_social
水上世界欢乐多！[哈哈],1,test,weibo_social
因为这事儿，英语成为广东各级教育的必修课，后来推广至全国 //: :-D//:干嘛?[思考] //:哈哈！正在吃饭，真的笑喷了[哈哈] //:[哈哈]，这说明会懂英语是多么重要啊！ //:[哈哈][哈哈][哈哈] Delay no m,1,unlabeled,weibo_social
//: 每天去坳q卡//: 有分众传媒LCD屏的楼宇可以去领Q卡~每天限量20！不要等到Q卡收费才追悔莫及啊！[抓狂],0,unlabeled,weibo_social
最与社会接轨的学校[嘻嘻],1,unlabeled,weibo_social
妹妹真乖[亲亲] 美图GIF,1,train,weibo_social
杨洋转发据 【航空史上六大飞机消失谜案】虽说一架飞机凭空消失极为罕见，但航空史上还是出现数次谜一般的失踪事件以及从雷达屏幕上突然消失的案例↓↓马航飞机失联祈祷[泪]晚安,0,test,weibo_social
看来得试试了 //:试一试 //: 回复:呵呵！我?鼻炎！???！??是多一?方式??！ //:小哥，这个以前有辟谣过。没有这个功效的。 //:秘方！ //:[鼓掌][围观] //: [good] //: //: 【千金不卖的鼻炎秘方】,1,unlabeled,weibo_social
恭喜昨日参加有奖转发美图show获奖的童鞋们-Sir ！[鼓掌] 请大家私信小编姓名、电话及邮寄地址吧！[礼物] 圣诞快乐！！,1,unlabeled,weibo_social
[可爱]哈哈～我要吃成小胖纸！为了《情歌怎么唱》疯狂增肥中[馋嘴]我要演示灰姑娘的～美和犹豫[做鬼脸]一首很煽情的伤感情歌～12月即将全国首发[嘻嘻]为了艺术～“献身”疯狂增肥中[可爱] 我在这里:,1,test,weibo_social
阿弥陀佛，善哉善哉！ //:足球崛起就靠各位大师了！[衰],0,train,weibo_social
昨天的北四环很杯具！[泪]到家基本可以收拾收拾睡了。,0,unlabeled,weibo_social
有其母必有其子[爱你][鼓掌] //:我们家小诺诺要火了！[哈哈][耶] //: 看看我们诺诺帅不帅??? 你的德国小歌迷要火起来啦~~????//:啊哈 德国2012my way魏晨北京演唱会[泪],0,unlabeled,weibo_social
小香家山茶花加大logo丝巾入手，灰常美丽，已经充满凉意的帝都，明日带起！[嘻嘻][嘻嘻][兔子][兔子],1,test,weibo_social
让我想起了七人众的传说[抓狂]//@--IAmWhatIAm:这是苦行僧,0,unlabeled,weibo_social
回复?晨曦村?和狗:我是酒罐罐的爹。 //?晨曦村?和狗:哈婆婆你是酒罐罐?！ //:元哥，出?喝酒。 //:回复:[晕][泪][馋嘴][爱你]是的，这是我们喜欢的艺人，手艺人 //:偶与她相处都是素颜较多，她只要一上台就是明星。[哈哈],1,val,weibo_social
还记得当初大明湖畔，飞鱼问我们上海话XX怎么说。。。//@??姝晴Laura: 你们家欢乐多~我该后悔么。。。//-肯: 八妹啊 这本来就是文艺贴 这怎么就扯上王八去了……//: 什么王八？我咋不记得了…[晕]//,0,unlabeled,weibo_social
[哈哈] //:小?表示鞋子不合?！[笑哈哈] //:[哈哈] //: [嘻嘻] //:脚被自己的鞋绊倒了，哈哈 //:[哈哈] //: 哈哈，好像看出些端倪了……,1,unlabeled,weibo_social
亲，刚听说今年除夕不放假时，你的表情是这样吗？！[泪],0,unlabeled,weibo_social
果然没有我。//: 很是有理吧[瞌睡][瞌睡]温顺滴外表只是假象！[抓狂][抓狂],0,test,weibo_social
好甜啊。。//：aom~take care of yourself ！！！[可怜] have a good rest!!!![心] [心] [心] we hope you get better quickly[泪],0,test,weibo_social
[哈哈][哈哈][哈哈][哈哈][哈哈][哈哈]戳中笑点。[偷笑][偷笑][偷笑],1,unlabeled,weibo_social
蛋真的碎了一地[怒骂],0,unlabeled,weibo_social
木有出息 //:微博有居然小鸡鸡了 [偷笑] //: 回复:哥，社长大人，商量个事呗，您觉得我这名字怎么样……是不是不太雅？咱改回去咋样？！ //:我关注你了，快回粉！[抓狂] //:回复:我都这样了，你到底想干嘛…… //:,0,test,weibo_social
快来啊梓琳婷婷主持 //:好期待观看同学们这周集训的成果[鼓掌]//: 明天下午[来]赶紧报名噢。精彩的演出等着你[给力],1,test,weibo_social
[闭嘴]//: 回复:哈哈，那你赢了……赢在糗的没有技术含量上……[哈哈] //:回复:我可以自爆，我掉饭粒，菜汤溅到衣服上（吃面的话这事100%发生率），基本就这些,1,unlabeled,weibo_social
兽兽威武//：兽兽正解//：//：..//：右右真相…… //:→_→ //：对空有发改委，对地有城管，快速机动部队有铁道部，后勤有红十字，牢不可破啊 //: 禁摩了，天朝不可能有假面骑士的[泪] //,0,train,weibo_social
要去看要去看[抓狂]//:《敢死队2》中文预告！[电影]没了电影活不了的影虫，快关注,0,unlabeled,weibo_social
[亲亲] 可爱,1,unlabeled,weibo_social
根本木有人关注到我背后的那副油画[抓狂]//:美人，我在厕所呢 // : [bobo抛媚眼],0,val,weibo_social
今天的大本营有没有精彩到意犹未尽？[嘻嘻]因为时长有限，为了保留相对完整的节目给大家看。[泪]我们忍痛割爱拿出了圆台“斗肚”游戏放到以后的节目中播出！[鼓掌]超值精彩，未完待续哦！[ok],1,val,weibo_social
外面下著雨，?如你心死，外面不下雨，你心?是死。[泪],0,unlabeled,weibo_social
[浮云][衰][闭嘴][抓狂][鄙视][打哈气][赞][沙尘暴][微风][蛋糕][干杯][自行车],0,unlabeled,weibo_social
抵制！ //-宠物世界:[衰]咱真的别用南航了，它家在宠物上出的事太多。最近我发现不管去哪，南航的机票都是几大航空里最便宜的，大家抵制的效果也许显现了。我宁可多花几百，也不会再坐南航！,0,unlabeled,weibo_social
回复?丘: //?丘:回复:[汗]我??到[泪]因?我以?是十一?.所以只有?到一?,0,unlabeled,weibo_social
回复:他就是剧中人[偷笑] //:曲木每次穿得都像拍电视剧的 //:回复:是曲木威武[鼓掌]顺便广告台客栈美食！台湾美食在乌镇！ //:[哈哈]刀哥威武哇??乌镇各色美女?? //:哇哇！曲木[鼓掌]俊男美女！乌镇美人美景,1,unlabeled,weibo_social
错过什么？那是偶错过啦！[泪][泪],0,test,weibo_social
[泪]他们老了//?: 都这么老了。。。不是吧。。。//: 哎，看来孩子不能一下生三。//-电影-台词:老友重逢，你还认得他们吗？,0,unlabeled,weibo_social
[泪][泪]一定会好起来的！,0,unlabeled,weibo_social
因为爱你，而放弃爱你，并依然爱着你。。。小伙伴，加油！[哈哈],1,unlabeled,weibo_social
期待诗人的精彩书评呀！//: 哪友谊好！旅友送一本呗[嘻嘻][太开心][太开心][太开心],1,test,weibo_social
那文艺男青年呢？[嘻嘻] //:本期话题，文艺女青年的一个人的旅行，正在直播，大家收听！ //: //:,1,val,weibo_social
越来越薄了，折起来垫桌角这厚度都不够。是不是内部人员大换血导致质量下降了？ //:昨日B版[弱]A版广告占多少[怒]对得起老报人伐[泪]//:吃好夜饭看电视听阿庆讲故事悦悦嗄三胡夜报可有可无[哈哈]///:新民晚报改版了啊！那我得去买一份来看看。/,0,unlabeled,weibo_social
谁安排的位置[泪]不能偷鸡了。 我在这里:,0,train,weibo_social
昨天下午在名古屋车站??交差点附近发生了一起汽车暴走撞人事件，致13人重轻伤。周日下午，名站前正是购物人流涌动的时间，暴走车直接冲向等待信号灯的行人，丝毫没有停车的样子，后撞击到树木停下，目击者回忆起这一恐怖瞬间都不禁后怕。肇事者大野木亮太容疑者（30）被逮捕，自称就想撞人[怒],0,unlabeled,weibo_social
这面看着吃都过瘾...[哈哈]//:这才是牛肉面嘛//?自由行?人:八德路二段276?／安?街口。?民??部右?50米。 //?:求具体地址 //?自由行?人: 牛肉?,1,unlabeled,weibo_social
一大清早阴差阳错把借的车弄丢了[泪][泪][泪][泪][泪]客服说:没有关系。租车卡无限期使用。饿滴神啊![奥特曼][奥特曼][奥特曼]9903341号车啊![雪人][雪人][雪人]是哪位好心人骑走啦!快还回去吧![手套][手套][手套],0,test,weibo_social
哎呦我的神啊，橙子我喂了很多啊！！//: 啊？橙不能吃？！//:[抓狂]我给吃橙子的 //:学习起来//: 天哪，一直给心的宝吃橙的[吃惊][汗] //:啊，橙也不能吃啊，糟糕我喂了[汗],0,val,weibo_social
继续期待[威武][威武][威武][鼓掌][鼓掌][鼓掌] //:[微风],1,unlabeled,weibo_social
明天要绝育的胖头君此刻还完全没有危机感！！[抓狂][抓狂],0,unlabeled,weibo_social
学习//-马辉：[哈哈] //：学习学习~！,1,unlabeled,weibo_social
大太阳的去工厂亲自质检，新品研发。[泪]这钱真的不好赚… 我们怎么像古今穿越的组合灵芝妹妹的感觉[馋嘴][馋嘴][馋嘴],0,test,weibo_social
这个无线网络是要搞死我么~！！[抓狂],0,unlabeled,weibo_social
l知心朋友，外冷内热，干净，挑剔，要求完美，善良不伤害他人，自己与自己战斗。哈哈，[哈哈] 了解一点//：有点 原来不是笨 是搞怪,1,unlabeled,weibo_social
应该有套吧[哈哈]//: 估计没有拿着的地方。//: 不知道里边什么样啊！[围观],1,train,weibo_social
可以啊，多喝点，新年快乐[哈哈],1,test,weibo_social
回复:那也不对，一年才365天，中国人有三分之一时间在休假？ //:包括双休日了吧[晕],0,unlabeled,weibo_social
[爱你][爱你][晕],1,unlabeled,weibo_social
骗人的[怒] //:太意外了！[吃惊],0,train,weibo_social
老外教了招剥荔枝办法，回来显摆。 //: 这个老外团队参与过环球影城、迪士尼等大型乐园的策划。 //:另外， 王总面前为什么那么多水果？[嘻嘻],1,unlabeled,weibo_social
一直不停的在打嗝有什么好办法打住么？昨天晚上一夜没睡了，现在还在打~~[?][衰],0,unlabeled,weibo_social
[怒骂]又第一,0,test,weibo_social
想起了大猫脸[哈哈]有没有旺妻相？,1,unlabeled,weibo_social
这是整个饲料公司给平了是么？ //-style:[衰] //: 43人死？[吃惊] //:这是肿么了？,0,train,weibo_social
一喜一悲！ //: //:【天气】各位居民同志，我有一则好消息还有一则坏消息，好消息是下个礼拜上海只下一场雨！！坏消息是这场雨总共要落七天～！上海的童鞋们，我翻译的对伐？[哈哈],1,unlabeled,weibo_social
今儿方在M记早餐袋上看到叮当的新玩具，姿态极是可人，私心想着若是这俩玩意能收归囊中，定可增添喜意，对工作效率想必也是极好的!奈何SaIes言售磬，只可择日再寻。 说人话：抱着记忆面包的叮当卖噻了。。。[泪],0,test,weibo_social
这种段子在传播上毫无价值，谁知道那玩意是个手机品牌？ //?: 这个比较典型，看见那个dakele了么？ //: 不愿分，肯定家里什么地方还藏着呢！[哈哈] //:[笑哈哈][笑哈哈][笑哈哈]劝和还是劝分呢。。。我陷入了深深地纠结,1,unlabeled,weibo_social
要求和海报一样高端、帅气、迷人的不撸叔 和我合影即可！[爱你] //:明天来得及的话早上来踩个点，和自己的海报合个影[嘻嘻],1,val,weibo_social
我突然想起一事儿，我今天中午没吃饭[恐怖]，没吃饭还四点半回来呢，这要是中午吃了饭，下班前就回不来了[抓狂]，这一天啊。赶紧吃午/晚饭去~,0,test,weibo_social
[good]//:[给力][哈哈] //: //: 看起来不错,1,val,weibo_social
[抓狂][抓狂][抓狂]//:。。。[lt惊吓][lt冰封],0,unlabeled,weibo_social
好饿啊[泪],0,train,weibo_social
回复:电报船长给你批示北京探亲否？[衰] //:形式都没有，那想念闷心里多不着边际啊。。 //:我们想念在心头！形式住往是磕头，烧香的信徒，妹纸，你落俗鸟[哈哈][哈哈],0,test,weibo_social
回复:我们吃了整个自助餐三分之一的龙虾[哈哈][哈哈][哈哈] //:[可怜]是哎... //:这个时候发这个，对于我们这些依然在上班的人来说...你这是作孽啊！[抓狂],0,train,weibo_social
如何借助现代时尚创意并复原原汁原味的手工技艺，让苗绣的一根针＂活下来＂，传出去？ 一直在行动。 //: 凯里大十字有一道独特的风景，就是绣娘们坐在路边用精湛的刺绣手工来做廉价的缝补工作。惋惜她们抱着金饭碗在乞讨。。。[泪][泪][泪]可我又该怎么做？,0,unlabeled,weibo_social
回复:我发现是瓶盖没拧好，斜着拧上的，包是黑的，倒是看不出来，主要是包里有条围巾，花了 //:[晕]好悲啊，那个颜色很重的，可怜你的包和包里的东西啊。瓶子就是咱们平时用的纯净水瓶子，不漏的，自然的颜色会慢慢淡化，洗两遍就会掉的,0,unlabeled,weibo_social
[衰]//: [泪]//: 这就是传说中的胡折腾吗？//: 脂肪的战争,0,unlabeled,weibo_social
给力官网要中转呢，确实不招人喜欢[怒] 不过享受一下美食，对于广大吃货来说，确实一件美事[鼓掌] IN西安，中转就享受美食，活动至12月31日，你不容错过哦！[赞],0,val,weibo_social
真感人[泪] //: //:,0,train,weibo_social
火速给我地址！正好有一ID注销了。。。//: 我都关注好久了，没有我的份吗？？？呜呜呜[泪],0,unlabeled,weibo_social
交通银行 朝阳大悦城分行[衰]速度启慢[衰]比北京银行差远了。连手机短信提醒都费劲,0,unlabeled,weibo_social
午餐和琳姐吃 ，聊得各种开心[爱你][鼓掌]，餐品全点新品，咖啡派对，美式肉桂厚多士，番茄肉酱厚多士，甜咸搭配，中和正好[给力],1,unlabeled,weibo_social
我是因为朋友曾在小金星当老师，她建议我孩子不要上小金星。不过我两个亲戚的孩子还是在里面，担心！//: 要给宝贝换幼儿园吗？[泪]，到哪都不放心了，现在！//:[怒] //:【福州小金星幼儿园老师打童？】 新闻回顾：,0,unlabeled,weibo_social
有奖竞猜[嘻嘻],1,test,weibo_social
请停止冷漠换做是我，会怎么做呢？[怒][怒][怒],0,unlabeled,weibo_social
上次买一瓶一罐绝对是坑子，以后打算老老实实跟着你买Lisa的那个了 //:买护乎品滴时候，被营业员说得天花乱坠，买回去又不好用又太大灌，[泪],0,unlabeled,weibo_social
都是缺德无耻的宣传造成的[衰] //:[泪]感动! //: 我们都是中国人！,0,val,weibo_social
"说踹就踹,,国安一向如此,什么都是国外的好//: 老爷子为北京足球干了一辈子，晚景凄凉，对他不公平。老爷子保重。 //?子:感觉更老了//: [泪]老爷子注意身体！！！",0,val,weibo_social
肥肠爱好者才是真正的美食家嘛？ 原来你爱的那家肥肠火锅 也是 的地盘 忍不了了 快带我去哇！[抓狂],0,train,weibo_social
Nepal Day 3：博卡拉 大卫瀑布50年前由一对瑞士夫妇发现，大卫，男，见到瀑布很高兴跳下去洗澡，卒。为了纪念他，瀑布名为大卫。这么大的瀑布你还去洗澡，大脑是什么回路啊[晕]好好的地下瀑布景观，剧情这么狗血。。费瓦湖旁的奇葩商店，本地店员中文很好就是都有河南口音[泪]晚餐还行可是雨季没完了,0,train,weibo_social
七八月，现在是旅行的季节，大家都计划或正在进行travle[给力] 我目前不能大动作[?][伤心]，但阻挡不了不想停顿的心，等待时机，再出发。,0,unlabeled,weibo_social
我们又来到了这个巨型披萨的地方，但是今天我的肠胃不爽，吃不了多少东西。郁闷，[泪]不过，今天我们是另有任务的！呜哈哈哈[哈哈],0,val,weibo_social
要严办啊[怒],0,unlabeled,weibo_social
这是谁在 的网店里，给我买的海参啊[吃惊]？谢谢你对他们父女的支持，也谢谢你对我的爱哈，but这份礼物太贵重了[泪]，雷锋，您好歹留个名字行么[哼]？顺便感谢孩子的信，加油吧，好好生活，好好治病，一切都会越来越好的。,0,train,weibo_social
[握手]//: 回复:[笑哈哈][给力] //:是呀，被您点明了[嘻嘻]//: 蜗牛！[耶]//: 细看到二个小触角，形象到一只小昆虫[good]//: //:蜗牛！[耶] //: 细看到二个小触角，形象到一只小昆虫[good] //:,1,unlabeled,weibo_social
呦~~ 真棒[鼓掌],1,test,weibo_social
跟参与汽车摇号一个心理，我中不了，也增加了别人中的难度！[哈哈],1,unlabeled,weibo_social
[泪]我也想要这样的厨房。,0,unlabeled,weibo_social
哈哈[哈哈][哈哈][哈哈] -爱橙子 --妞儿 //@?事搜一搜:[赞],1,test,weibo_social
还是小！//: 回复 :嘿嘿、对呀、、[嘻嘻][嘻嘻]很可爱，抱着舒服呀、、、 //:呀呀。。。谁送的熊熊啊？！好可爱,1,val,weibo_social
[心]//?:啊 再久点真的忘了那些名字了[泪],0,unlabeled,weibo_social
你还能禁得住多少的诱惑?~[哈哈],1,unlabeled,weibo_social
你那个花格子裤子还准备穿出来呗。我一定转发[太开心],1,unlabeled,weibo_social
祝你们幸福，快乐！[哈哈][哈哈] //:芥末进鼻孔的节奏//:[哈哈][哈哈]高兴！,1,train,weibo_social
MiaMiaMia，偶又饿了[泪],0,test,weibo_social
[呵呵]玉林烤鸭建达店特别推出会员菜及会员专享活动――精品烤鸭、王牌烤鸭，吃一套送一只鸭券，敬请莅临品鉴！[鼓掌]（活动截止日期待定，届时我们会提前在微博上予以公布）//: 想问一下这个活动持续到哪一天,1,test,weibo_social
//:[怒]//: 女孩叔叔和弟弟上公安局付要说法，现已被警方关押？为什么？究竟是关押？还是证人在做必须有的案件问话材料？妹妹危在旦夕，他们被关押，逻辑能够通过吗？// //: //:/://: //: /: //,0,unlabeled,weibo_social
[衰]震惊,0,unlabeled,weibo_social
靠，这么狠！我是催乳师拿绣花针在乳头上扎了七八个眼儿。//-?: 麻的，这要是你亲闺女你敢让人这么扎吗？奋蛋！ //:操，媳妇就不是人不疼啊？妈的就你孙子最亲这么愚昧的老人跟那个该死的野路子通乳师一样可恨！[怒][怒][怒],0,unlabeled,weibo_social
问叶子长的像谁？答曰：不像爸爸，爸爸有胡子，我没有；我长发，爸爸短发。眉毛，眼睛，鼻子，嘴都不像妈妈，看妈妈很失落的样子，急忙补充到，胳膊挺像妈妈的，咱们三个胳膊都一样[汗][抓狂][衰]！闺女，有这么逗人玩的吗？？？,0,test,weibo_social
[晕] //:Wow // :??我想起了‘色?戒’[酷] 唔多??生,0,unlabeled,weibo_social
这是我们的学校吗？大变样了啊？为什么每届都这样？高中这样！大学也这样！安徽国际商务学院 [抓狂] [抓狂],0,unlabeled,weibo_social
同失[嘻嘻]//:同失[泪],0,val,weibo_social
为了遮掩炎炎夏日下性感的汗味，增加客户体验感，居然被诬蔑为妖媚喽，整风咯，他人味咯。。。辛苦的孩子你们伤不起啊！伤心[泪] //: 看看SHO妖媚的Rod兄～～～// -清科资本,0,unlabeled,weibo_social
加班半小时，回家电梯中遇到同事：＂啊？这么早就下班啊？不象你啊，怎么了这是？还是...＂[泪]我在大家心中就只是工作狂吗？偶也愿意正常下班啊！受伤鸟???,0,unlabeled,weibo_social
健康生活已成我的奢望，现在的身体好像是施了几十年化肥农药的土地，如何改良啊？[泪] //:【下面的你做到了几条？希望朋友们都能做到】,0,val,weibo_social
急寻合作插画师和图书封面设计师，有重点青少类的图书需要您的鼎力支持！有兴趣的请尽快私信我，或加我QQ：274886663. 各位老师求介绍，求转！[泪],0,unlabeled,weibo_social
邻居家的小狗起的比鸡早嘿?持续半分多钟的嚎叫，把姐彻底嚎精神了！您老知道姐今儿个需要早出门儿哈[抓狂],0,val,weibo_social
谁能告诉我朝阳路官庄路口怎么了，半个小时，几乎是原地不动，出什么事了[怒],0,unlabeled,weibo_social
周末到了，我还想去吃，[泪][泪][泪][泪][泪][泪],0,test,weibo_social
带着舒服的房子去旅行[哈哈] 不然旅游时行李太多很苦恼呀//:哇，太舒服了。,1,val,weibo_social
回复:帽子是大神，别来抢小墨老师对我的宠爱！！！[怒] //:有好书？也求一本抱着碎觉[花心] //:回复:我不追星，但我追小墨老师的书。是可以陪伴我，到我孩子出生的，到我孩子长大的好书啊。[哈哈],0,val,weibo_social
是啊是啊我中了[嘻嘻] //:中招率超过90%啊[哈哈],1,unlabeled,weibo_social
请参阅《刘思敏：小长假得不偿失 恢复五一黄金周才是福音》 回复:[嘻嘻] //:之前的论文要是借鉴这些，就充实了，就能发核心了，哈哈,1,test,weibo_social
回复: 你又游历去啦？ //:前几天去团结湖，问夏梦出来没，说还在拍照～可惜我现在在欧洲，吃不到，好郁闷！ //:回复:[呵呵] //:回复:必须哒！！！[太开心][太开心][太开心] //:哗！有姜撞奶！下周那个也会有吗？,1,unlabeled,weibo_social
不谢不谢O(∩_∩)O哈哈~3[嘻嘻]//: 谢谢祝福！[爱你][蛋糕],1,unlabeled,weibo_social
老姚太惨了被 这个二小姐逼得挨个挨特[泪]可爱的同学们[爱你] 永远相伴！,0,train,weibo_social
5555.糖糖哭的让人好心疼//：//：默默转//：//:// ：崩溃啊[泪] [泪] [泪] // ：忍不住转转吧 // ：// ：// :// ：孤女寡母,0,unlabeled,weibo_social
我们从小就被统一思想了[怒],0,unlabeled,weibo_social
重口味的节奏[嘻嘻][嘻嘻],1,unlabeled,weibo_social
SEE U AT XIAMEN LO..一直很喜欢杂志的出发点、以及以此延伸出来的风格和精心策划各类专题~所以今年邀请到杂志创办人 先生10月26日来厦门文博会城市创意论坛演讲，很期待啊[爱你][爱你],1,unlabeled,weibo_social
收这么多税，您倒是干点让纳税人痛快的事啊！//:真是流氓啊，双重加税，过路费还没解决，变相税种又来了//: 吃饭喝水也该缴税 ！[衰]//: 能不能有点儿创造力呀。挣钱也不能这么低级吧。,0,unlabeled,weibo_social
烦躁，焦虑！！[抓狂],0,unlabeled,weibo_social
亲们，我在一个一个关注大家，大家也可以关注我们，这样咱们可以随时知道大家的最新动态啦[爱你][爱你][爱你]//:[花心] //:建外soho东区5号楼高层西侧0104A~[围观] //: 在哪里啊？[抓狂] 好诱人好想喝[花心]诸位亲咱走起来吧[馋嘴]~,0,unlabeled,weibo_social
宫老先生不给版权啊[泪]//: 去把宫崎骏都拿下吧。,0,unlabeled,weibo_social
易老师，你的马布里的稿子挽救了编辑部的故事栏目[泪],0,unlabeled,weibo_social
青春啊[泪] 我在:,0,unlabeled,weibo_social
哈哈 //:[衰] //:最完美的禽兽 // :// :// :[衰] // :[哈哈] // :这哥们太实诚了～[哈哈] // :这个。。。全能型选手啊！！！ // :笑了，这是风云动物界嘛,0,train,weibo_social
回复:不热那叫吐鲁番？玩儿的就是热！[酷] //:回复:[嘻嘻]太热了！ //:回复:再去高昌故城徒步呗！[嘻嘻][lxhx走] //:我和老爷子一样热爱吐鲁番,1,test,weibo_social
我的娜塔莎朱亚文 太多了就不一一转发了……朱帅不容易啊，语言障碍，只能集中精神，不容易啊[爱你],1,unlabeled,weibo_social
?祖?食?州出差，在建?酒店盈丰阁吃了人生一??可怕的中餐！可怕菜之一：蜜桃咕?肉(??推?)！?相正常，?知一咬下去是一?炸粉皮裹着另一??粉再包着一堆不知名像粉又似肉的??，口感?差??吃，?了服??，???是五花腩…?吃?那?可怕的?瘦肉又成?的五花腩！?直?X晒?！[怒],0,train,weibo_social
//: 好可?喔！小?也好美！ //:真的捏的?像且??。好想?她回家[泪],0,unlabeled,weibo_social
宫磊老师的解说让我想起了我初中的政治老师[衰],0,unlabeled,weibo_social
[疑问] //：啥情况？[吃惊] //：回复:[吃惊] //:[怒] 凤凰卫视著名记者、主持人闾丘露薇21分钟前发出一条微博：刚刚接到爆料，后现代城九号楼，十分钟前，有人正在卷铺盖准备走人。解放军就来啦[偷笑],0,train,weibo_social
我想起了奔驰那个魔术车身的广告了。[嘻嘻]//: 无知者无畏，没搞清楚状况，也搞不清楚状况 //:……,1,unlabeled,weibo_social
想去看电影，想看一部记忆中的电影，想看那么一种感觉[伤心],0,test,weibo_social
这夜跑卖票不？ //:跑的这么嗨，后面追的??是 吗？[吃惊] //:真的... ...不是我。[衰] //?: 夜跑不解释~~~,0,train,weibo_social
"I know that was Japans fault. But our ancestors reflected and decided not to abandon possess, not to use nuclear weapons. We are learning and developing[可爱]",1,unlabeled,weibo_social
咳嗽~~咳咳咳~[衰],0,test,weibo_social
交管局的电脑，你要是敢再死机自动重启（还通常都发生在路况连线前的几分钟，什么都看不到了…[衰] ），姐就罢工了！！！[愤怒],0,unlabeled,weibo_social
在外办事，跟人约时间是按半天为单位计算的，俺现在晚上基本不工作了，，所以一天只能有两件事。北京不能成为效率之都，因为我们的经济增长靠的不是提高效率，而是你们懂得那些规则。。。多数时间我只能在车里坐着望天，浪费生命，可下车还得收停车费。。。怀念有烟抽的日子[泪][可怜][泪],0,test,weibo_social
空中流量控制把旅行时间延长了2小时[怒] 我在这里：广州市-花都区,0,unlabeled,weibo_social
的朋友[泪],0,train,weibo_social
这拿法，这感觉，明明就是手拿一杯五粮液啊[哈哈]:爱粉们转起来。-爱伲牛仔一因为爱你存在:在中国喝咖啡即将成为时尚 :[呵呵] :喝咖啡族转起来！ : 好，习大大领我们改喝咖啡了。喝茶喝不起呀，现在喝茶的味道也变了。,1,train,weibo_social
谢哥哥吉言了！我也觉得老爷子演个彭丽媛小意思！[太开心] //:老爷子好运！没问题的！等您出了院可以投身演艺界，演彭老总我觉得没问题！,1,test,weibo_social
[哈哈] //:哈哈药别停！！！[哈哈],1,unlabeled,weibo_social
终于领证了！[鼓掌],1,unlabeled,weibo_social
见过好多，就是学不来啊[衰],0,test,weibo_social
感谢金宝汤， 的大力支持[爱你][爱你][爱你],1,val,weibo_social
亲，这不是盖饭，这是意大利千层面，好不啦[抓狂],0,train,weibo_social
新疆被虐了[泪],0,unlabeled,weibo_social
我不高兴的时候就听歌，狠狠的听，我就能高兴了[失望],0,test,weibo_social
爱吃的盘友，小心哦！好的东西就是毒品 //:中国特色的创新--粪口途径的新形式。// ：[失望] 循环利用 // : 毒血燕 【快言论】以前吃的是鸟口水，现在升级成鸟粪了。via,0,unlabeled,weibo_social
欢迎光临v12店 祝您在丽江玩的愉快[爱你][鼓掌][鼓掌][鼓掌][鼓掌],1,train,weibo_social
就是因为你不停的发美食，现在大家都认为我出差是专门去吃的，[抓狂]。其实我是很努力的出差的。你要挽回我的名声！,0,unlabeled,weibo_social
昨晚做梦打了一夜的仗最后被炸死了才醒来好累哦[泪]最近使肿么了老做梦捏[可怜],0,unlabeled,weibo_social
低调，应该低调。做好本职工作。[偷笑] //:我还真不信了。 //:回复:哈哈，看来我编辑的真是不错，李老师有木有[嘻嘻] //: //:王丫米都看懂了，那我可以放心去买一本了[哈哈],1,unlabeled,weibo_social
[悲伤]多么痛的领悟,0,test,weibo_social
"天哪！！ //:太可怕了,人都怎么了? // :[吃惊] [吃惊] [吃惊] [抓狂] 恶人啊啊啊！！！// ：[可怜] // :酒后的惨痛教训！常喝高的自重自爱！",0,unlabeled,weibo_social
//: 转 阅[嘻嘻]//:回复:[围观] //:各位要加油，你职务比他以前还高哩！,1,unlabeled,weibo_social
如果我也转发，你不会打我吧？ //-kino://: [转发][晕],0,val,weibo_social
[闭嘴] //: 铁路终于市场化了，光明正大来涨价了！[怒骂],0,val,weibo_social
小编想了想自己的星座 瞬间觉得自己也是冠军了 [哈哈],1,unlabeled,weibo_social
小E看热点20日上午10时，京广高铁各车次车票开始销售。在北京西至广州南G字头列车最低865元，最高2727元的票价公布后，很多网友连称“太贵”，并表示这一定价区间并未考虑到国内主流人群的实际收入水平。小E表示?丝坐不起京广高铁...只坐的起飞机``[衰][衰]大家同感有木有！！！[泪],0,val,weibo_social
我最爱的Hachi！ //:哭的最惨的电影 没有之一！！[抓狂],0,unlabeled,weibo_social
这壶水烧开三回了，还是忘了泡茶。再来一遍。看案子看的，这叫一个投入啊[嘻嘻][亲亲] 我在这里:,1,unlabeled,weibo_social
最后一天了 一定成功 我必须成功[做鬼脸][太开心][酷],1,val,weibo_social
说实话，在海南呆了半年，体会就是朋友们一定离澄迈的远的，当地人警告我//:澄迈交通很有问题[衰],0,val,weibo_social
Prada 2013秋冬RTW时装发布秀看点，这次的造型和面料都是经典的，Prada夫人一直标榜“将上流社会的奢华和日常生活的非凡享受融合在一起”，并以对装饰的偏好为特色赢得了包括Kirsten Owen，Liisa Winkler和Esther de Jong在内无数人的喜爱[爱你]【私享穿衣顾问微信：FashionTalent33 】,1,unlabeled,weibo_social
累了一天下来，换来的就是头疼~[泪]没食欲~,0,unlabeled,weibo_social
好开心[嘻嘻] 才半个月就收到来自 的明信片，thank you very much[给力][兔子] . 有木有觉得还是中国邮政给力[赞][酷],1,test,weibo_social
撑到无法走路………我撑到无法呼吸…………[泪][泪][泪][泪][兔子][兔子][兔子],0,unlabeled,weibo_social
广告之后，最佳女主角马上揭晓！！ //: [威武][威武] //??:[?力]//: 我还没出手，就挂了?[衰]但那个时候， 彻底亮了!,0,val,weibo_social
中暑。坚持着熬了点绿豆汤，心慌近虚脱，赶紧卧倒休息。快过去三伏天了，孕妇夏天真难熬。[晕],0,test,weibo_social
[挖鼻屎][哈哈]//: 有人说司机做的不对，应该拉精神病院，而不是医院。这个，我解释一下，其实，一般我们说人“有病”，也显然不是关心对方的身体健康。也有人说直接拉火葬场给烧了，或者拉垃圾场给埋了，这就过分了。动物也是一条性命啊。,1,val,weibo_social
屈臣氏门店说现在没有自己品牌的水了（不知下架还是卖光），只有伊云了[晕][晕]这是被收买了嘛[挖鼻屎],0,unlabeled,weibo_social
回复:除了屁股，另外?送你十?掌嘴~ [委屈] 1、2、3。。[生病][泪][吐] //:妹子，别怕，偶那几下你都挨得住，加上你最近连续＂火狐狸＂膘肉劲长，我觉得接下来的那些责罚对你真是太小小不言了，好了，时辰已到，着民女安东拖出去重杖二十，全打在左边屁股上！,0,test,weibo_social
[伤心] //:[伤心][话筒],0,test,weibo_social
[抓狂]今天晚上的＂海南文昌鸡＂＂五指山有机野生上树鸡＂和＂嘉积鸭＂！,0,val,weibo_social
哈哈//：比此...比此... //?GT法?克:你也有才// ：[哈哈][哈哈][哈哈]小明你太有才了...,1,test,weibo_social
刚发现他的招风大耳！大正面！[黑?]//: 好萌！[哈哈],1,unlabeled,weibo_social
回复:[哈哈]那俺赶紧去发现发现.有报名的木? //:回复:区级的餐饮非遗基本该申的都申了，您又发现请告。 //:申请首批参观[围观],1,unlabeled,weibo_social
记下那些车牌，曝光他[怒骂],0,unlabeled,weibo_social
臭男人，陪红颜们打扑克还没回来，姐还得表现得贤妻良母，在家精心烹饪着晚餐候着。这同学在一个城市真好，时不时的能聚聚，我一年才聚几次，忒不公平了，NND，再不回来姐不装了，开火！送礼物也白搭[抓狂],0,val,weibo_social
坑爹的飞龙航空公司吖！8点的航班，延误到9.30点没飞，说是因为香港方面的航线管制。然后说天气原因要10.20起飞，结果起飞准备做好了，又通知说大家下飞机，要3小时后才能起飞。又饿又困吖！终于等到舱门打开，下来买了碗泡面吃，继续等吧。。回家的路怎么这样难？[泪][汗][晕],0,val,weibo_social
回复:其实我想哭来着……都咳了两周了还不好我都快成美国新任驻华大使了。[泪] //:很不怀好意地笑了[阴险] //:它们很体面地站立在北京浓重的雾霾中……[阴险],0,unlabeled,weibo_social
"回覆:今曰?房休息一天, 唔?野了, 放心, 唔?post 蛋糕相[嘻嘻] //:回复??房: 又想起你的蛋糕了[馋嘴]…真?百感交集[委屈][抓狂][花心]… //??房:看得出的美味！[花心]",0,val,weibo_social
品鉴妙味烤鱼吧午餐时间到了~~ 鲜嫩的麻辣牛蛙仔，蒜瓣肉麻辣鲜嫩[馋嘴]一上桌瞬间就被抢光了[泪],0,test,weibo_social
你迟到了，亲爱的！[可怜] 是因为新宠吗？下次别这样折腾了，乖！[亲亲],1,unlabeled,weibo_social
回复-Saurosc:所以要再吃其他的。 //-Saurosc:[泪]自己的都一个月吃不完 //?味??:?的肚腩，可以的。 //-Saurosc:肚腩可炸吗,0,unlabeled,weibo_social
每次入住，每房将获得一张晚餐“买一赠一”优惠券和一张 Spa 疗程“买一赠一”兑换券[鼓掌],1,val,weibo_social
人为刀俎，我为鱼肉[哈哈],1,test,weibo_social
无语[衰],0,unlabeled,weibo_social
真是什么事儿都有[晕][晕],0,val,weibo_social
前天手机发的微博图片都没发出去…还提示我发送未成功！[晕]补一下图， 漂亮新娘子准备中,0,unlabeled,weibo_social
看了一张不该看的照片，整个下午都在呕心难受，估计今夜又要恶梦了，唉~~胆小的孩纸你伤不起啊！[抓狂],0,unlabeled,weibo_social
回复-Barolo: 俺也消费不起……统一加收15% 服务费……[泪] //-Barolo:俺都消费不起。。KIR ROYAL 可以自己做 当年俺可是在法国咖啡馆打工的 //:? -Barolo @??大? 大家，圣诞快乐，请笑纳~~,0,unlabeled,weibo_social
这是鄙视狮子的人写的吧？为什么是吉利？[抓狂] //:射手座最牛[挖鼻屎],0,unlabeled,weibo_social
恰好，在累了的时候假期快来了。。。[悲伤],0,val,weibo_social
上午与爹妈、洋帅以及兜姐一起在吴山广场转悠了一圈，无惊喜，全国各地的此种地方都大同小异。收获还是有的，一是两把张小泉剪刀，二是我开始发烧38.5![悲伤]疯大发了，下午哪儿不去，酒店里躺下，希望一如继往病来如山倒病去也如山倒！?,0,test,weibo_social
回复@-鸽子不爱飞:乌镇女孩，小夏保重哦！[兔子] //@-鸽子不爱飞:刀哥保重[泪],0,unlabeled,weibo_social
开衫作为实用必备的单品，这样子搭瞬间变得高品质又时尚的赶脚有木有！~开衫： Organic by John Patrick ；鞋： Jeffrey Campbell ~[爱你]【私享穿衣顾问微信：FashionTalent33 】,1,unlabeled,weibo_social
[泪]感动！ //--贝贝:狗狗快吃饭饭吧，你在天堂的主人会心疼的…[可怜][可怜][泪],0,test,weibo_social
好的[爱你][爱你] //:听-yoki 说装修了，我和 商量准备组团去你家吃涮肉?? 圈晕了[晕]一起走起~[笑哈哈],1,unlabeled,weibo_social
"真相大白！ //: 这辈子我做的最好事情，就是不杀生，从来不吃任何动物的肉！//: 羊固有一死，有些重于""泰山""，有些轻于""鸿毛""。。。 [思考]//: 真想更感人[泪][馋嘴][阴险]",0,unlabeled,weibo_social
[怒]加强治安: 这事你们知道吗,0,unlabeled,weibo_social
眼馋[泪]?采摘樱桃的优势：1、4月至五月，天气宜人。2采摘期长。3、空气新鲜不用钻大棚。4、可以直接吃。5、果实较小采满一筐要花点时间，享受采摘的快乐!//:谢谢兄弟们同去捧场。[哈哈]让因事没去的盆油眼馋一下。,0,unlabeled,weibo_social
[挖鼻屎][衰]只认识四个字,0,unlabeled,weibo_social
这个2子真可耐 //:不能这么说[怒骂]明明是2的平方[阴险]//: 导演. 鲍鲍说我演的是一个2B[汗].是么？,0,unlabeled,weibo_social
肿么木有数学呢？不会是所有星座都头疼的科目吧？[抓狂],0,unlabeled,weibo_social
点背儿也要热爱社会 我性格真好[汗][汗][汗] 木有出租木有公交 我在莲石路惆怅[哈哈],1,unlabeled,weibo_social
啊？这是哪？离得这么近从来没听说过啊 //: [抓狂][抓狂][抓狂]//: 最近牙不得劲儿的人就先收藏了吧?[偷笑],0,val,weibo_social
能不能喝一杯就过去了啊？[晕][晕][晕],0,val,weibo_social
最新出炉的体验报告[鼓掌]，这价格让我不能相信啊[抓狂],0,unlabeled,weibo_social
//?: 完整版MV，尚雯婕将分别以“酷酷的街头艺人”与“渴望自由的美丽女子”的身份一人分饰两角，小伙伴们，猜猜剧情吧~[嘻嘻],1,unlabeled,weibo_social
我是白羊，好像是的哈，唯恐天下不乱，越波折越有激情[嘻嘻],1,unlabeled,weibo_social
没想到上次TOMO在北京蓝色港湾品到的新菜泡椒杏鲍菇在建外soho店也能吃到啦~[爱你]一个人的晚餐简单而不马虎。我在这里: 一茶一坐(建外SOHO店)[馋嘴],1,unlabeled,weibo_social
，[给力][威武][围观][哈哈][抓狂],1,unlabeled,weibo_social
晚安，人性。//: 回复-东冬:晚安，人类。 //-东冬:回复:哥哥，你这话真是一针见血~媒体是什么？媒体就是这种时候只能爱莫能助地看着；媒体就是前些天，《纽约时报》笔下的“腐败是一种生活方式”[失望] //-东冬:杨箕村就在南方报业旁，这是在媒体人眼皮下发生的事~,0,unlabeled,weibo_social
[哈哈][哈哈][哈哈][哈哈][哈哈][哈哈][哈哈][哈哈][哈哈][哈哈]//:哈哈,1,unlabeled,weibo_social
没大餐没月饼的中秋，真尼玛可怜啊= =：我跟山区的贫困孩子一个待遇……[泪],0,train,weibo_social
有！高速清明节 免费！！！1[怒] //:这是一个恶性循环！,0,test,weibo_social
好感动哟[泪] //:我很有成就感啊?? //: [可爱][亲亲],0,unlabeled,weibo_social
虽然我也爱旅游摄影，不过写这些就有点矫情。子非鱼安知鱼之乐乎？ //:[泪],0,test,weibo_social
装修中，一切想省心的幻想都是可耻的[衰],0,test,weibo_social
天天向上：【边检知识普及】你是否常出国？你是否渴望出国？你是否“害怕”出国？你是否到现在为止还不懂具体的出国手续呢？[思考]元旦、新年假期将至，[太开心]新的行程即将安排，如果你有任何困惑，记得关注明晚20:10，天天兄弟走边境 天天兄弟和边检人员用实际例子告诉你该如何做！[给力][围观],1,unlabeled,weibo_social
百年诺贝尔得主分布-大数据，只看图不说话[泪],0,unlabeled,weibo_social
呜呜！好可惜啊！！//:加班的人含泪帮扩散[泪],0,unlabeled,weibo_social
刷头收到啦，包装好用心哦！[嘻嘻][手套][手套][手套],1,test,weibo_social
还去马来西亚？ //:[抓狂][晕][吃惊][汗],0,test,weibo_social
过敏性结膜炎让哥很痛苦！[泪],0,test,weibo_social
//: 太感动了！真是好男人啊！[泪],0,unlabeled,weibo_social
退休的生活真是太锻练人了，不仅担当了家里的采购员、饮事员、保洁员、理发员和搓澡员，还当上了保育员。怎么样，这要是在以前的企业里，肯定就是个多面手啊。[哈哈],1,val,weibo_social
顺手儿给自己个儿编个包儿挂…………新年新气象[太开心],1,train,weibo_social
回复:酒窖要赶紧下手[酷] //:[晕][哈哈] //:中俄要加强通婚啊。,1,unlabeled,weibo_social
梦无厘；内子孟慧和所有嫁到北京或来北漂的好姐妹组成编导团，还定科号都为京字辈，内子自也名中加京字，今后作品当用此名。恰时她接一电话，说她上次交的台本现已拍好，上字幕需确认她编导署名，内子无不自豪：“就打孟京慧。”“哟您天津人啊？这次和孟京辉导演邀的本子？”内子 [晕],0,unlabeled,weibo_social
回复-R-U123:猫球子还是不错的 //-R-U123:[哈哈][哈哈]猫球厉害，这么多人抢着要[爱你] //-来去吉祥:回复-My-Ladygege:gege 是这样的 很难说我还要二胎呢 我想知道公司会不会罚我钱？ //-My-Ladygege:被我发现了，一个儿子许两家！[怒]我很愤慨！,0,unlabeled,weibo_social
愿莪们一同带着甜美的微笑奔向幸福的彼岸！[爱你][爱你][爱你]//:好感动呀…眼泪哗哗的[泪][泪][泪],0,test,weibo_social
//:您完美应对！ //: 航空公司都这样了，代理可咋活啊！[泪] //: //-tom-哥: 作为一名业内人士，感到无奈！,0,unlabeled,weibo_social
[威武][威武][围观][给力]//:陆小凤与花满楼【小花花，你在我小凤凤心中是极好的！！】【小花花：好好说话！】【老稀罕你了[爱你]】 ?吧 ?迷会,1,unlabeled,weibo_social
“在青衣区排四天三夜队”……看场演唱会要出动ICAC，威到晕[晕]//: 回复-东冬: 据说已经炒到三万一张了~~~~ //-东冬:[汗],0,unlabeled,weibo_social
打扫房间收拾屋子洗衣服，晚上吃撑了！[汗][泪],0,unlabeled,weibo_social
智能手机的坏处，就是，我拿起手机当计算器准备算几个数，看到微信于是就玩了10分钟，OMG[衰],0,val,weibo_social
谢谢了！ //: //-小郭姐姐:[泪][泪][泪]//:感谢，感动，好人多！,0,unlabeled,weibo_social
先做法医鉴定是重点 //:这还一动手的 //:[怒],0,unlabeled,weibo_social
遇领导，说：你来早了吧？我：对。。[抓狂]职场乌龙,0,test,weibo_social
回复:[嘻嘻][嘻嘻] //:奔驰第二让人不可思议，这个破车。[晕],0,test,weibo_social
"//: 从顶烂到根，断子绝孙国。//: 闵行～～又是闵行～～//: 【艹！！】【后续】据网友""中极白""：现在学校做得最努力的就是让老师给孩子们看照片，要指认出照片中的餐垫是谁的。请问这是什么意思？揪出孩子？找出家长？[怒]",0,unlabeled,weibo_social
//: 领养代替购买的没有买卖没有伤害[泪],0,val,weibo_social
关机键坏了真麻烦，好不容易破个记录，还得用别人手机照！截不了图！[衰][衰],0,test,weibo_social
同学的妈妈乳腺癌手术一年半后又全面扩散。。病危。[泪]关掉手机也无法阻挡坏消息的传来。。艳阳天里心生悲凉。。。谁能告诉我点好消息。。哪怕是谁家狗狗又下崽了。。。,0,test,weibo_social
[怒][怒骂]不是人！[怒] //:靠，还是人吗 //: //:还能说什么？！！操操！//-polat: 没有人性 我无法组织语言来说什么了// : 我操，真的假的这个是？太恐怖了 //:同问！,0,unlabeled,weibo_social
感动呀[泪]，各位都从哪里跑出来了？/: 恭喜恭喜[鼓掌] //: 增加了新鲜血液，我们定会如虎添翼[哈哈] //:,1,unlabeled,weibo_social
重庆重庆[哈哈][哈哈] //: 去缙云山的，还有去江津的要注意了[哈哈][哈哈][哈哈],1,unlabeled,weibo_social
今日清明， 不休息，不开心！[抓狂],0,val,weibo_social
[偷笑][偷笑] //: [泪]一言难尽啊//:我首先想到了你！！！ [阴险][阴险],0,unlabeled,weibo_social
失眠[抓狂]我要调整作息！,0,unlabeled,weibo_social
云海肴的菜快比一坐一望还好吃了，妞已经有小半个月没吃过这么饱的晚餐了[太开心],1,unlabeled,weibo_social
超值奢玩日本美食真是让人受不了[抓狂]吃货们4月去东京寻美食、赏樱花吧！仅3999元/人，东京5天4晚自由行特价,0,unlabeled,weibo_social
带着微博去旅行 英国打折季完全过去，topshop clarks==只剩了一堆挑不出的尾尾货。其他正价木有优势，Next 衣服正价收喜欢那只羊，300+ ；格子风衣，Loewe tod 比国内少半价；Moncler货少价贵没收还挺惦记这件的[泪] boots和泰国一个价 买了自己的敷面。实在超重没时间了[泪],0,train,weibo_social
这一拳，太狠了……[怒],0,unlabeled,weibo_social
美酒美食[抓狂][good]//:李总肯定，让我们更加坚定在品质之路继续执着前行！[good][good][good][good] //:选择中国大饭店，是品牌的优质背书啊,0,unlabeled,weibo_social
惨案让人心碎[伤心]，美国的枪支管理太成问题了。,0,unlabeled,weibo_social
胆大妄为 抓，，满门抄斩[怒骂][怒骂][酷]//:,0,train,weibo_social
1月24日，快闪来书院!报名方式请关注书院置顶微博[嘻嘻]//:闪！ //:[哈哈] 大家请来博物馆书院闪? //:真好看，想?。,1,val,weibo_social
耀华？???告牛[哈哈][哈哈][哈哈] //:[可怜] //@??-?蘑菇: //: 哈哈，这个必须转。[偷笑],1,train,weibo_social
山竹的壳怎么那么硬啊[衰] 肿么才能打开吃到呢[抓狂],0,test,weibo_social
我最爱的Katy Perry到处表演就是拿不到的?[泪]，Adele脱胎换骨，一首吵架歌潜流暗涌,0,unlabeled,weibo_social
下班欢乐多 我的蜡烛是不是已经热死了？？？555……[泪][泪][泪]（转）,0,train,weibo_social
路上被截..[抓狂],0,test,weibo_social
带着微博去仙女湖 入住爱情岛，据说在这里，人人能收获一份甜蜜的爱情。不知道我们的江西首席旅游体验师去过之后有收获到什么[哈哈],1,unlabeled,weibo_social
身边又有一朋友三个月内闪婚。[嘻嘻],1,unlabeled,weibo_social
暖气不够……管子都是冷的……[泪][泪][泪]难道真要靠空调取暖了吗？？[泪][泪][泪],0,val,weibo_social
始发站就抛锚的司机，请不要把车坏了说的那么理直气壮！1.你站上休息的那么久时间在做什么？2.你知不知道你是公共设施，有多少人坐着你的车上班？3.你知不知道因为你拖了一班车，带动的是怎样的一条时间链？4.你知不知道这一班车的人因为你的工作失误而被罚款的总金额会有多大？[衰],0,test,weibo_social
是因为感冒啦，只喝了一半就喝不了啦[衰],0,test,weibo_social
[哈哈]我跟大！。。。不过，很糟心，他应该付得起一千万[抓狂] 找乐儿的中国苦逼,0,unlabeled,weibo_social
这色儿，谁生的。//: [泪][泪][嘻嘻][嘻嘻],0,train,weibo_social
我爱黄金假日让人眼馋的好吃的！感谢 的分享[泪],0,unlabeled,weibo_social
端午特辑:手系五彩丝，身穿五毒兜，我是快乐吉祥的宝宝龙。祝大家粽是快乐，粽是如意，粽是发财，粽是健康……[可爱][亲亲] -北京教育,1,unlabeled,weibo_social
山下开始下雨了，据说这里一年到头都下不了几次雨，结果我们一来就赶上了[汗][汗]他们说这样的话我们要去的古玉矿上就必然会下雪[泪][泪]幸好准备了防寒利器，羽绒服穿上就不冷啦[嘻嘻][嘻嘻]在村子里休整一晚，无论如何，希望接下来上山的行程能一切顺利！ @??WRD -南哥,0,test,weibo_social
原来「新白娘子传奇」是在南京取的景???我一直以为是杭州???好桑心???[泪],0,unlabeled,weibo_social
[抓狂][抓狂][抓狂][偷笑][偷笑][偷笑],0,unlabeled,weibo_social
回复@?灬?角丶:[泪]俺感动哇[爱你] //@?灬?角丶:回复:哈哈哈，因为真心喜欢吃你做的蛋糕,0,unlabeled,weibo_social
的 既然算数做不好那咱就不喝罢了，遂到楼上的 ，单份15，双份20，加shot是5元，三份买单是25元，然后站旁边等咖啡，我靠这一看吓一跳啊！整个咖啡机上下左右到处都是苍蝇，不下10只哦，奶壶壶上都是，拜托，入乡随俗开苍蝇咖啡馆吗？[怒],0,test,weibo_social
眼皮都要搭住了。。。被师父骂死了[晕][晕][晕][睡觉][睡觉][睡觉][困][困][困][悲伤],0,val,weibo_social
回复-DAN:还有，这部电影很血腥口味很重，真的不适合带着小朋友去看，一定会对他们的童年造成阴影[衰][衰] //-DAN:就是，感觉就是为了赚钱，非3d一把！,0,unlabeled,weibo_social
那草莓帽子太。。菲姐。[失望],0,val,weibo_social
[怒]//:[怒] //:幼儿园员工孙某现已被警方依法处以行政拘留10天（未满18周岁不执行），并处罚款500元。via,0,unlabeled,weibo_social
//: //:[怒]垃圾！,0,unlabeled,weibo_social
[兔子]对滴//:这是鄱阳给大家的特别记忆吧，今晚上庐山？//: 情深深雨蒙蒙，鄱湖湿地来湿身//:集体湿身，换好衣装，向庐山进军[嘻嘻][哈哈][兔子] //:湿透透//:湿不起[泪],0,unlabeled,weibo_social
过年就吃水塔醋。[嘻嘻][嘻嘻][嘻嘻] //: //: [泪][泪][泪],0,train,weibo_social
不会唱就别瞎写人家歌词[抓狂][抓狂][抓狂][抓狂],0,unlabeled,weibo_social
太煽情了[泪]过段时间连黑白的我都不见了吧,0,unlabeled,weibo_social
[晕]→ →//: → →//: → →//: → →//: → →//: → →//: →→//: →→//: →→ //:→→//?: 果然出手了...→ →//:最右读图理解满分！[哈哈] //:秒懂：草泥马拉个笔星巴克的反击,0,unlabeled,weibo_social
不只是沙发还是上下铺哦~~~感觉都快变成变形金刚了！[鼓掌] 小丸觉得小居室就很适合这个耶！,1,unlabeled,weibo_social
//: 【看一夏东方卫视，办一下人生大事】劲爆新闻啊！[抓狂]为了看到这一＂激情四射＂的画面，粉丝们收视率顶起啊！！[抓狂]7月15日东方卫视我的经济适用男火爆开演！[哈哈],0,val,weibo_social
99%的工程师们都算错的一道题：一对情侣一起去买了一块饼，女生吃了3/7块饼，男生吃掉剩下的4/7块饼。男生比女生多出了4.5元，请问这块饼多少元?[哈哈],1,unlabeled,weibo_social
太猖狂了 //: 又是故意杀人。太狂妄了！[怒] //:[怒],0,unlabeled,weibo_social
回复:谢谢啦，你们喜欢我们特别高兴，欢迎啊[爱你],1,unlabeled,weibo_social
"拯救、保护西部的?河，己刻不容缓！[抓狂][抓狂][抓狂]//:自由奔涌的才是江河!不禁悲从心头起,亿万的中国人竟阻止不了技术官僚、水电利益集团斩断江河的屠刀?",0,test,weibo_social
最后一句[泪][泪] 我会少吃//?zyz:手脚冰凉的MM记得啊！转,0,test,weibo_social
大半夜的被追尾。。。真背。。[泪][泪][泪],0,unlabeled,weibo_social
霞城？//: 最近，集美后溪的霞城做得不错，要关注。//: 可惜！如今闽南大厝越来越少！//: 博主不是说了，是同安莲花村拍的。海青你还在厦门吗？ //:这是同安的，还有翔安的，有创意啊。 //: 射击孔？[哈哈]看第3张照，好好一个闽南大厝，却用条石封起,1,unlabeled,weibo_social
好久没有回家帮忙了，今天回家主场，来了从南京来旅游的一家三口，聊着聊着就聊嗨了，三人临走还给我留了电话号码，说去南京一定带我好好玩，我高高兴兴送他们出门，一会儿突然男顾客跑回来说，我们已经给阿姨结过帐了，怕我不知道[偷笑]太可爱啦，咱家的客人总是给我这样的惊喜[哈哈]我真爱你们[爱你],1,val,weibo_social
回复:是我好友兼师兄[可爱] //:这个可以有[哈哈] //:歪打正着让我找到 老兄啦[可爱] //:欢迎[握手],1,val,weibo_social
北京紧急寻人 ：好朋友失踪六天，已报警依旧无任何消息，五月份刚在丽江庆祝完她的新婚[泪] 8月5日她独自开车去回龙观永旺商场就餐购物，之后就不见了，手机也无任何通话记录。心里堵堵的。。。希望她平安归来！我们都在等你！车牌京NZ9L37，如有线索麻烦大家联系周先生13810664913，请扩散,0,unlabeled,weibo_social
真实情况可能是：第一件是因为身体快不行了才不得已为之；第二件是即使后悔了也必须嘴硬死也不能承认；第三件是不管你后不后悔都已经改变不了什么了。。。[哈哈]//: 先做第一件。//: 来，一件一件做,1,test,weibo_social
下周一是不是不上班啦？？？//: 蝙蝠侠伴随而来的不是人祸就是天灾吗[抓狂] //:魔都结界开起来。。。我要去看蝙蝠侠,0,unlabeled,weibo_social
回复: 啊天啊你们??救命啊。//:今晚[花心] 剧组会集体去影院支持爱喝可乐的林涛 [鼓掌][鼓掌][鼓掌] /: 谢谢啦！太捧了！,1,unlabeled,weibo_social
我们是应该扣嗓子眼儿吗？ //:还好最近没买过 //: 周黑鸭[泪],0,unlabeled,weibo_social
回复:今晚去游泳了木有看到啊[泪][馋嘴][偷笑]不过还好明天有重播，可以看看我自己夸小米对了还有黄豆[偷笑][偷笑][酷][花心][可爱]谁看见了说说我在节目里都干啥了[偷笑]??冻,0,unlabeled,weibo_social
"回复:新年快乐啊[嘻嘻] //:你喜欢也要喝,不喜欢也要喝,管你喜欢不喜欢都要喝!!!哥,新年健康快乐!!![江南style]",1,unlabeled,weibo_social
[哈哈]看妞爸挖坑的样子，小熟儿肯定没少活尿泥。。。,1,unlabeled,weibo_social
哇！这不是为80哥量身定制的吗？传递爱心，咱们走起来！[给力] //:[嘻嘻] 深度合作，共享平台咯,1,test,weibo_social
连好基友也要离职了....[泪] [哈哈]！ 200%支持~~~,0,test,weibo_social
小乌龟[泪] //:[泪][泪][泪][泪][泪][泪][泪][泪][泪]//:小乌龟！ //: 小乌龟啊 ！//: 我有想地震第一时间抱着自己的硬盘和电脑冲下门…同人本就只能算了！//: 小乌龟！ //: 小乌龟!,0,unlabeled,weibo_social
//: 明天早上10：00，不见不散~~[爱你],1,unlabeled,weibo_social
这地方真不赖[哈哈],1,test,weibo_social
哇卡卡，这年纪混夜店不容易吧[哈哈],1,unlabeled,weibo_social
[13] 「骆驼石」的仰天长啸。之前从资料里没有了解到其尺寸，走到近前才「大呼上当」。原来，这块石头只有一人多高[衰],0,val,weibo_social
太可怕了！每天这样上下班，真能练成武林高手了！像我这种极守规矩的人估计永远也挤不上这趟车//: 如果大家不排队，增加多少运力也没用//: 回家固然重要，安全也要注意。有关部门是否增派运力？ //:买车吧 ！//: 这真的是北京吗？ //:[晕],0,unlabeled,weibo_social
[爱你]亲爱的，我也吃多了！[哈哈]今天早上护国寺小吃吃了云吞4只，螺丝转火烧一个，桂花饼半个，椰丝红豆饼半个，茶叶蛋一个，牛奶半杯。[泪],0,unlabeled,weibo_social
爸妈旅行第三站-桂林，晚上电话里爸感慨：哎呀这小城市真美，人也特别文明。我问：咋看出来滴nia？他说：昨晚我们吃饭，旁边一桌五六个男的喝一瓶啤酒?也不吱声，不象咱们那塞外推杯换盏的[汗][晕]~我妈在旁边立即鄙视道：你爸就这样，走到哪儿爱哪儿，就是不爱家乡，真烦人！[哈哈][心]真爱你们,0,unlabeled,weibo_social
走走形式而已！这就是我们的特色！ //:[围观] //:还有这种事？[怒] //---左震:这是在中国！,0,unlabeled,weibo_social
累惨了，累屁了，累的找不着北了！！[抓狂][抓狂][抓狂][抓狂][抓狂][抓狂][抓狂]以后再不做如此二B的决定。[飞机][飞机][飞机][飞机][飞机][飞机][飞机][飞机][飞机][飞机][飞机][飞机][飞机][飞机][飞机][飞机][飞机][飞机][飞机][飞机],0,test,weibo_social
明天来结罗森的饭钱！100块，2周的！//: 张江男+2 //: 张江男+1[泪],0,train,weibo_social
这话说的，真让我[衰][吃惊][闭嘴][鄙视],0,val,weibo_social
有种跟死神擦肩而过的赶脚！！[衰][衰][衰],0,unlabeled,weibo_social
回复:出现了目前为止的最低价，究竟有没有这么低呢？不要向股市看齐啊[泪] //:22,0,val,weibo_social
额，领导负责的三个版每天更新？上边给领导配了几个兵？够用吗？按照经验，一个人当俩使还行吧？[晕],0,unlabeled,weibo_social
嘶吼一声：我终于干完了！！！！[抓狂],0,unlabeled,weibo_social
喝到手机掉了[泪]//: 最后还是追加了 Domaine de Chevalier 2004[good]没有评酒师的饭局，不算完美[爱你][爱你],0,test,weibo_social
茅台泡鸡蛋[哼] 吃了生双胞胎？！这是哪个神医说的！！！！我又进行了人生新尝试。。。[泪][悲伤][委屈][伤心] 你们也试试吧！ @?小鬼,0,test,weibo_social
可惜我都成年了．[失望][失望],0,test,weibo_social
谁统计过，刘建宏解说的国猪正式比赛赢过几场?最后，还说踢成这样不容易了?[怒][怒]想骂人！MD！,0,unlabeled,weibo_social
都吃次半碗[哈哈],1,train,weibo_social
的纳西家宴，可以吃到许多独特菜肴，有的受到茶马古道的影响，比如④马帮粑粑，更多为酒店原创，①水性杨花，②鸡豆凉粉，③腊排燕麦粑粑，⑤手撕茶树菇，⑥除霾套餐，⑦农家野菜，⑧玫瑰花饼配酥油茶，⑨清火鲜花水，竟然有除霾套餐！[衰] 我在这里:,0,unlabeled,weibo_social
好吧！来了都有[偷笑] //-迪迪:怎么会没有我的呢? //:呵呵，没关系啦！等下次过来我送你啦 //-VJ格格:[泪]翻微博，看到这条微博，留下一把辛酸泪啊！呢天去菜菜家吃饭张总把这个给我了，然后吃了一夜喝了一夜，第二天走的时候落在呢里忘记带了！！！回来了发现少了样东西！！,0,test,weibo_social
刘总好激情！期待前门店盛大开业！[抱抱],1,unlabeled,weibo_social
是因为我忘记了腊八这件事了！太让人生气了！！[怒][怒]//:回?: 你不是在享受丰盛的简餐？！[哼],0,test,weibo_social
继续加演。//: 就知道你也会喜欢的！[太开心]去年身边就有很多朋友追着看＂驴得水＂，尽管对这台戏的好看程度早有耳闻，但今儿一看还是被震住了！不过，感兴趣的朋友就得有耐心了，可能又要等下一轮了，因为票又被抢没了。。顺便表明下身份，我是 的粉！[爱你],1,unlabeled,weibo_social
"尼玛,一看生产动态,今天又没啥任务,大清早就让哥赶来上班,真是委屈了我的瞌睡[抓狂]",0,val,weibo_social
真心混账逻辑[弱][弱][弱][怒],0,unlabeled,weibo_social
雷锋叔叔很生气！[抓狂]//: 现代雷锋真多！,0,train,weibo_social
随手拍小宝贝[爱你][爱你][爱你],1,test,weibo_social
[泪][怒]//: 我大管庄站怎么这么不人性化呢？ //: //: 帝都地铁？这么愚昧！//: 导盲犬不让上地铁？[疑问],0,unlabeled,weibo_social
哇，有20年了，突然发现自己好老了[泪],0,unlabeled,weibo_social
院里有蚊子怎么办?帮我解决这个问题先。。[晕][疑问][右哼哼][左哼哼][懒得理你] //:想在这里睡个午觉吗？家里有院子的童鞋可以考虑哦~,0,unlabeled,weibo_social
桑心呀[伤心]，深似太平洋的深深桑心[泪]，今天是蛇年第一骑，上次骑车是2个月前了，今天目的地四岔路，我几乎不敢相信自己的体力直线下降，最后居然掉队了[泪]，（具体原因..此处省去三百字），之前的领骑，今天的掉队，我无颜面对微骑行[衰]，谁都别拉我，我要面壁5分钟，同时请辞微骑行代言人。,0,test,weibo_social
[怒] //:ZF都不管吗？[怒?]//: 求扩散[泪],0,unlabeled,weibo_social
[泪]下午转了 一篇微博，关于水果圣诞树，结果 就在家为人家老公做了这些[委屈]这个圣诞突然变得如此温暖[心][心]图片来自 作品真实图片，太美了[泪]爱情真美好 -葵,0,unlabeled,weibo_social
让静静的邮戳，把思绪一起带去远方。――这是俺们最喜欢干的事情[可爱],1,unlabeled,weibo_social
坏人哪！//: 太缺德了！要求严惩！//: [怒]不得好死！！！！//: 妈的！！！什么事啊 [怒] 咱俩上个月转发的那条寻人....//: [怒][泪] //: +1//: 这就是来建设北京的~//: 求严打！//: 真可怕！人心叵测,0,test,weibo_social
5秒[衰]//: 5秒[衰],0,unlabeled,weibo_social
不带这么样的[抓狂]//-肖肖:你装也不是一天两天的事了，我们都习惯了[偷笑] // :你大爷的！,0,unlabeled,weibo_social
终于还是没忍住！烙了两张芝麻酱糖饼[晕]用了一大瓶芝麻酱四两红糖[晕][晕]减个屁肥！[馋嘴][嘻嘻][嘻嘻][威武],0,test,weibo_social
每次看见这种动物，都会不由自主的浑身颤抖[衰],0,train,weibo_social
福利来了！ [爱你][爱你][爱你],1,test,weibo_social
神报道//: [黑线][晕]//: 噗//: 我一口盐汽水喷死他//?Lucy:?……,0,unlabeled,weibo_social
头晕目眩~[泪],0,unlabeled,weibo_social
TMD刚出门车胎瘪了~！！[怒][怒][抓狂]我在这里: 朝阳区,0,test,weibo_social
壮观[晕] //:好看。 看看这个 //:[心],0,unlabeled,weibo_social
我闭上眼睛用心倾听，姓吴的那个“女魔头李莫愁”在唱什么呀？！[怒] 快让梁博赢吧，不然会被外国人说咱们中国人口齿不清的……虽然我也不是最喜欢梁博~,0,unlabeled,weibo_social
这个判断太武断了。 //:真的假的，赶紧让他帮我试试特伦苏[晕],0,train,weibo_social
[哈哈][哈哈][照相机][照相机],1,val,weibo_social
拍死拍死。。//-Eline艳艳：马儿..我担心鼠儿的安危[泪] [泪] [泪],0,unlabeled,weibo_social
我要过六一！！！！我还是儿童！！！[泪][泪][泪][泪][泪][泪][泪][泪][泪][泪][泪][泪][泪],0,unlabeled,weibo_social
活活，谢谢光影[哈哈]亲亲。blog.sina.com.cn/maat 有可打印路线图 //:我现在汽车站没法用电脑[衰] 你直接到 的博客吧，头几篇就有[馋嘴] 祝旅途愉快//:发给我，谢谢！[爱心传递]//: 的婺源的攻略很好[爱你]我有收藏的,0,unlabeled,weibo_social
好[给力]！定要大大地佳赏二人[嘻嘻],1,test,weibo_social
[泪] 我又磨蹭了一晚没练发型，电脑是个造孽的东西啊..,0,unlabeled,weibo_social
哪有人连续半个月每天早上拉肚子的啊！！！我什么也没吃啊！！[泪],0,val,weibo_social
//-喵子咪:[泪],0,unlabeled,weibo_social
海龙的爱疯排版不错嘛！美女设计师+美女老师！叫人怎能不爱！ //:谢谢傅大导的力捧呀 //:实力使然啊，得多关注我们的美女老师啊！//:这么多p啊[哈哈][哈哈][哈哈],1,unlabeled,weibo_social
夏季，奔腾的不只有长江、黄河，也有雨后的街子古镇~~[悲伤],0,test,weibo_social
拥有多少都不嫌多[泪],0,unlabeled,weibo_social
这小二儿，咋那么眼熟呢？[偷笑] //:[衰],0,unlabeled,weibo_social
你俩的互动太欢乐了，今天我也当了一回二师兄。 //:回复:我有说过孙。。孙。。。吗？[泪] //:二师兄，保护好师傅！,0,test,weibo_social
从高中就开始用的，号称永不关闭的雅虎邮箱即将停止服务，今天整理用雅虎邮箱注册的网站，好几十个，迁移是个大工程，有些还改不了邮箱。[怒],0,unlabeled,weibo_social
这个生意好[鼓掌] //:[哈哈] //:[哈哈] // ：[嘻嘻][哈哈][哈哈][哈哈] // : [哈哈] [哈哈] [哈哈],1,unlabeled,weibo_social
研究 给小9梳的天秤头...进行中...好难...明天继续...[嘻嘻],1,test,weibo_social
前100分钟和最后一首～～～所有的青春岁月啊，很多画面竟然都看过。。。[泪] //：经典！,0,unlabeled,weibo_social
回复:[威武] //:做为一个不具有中国特色的中国人，是允许说真话的。[鼓掌]我是党国精英，我骄傲！[鼓掌] //:回复:在咱们天朝，国人不是很难，是根本不可能享受这种待遇！[怒] //:[偷笑]国人怕是很难得享受那种待遇阿。,0,test,weibo_social
Android手机内的计算器1.7减去1.6原来不等于0.1[衰],0,unlabeled,weibo_social
【十大“毒小吃” 】1、麻辣烫：地沟油 双氧水 。2、煎饼果子：地沟油柠檬黄色素。3、臭豆腐：硫酸亚铁 明矾。4、烤红薯：化工桶黑斑病菌。5、毛鸡蛋：寄生虫 。6、海鲜排挡：寄生虫水银甲醛。7、炸鸡翅：臭鸡翅。8、烤串：死肉“红粉”亚硝酸盐。9、油条：铝超标 地沟油。10、包子：死猪。[吐][怒],0,unlabeled,weibo_social
我们是乖小孩，如果老师你课堂必须要去，我们只好从了。[泪]要用你的专车送我们三个尖子生去啊。//: 爱看草泥马的屁孩们！[偷笑][偷笑]-yue,0,train,weibo_social
新浪山东旅游达人分享会九如山景区，美丽的小木屋，可爱的小新小浪，分享达人和旅游达人们汇聚在这里，开始我们第一期的达人分享会。[鼓掌][鼓掌] 我在:,1,unlabeled,weibo_social
【高速交通广播 一路相逢】好快啊，马上就有一位司机朋友找到了小冯，领走了今天的第一份礼物，高速广播冬日暖意啊。快来吧，还有礼物等着你呢。广渠路二期啊，你也来走走新路段吧[可爱],1,unlabeled,weibo_social
"[思考]越来越有意思//: 回复:[泪] //:微博时代投资股票很有意思, 你可以看到做空者如何摇旗呐喊,不为客观事实,只为某种利益.. //:[哈哈] 黄生信口开河！晓波兄怒了！如果900说了全收！",0,unlabeled,weibo_social
求同打 好久没篮下强打了 //:回复-Spade: 看我口型 s ong 怂！周末阿 我叫上两位nb级人物： 大官人一起去，绝对虐死他们！ //-Spade:回复:[泪]昨天玩 基本上被大学生们海虐…… //:你这话听起来好ji情 [偷笑],0,unlabeled,weibo_social
反正截图了 删了也没用[鼓掌]//:回复:被你抓到了[偷笑]//:没有[泪]//:她去了吗？//: 来呀来呀[可爱][可爱],1,train,weibo_social
上海也很厉害，过年20+℃是跟海南拼了；年后下雪冻懵是跟北京拼了！[哈哈]//: 初雪就这么大，让上海情何以堪啊[泪] //:能不忆江南？ 江南忆，最忆是杭州。[心],0,train,weibo_social
回复:感谢支持！偷偷剧透，4月刊有不输3月刊的好内容，好想快点让大家看到。[可爱] // :回复:很好看，买了，期待下一期,1,test,weibo_social
到温州发现北京天气变好了，这里反而污染了[泪][泪],0,unlabeled,weibo_social
"逸景中国中国最美十大森林,你能一眼认出是哪吗?[哈哈]",1,unlabeled,weibo_social
感冒，昏睡，醒，觅食...[晕] 我在:,0,unlabeled,weibo_social
[衰]//:“餐饮知名企业的国际化。”……这得吃了多少江石滚肥牛才喷薄而出如此赞誉啊。,0,unlabeled,weibo_social
[害羞]公主好感动[爱你][亲亲] //:生日那个快乐！公主永远最美！[蛋糕]// : 谢谢亲爱的，不晚不晚[爱你][爱你] // :呀！生日快乐啊大美妞，虽然好像有点晚了[委屈] // :哎呀！老同你这照片拍的太有水平了！亲爱的们，我真的好爱你们，这几天生日过的太开心了！,1,test,weibo_social
繁忙而多事的八月。保姆要走人，中间到处找中介看新保姆，小侄女放暑假从老家来京玩，中间还发烧一次，本周要看完四十多万字的绿皮书，中间还召集开了一次选题会并整理填报各种ERP，下周妈妈还要回家……几乎每天耗到油尽灯枯。[晕],0,val,weibo_social
野菜没农药，建议大家吃野菜吧！[嘻嘻][嘻嘻][嘻嘻] //:回复: //:素菜也有农药啊 //:更多的人看到这些开始吃素了 //:吃素吃素。 //: 回复:勤能补拙，我喜欢这种精神,1,val,weibo_social
[good]//://: @-YINI 可惜晒伤了[泪] 提前园了你的草原梦 [cai开心] 谢谢哥哥姐姐的照顾[嘻嘻] [太开心],0,unlabeled,weibo_social
[哈哈] 来自话题油价下调,1,unlabeled,weibo_social
最近定制印刷还慢啊，为什么我还没有拿到~~~[泪],0,test,weibo_social
世界观能帮你减少沟通成本，除非你是荷尔蒙沟通过剩～[晕],0,unlabeled,weibo_social
必须可以！严重欢迎！[鼓掌]这是咱们幻迷的盛会啊，须叔还想问问各位科幻大腕今次星云奖的趣事哈~~ //: 想组队去呢，可以团体报名吗……//: [鼓掌],1,unlabeled,weibo_social
怎??光明媚的?是那?冷[泪],0,unlabeled,weibo_social
大家想要什么涅[可爱],1,test,weibo_social
巧厨导航石锅拌饭，你爱吃不？还不快自己动手学起来~~[心]ps：我想说的是…我备好所有料后，发现没有那锅[抓狂][抓狂][泪],0,unlabeled,weibo_social
[哈哈]正解！正解！[嘻嘻]牛腩君说话算数，快快挑一个最想呲的私信给牛腩君吧！//:挪威薄雾三文鱼 青青子矜 巧克力熔岩火锅。。。。好久没去啦[泪],0,unlabeled,weibo_social
[鼓掌]虽然挺酸的吧，但却是今天看到的最美好的微博。[月亮],1,train,weibo_social
先收藏，晚上欣赏 //:我滴个妈丫[抓狂][抓狂][抓狂]白天凑合看图估计都影响食欲[吐][吐][吐],0,train,weibo_social
英国《每日邮报》发文，对中国令人捧腹的山寨品牌进行了盘点[吃惊]李逵李鬼，傻傻分不清楚！[伤心]山寨无底线：星巴克变星发克（FUCKS）、汰渍变太质……老大爷头戴PIMP最无辜了――本想晒彪马，突变皮条客！[抓狂]――据说乔丹体育都上市了、被乔丹告了，国人才知道它是山寨的……谁没中过招？,0,unlabeled,weibo_social
河神挺萌的！[嘻嘻],1,test,weibo_social
[蜡烛][蜡烛][蜡烛]//:[蜡烛][泪] //:[蜡烛]//:[蜡烛],0,train,weibo_social
没了！！！怎么能没了！！我还想去逛逛呢！这么下去还能留下点儿什么！//: [泪],0,unlabeled,weibo_social
先下定决心一个人也走，然后再约伴。约不上也走。另，照片不错。[亲亲],1,unlabeled,weibo_social
国家的悲哀//:文化大国文化强国，书店愈来愈少，肯定是不对的。//: [泪]//: 遗憾啊。民营书店的衰样。难道就不能跟法国学学文化补贴吗？,0,unlabeled,weibo_social
[衰]我特么就知道，好声音之后准得跟着一个口味重的。。,0,unlabeled,weibo_social
英国的“工农兵”运动会开幕式，还蛮好玩的！[偷笑][鼓掌][good] //: 北京跟世界说：“我很牛”，英国在跟世界说：“我曾经也很牛”。,1,unlabeled,weibo_social
[握手]感谢雯子，还有好多亲爱的朋友们，一路上有你们温暖相伴[心] //:很美的工艺，很美的设计，很美的片子[爱你][爱你][爱你][爱你][爱你][爱你],1,unlabeled,weibo_social
求证//:据当事人说是在救人呢// ：他是认真的// ? ：[哈哈]。。。当我傻子啊[打哈气]// :不管你信不信，我反正信了！ // :这真是一个奇迹。。,1,test,weibo_social
[怒] 当然会啦,0,unlabeled,weibo_social
！！！为嘛是这周[泪][泪][泪][泪][泪][泪][泪][泪] //:就在本周啦~~那个一直在我婶婶的脑海里的曲婉婷，我来啦~~[偷笑] [偷笑] [偷笑],0,unlabeled,weibo_social
?重?啦！???送？[酷] //:看到这条微薄我才知道为什么你们有人觉得我是在炒作，然后就有人骂我是假冒的经纪人，我就为了名誉而战，接着被质疑是炒作。我想说的是：我不是艺人，炒作了也赚不到钱，我是无辜的，我好委屈，我的精神已经崩溃[泪]，乌鸦也不一定全是黑的啊！请相信我！,0,unlabeled,weibo_social
全中了。。。[泪]，我都不敢直视自己了。。。你们呢？,0,test,weibo_social
这也不适宜公开？新浪你是要加密我多少微博啊[泪],0,unlabeled,weibo_social
来都太餐厅就餐的美女好漂亮啊！[花心] 亲吃的满意吗？[嘻嘻]常来哦~,1,val,weibo_social
张雨生，天妒英才…//:[蜡烛]我期待，有一天＂你＂会回来[泪][蜡烛],0,test,weibo_social
飞机晚点，六点过到店，有食客受不了！[偷笑]今晚100多只被入肚，谁有份？快举手???[哈哈] //:各位食货：海胆已在空中游?，逐渐接近深圳，晚餐已无问题???快快快,1,unlabeled,weibo_social
帝都??看花，?有一番滋味在心?。[鼓掌]//: 春节假期，可以家人团聚，或是南国看海，亦或是帝都看雾，都是勇敢的爱的表现[嘻嘻],1,unlabeled,weibo_social
这段视频看得非常难受。这个阿姨以后应该终身不得做保姆接触孩子！[怒] //:岂有此理！,0,unlabeled,weibo_social
翻翻手机，发现自己很喜欢纪录动物。儿时的记忆里 邻居哥哥捉来的一只小麻雀都会令我爱不释手，给它水喝喂它米吃，可一转眼院里的花猫叼走 我那个伤心啊[泪]???导致日后见到那只臭猫我就噘嘴[哼]『看 那天我们上天山时遇见如此温馨的画面 嘘！快停车，表惊动它们，让小牛牛喝饱些[馋嘴][照相机]』,0,unlabeled,weibo_social
审美真是。。。感觉像撒上了厚厚的鸟屎[衰],0,unlabeled,weibo_social
欢迎更多的人加入嫣然这个公益平台[呵呵]//:[鼓掌][鼓掌]小朋友们已经看上儿童节目啦！感谢总裁 ；数字家庭事业部总经理 [good],1,unlabeled,weibo_social
回复:呵呵，也没有，确实挺感动 //:回复:[哈哈]被冯小刚了,1,unlabeled,weibo_social
兄弟，张攀你看看场口，终于不开场啦[哈哈][哈哈][哈哈][哈哈]//:[围观][围观][围观][偷笑],1,unlabeled,weibo_social
最近广告怎么那么多，好烦人啊！！！再发我，你去shi！[怒骂],0,unlabeled,weibo_social
怎?GF3的?子蠢?了？我?它完全?有好感啊[抓狂] 是?色的???？,0,unlabeled,weibo_social
//--甲骨文://: 北京城怎么这么脆弱//: 能直接漏到地球的另一边吗？[泪] //:这一次直接漏到家门口了！//: 今天这雨下一天了，估计明天又得有地方被泡塌//: 这地方天桥是跨长安街去长安商场的地方，客流很大！有孩子的一定要看好！,0,unlabeled,weibo_social
我离开，你叫了两次，那叫声，就像有病的孩子哭着不让父母离去，别舍弃他。你真的有生命，我们真的有感情。独自躺在床上，外面下着大雨，你还好吗？放心吧，无论如何，我不会扔下你，会让你一辈子跟着我！???[泪][泪][泪] 我在:,0,test,weibo_social
体验瑜珈[哈哈] 我在:,1,test,weibo_social
去完医院去交通事故组[衰] 哎！警察蜀黍不让我舒坦！,0,unlabeled,weibo_social
[晕]现在所有关于到底谁是谁在谁那儿的卧底 的说法都是猜滴吧[抓狂][围观],0,unlabeled,weibo_social
回复:[哈哈][哈哈][哈哈] //:太好了，还好不是雅驰特。。。,1,train,weibo_social
哈哈，找个不拼爹的项目？//: 给儿子到学校的篮球队报过名，结果教练说我们是半专业的，未来要代表学校去参加比赛。我们一般只接受爸爸身高在1米8以上的小朋友报名，于是我儿子被鄙视了。上学校要拼爹，连参加篮球队也要拼爹。当爸爸压力好大[泪],0,unlabeled,weibo_social
我要幸福[抓狂],0,train,weibo_social
"赶紧[哈哈][哈哈]//:期待期待[爱你][爱你] //: 期待[抓狂] //: 我也期待[嘻嘻] //: 回复-HQQ:不是8点么，就看那莫愁师抬在那耍讨厌，等着看正常节目[汗]//-HQQ:等,我早早就坐电视机前了.不知道到长沙队的时候,播放的爱的分贝宣传片",0,unlabeled,weibo_social
求谷歌不崩溃的方法[泪],0,test,weibo_social
[鼓掌][鼓掌][鼓掌] //:-Emma 你去不去？带不带我？,1,unlabeled,weibo_social
喜欢[鼓掌]祝福[爱你],1,unlabeled,weibo_social
"deserve it! //:意外又不意外的大?家 ～//: 本周The 5 Spots跟随 让Lady Antebellum告诉你现实生活中的田纳西人是什么样的。The 5 Spots,周一至周五每天13：20及20：20[可爱]",1,unlabeled,weibo_social
[偷笑]//: [哈哈][哈哈],1,unlabeled,weibo_social
加班完已经这个点了，肚子开始不争气的叫了！身体也随便跟著感觉走了！这是一种怎样的日子啊！[抓狂] 快约上同事在逸品锅一起享受海鲜火锅来弥补一下吧！[太开心] 全面降价后的菜单让你爽一把的同时，钱包不减肥哦！[嘻嘻] 顶级港式海鲜火锅，不再遥不可及,0,unlabeled,weibo_social
回复:一个人忙，都能理解 但2个小时不打照面，就有点过分了。我带着我老板在大堂聊了等了她2个小时，这已经不是专业不专业的问题了，就是人品性的问题！实习女孩子叫susan很有礼貌 很棒的，聊的很开心 //:你们还有助理去见，我现在就一个人怎么办[泪]。有时候约的媒体来了，,0,unlabeled,weibo_social
虽没那么专业，但深有同感。很多人经常问的一句话就是：你英语专业的连这个都不会？中国才出了几个翻译大家啊！！！[怒],0,test,weibo_social
我怀念你，我善待你[嘻嘻][嘻嘻][嘻嘻]//:,1,unlabeled,weibo_social
真挺恐怖的//:[衰] 还有哪几位，一时想不出来，中午不午睡，脑瓜子不好使，就不一一@ 了。。大家自己注意吧。。,0,test,weibo_social
我也干过这事，一早兴冲冲的打开音乐一路狂奔，忽然....一脸苦逼相了！//：我也干过这事，并线的时候突然看到[衰]的脸。,0,unlabeled,weibo_social
你这个疯狂的发烧友，最后一句还在挑起口角争夺啊，还嫌不够乱[馋嘴][哈哈],1,unlabeled,weibo_social
风之队，今天聊的很热烈，内部交流了工作要点，达成了不少合作意向[赞] //:正好一支足球队！女生就是拉拉队啦！[哈哈],1,unlabeled,weibo_social
海口的特色生态演出…印象海南岛…想看么？[嘻嘻],1,test,weibo_social
"须叔翻书 《姥爷》: 只为今生, 我们更好地相见……[心]隽永的文字、密切的情感, 让人忍不住要流泪。看了书今晚再复习她为纪念姥爷执导的《我们天上见》~[鼓掌] 我在雨枫书馆(清华馆)",1,unlabeled,weibo_social
回复:你所拖非人啊！ 姐姐才是真正的始作俑者啊[嘻嘻][嘻嘻][嘻嘻][嘻嘻][嘻嘻] //: 姐姐，你怎么不管管她？[泪],0,unlabeled,weibo_social
哭着转//: [泪],0,unlabeled,weibo_social
这个钟点，当你最可信任的人忘了接你，亲人们在家守着电脑电视没人理你，你的猫？肯定已经睡死过去时，饥饿难耐间，惊喜滴发现，公司楼下那盏灯还亮着，为你！你迅猛扑上去大声说，老板，煎饼来一个，俩鸡蛋，不要葱！ [晕],0,test,weibo_social
今天是重阳，吃蟹才开始。。。 //:蟹就鲜这几天了，抓紧时间[哈哈] //: 老柯，我什么时候能吃到你家的鲜螃蟹？[哈哈],1,unlabeled,weibo_social
好得很，支持实名举报！//?: [围观]实名举报一定转。//: [围观]//: //://://:农行副行长刚刚被抓，这条鱼还没那么大[怒骂],0,test,weibo_social
[蜡烛][蜡烛][蜡烛]//:若晴初定于21号本周六在青岛胶南殡仪馆举行仪式，永别了若晴！[伤心][伤心][伤心][蜡烛][蜡烛][蜡烛],0,unlabeled,weibo_social
[衰]笨,0,unlabeled,weibo_social
[泪][给力] //:。 // :[good] // ：[爱心传递],0,val,weibo_social
回复:呵真忙呀 //:早，兄弟！ //:[鼓掌]，同祝,1,unlabeled,weibo_social
告诉你 干不完 晚上不准吃饭 起来 ?偷懒[威武][酷][哈哈],1,test,weibo_social
再TNND得瑟，让北京封杀你丫的[怒],0,val,weibo_social
//: //:我的字真对不起这些年买的钢笔[泪][泪],0,unlabeled,weibo_social
希腊这个7号，一直以屠夫形象示人，我甚不喜欢，但他进球了；如同葡萄牙队的那个7号，一直以懦夫形象示人，我亦甚不喜欢，却也是进了关键球。看来，我不喜欢的，往往是重要人物[衰],0,unlabeled,weibo_social
今天上海空气重度污染，于是出动了数万人的人力吸尘器，对市中心进行清洗[衰],0,unlabeled,weibo_social
哎哟喂！闪着我的狗眼了！！桃你这算闪婚吗！说好的我先结的，不带这样的[泪][泪][泪],0,test,weibo_social
职业女性真不好当阿！一天高跟鞋就是两个水泡！[泪][委屈][泪],0,train,weibo_social
[馋嘴]我吃货，我开心[嘻嘻][嘻嘻][嘻嘻],1,unlabeled,weibo_social
创意啊天赋啊 无敌了//: 厉害[哈哈],1,unlabeled,weibo_social
专门购买了日本产的环保食品级袋子，有牛皮纸袋专门用来封装面粉，另外还有对应封装巧克力和可可粉一类的，以后可以直接到店购买分装类产品咯！[嘻嘻][嘻嘻][嘻嘻],1,test,weibo_social
小城故事真不错，请你的朋友一起来！[来]//: /充满喜和乐！[哈哈]/:小城故事多！ //:有机会一定要去去。//: 一定要保护好,1,unlabeled,weibo_social
醉归[泪][泪][泪]//:夜越深，越想对某个人，说：我想你了，晚安~,0,unlabeled,weibo_social
给老爸老妈卖了个满意漂亮的的电动三轮，[可爱]当老妈坐在上边向孩子一样开心的笑了我真的好开心好感动[泪][泪][泪],1,unlabeled,weibo_social
这家人家太下作了//: 原来不是溅起来的，就是直接倒在孩子的头上，身上和我妈妈的身上！是剩饭，菜，肉，油汤的混合物！太恶心了！[怒][怒][怒][鄙视][鄙视],0,unlabeled,weibo_social
回乡下过年，这泥泞的小路。。。[泪][泪][泪],0,unlabeled,weibo_social
四岁女童疑因不听话遭继父暴打，打到吐血、求饶[怒] 这都什么东西！ //:最近关于后妈虐待继子女致死的新闻不断！为了孩子，亲生父母们用心经营婚姻，慎重对待结婚和离婚！ //:后妈。。。。电视剧都是有题材改编的！[群体围观],0,val,weibo_social
我：出来看春晚。他：不好看。我：大过年的不一起看春晚还能干啥，我爸爸21点就睡，你看到21点再进屋呗。他：好。。骗子，现在就22点多了。我：[哈哈][哈哈],1,test,weibo_social
通过总公司找来的维修把冰箱拉走了，留一个小旧冰箱暂用。事实证明前边真是受骗了，那小伙子在整流器背后假装充冷冻液，如果我稍微再好奇一点儿就能看到其实那里是空的，根本不是充液的地方。真正充液的地方完全没动。就这么明骗了我300块！[衰]朋友提醒我不要用百度找维修，那里排名可以拿钱做的。,0,test,weibo_social
我在2301会所，你要来吗？[爱你],1,unlabeled,weibo_social
回复:这就叫走心，折服 //:我看过很可爱 //:[亲亲][亲亲][亲亲],1,unlabeled,weibo_social
[鼓掌]//: 慢慢挑选，是个严谨的事情！,1,train,weibo_social
祸从口出！[悲伤][悲伤][悲伤][悲伤]牢记！//:管住嘴巴的意义！！！,0,unlabeled,weibo_social
[怒]//-mac: 切，胡扯//: 这个必须转了，哈哈//: 说的没错[偷笑] //: 哈~北京女孩真的挺好的[害羞] //:是那么个理儿。贼准,0,test,weibo_social
[泪]问题很严重 //:我也挂过，但那时我挂出来的显然没你这么可怕。我肩膀两处颜色明显些，其他地方类似抓痕。看来你问题不小啊！,0,unlabeled,weibo_social
恭喜彩姐！不是山本那?，是上?啦 [哈哈],1,test,weibo_social
哈哈，说的好！我就没有尊重。[衰][抓狂][抓狂],0,unlabeled,weibo_social
关掉灯才发现对面楼黑兮兮。竟然。竟然。没有一家亮灯的。[衰]诡异。,0,unlabeled,weibo_social
我到（小）布达拉宫啦，游客灰常多，木有喇嘛，木有信仰[抓狂],0,val,weibo_social
空瓶记1，契尔氏椰香氨基酸洗发水，有空气感蓬松的发质。2，思妍丽美白洁面泡沫，便宜大管，不紧绷，美白效果靠洗脸肯定没用；3、娇韵诗身体油，是不是孕妇都可用，排水舒缓，家中常备；4、fresh玫瑰面膜，花瓣在脸上融化是噱头，其实就是罐补水面膜；5，园丁手霜和维E乳，便宜好用可以有[哈哈],1,unlabeled,weibo_social
这里的交通真是伤不起，8：00堵到10：00还堵[泪][泪][泪],0,test,weibo_social
作家酒吧的环境绝对和国外没差啊[嘻嘻][嘻嘻] //:在欧洲这种环境的餐厅要是还有这种价格就好了[泪]//: 这个可以有~[太开心]//:唱歌这个是假消息。。[泪][泪][泪],0,unlabeled,weibo_social
一直因你振奋感动，感觉到你也有郁闷和不会表达的时候，那就不说，用实力证明一切。做自己。爱因为在心中，平凡而不平庸[泪] //:希望你?有感?！,0,unlabeled,weibo_social
//:天啊！！！！被咬成这样！！！！[伤心][泪]愿小宝宝早日康复～！[爱心传递]//:,0,unlabeled,weibo_social
回复 :你大爷的，给你打五折[酷] //:时间有，没钱[泪] //:什么时候来捧场[酷] //: //: 回复 ?儿:这个看来要求助大家了！ //?儿:能治疗早泄么? //:捧着...扩散...我最近胸闷，能治愈吗？[悲伤],0,val,weibo_social
很棒！[爱你],1,unlabeled,weibo_social
图片太小[晕]，点这链接,0,train,weibo_social
下周六晚话题评委包小柏食言重回芒果！包氏三兄弟同台！劈腿功、顶火术、话筒舞……更颠覆形象现场变身三姐妹 ？神马让全场口水直流、笑不停口，身份竟是汪涵师傅[思考] ？神马达人竟让 竭力推荐、赞不绝口[鼓掌] ？又是神马让快乐家族感动落泪，一见欲哭[泪] ？,0,unlabeled,weibo_social
罪过[怒] //:造孽[蜡烛] //?KevinH:人作孽，不可活！//:阿鼻地狱来收拾这帮杂碎吧！还世间太平！,0,test,weibo_social
//:这真的是碉堡了！比某些地方一万一平米的房子都好啊[泪],0,unlabeled,weibo_social
美啊[晕]醉了,0,train,weibo_social
he found home [哈哈],1,test,weibo_social
正能量。。//: //:满满的正能量 //:业界良心啊！//: 业界良心 //://:[泪]感动到哭，下次数据丢了找黑客们吧[鼓掌][鼓掌] //:感动到哭,0,unlabeled,weibo_social
[思考]//:[衰],0,unlabeled,weibo_social
??? //:妈的，一帮吃屎的警察 //@ ??:fuck[怒] //-999:我曾经这么被抢了心爱的包包被装上假的里程表和发票机继续跑出租，一般人很难识别，这些车基本都是套牌，司机主要来自北京周边，他们在出事故后会直接弃车,0,test,weibo_social
你们严谨型都是CEO 人选啊，我这沟通型拼死拼活也是个客户经理啊[晕] 盼被收哈[花心][鼓掌],0,unlabeled,weibo_social
出差了几天，一直担心大伞发光了，so回来第一时间就冲到了店里取了期待好几天的大伞，真的是好大，罩三个我都够了，谢谢蚂蚁哥，补充一句：终于见到了蚂蚁哥，发色好帅！[嘻嘻],1,val,weibo_social
伟大的母爱 //:伟大的母亲[泪][泪][蜡烛][蜡烛],0,unlabeled,weibo_social
人民日报需要你//: //:发展他做小记者//: [哈哈]//: 牛，孩子真能扯[哈哈],1,unlabeled,weibo_social
我也有如此的一柜子鞋！可算来算去每天只能穿一双出门！[泪][泪][泪],0,unlabeled,weibo_social
大家还记得这张照片吗？怎么看怎么顺眼，现在的我怎么这么挫啊？！[抓狂],0,unlabeled,weibo_social
宰了她喂狗！//:混帐至极！这绝对是特么故意杀人！！！[怒][怒][怒],0,unlabeled,weibo_social
问题是，航线不是要提前审批吗？叫个混沌这么快，那审批了吗？我记得低空没有放开飞行啊//: //-冰翼-_:底线在那里？[怒] //:黄福水，浪打浪，有这首歌不？ //:哥，你们村出大事了，你策划的吧？[哈哈],0,unlabeled,weibo_social
累 什么都别让我思考[失望],0,unlabeled,weibo_social
[哈哈]别计算，一切都是浮云[浮云] //:恩。。缘份天注定。。。 // : // :归根结底:云计算！,1,unlabeled,weibo_social
"自嘲,我的节气哪去了[泪]//:这句话争议很大的，只是个人觉得还是过于偏激了一点，也有说这是日本人之言，我没有深入了解过，但我觉得这句话，太过妄自菲薄，虽然传统文化尚待复兴，那种精神骨气也要培养，这不是我们该做的吗？这句话岂不是在嘲讽自己了。 //:崖山之后无中国",0,test,weibo_social
是呀哥很给力哦//: 戴桑，有人求关注了。 :关注我吧 // :哥要厚道哦 // :不错了，上次有一个哥们被我推荐后还少了3个。。 // :只多了一个粉丝[泪],0,unlabeled,weibo_social
和我们的女儿谈话可爱的常医生今天我终于逮着她拍照了[可爱] 甜心儿，是她把你健健康康接到这世界来的哦? （by： ）,1,val,weibo_social
微博编辑绝对是收了百度钱了，居然如此处心积虑地给百度全系产品做推广，网易难道没有反腐部门？[嘻嘻]//:网易自作聪明的公关啊，感谢你提醒我百度新闻还有个客户端//-康楠: //://-Allen: //: [哈哈][哈哈][哈哈][哈哈][哈哈][哈哈],1,unlabeled,weibo_social
司机把我们拉倒乌尔禾的宝石滩，满地是宝，随便捡[太开心],1,unlabeled,weibo_social
睡得好差[抓狂],0,test,weibo_social
[泪] //:今ですね?[感冒]お?にマスクを付けたら若い?えるんです。[偷笑] //:え？今は？[可怜]// 现在呢？[可怜] //:そうですよ?若い?はイケメンだったと思いますけど[哈哈] //:回复:是吧!// でしょ？ //:很年轻的样子[威武],1,unlabeled,weibo_social
在这拍戏晚上就黑了[泪],0,test,weibo_social
4个月2次了～我垫底呢～[泪] //:房贷刚刚一年，经历过6次“旭日升”的杯具人飘过... [泪] //:。,0,val,weibo_social
近期怎么了，半夜一点，困的头疼睡不着，[悲伤][悲伤]早上五点多准醒，头又开始发晕！[抓狂][抓狂][抓狂][抓狂][抓狂]半睡半醒中，九点了[愤怒][愤怒][愤怒][愤怒][愤怒] 我在:,0,unlabeled,weibo_social
听了一宿【喵了个咪VS羞羞】“呜呜…啊啊…”的喵叫……早上头好痛[晕] //: 希望晚上回家进门的时候没有惨剧发生。。。,0,val,weibo_social
女人好厉害！//：[哈哈] 好主意！,1,test,weibo_social
哈哈，在爆个料，包养郭小姐的是我家乡同一村子的邻居!姓王!//:[哈哈][泪][衰],0,unlabeled,weibo_social
真诚的哭一把，也不错//:【加多宝 广告】哭得稀里哗啦[泪]//:广告很给力！,0,train,weibo_social
太原武宿机场 一共24个登机口，给姐登机牌打印58，次奥，你妹是因为航班木有信息，没信息你换登机牌毛用啊 你一天两次伤害我，有意思吗？[泪][泪][泪][泪][泪][泪]我在武宿机场你开心啦,0,val,weibo_social
这烤人的天呀[抓狂],0,test,weibo_social
[泪]哎呀妈呀！[浮云],0,train,weibo_social
奶鞋logo？只要别像＂＂去死＂logo那么无能就好 //-抗议抵制玉林: 靠 //:-ing //:没见过[晕] //:可是……这六家……我们也……都……不认识啊！[衰],0,val,weibo_social
[生病][衰][怒]人家过节是夫妻双双把家还，我们是夫妻双双发烧吞药丸……要不要这么和谐啊！你烫我一下我烫你一下好玩吗……,0,unlabeled,weibo_social
上海就是一座堵城！[泪],0,unlabeled,weibo_social
//: [心] //:[泪] //:伟大的母爱！[心][泪],0,unlabeled,weibo_social
撒哈拉沙漠上的单峰驼，它叫吉米，十岁了，骑了这个高大的货之后大腿疼了好几天[泪],0,test,weibo_social
[哈哈]//: 世界上最疯狂刺激的过山车,1,unlabeled,weibo_social
【独享安静】我说要喝蜂蜜柚子茶，非给我推荐咖啡，我说这拉花做的不好看，又突发奇想在上面加一巧克力小人儿，这造型[晕][偷笑]不过，一天忙碌过后，咖啡陪伴，独享这安静夜晚。。真好。。[心]欣生活,0,unlabeled,weibo_social
首先加入共产党 //:好难[泪][泪] //:先入党，后当官。你就是人民。哈哈哈。,0,train,weibo_social
今日用心良苦的和同事们沟通交流，不知道他们领会几多？真心的愿望他们新的一年快快成长！[鼓掌],1,unlabeled,weibo_social
我无语了！怎么过了一年大家都变坏了！世道变了[泪][衰],0,test,weibo_social
吃货们无不啧啧称奇，好不喜欢！PS:写错一个字！[哈哈]-波琪 -心在路上 -强子,1,unlabeled,weibo_social
我家[泪][泪],0,test,weibo_social
[怒] //:[怒] //?:[怒]//: [怒] //:[怒] //:,0,unlabeled,weibo_social
太赞了！每个城市最吸引人的就是这些集市了，有集市控的驴友们请举手[鼓掌]//:[呵呵]有幸来了新疆两次，这两个巴扎都给我留下了太多美好的印象！想减肥，在新疆咱就别指望了[抓狂][泪] //:喀什大巴扎比二道桥的大巴扎还有名，你见到真正的大巴扎了，恨自己的胃小吧。,0,test,weibo_social
讨厌你！！！发我最害怕的东西[衰],0,unlabeled,weibo_social
这周一直在干活，周末也要加班，整死我算了[抓狂][抓狂]..,0,unlabeled,weibo_social
冷血//??妖: 我就操的嘞[怒],0,unlabeled,weibo_social
想起一个问题：我怎么觉着微博上赚吆喝的越来越多？想来为的就是那一声声“干货”，听着爽！就像乌鸦被狐狸夸得一展歌喉...干货没了，只剩破嗓烂喉[泪] //: 想起一句话：会赚钱的都偷偷赚着呢，不赚钱的赚吆喝！绝对干货！,0,unlabeled,weibo_social
这才是我亲嫂子[嘻嘻],1,test,weibo_social
从美国和中国最近不断发生的互联网企业进入不同行业的投资和收购事件来看 原先的工业经济企业在这些方面将逐步沦为配角[泪] 但互联网企业对未来的影响将越来越成为主流[威武] 一个新的时代已经到来 还不赶紧抓住这次大潮 [疑问],0,test,weibo_social
我在演播室的?限得色[嘻嘻],1,train,weibo_social
?丝们看了，都[泪]//: 非常给力的图谱[good],0,unlabeled,weibo_social
回复:[委屈][委屈][委屈]想去惠州求带吃带喝 你们有木有意向呢？ //:[嘻嘻][爱你],1,unlabeled,weibo_social
我这个人就这么厚道！[嘻嘻][偷笑],1,unlabeled,weibo_social
也太低了吧.[嘻嘻],1,test,weibo_social
我以为是你呢//: 会是谁呢？[晕][晕][晕],0,test,weibo_social
"上海雅居乐万豪酒店烟雨蒙胧，茶烟枭枭，细品陈年，醇香厚重，绵柔中带着悠然的奶油味，都市人熟习而欢喜的滋味...[爱你]大红袍五年陈挡不住的诱惑！ 上海红骏茶业TEA, 我点评了",1,val,weibo_social
太可爱啦！亲亲！还带了小铃铛！[哈哈],1,unlabeled,weibo_social
我要再去福丹[抓狂],0,train,weibo_social
谁能告诉我，191亿元，在银行一天利息多少？[晕],0,val,weibo_social
眼睛好漂亮！ //:有没有哪个好心人可以给宝贝一个温暖的家啊？ // : 百度猫 [抱抱] // -domisol ：这只是公猫。。。度娘魅力很大嗯。。,1,test,weibo_social
秋游雾灵山据说还有一半路程[晕],0,unlabeled,weibo_social
丁黛儿[哈哈] //: 你的片子口味还蛮重的，请问你拍的是什么片子，逆袭立志嘛 //:女主角，我定了！ //: 哥哥您不觉得这姑娘美暴嘛 //:这大娘们儿，有人管没人管啊[泪],0,unlabeled,weibo_social
回复:[下雨] //:回复?: 我已经很热咯，，[伤心],0,unlabeled,weibo_social
谢谢！谢谢。。您时刻惦记着我。出去吃顿饭每个菜都。我吃过午饭了，也无兴趣看美食，求您了。放过我，甭理我了。受不了了。[泪],0,test,weibo_social
曾总瞬间找到了暴发户的感觉[嘻嘻],1,unlabeled,weibo_social
好血腥！！[抓狂],0,unlabeled,weibo_social
请！~~[爱你] //：打错字了，想说全是请我吃烤鱼…重新… 都请我吃烤鱼吧… -小刚炮儿,1,test,weibo_social
日头也不是一般的毒啊[泪] //:那天的草地不是一般的烫啊！,0,unlabeled,weibo_social
//：//：//@--小玉--HZ：[晕],0,train,weibo_social
又一个IT男和女文艺青年的杯具[晕]//:把姑娘给捅了。。。拿刀 //:,0,unlabeled,weibo_social
回复:上一场国安6:0大胜广州富力，这是实况足球的比分，俺咋能不失准[抓狂]不过，国安和泰达看似冤家对头，其实是好基友。你懂滴。。。在泰达还没上岸的情况下，这场国安非平即负 //:评委最近几场有点失准呀[偷笑] //:0,0,unlabeled,weibo_social
回复:[威武][嘻嘻] //:一阳指[嘻嘻],1,unlabeled,weibo_social
占山为王[哈哈] //:回复-蜗牛:恩恩，话说，有一天，一个叫诗然的MM，登上神堂峪，于是乎。。。 //-蜗牛:拼在一起就是一个故事。。精彩。。。,1,unlabeled,weibo_social
[抓狂] //:汉语果然博大精深！,0,unlabeled,weibo_social
[爱你][爱你][爱你][爱你]//?胎?骨:我想要[抓狂][抓狂][抓狂],0,test,weibo_social
就这了！//-_-: 粗动[嘻嘻] //:-_- 咱们团一次呗,1,unlabeled,weibo_social
回复:[抓狂]同感,0,test,weibo_social
怕只怕，岁月流走了，痕迹没有留。呵呵呵。[泪]//:成熟的代价是岁月留痕。,0,unlabeled,weibo_social
[哈哈][哈哈][哈哈] //:人确实有病,1,test,weibo_social
今晚先听「幸福有多远」，下次专场再唱LRS啦~[可爱],1,test,weibo_social
请渊博核实信息好吗？造谣死全家！艹！ //:[泪][蜡烛]//:[泪][蜡烛]逝者安息 //:[蜡烛] //:[蜡烛]//:[泪][蜡烛] //:天啊[蜡烛][蜡烛]//:OMG..R.I.P[蜡烛]//: [蜡烛]//:[蜡烛] //,0,unlabeled,weibo_social
主唱长得很像 [嘻嘻][哈哈],1,unlabeled,weibo_social
[蜡烛]//: [弱]长叹！！[泪]//: [蜡烛]fuck！fuck！fuck！//: [蜡烛],0,val,weibo_social
这个配置已经让我产生强迫症了[抓狂],0,test,weibo_social
都说睡觉睡到自然醒，是人生最高境界，为何我每次到8点就自然醒啊？[抓狂][抓狂][抓狂]。向正在上班和正在睡觉的童鞋致敬，国庆节快乐！,0,train,weibo_social
[鼓掌][鼓掌][鼓掌]//:算我一个吧！[嘻嘻]约 一道[嘻嘻]//:速度报名 //:[给力],1,unlabeled,weibo_social
[ok] //:接天莲叶无穷尽，映日荷花别样红。新的文艺复兴似乎要从武夷山开始了[哈哈] //:感觉是诗人辈出，文字青年排对了[偷笑][偷笑][哈哈][鼓掌],1,test,weibo_social
[赞]//: [鼓掌][鼓掌][鼓掌],1,val,weibo_social
BB一叫二十年[衰],0,test,weibo_social
我们的社会真的生病了。//: 北京！北京！[抓狂][黑线][伤心]//: 今早我家附近[衰]//-Johnny: 现在有这么不安全？？,0,val,weibo_social
清晨，二环路好静，我在回家的路上，整夜未眠[泪],0,train,weibo_social
可??：[可?]?受，於是吃了???睡?，[委屈]奈何??反?，於是坐起?想要??帽??著玩?，[害羞]一去淘?，[衰]?滴神呀，瞬?眼?就花了[?]看啥都?得差不多，看啥都米有那?一眼就?得?就是我找的那?帽?的感?[悲?]於是的於是，也不知道是帽?太花了，?是???上?了，困了，碎?~！,0,unlabeled,weibo_social
同学，你这名信片整的太专业了吧~[嘻嘻],1,unlabeled,weibo_social
刘大帮应该是那样的//: 哈哈，右边好哀怨。[哈哈]//: [泪] //:[偷笑]//: [偷笑],0,unlabeled,weibo_social
又被恶梦惊醒……演出中，伴奏出问题，无法播放，突然失声，说不出话来，台下喧哗生四起，被升降台举到十多层楼那么高的空中，吓得我拼命喊，可没人听得见……彻底砸台上了[泪][泪],0,unlabeled,weibo_social
我在珠海看到过！牛逼死了！ //: 我在郑州亲眼看到过一次 大街上//:大吃一斤？！？！[晕] 你们太重口了……[生病],0,unlabeled,weibo_social
强烈遣责！[怒]只学会了生产却没有学会经营！只学会了活着却没有学会做人！这样滴公司必定在中国失去市场！歧视！[弱]//: 可恶 //:91岁的老奶奶，联系到助听器专营店…在取模期间，将老人耳膜穿破后就匆匆离开…没人性呀！,0,train,weibo_social
"这张图[衰] 我刚刚参加了一个很棒的活动“解救黑熊,取缔活熊取胆；拒绝熊胆制品，让黑熊回家；促进立法，保护动物微博签名行动！立刻参与！” 时间：03月08日 活动链接：",0,unlabeled,weibo_social
思密达 思密达 思密达，足以让敌人七窍通了六窍的思密达。[哈哈],1,unlabeled,weibo_social
[汗][生病] //:[衰] //:怎么又发生在我们身边[抓狂][泪]//: [泪]//:[怒][泪],0,unlabeled,weibo_social
携我们家熊孩子出没，露个脸，免得被大家遗忘了！[嘻嘻],1,unlabeled,weibo_social
半小时玩的尽兴啊！[酷] 可惜拍不了穿潜水服的样子。[失望] 晚餐有海鲜美酒！[哈哈],1,unlabeled,weibo_social
我口才不好[泪],0,unlabeled,weibo_social
胃疼的忍不了了，去了村里的卫生所。这个医生听村民讲是自学成医。本想打点滴，医生说太冷时间太久，最后给屁股打了2针。从小最怕打针了....爸爸妈妈我好想你们。[泪][泪][泪] 还要谢谢这次一起出行的朋友们，照顾关心我。我体弱多病的，感谢有你们。[爱心传递][爱你],0,test,weibo_social
说到站着开会，想起刚来报社时那会的一个领导就喜好我们站着开选题会。所有记者编辑站一圈，他站中间。讨论一个选题时，领导会突然用手指指向一个同事，让其谈对选题的见解及选题操作方法，所以谁都不敢走神[哈哈]//: [good],1,unlabeled,weibo_social
快到不惑，也没几只乐队可让我疯狂追捧、象青少年时口不遮粗地惊赞，但Led Zepplin这老哥儿几个...[汗][晕]...[抓狂]太他妈牛逼啦！！！[抓狂][抓狂][抓狂][吃惊][吃惊][吃惊],0,unlabeled,weibo_social
当情人节喜逢元宵节，当玫瑰邂逅邮轮，当狂欢遇上脱口秀，歌诗达邮轮海上威尼斯狂欢季要你好看，让你难忘，马上起航吧[嘻嘻],1,unlabeled,weibo_social
大家感恩节快乐，广大的串粉儿们，[爱你][爱你][爱你]~~~,1,unlabeled,weibo_social
大姨夫又发威了！别生气了！以后小伙伴们都好好的，不喝酒了[可怜][泪][悲伤],0,unlabeled,weibo_social
帮转//: 感谢帆姐！[哈哈][哈哈][哈哈] //:欢迎有志青年加入！,1,train,weibo_social
竟然没认全，我这算没有童年不？[泪]//: //: 。,0,unlabeled,weibo_social
香奈儿风格的花呢外套用以搭配牛仔，塑造出一种优雅的休闲感~~~T：ACNE；Jacket：MSGM；Pants：Juicy Couture[爱你]【私享穿衣顾问微信：FashionTalent33 】,1,unlabeled,weibo_social
每天节省10块钱 欧美汇开业两周年活动..这一周每天都有试吃岛开放..去参加活动即可以免费学习怎么做出美味的美食..还可以顺便解决晚餐..何乐而不为..[嘻嘻]-Cafe,1,unlabeled,weibo_social
"[鼓掌][鼓掌]//: [鼓掌][鼓掌][鼓掌][鼓掌][鼓掌][鼓掌] //:回复:我大声吆喝，木有对象的看过来，23号八马有相亲会哦! //:马老师热心肠~这是给众女弟子做广告嘛？[哈哈]23号咱们八马有相亲会哦~ //:呼唤喜欢茶又未婚的男童鞋,我们有很多未婚会泡茶的菇凉哦!",1,test,weibo_social
回复-TinaCKone:必须友情价 //-TinaCKone:来个友情折扣价，我也亲子下[偷笑] //:公园门票50元，房车酒店1000元一晚，谢谢关注[嘻嘻],1,test,weibo_social
[汗][汗]你没@ 我，在她眼中估计纱窗也是毛线做的！她还以为自己是蝙蝠侠！！不然就是蜘蛛侠[怒][怒] 不然我家纱窗怎么会这么惨烈[泪]//:呆miu就是为了这个把纱窗扯坏的吧,0,unlabeled,weibo_social
"八年了,这么快就八年了[嘻嘻][泪][嘻嘻][泪] 我在这里:",0,unlabeled,weibo_social
康爷跟晨阳妹妹合作一把？//: [哈哈]//: 下次咱们一半男的一半女的。[哈哈],1,unlabeled,weibo_social
//?子: 大叔怎么不带上颜色呀//: 大叔[泪]//?的抹茶奶油味Becky: //?SK: //@?暖?色大海:,0,unlabeled,weibo_social
恭喜上海世博洲际酒店荣获到到网2013年度卓越奖[鼓掌] - 卓越奖只授予名列旅行者反馈全球排名前10%的商家，在此衷心感谢所有给予酒店认可和肯定的宾客以及所有酒店员工在过去一年中的杰出贡献！,1,unlabeled,weibo_social
不得不说今天的杨桃院子有两个寿星[偷笑]，原本只是想让大家关注姐，实在是寿星男气场太强大 咱们的吧台长，买了两箱酒请客人，帅到爆，[嘻嘻]今夜别睡，院子喝酒！,1,unlabeled,weibo_social
//: 右边的话听来耳熟 //:这个分析的确客观介绍了马国当前乱象。但是，执政党利用挑起宗教感情和民族感情，轻而易举地把所有矛盾都转嫁给美国和中国，政治发了国难财。[怒][怒],0,train,weibo_social
你们都是坏银//: [泪]合影太忧伤了..心情不太好，转得比较慢，快要冻住了。//:: 事实上，76年间冥王星只转了1/3不到，思之尽是淡淡的忧伤。,0,val,weibo_social
姐华丽的被昨天早上那部吹冷空调的二号线吹成了感冒加发烧了[怒][生病][生病],0,unlabeled,weibo_social
宣仔游佛罗伦萨 这照片是怎么拍出来滴[晕]还能再拧巴点儿么[偷笑],0,unlabeled,weibo_social
"鼓浪屿style,有趣的写真，跟大家分享[哈哈][江南style]",1,unlabeled,weibo_social
超级好吃的面?整整一大碗呀，面筋?斗、汤鲜美，赞[鼓掌][鼓掌][鼓掌]谢谢你们， ????脑海中留下了我更美的南京「 」,1,unlabeled,weibo_social
如一只银貂从被窝中轻盈滑落[晕]//:这是韩寒的gay蜜啊。韩寒的性取向问题也说不清楚了。 //: 哈哈哈哈，才看了1/3，已经大笑，韩寒这下子跳进黄河也洗不清了,0,unlabeled,weibo_social
但见旧人哭哇… //:就是。只见新人笑。哼。[哼] //:她一直在呢，别是你关注的美女太多，没看见吧[嘻嘻],1,unlabeled,weibo_social
情收了，财在哪？[晕],0,test,weibo_social
如夏俊峰年薪三万，或许三条年轻的生命就不会毁灭。 //:不信但看杯中酒，美女先敬有钱人。马蔚华2007年的年薪便达到了963万啊。[哈哈]//: [泪],0,unlabeled,weibo_social
菇凉，淡定，我特么也和你受过同一拨人的委屈！[泪],0,test,weibo_social
拍记录片很辛苦的！拍了快一个星期了这几天平均睡四五个时！[泪] //:【我爱我家】咦！您咋才来涅！！！据悉，《一城一味》第一季共7集，每集讲述一个城市味道，宿迁作为7个城市之一，将以“寻味民间美食”为切入点，展示城市味道。该纪录片单集时长为25分钟，每集会派出一位顶级名厨，带着汲,0,val,weibo_social
神马情况？！！！都这点了，不是上班高峰期，地铁一号线照旧拥挤不堪。感觉都不用上学不用上班全来北京挤地铁了[衰] 北京城有嘛好的？！,0,val,weibo_social
可怜天下父母亲啊//:[泪],0,unlabeled,weibo_social
联通啊联通，我已经不指望你信号好，覆盖广，也不指望你稳定。只求你事实求是的显示有没有信号，都不行么？别满格+3G的时候连个电话都打不出去，更别说上网了！！消费者就这么一步步妥协，不断降低期望值，得到的仍然是失望[失望]你能指着绑定iphone活一辈子嘛！？[鄙视][鄙视],0,test,weibo_social
你定亲历[哈哈] //:有网友补充云南还有很多不可错过的地方：腾冲和顺古镇、丘北的普者黑、昭通的大山包，亲，你如何看待？,1,unlabeled,weibo_social
【非常笑料】上周节目中选手突然提出“猪的人体结构”这个新颖的说法，不过……猪有人体结构吗？[衰]这次郭老师说的话，我很赞同，大家懂滴~灭哈哈[花心] -姜振宇,0,unlabeled,weibo_social
事实证明不到万不得已千万不要国际tele transfer外汇，兑换汇率低的不行加上各行各种手续费，亏得我的那个小心脏 [泪] Im at 上海浦东国际机场T2航站楼,0,test,weibo_social
回复:原来是老朋友呀[偷笑]很会抢镜呢！[呵呵]其实能钻过去已经很厉害了！ //:小编哥哥，那个洞高啊，我已经使劲了[泪][泪][泪]，太丢人了，不过好好玩儿[嘻嘻][哈哈][哈哈][哈哈],0,unlabeled,weibo_social
妹子们赶紧把天猫装上！！！[偷笑]//: [汗]3款，包括在路上//:麦田大叔绝对是伪娘界最懂App的！//:我可以说作为一个大叔，我都装了31款吗？[泪] //: 我装了25款，out了么？ //: 哈哈，比我多两款。 // 29款！无压力，飘过。[雷锋],0,unlabeled,weibo_social
散会，嘛都没中，哼[泪],0,unlabeled,weibo_social
牛//-依霞: [哈哈],1,unlabeled,weibo_social
这个和bbc造假的有关么//: 好可爱[亲亲],1,train,weibo_social
2014年放假安排有没有让你心碎[伤心] 除夕不放假～～不！如！去！旅！行！[啦啦啦啦] 戳链接，让游游助你一臂之力！,0,unlabeled,weibo_social
又拉肚子了[衰],0,unlabeled,weibo_social
深切表示遗憾！！[泪],0,unlabeled,weibo_social
吐槽我真心不理解，人类都能登上月球了，非将很多厨卫的管子设计得那么不科学。洗手池下管子漏水，哥回家就一直摆弄修理了一小时，压力测试都弄掉了一桶水。其他都弄好了，最后搞不定一根弯曲的橡胶环……[抓狂][抓狂][抓狂][抓狂]次奥次奥次奥……,0,test,weibo_social
[怒] //:户籍制度，go to hell //://:,0,unlabeled,weibo_social
太可怕了//: 真的不敢看[泪]//: //: //:,0,unlabeled,weibo_social
[怒] //:习总最烦粗鄙之徒！没文化的、犯浑求的一律滚蛋！[哈哈] //:这么快？衰人啊，不知现在是微博时代[衰] //: 北京密云爆粗口政协委员已被取消资格~~ //: 正邪委员真牛啊[威武],0,test,weibo_social
腊肉君去排队买火车票去了..[衰][衰][衰],0,unlabeled,weibo_social
女人把减肥当成终身事业，介绍个微信号给姐妹们，【90斤刚刚好呢】微信：fitting90 里面每天介绍女性减肥的方法，没有胖女人，只有懒女人。或者扫下面的二维码吧！[爱你],1,train,weibo_social
生活中总能遇到三瓜两枣比较矫情的人，和她谈工作得累死你！研究生呀请你的大脑思维稍活跃些好吗？很简单的一件事说了足足半个小时[怒]最终也没觉得你明白[阴险],0,unlabeled,weibo_social
[衰][生病],0,unlabeled,weibo_social
"[爱你][爱你] //: 我们一天到晚就知道吃吃喝喝,你看看人家,这才是赤裸裸的真爱[失望]",0,unlabeled,weibo_social
刚接完电话，一哥们儿公司被海淀区统计局查出没有配备专职统计员（还得有统计从业资格证），罚款5万元。我擦，税务局让我配会计我从了，残联让我优待残疾人我认了，这统计局啥时候跑出来让配备统计员了？以前听都没听说过，刚查了一下统计法还真有这么回事，备注“实际执行力度看当地的统计局”。[衰],0,unlabeled,weibo_social
想都吃，会不会太贪心啊[泪],0,test,weibo_social
中国接下来一二十年将进入雾霾高发期[汗][吃惊][悲伤][悲伤],0,unlabeled,weibo_social
我错大发了！如梦方醒！总不能撒谎吧！真相害死人呀！悲催的！[汗][抓狂],0,test,weibo_social
一个人来看灾难片！[鼓掌]本来是想看激战的～可惜没有了！ 我在这里:,1,val,weibo_social
元旦只有1天，春节继续调休7天，除夕不放假……难道要在路上过除夕吗？[泪][泪][愤怒],0,unlabeled,weibo_social
准备去趟西藏，T27的进藏特快完全就是无票状态，本来还想火车能慢慢适应一下，现在还在拜托旅行社的盆友想办法，如果不行就只能飞了[泪][泪] 所以想咨询一下各位：如果从北京直飞拉萨会不会出现严重高原反应？有什么办法可以缓解？,0,unlabeled,weibo_social
每天总是觉得自己很忙，明天还有机会，一天天雪就化没了。每年都觉得明年吧，一年年就这样老没了[泪] //:早安，春雪！ //:春雪正当时，早安,0,train,weibo_social
我怎么没赶上！ //:是滴撒。[挖鼻屎] // @-小俊囝- ：// :你看旁边戴眼睛的那个男滴[衰] 好猥琐呀[鄙视] 。借着眼睛斜视更衣女[怒] 想看还要装…想看就大胆看，又不是偷看,0,test,weibo_social
回复-CC:得换100台[晕] //-CC:拿你桌子上红色的音箱来换。[哈哈],0,test,weibo_social
上淘宝手机客户端，加微淘：鹅爸爸七号店。连续七天，九折售卖。[泪][泪]仅此一次哦！记得只有手机订单才享些微淘粉丝价！[爱你][爱你],0,unlabeled,weibo_social
回复:在柬埔寨了，这两天阴天日出日落都没看到[悲伤]有点遗憾了 //:现在人在哪里了？我在北京，明天回上海 //:回复:快了，还有十几天[偷笑] //:你赶紧的回来吧...都等着你活动呢，玩的心都野了吧，等见着了叫你野人，嘿嘿[偷笑],0,unlabeled,weibo_social
[衰]//:删前转//:,0,test,weibo_social
真好 永远幸福啊 矮胖子[抱抱],1,test,weibo_social
我觉得还是现场听你唱嗨曲，比较COOL哈哈//: 我是美羊羊哈哈 //: 那你是哪种羊？美羊羊、懒羊羊、喜羊羊？[围观][鼓掌] //:啊啊啊！每天都有人听我的小时候！喜羊羊灰太狼都播完这么久了还是每天都有人听！真开心！,1,train,weibo_social
支持小苏[鼓掌][泪],0,unlabeled,weibo_social
好孩子[爱你]后面开着的窗户看着好吓人啊，小心磕着爱动物的五毛小朋友,1,test,weibo_social
回复:所以我说网络流行语就是网络“流星雨”，不必跟风，但要有所了解，语言的变化折射着时代发展的足迹。 //:是朝语，也是拽语，明明是人话，非要弄成神话~~[嘻嘻],1,unlabeled,weibo_social
不仅好吃，而且不打农药。[爱你]//:黑金刚好吃 //:邓老师吃过黑金刚吗？ //:会革要让全国56个民族都有代表尝鲜你的黑金钢莲雾[馋嘴][馋嘴]56个民族鲜尝黑金钢莲雾,1,unlabeled,weibo_social
珠三角半小时生活圈，其他没变，[抓狂]车票越来越贵了，广州去东莞居然涨到39块了，晕，记得一年前坐这车还是28块！！,0,train,weibo_social
回覆: 其?神?牛落入NOBU手上也只能如此，油脂?富的食材其?也不易??的。 //:都是好奇想去??. 吃後就失望了![失望],0,val,weibo_social
八年以前见到过你了，你给我的亲笔签名现在都还留着。还是和当年一样漂亮！ //:看来真是不能太贪心啊，昨晚一人狂吃了七份海胆?，太好吃了，还有两螃蟹，确实多了点哈！你咋不早说啊~~? //:天啊！！?吃蛋糯米海????！！[晕],0,val,weibo_social
最近“二”这个字一直围绕着我，我很想努力的把多余的那一横去掉。[抓狂],0,unlabeled,weibo_social
在制作极品毛血旺，热闹[哈哈][哈哈][爱你],1,unlabeled,weibo_social
真够自在的。[哈哈],1,val,weibo_social
名媛三十六集太感人了吧！我承?我??低了[泪][泪][泪] ??才是?情的一切！?妹演技真心是好，每一句??都道出了?段?情的?望之?。?！！[good][赞],0,unlabeled,weibo_social
[吃惊]//: 专家，顾名思义一个专业的行家。一般出了自己熟悉的领域就不再权威，一定要谨言。可总有人觉得，他这块砖到哪儿都成家，实在是“杯具”[抓狂] //:水电专家说生态，这个角度有点意思。,0,unlabeled,weibo_social
回复:亲亲购买了吗？[偷乐]限量88元吊绳福袋内含三款动物造型吊绳，跟好友分享刚刚好哟！[挤眼] //:[鼓掌],1,unlabeled,weibo_social
哎！拍的不错，就是我这肚子[抓狂]有人喜欢有人忧阿,0,train,weibo_social
[馋嘴][馋嘴][馋嘴][馋嘴]//:每次带中国朋友在巴黎各种吃，这是最受欢迎的一顿…今晚我在，可以跟感兴趣的朋友讲讲这个源自北非的文化…[来][太开心],1,test,weibo_social
[抓狂][抓狂][抓狂][右哼哼][左哼哼][左哼哼][左哼哼][怒骂] //:[笑哈哈][笑哈哈][笑哈哈]//: [嘻嘻]//: 单身的唯一理由是丑吗,0,unlabeled,weibo_social
[鼓掌]大美黄山 -婺源九思堂,1,unlabeled,weibo_social
臭不要脸的！ //:应该不疼吧？我这么琢磨着[嘻嘻][偷笑][哈哈],1,unlabeled,weibo_social
回复:现在正在青山关，离月亮堡一步之遥了[嘻嘻] //:迁西你们去哪里？从东向西大岭寨、榆木岭、青山关、八面风（唐山最高峰）、董家口、铁门关、喜峰口、潘家口、东西城峪、龙井关（皇太极突破长城的地方之一），然后就进遵化的红山口了。这些地方我05年都走过了！,1,unlabeled,weibo_social
生快，帅锅。[太开心],1,unlabeled,weibo_social
滚球[怒]//:滚[怒]//: 义正言辞，掷地有声,0,unlabeled,weibo_social
[抓狂]还没睡的小伙伴们千万别点→ //:深夜自虐点开，难受得浑身抽搐,0,unlabeled,weibo_social
回复:还真没转发成功[汗]小妹妹儿的[抓狂] //:好啊！让那些恐怖吓人的小妹妹儿们都来演给你看哈！个小妹妹儿的[兔子],0,unlabeled,weibo_social
都没有刘导做的刘氏方便面有吸引力，可惜他没有微薄，不让绝对激起他的斗志，我们又有口福了[抓狂] @ 理想境界_李静,0,train,weibo_social
[衰]气死我了，你们今晚全是气我今年没见着雪嘛??[抓狂],0,train,weibo_social
坑爹啊！眼看到合肥了，结果就来暴雨了，还有么有天理呀，我么带伞，咋走呀？ [抓狂],0,unlabeled,weibo_social
悲催的周一堵死人不偿命呐，一个小时了居然才开到莲石路，要不要这样呐[汗]，周一还是坐地铁比较靠谱~~[泪],0,unlabeled,weibo_social
为了座辆性价比高的车，果然过路车就是会晚点掉链子，好热的在东站静静等待，少动少流汗[泪][晕][悲伤]有时候等待也是种幸福，开始不抱怨的世界,0,test,weibo_social
哈哈，关老师大饱眼福了 //: 瞧关哥都乐开了花了！！！[偷笑] //--刘健: 都拍制服范儿了？ //: 那是必须的！ //:我也要找个模范老公嫁掉[抓狂],0,val,weibo_social
今天空气很污浊[衰],0,val,weibo_social
次奥！让不让吃？[怒] //:公然走后门就不好了吗//:马叔儿！蟹控举手求携带！[可怜] //:好//:??蟹中?也有，只是胃寒之人不宜食用，生食大寒……想吃的?留言，??在 家??[抠鼻屎]//:大晚上发这个 太残忍 哈哈,0,test,weibo_social
只有上海和杭州有[泪] //-非常肥了: 很想吃,0,train,weibo_social
[哈哈] 信了 ，凌总建议投重不投轻！//:华业龙图潜力无限！,1,val,weibo_social
为什么大众的汽车广告最后总要说一句：“打死奥拓！”有那么大仇恨吗？ [哈哈],1,unlabeled,weibo_social
再次报喜，今儿银色的球鱼为我生了20多个天秤座银龙宝宝。上图是妈妈和分隔离在下面的孩子，生产盒外面的是爸爸。下面那张图是前天我的金色球鱼生的20多条处女座金龙宝宝，可惜的是他们的妈妈生完的第二天就去逝了。可见怀孕生孩子对妇女的损伤好大，[泪]哀悼。[泪],0,train,weibo_social
哎，写作水平直线下降。编辑直言不讳，虽然不好接受，但还是感激涕零！[泪]一定要加油了，回到原来的水平线上！,0,test,weibo_social
要把外国人雷翻啊[抓狂]//://: 作为外国人的汉语考试试题，就这么定了。[哈哈],1,unlabeled,weibo_social
抵制日货，为什么部队的领导还开丰田霸道！[怒],0,unlabeled,weibo_social
知道服务号吗？怎么能这样？集体投诉他 //:缺德司机的诅咒[泪][泪][泪]大家以后要小心，求扩散 -吴楠,0,unlabeled,weibo_social
[good][鼓掌][鼓掌] //: 谢谢王老师的鼓励！,1,test,weibo_social
[怒]缺德的小偷！我有一年在上海碰过同样的事情，那个小偷竟能轻松卸下后窗三角形玻璃不留痕迹。相比而言我在广州遇上的小偷算有“德行”的，钱包没了身份证扔在了地上[衰]我可怜的妹妹，咱只能破财免灾???[摸头],0,unlabeled,weibo_social
回复:感谢沈老师[鼓掌] //:预祝您考试顺利 //:回复:嘻嘻好的沈老师下周我们就考试啦高技实操 //:[嘻嘻]您下周二继续上节目么 //:哈哈试试运气,1,test,weibo_social
我小时候脚曾经卷进自行车轮子里[衰],0,unlabeled,weibo_social
手艺人，不容易[鼓掌],1,train,weibo_social
[衰]以后坚决不熬夜了，熬不起了。明天要早起，所以晚安。,0,unlabeled,weibo_social
之前看过一个店名叫帮赛！[抓狂],0,test,weibo_social
胡叔 我太感动了！[泪],0,unlabeled,weibo_social
//:老虎说旅游 节事旅游在现代社会，也要符合节事伦理。否则适得其反 //: //:??吃狗！拜??世上食物?充足了，放?狗狗吧? //:[抓狂][鄙视][怒骂]..,0,test,weibo_social
[鼓掌] 谢谢亲分享图片哦！祝您入住愉快！,1,unlabeled,weibo_social
明天准备在家做烤肉！刚才我给大家分工！爸爸妈妈明天负责去市场选肉，我和夫人去超市负责买海鲜和调料！结果父母同时批评我说我没有团队精神[衰][衰][衰]说去哪都要一起！要知道我们是个团队！我瞬间石化。。。,0,test,weibo_social
[鼓掌] [赞] //：往事幽深,1,test,weibo_social
阿黄，一直没瘦过耶 //:怎么，又胖了？[偷笑] //:谢谢，届时你会不相信自己的眼睛[嘻嘻] //:哈哈哈，我曾经胖过。。。[偷笑][偷笑] 看你的了，我两个月不见你！,1,test,weibo_social
回复:哎呀！都是让新闻联播给闹的[泪] //:这么早啊，好吧，晚安,0,unlabeled,weibo_social
为什么总出这种事呢?!!! //:[吃惊][抓狂],0,unlabeled,weibo_social
回复:维景酒店边上的惠丰湖哦！[嘻嘻] //:?是唐山的什麽地方呢？,1,test,weibo_social
回复:哭啥，上路啊 //:[泪],0,test,weibo_social
好可怜帮转发[泪] //:朋友家狗狗丢了，求扩散。我先在这替朋友谢谢亲们了~~ -,0,unlabeled,weibo_social
[鼓掌][帅],1,unlabeled,weibo_social
走你~[爱你],1,unlabeled,weibo_social
因为宁财神不愿意看非诚勿扰了，怪不得作为选手一上台，全场灭灯呢！[怒骂][怒骂]，果断换台！还是看我台的最美合声吧！[酷][酷],0,unlabeled,weibo_social
原来，我背负着100k+的重任[泪]//://://: 。,0,unlabeled,weibo_social
晚餐给峰哥准备的奶香肉末土豆泥，味道不错，三下五除二峰哥就消灭了，好有成就感啊。[哈哈][哈哈],1,unlabeled,weibo_social
回复---Tricky:[嘻嘻]renee唱得确实非常棒！[good] //---Tricky:这个身材。[晕]回北京得qukk,0,train,weibo_social
同事中奖了…我就从来中不了奖[失望],0,train,weibo_social
[哈哈][哈哈][哈哈]//:[哈哈][哈哈][哈哈],1,unlabeled,weibo_social
唉……怎么这么狠心[泪],0,unlabeled,weibo_social
快到碗里来//@?一夫同?_京韵清风:六小龄童小法海！[抓狂][哈哈][嘻嘻],1,unlabeled,weibo_social
看了好几次，生没看出谢老师的意思是桂三要拆了。我有阅读障碍？波波，组织一下，火速回去缅怀一下。//: 要拆了吗，要拆了吗，要拆了吗，要去缅怀下啊？！//: 今天开车路过桂三，已经人去楼空，一个暑假过后，便会不见了踪影，那段美好的回忆仿佛即将无法承载，顿觉伤感[悲伤],0,test,weibo_social
啊！怎么半夜才下节目么？哎呀，快补补，快补补~~[爱你][哈哈] //:不肯吃盒饭下了节目看这饿呀[泪],1,test,weibo_social
原本前菜有一道烤乌鱼子，没想到 的台湾乌鱼子实在太好吃，等我订货的时候居然售罄[抓狂]无奈改了这道烟熏三文鱼，但意想不到的是甫田网的这款烟熏三文鱼也是那么的好吃，而且包装打开已是片好的，于是，只花三分钟我就装完盘了[哈哈][哈哈],1,unlabeled,weibo_social
?吃?婚蛋糕ing~好肥啊！[抓狂],0,unlabeled,weibo_social
今天的卢米埃，你会来吗？来者赠面具一枚?空间虽小，看着很温馨哦，哈哈哈哈????万圣节来卢米埃度过吧![哈哈][哈哈][酷][酷][来][来],1,unlabeled,weibo_social
南极修不了铁路，只能挖煤呀！ //:回复 :应该是滴，路上碰见的[衰] // :这是爱斯基摩人吗？[哈哈] // : // :,0,unlabeled,weibo_social
//:广院出淫才啊！[哈哈] [哈哈],1,val,weibo_social
怎么样[嘻嘻],1,test,weibo_social
[晕][哈哈][哈哈],1,unlabeled,weibo_social
有时很向往这样的日子，要是真这样久了，估计又受不了了[抓狂] //：还是很简单的吧~//：三年一亿？是美金还是津巴布韦币？要是美金或者人民币或者黄金，我愿意。要是利比亚货币，就算了//：能带着孩子吗？能就愿意。 //: 多好的条件，待遇非常高啊。我愿意！,0,unlabeled,weibo_social
当你真爱一个人的时候，你是会忘记自己的苦乐得失，而只是关心对方的苦乐得失的。 //:哎呀，太[泪]了 //:好浪漫，感动ing[心],0,test,weibo_social
签名签了一天还没签完[泪][泪][泪]幸福滴眼泪[晕][晕][晕]看来下次不能轻易说“送～亲笔签名”这几个字了[晕][晕][晕]等～签名滴人太多～工程好大呀[汗] 我在这里:,0,test,weibo_social
假期过半[泪][泪][泪][吃惊][吃惊][吃惊]，慢点再慢点！好吗？,0,unlabeled,weibo_social
最近是车荒吗？一辆空车也没有。。。[怒],0,test,weibo_social
还计划要出门去哪去哪，假期第一天，不舒服，睡了一天，人算不如天算啊。。。[晕]要在冬天出门happy，我就想想吧。。[委屈] 快过来看我。。[哈哈][围观] 熟悉不。。[哈哈]欣在自说自话欣生活,0,unlabeled,weibo_social
对葡萄酒兴趣浓厚？你知道吃辣该配哪一款酒吗？ 带你游Napa酒庄――圆梦加州葡萄酒专题视频很快就要上线啦！敬请期待[哈哈],1,unlabeled,weibo_social
美食美味[爱你][花心]//:,1,test,weibo_social
对于产前胎儿性别检测男胎留下，女胎打掉的女性们强烈[鄙视]厌恶唾弃[怒],0,unlabeled,weibo_social
终于清静了。。。可以开始加班了[亲亲] //:如果给我封口费，我会失意的。 // :我很好的，站在她老婆那边！ // :[衰] // :我在公司啊，没看见啊 // :[泪] 我的清白啊...毁我啊[衰] // :没安排加班啊？,0,unlabeled,weibo_social
可能是电视剧。//: [怒]//: //: //: 确定这不是在拍戏吗？,0,test,weibo_social
万岁丫么巴扎嗨！//: //: //: //: 勤业馒头万岁！想我青壮年时期，吃完芙蓉的晚餐还要漫步去勤业买两个玉米馒头吃！[泪]//: 。,0,unlabeled,weibo_social
你们这些家伙是都看不到吗？咋就木人呼叫我哩？[抓狂],0,unlabeled,weibo_social
合肥的龙虾大餐！！爆撮[哈哈][哈哈][哈哈][哈哈],1,unlabeled,weibo_social
[怒][伤心][蜡烛]//: 从解放中国开始 //:[怒] //: //:从抵制日货开始！ //:操你十八代祖宗！明天在公司门口挂个日本人和畜生不得入内！ //: //:变态的小日本，就应该灭掉他们！[怒],0,unlabeled,weibo_social
06年夏我实习时叶兄刚进报社[嘻嘻]//:[汗]//:中青实习时，老记为师不摆架势，以实习生之名也可发大稿不计身份，新人不必端茶倒水扫地抹桌让我感念//:个人认为，他对实习生的认真负责，以后没人能超越了。 //:两年前初次见面他一句“你们不是?端茶倒水的”，铭感于心。,1,unlabeled,weibo_social
[泪] //：好听，好听极了！//?：听哭了。。。那种纯真。//：好听，好感动！！！,0,unlabeled,weibo_social
感情不是说说而已，我们已经过了耳听爱情的年纪![悲伤],0,unlabeled,weibo_social
回复:这棵巴西木我也养了十几年了，别着急，你家的也会开花的。呵呵！[笑哈哈] //:竟然养开花了！！！！我家也有个巴西木 从来没有开过花啊 [泪],0,test,weibo_social
"片场条件太艰苦了，剧情需要泉哥坐在冰冷的地上[泪]下次探班带一箱暖宝宝[温暖帽子][手套][围脖]//: 一群朝气蓬勃的你们！本来现场很冷的我见到你们又是暖暖的,咋那么爱你们呢[嘻嘻][嘻嘻]",0,unlabeled,weibo_social
还是你们最好了！[爱你] //:任总V5//: 怎么能说谎呢，明明19岁,1,unlabeled,weibo_social
饿… //:[衰]//：还记得那把簪子吗？千颂伊看到簪子时一下就被吸引。这其实是伏笔，千颂伊其实是八百年前来到地球的第一波外星人，因为某原因没有及时回去而失去超能力和记忆。最终唤醒了记忆和超能力，他们一起回了外星。李辉京继承家业，变成天文爱好者，刘世美孤独终老。,0,test,weibo_social
爱情可以不完美，但不可以不专属于我。而最值得我拥有的爱情类型是彼此深爱型。人海茫茫，什么时候才找到属于我们的那一半呢？[泪] ?v5 你们也有同感吧？来测一下吧：,0,unlabeled,weibo_social
//: 哎呀 笑死我了！ //:[哈哈][哈哈] 喃们都看看//:是啊 //: ：老大老二是不是也能这样[哈哈][哈哈][哈哈],1,test,weibo_social
中午吃的蛋炒饭，相距甚远有木有！[泪] COCO_ZXX,0,val,weibo_social
我不称职的把跑远的话题拉回来[嘻嘻]//: ，，他们谈现代文学史的花非花雾非雾。我有幸敬陪末座，打岔居多。不过，这种组合挺好玩的，谢老师果然是资深杠头，止庵老师温良恭俭可是一点都不让，能坐在他们中间垫话挑事，我实在觉得享受。希望以后还有机会，享受这个组合。,1,train,weibo_social
3、6[晕],0,train,weibo_social
回复:这是晃脚丫子与晃手指头的区别好吧？[哈哈] //:哈哈 感慨的很真实 这就是急着旅行 与慢慢走走晃晃的区别啊 //:回复:哈！快门还杠杠滴！ //:快门驱动器寿命倒计时了。 //: 回复:大哥您这不是欺负我么？[泪],1,unlabeled,weibo_social
强顶[衰][衰] //:被强迫转！[哈哈]//: 快转！,0,unlabeled,weibo_social
全部全部。 //:我几乎全中[衰],0,unlabeled,weibo_social
好吃啊[抓狂]//:回复:上次吃了，还专门发微博说难吃[哈哈],0,test,weibo_social
[哈哈]//: [哈哈]//: [哈哈]//: [哈哈]//: [哈哈]//-100: [哈哈]//: [哈哈]//: [哈哈],1,test,weibo_social
Michelle Dockery穿Oscar de la Renta亮片刺绣裙亮相第71届金球奖。高雅的美人儿和精细的裙子真是绝配。[爱你]【私享穿衣顾问微信：FashionTalent33 】,1,unlabeled,weibo_social
选片历时三个小时！[抓狂] 看来结婚这件事，真的是痛并快乐的！,0,train,weibo_social
[鼓掌][鼓掌]一块儿干！吃饺子也叫上我！ //:为什么每次我看时间的时候，总会是11点11分………… //:真为你们开心，来它八十盘八十个饺子 //:祝，干了 //-SHE:你是此生最美的风景。,1,test,weibo_social
//:一百个观众，就有一百个哈姆雷特。 好好琢磨吧[吐血][晕] //:回复:嗯，其实这就是民主，百家争鸣，百花齐放。[嘻嘻] //:现实就是这样，不管你说什么做什么都会有人发表意见！ //: [哈哈][哈哈]评论真欢乐！比原帖好看。 //:,0,unlabeled,weibo_social
//: //:[晕][晕][挖鼻屎][挖鼻屎]//:神，你肿末了 //: 2013走秀款//: 苏三离了洪洞县,0,unlabeled,weibo_social
?今天发现原来好多人都生病了，早上蹭哈成的牛黄解毒丸吃，希望病早点好， 化妆达人看下，这眼妆怎样？有点凶吧，我有想把睫毛拽下来的冲动，难受死[晕],0,test,weibo_social
【百变大咖秀第五季微直播】费翔+谢娜+蔡依林，这三个不搭嘎的人，你能看出有什么联系？没联系不要紧，关键在于模仿的人和歌曲错位后，原来的舞蹈还能合上！要不是看到他们演绎得这么带劲，谁能想到《舞娘》的动作配上《冬天里的一把火》的音乐会那么和谐？ -Julius [哈哈],1,test,weibo_social
雨 能再大点嘛？！！[抓狂],0,test,weibo_social
老婆看了死劲乐！[哈哈]，我的心在痛，在流血！[泪][泪]//:[威武][威武],0,val,weibo_social
肚子又饿了……每天都是这样= =今天 下班一定要去超市买零食带着[泪],0,test,weibo_social
队长，请继续给力！//: [给力]//: 队长是好多男粉丝的女神啊。加油！ //:队长威武！超爱队长！ [爱你][爱你][爱你][花心][花心][花心][鼓掌][鼓掌][鼓掌] //:,1,unlabeled,weibo_social
从今以后我长记性了，就是座5号线、倒10号线再换4号线，也决不在西直门换乘4号线和13号线。不仅西直门立交桥设计的缺心眼，就连地铁也如此！[怒][晕][猪头][阴险][怒骂][弱],0,unlabeled,weibo_social
这个@ 我是个神马意思，睡不惯凉席的北方孩纸飘过[晕],0,test,weibo_social
我就知道我这一晚上算是没法睡觉了，困到不行，四肢无力，可就是睡不着，都怪下午馋嘴贪杯?。p.s.我怕做单选题，因为我总是什么都想要，什么都舍不得。[泪],0,unlabeled,weibo_social
哎呀 太幸福啦！赶紧来体贴下我们在半岛无聊的要发霉滴孩纸们吧！[泪],0,unlabeled,weibo_social
北京事儿【狗主人无人性！[怒]狗狗被主人无情的从18楼扔下致重伤！[怒]】 昨晚 在北京后现代城发现一只小狗满身是血的躺在一辆汽车上，从图片中可以看出该狗狗是被从高处摔下，连汽车挡风玻璃都被震得破碎不堪。后来据了解，因为主人洗澡时，狗狗跑了进去，被主人无情的从18楼扔下泪][泪],0,unlabeled,weibo_social
对味的生活如同涓涓细流，经久不衰。＂香咖啡＂给您每一次对味的感觉。[爱你],1,unlabeled,weibo_social
哪位，哥哥姐姐，同学们，校友们，借我个水袖呗！[爱你][爱你][爱你][爱你][爱你][晕][爱你][爱你],0,unlabeled,weibo_social
//:[给力]《非诚勿扰》推荐 ，[赞]晚上睡觉贴，一天直掉1斤肉！[爱你]不口服外贴安全没有副作用，小s推荐更放心！[礼物]官方直销地址>>【 】[赞]无效退款哦！,1,unlabeled,weibo_social
回复:第2每一步[哈哈]第3南屏晚钟[哈哈] //:唱了啊，第二首唱的不就是黄昏放牛吗 //:可惜凤姐没唱[泪] //-约德尔:刘备收了诸葛亮屡战屡胜 凯旋后??对着二弟和三弟激动的唱到（呦得?咦滴~呦得?咦滴~）这便是黄昏放牛最早的雏形??[笑哈哈],0,unlabeled,weibo_social
本周六晚20：10，一起来跟官微君见证综艺界新星的华丽诞生[鼓掌]中国殿堂级女演员凯丽老师，跟她聊天分分钟笑到肺炸，吐槽技能瞬间get无数[笑哈哈]本周六晚20：10，如果你觉得你是见过市面的人，不妨来看看这位阆苑奇葩[偷笑]拍胸保证你有收获，综艺新贵冉冉升起的节奏根本停不下来！[得意地笑],1,test,weibo_social
才不是[抓狂]我的形象全完啦[泪]//: 本色出镜[鼓掌]真心的他就长这样[偷笑]//: 这是谁选的照片[哼][抓狂][抓狂][抓狂][抓狂][抓狂][抓狂][抓狂][抓狂],1,val,weibo_social
昨天在超市看到草莓，6元一小盒，颜色稍红但是味道比较寡淡。某人看我今天看到?又走不动路的样子，（这个颜色实在太漂亮了！暗红色，一看就好吃）一咬牙就给我买了。这草莓实在是太好吃啦~好吃啦~吃啦~啦~！！！[抓狂]就是价格实在太棘手！ 好东西多做做活动阿。,0,test,weibo_social
"长乐路上的大大大大""银头马餐厅""至少10年以上历史了，10年来老哥姐几个脸上未见岁月痕迹，菜价也似乎从来没长过! 吃死了才花了26元，老板还夸胃口壮！都说卤肉饭有名，其实猪手黄豆，炒猪肝都好吃极了！要忍受的是地板油滑，筷子锄到邻坐脸上，对面的世界话题谈兴浓列时吐沫星溅碗力啥的，[哈哈]",1,unlabeled,weibo_social
这九年，却是一生幸福的美满前奏！纪念日快乐！白头偕老！爱你们！[爱你][干杯][礼物],1,test,weibo_social
//:终于找到原因了[哈哈],1,unlabeled,weibo_social
我愿意把你放在这里面。[可爱]不管结果是什么，先做了再说。,1,test,weibo_social
再仔细看看菜牌，没准点的是干扎小黄鱼。[泪][哈哈],0,val,weibo_social
[怒] //: SB //-可可爸://:请大家欣赏这个部长的脸庞,0,unlabeled,weibo_social
[生病]//:拿无耻当荣耀[怒] //:[衰] //: //:你们还要不要脸啊[吐][吐][吐]，去欺骗淳朴的藏民，川藏线就是给你们这些人搞臭的[鄙视][鄙视][鄙视],0,unlabeled,weibo_social
班车上一位姐姐或妹妹，上周五天一直是一套衣服，今天跟自己打赌看她换不换，结果输了，她依然很专一！！我想她洗衣服和衣服晾干的速度一定很快！[衰][衰]我再堵一周！,0,unlabeled,weibo_social
回复:这娃娃太可爱了！[爱你][可爱] //:回复:[给力][握手][爱你],1,test,weibo_social
好漂亮！！！//: 笑得真美[鼓掌],1,unlabeled,weibo_social
[怒]//: 这个旅行社希望大家伙记住，去佛门净地朝拜怎么能有如此恶口之人 ，畜牲//:[群体围观]//: 在给你点料//: //: 什么玩意！必须曝光他~~,0,val,weibo_social
咱们的“千山万山行”，腿都软了[泪][泪] @??WRD -南哥,0,unlabeled,weibo_social
哈哈 我刚才也@ 了这条 怀念你在我帮边化妆的日子! //:晨练结束！ 噢麦嘎得！ 学年最愉快的时刻到来了有木有！[哈哈][哈哈],1,unlabeled,weibo_social
转 //:[衰] 快救火！ //:北京朝阳大悦城 位于朝阳北路 周边有天鹅湾 星河湾等高档住宅区,0,unlabeled,weibo_social
2013湖北微博之夜 和 就2014年旅游宣传达成战略合作！[鼓掌] 明年我们继续一起携手，推广恩施旅游！[鼓掌][鼓掌][鼓掌],1,unlabeled,weibo_social
话中话[嘻嘻],1,test,weibo_social
//: 欢迎领导光临指导[鼓掌][鼓掌],1,unlabeled,weibo_social
[太开心]听到您的评语特别开心，所有的付出都是值得的。雅阁一定会做的更好！ //:回复:雅阁先是雅，后是阁，有文化，有品位，有档次，有发展。 //:感谢您的支持，欢迎下次光临,1,unlabeled,weibo_social
酒店评星，应将网速纳为标准之一[抓狂],0,train,weibo_social
我正在经历着人生中感觉最痛苦的事情！大半夜便秘！想拉拉不出想睡睡不了！！！！[晕][晕],0,unlabeled,weibo_social
这小镯子也忒难取了..抹了那么多的橄榄油，手都快哭死了，才摘下来..[泪],0,unlabeled,weibo_social
期待着 期待着 期待着春运的开始 马路上能清静些 好嘛 早上 北京依然堵得跟MLGB一样～～～[衰][抓狂],0,test,weibo_social
@?氏?? 今儿我跟你娘 分餐串桌儿吃[抓狂]爸爸这场羽毛球算TM又白打了。,0,unlabeled,weibo_social
//:太感人啦[泪] //:[鼓掌] //:人家市长连呢个都考虑到//: 【纽约市长：欢迎宠物来避难所】,0,unlabeled,weibo_social
主要以前保留卡号了，所以就直接点快捷键了 //:咋老在关键事情上出错呢[呵呵][笑哈哈] //:回复:银行不能不允许人犯错吧，总得给人改错的机会吧，不能改个错也要收手续费吧??[抓狂][抓狂] //,0,unlabeled,weibo_social
有时候真分不清这是谁家，真怕哪天晚上我一回家，发现小强坐在沙发上看着电视冲我点下头说随便坐吧…[泪],0,train,weibo_social
极品凤凰男嫁不得啊，嫁了也得赶紧离！！//-毛: 如果是我，我肯定不嫁这样家庭的孩子。孩子和家都是一脉相承的，此时的一句话，什么也代表不了。后面是慢慢的人生呀。//: [衰]姑娘。。好自为之啊。。,0,test,weibo_social
有机无价啊。。。//: //: [鼓掌][鼓掌][鼓掌]//:拍吧，非同寻常的扑克 //:拍,1,test,weibo_social
闽西北好多这样的小城[爱你]//://:微镜头微故事 宁静温存的小古城~,1,unlabeled,weibo_social
[可怜]可怜的孩子[鄙视]可恶的医生[鄙视][怒骂],0,test,weibo_social
哎呀，那儿没法待啦，早晚得毒死。。[挖鼻屎] //:今天快喘不上气了，不过目前尚在，放心，我们继续坚持[泪] //:[吃惊]，刚还嘲笑帝都呢[衰],0,unlabeled,weibo_social
同样都是学生。。为什么差距如此大呢。。看看国外的宿舍吧[泪],0,unlabeled,weibo_social
亲们，鄱阳湖鱼头王哦……[嘻嘻],1,unlabeled,weibo_social
傍晚，我在同事劝诱下吃了四五块咖啡馆的披萨饼：（[泪] 现在还在纠结去不去簋街吃烧烤。,0,unlabeled,weibo_social
[衰]白蛇水漫曼谷,0,unlabeled,weibo_social
忍不住了~~~哈哈//-Xia: 额[晕],0,test,weibo_social
人生如?！但?得??做下去！[泪] //-蓝色耳环:[泪]我擦太感人了,0,unlabeled,weibo_social
"今非昔比，真的不能再骗自己还很年轻了。再也没有人管我叫姐姐，取而代之的都是张口就叫阿姨。前两天，vendor看到我真人后说，您看着还真年轻，估计也就29,30吧。我当时表面上笑容灿烂的说猜的差不多啦。心里念着，NND，这哥们一定还往年轻着说我呢，估计心里在想这妇女估计得有30多了[泪]",0,test,weibo_social
小凤4刚刚从办公桌跳到地面自杀未遂～～惊出一身冷汗～～[晕] [汗],0,unlabeled,weibo_social
把玻璃砸掉//：//：啊？没人性啊！！[抓狂] //：哎呀//：好可?TT ?!!!!//：//：//,0,train,weibo_social
四处问收券否？积了分和返券就是让人疯狂的再消费[挖鼻屎][晕],0,val,weibo_social
最近半年熬夜得厉害 必须警告自己[怒],0,test,weibo_social
感谢 同学， 圈错了[晕][晕] [鼓掌][鼓掌][鼓掌][鼓掌],0,unlabeled,weibo_social
你够狠！看我等会儿发吃的全部at你！！！[怒],0,unlabeled,weibo_social
"还是不太干净[泪]空气污染指数: 北京 美使馆 287 (极不健康), 北京 177 (轻度污染).",0,unlabeled,weibo_social
男人痛！！！//:看得心碎[泪] //:,0,unlabeled,weibo_social
老佛爷说：干脆给你定做一双牛皮袜子穿得了！我这人没啥别的毛病，美中不足就是太费袜子。。。[汗][委屈][可怜][悲伤][黑线],0,unlabeled,weibo_social
枪法这种东西 靠的是练习 //:[衰],0,train,weibo_social
【 正在开讲啦】[悲伤]没有坐轮椅，不依赖任何人的搀扶，失去双腿的陈州选择借助两个木盒的力量自己一步一步走向舞台中央。[心]这样的出场，感动你了吗？,0,unlabeled,weibo_social
等的花儿都谢咯终于上市咯...[泪],0,unlabeled,weibo_social
咖啡金杯萃取教学后，来到红酒品鉴教室来杯白葡萄酒 惬意一下。[馋嘴] 发现同学们都是小红酒专家哦[鼓掌],1,val,weibo_social
这可不应该//:回复:[泪][泪][泪]最近还有领导就9月17、18日，老娘迟到的情况找我谈心，不仅要扣钱还说我态度不好…靠，不知道那二天日本领事馆附近多堵吗？封路到现在…伤不起啊…[怒][汗][泪][晕] //:同情从浦东赶浦西的人，哈哈,0,unlabeled,weibo_social
都多少期了，终于轮到一次第一了[泪]这时候可别和我提巨蟹的事,0,unlabeled,weibo_social
万圣之夜，紫荆之巅[浮云]你在哪里HIGH[衰]?,0,test,weibo_social
回复:是！也想睡，睡不着啊！//:[衰]郑总起得好早，，//:认真学习！,0,unlabeled,weibo_social
[蜡烛][蜡烛][蜡烛] //:[蜡烛][蜡烛][蜡烛] //-如露亦如电:狗也是救苦救难的菩萨！ //:[泪]//:[蜡烛]//:[泪][泪][泪][蜡烛][蜡烛][蜡烛]心痛欲裂！,0,unlabeled,weibo_social
好吧，现在开始，我是大不列颠的球迷！去你妹的XX兰。。。//: [怒][怒][怒][怒]你妹的兰兰 //: 懂了//: 我擦，这是一个很严峻的问题！,0,train,weibo_social
心情很不好，目前很暴躁，待会儿去买东西吃，吃饱了心情就会好了……[泪][泪][泪],0,unlabeled,weibo_social
小浪品鉴团做完游戏开始吃大餐，看起来就很有食欲！ 午市198，晚市228，刷光大银行信用卡分别是138和168，各种进口海鲜，超级推荐“刺身料理”，吃了一肚子[哈哈],1,unlabeled,weibo_social
妞，什么都不要怕，我们一直在[爱你],1,train,weibo_social
事故就在我身边，好可怕！死了20多人[泪],0,unlabeled,weibo_social
[帅] //: 哇塞！越玩越洋气了啊！[哈哈],1,unlabeled,weibo_social
[鼓掌][话筒]//:途秀送福利从法国空运过来的购物袋，源自老佛爷百货，听起来就各种高大上有木有~[花心] 各位投完票记得在微博评论 ， 主页君会给途秀达人留奖品的哦~悄悄扩散一下~,1,unlabeled,weibo_social
映秀到耿达的死亡路段果然名不虚传，当时是5.12的震中，冒雨赶往耿达，成都租得1.6爱丽舍果然不给力，土软上坡陷了2次，然后猛给油冲碎石路，上去胎瘪了，大雨中开始换备胎[衰] 我在:,0,train,weibo_social
[泪]真不是广告贴！收不了几个钱啊,0,test,weibo_social
【美丽的崇武海滨】崇武古城―― 一座古朴雄壮的城，更是一座光辉灿烂的城！[爱你]//：照片美死了//：⊙o⊙哇，好美，太棒了，好稀饭！//：喜欢这色调,1,test,weibo_social
春暖花开了，脸颊又痒的不行。恨不得把自己给抓烂。同事一见：呦！打腮红了？我：[衰],0,test,weibo_social
很惟美哦//: 谢谢宋兄！[兔子][嘻嘻] //:好！,1,test,weibo_social
站得我腿快断了，还没开始呢[衰],0,unlabeled,weibo_social
妈妈咪呀录制中 和张柏芝同台了哦，在聊什么呢？[嘻嘻][嘻嘻],1,val,weibo_social
看天下俯瞰一个城市的纹理，有的不仅仅是震撼！美呆了~[威武]每个城市都有它的style，哪个是你的菜？[嘻嘻],1,unlabeled,weibo_social
这周的地铁之旅真奇特，周一早起，好好的人在地铁上＂低血糖＂迟到...周五早起，地铁设备故障又迟到..到底该不该早起上班呢？？？[汗][衰][闭嘴],0,train,weibo_social
精英少，关键还有装精英的。//：[鼓掌][鼓掌][鼓掌][鼓掌][鼓掌] //:真正的精英应该是精神上的英雄，这种精英完全是中国最稀缺的资源。,1,unlabeled,weibo_social
回复:[哈哈] //:那必然啊！ 没用过快播的男人... 那还算是男人么？ //:快播会员的意义在哪里呢？,1,test,weibo_social
这个榜单还真是惊人！[衰]想象力好到爆棚吧！,0,unlabeled,weibo_social
结束了，什么都没有了！[泪],0,train,weibo_social
[爱你]到哪天结束呀，我还没回上海[泪] //?影Q群212905353: 果果,0,train,weibo_social
来台中吃完饭赶上台风刚要到！微微细雨送我们进餐厅、时旬创作沙拉、蕈菇饮物、鱼皮野蔬、鲑鱼季饭、海鲜芝麻冷面、岩烧石板牛肉、石莲芦荟汁焦糖盐之花慕斯[馋嘴][馋嘴]这样吃下去腰围眼看要肥起来啦[泪]没人要啦[泪][晕]求减肥秘方[哈哈]达人揪团带路 台湾自由行,0,unlabeled,weibo_social
[太开心]请大家尽情地关注《危险》吧！[嘻嘻]//@?葵: 其实是“水晶珠链”来的[嘻嘻]还记得 这笔名的，最年轻的也三十好几了吧？ //:很好的长篇。也许附署作者曾经的网名水晶珠帘，更有助于销售。,1,unlabeled,weibo_social
单反，怎么又尼玛是单反啊！[抓狂][抓狂][抓狂][抓狂],0,train,weibo_social
回复:[鼓掌] //:肥肠。。[馋嘴],1,unlabeled,weibo_social
羡慕死我啦。 //:昨晚我做了四道菜，小龙虾是大家用青蛙钓来的，煮出来的汤水竟然是淡虾黄色， 知道上海的小龙虾我现场啤酒煮出来是黑色的。估计这个品种的小龙虾可以推广药膳两吃了。。[嘻嘻][嘻嘻]另外茄子，青椒，樱桃萝卜我都是用自然的方法烹饪。。,1,train,weibo_social
不错哟！ //: 感受下。 //: 恭喜亲！[可爱]i蝶儿是不是也被亲持之以恒的扑蝶热情给感动了，都往你这儿飞[可怜]也想玩i蝶儿的亲赶紧下载,1,unlabeled,weibo_social
昨晚做了个崩溃的梦 具有毁灭性 失去理智了[衰] !nonono terrible[汗]calm down,0,unlabeled,weibo_social
一切都好像越来越圆满了[可爱],1,train,weibo_social
参观了香港美心餐饮集团的旗下品牌，真是大开眼界。。还有就是大饱口福了。[哈哈],1,unlabeled,weibo_social
【来自锦州的喜讯】她喜得贵子。‘感激心情无法用语言表达，，，有时间去北京看您。’这是当送子观音最幸福的时刻。我爱你们。[爱你][哈哈][鼓掌][大红灯笼],1,test,weibo_social
赵传大哥M空间演唱会圆满结束，庆功宴上大家玩的都很嗨[鼓掌]，不过，姜还是老的辣，唱的是真好哇[耶][耶][耶],1,test,weibo_social
中海油最近是怎么了[抓狂],0,test,weibo_social
对于南戴河的“临海公寓”，原本真有点小动心――好几位盆友都买了。文艺如你，自然懂的……但前夜，因为修路和车祸，被堵在回京高速路上寸步难行，四周全是颤颤巍巍的超载大货车，和摇摇晃晃的双层卧铺大巴，3个来小时的路程愣是哆哆嗦嗦开了8、9个小时……嗳，我还是北京龟缩着吧[晕],0,test,weibo_social
特逗?看看~//: 人家有十多亿票房撑着你怎么斗的过人家？ //: //: //: 王自健把周立波的家丑全都搬出来了[怒骂]！评：得道多助，失道寡助，做事要讲分寸。,0,test,weibo_social
[鼓掌] //://?波:,1,unlabeled,weibo_social
边路需要持续地给对方压力，需要上郜林和荣昊，这时候郑龙要在就好了[泪],0,train,weibo_social
"【触摸朱丽叶】在著名的“朱丽叶阳台”的左下方的院子里有一尊与真人比例相同的朱丽叶青铜塑像，轻柔的长裙衬裹着她那苗条的身姿，她左手曲在胸前，右手提起裙子的一角,亭亭玉立，她是年轻人心目中的“情圣”，据说抚摸朱丽叶铜像的右手臂和右乳房会给情侣们带来好运。据说已经换了好几块胸了[哈哈]",1,test,weibo_social
挑挑就好了，培养咱家儿子干这事//:我是伪有机吗？我确实怕虫子[悲伤][悲伤]//:回复:以后我们卖虫子吧？ //: 的芹菜在冰箱放了一周虫子还活着 //:这个的确怪我！我家虫子与菜是共生关系！,0,test,weibo_social
前日在重庆一百货为母亲节买礼物，后到客服处领取赠品，一工作人员头也不抬说道：＂ling sha zi＂，咱听不懂啊[晕]，亲，能给姐说普通话吗？！他又来一遍：＂ling sha zi＂[吃惊][吃惊][吃惊]极度晕，＂你傻子？！＂[思考][思考]这下他抬头了，大喊一声：＂领什么？！＂,0,test,weibo_social
怎么回事，我也来一糖呗//: //: 你去马来呗 //@?文?的喵星人: [晕] //:[衰]//: 刚搜索证实了下，往返30元，好便宜哟~,0,test,weibo_social
英国人做事的效率真的不敢恭维！[怒][怒][怒],0,unlabeled,weibo_social
两个膝盖又酸又疼，看来我是老寒腿的，一变天就有反应[泪],0,train,weibo_social
回复:[哈哈] //:晚上少喝。。不了[偷笑],1,unlabeled,weibo_social
晚上一碗米饭，吃撑了！[哈哈],1,unlabeled,weibo_social
我在这里: IFC打不到车[泪][泪][泪][泪],0,unlabeled,weibo_social
这销魂的手是谁家的啊？[围观] 敢紧领走，要点歌了[嘻嘻],1,train,weibo_social
[衰] //:[哈哈]好欢乐～,0,test,weibo_social
那个红罐的加多宝真是难喝[失望],0,test,weibo_social
[太开心] //:同学们不赖啊[鼓掌] //:规规矩矩话！[酷] //:五点起床伤不起[泪][泪],0,train,weibo_social
等?回?我?安排！[哈哈] //@??甯:我要看我也要看,1,train,weibo_social
回复:亲爱的 有好几个亲预订了 后面的货了 要不如果有跑单的 或者是再有新的到货 我发微博好不 //:后面到货能通知么[泪][泪]想要[泪] //:回复:都卖了 再给亲找同款的 //:还有吗？,0,unlabeled,weibo_social
美妙的周末，有老爸做的大餐陪伴，幸福的冒泡……[泪],0,unlabeled,weibo_social
早安爱生活的人们[爱你],1,train,weibo_social
周末集中见宝宝们[爱你] [爱你] ！F大人和娟的洋娃娃宝宝好重好胖[哈哈] 潇风小朋友睡着不起呀只能看视频啊[泪] 美女妈妈风采依旧，帅而酷的爸爸怎么变的儒雅了？ Jimmy的宝贝儿子美貌惊人，堪比泰勒当年，秒杀众人！快抢啊，赶快订娃娃亲啊[馋嘴] 还有好久没见的好朋友！周末过得惊心动魄，开心！,0,unlabeled,weibo_social
这国家TM没法呆了，真TMD[怒] //:今日深圳中院宣判的19宗案件中，有2宗就是在拉面中添加硼砂，被告分别被判刑2-3年。,0,unlabeled,weibo_social
今日玉龙。每天都有同学问我这是在哪拍的，这是在丽江古城外的清溪水库，两地间距不到四公里。每天早晨跑到这里拍照片拉仇恨是我早起的最大动力[嘻嘻][哈哈][衰]祝大家万圣节快乐！,0,unlabeled,weibo_social
看《最美的时光》被苏蔓和陆励成虐惨了！[泪]谁说一个人一次只能看着一个方向？ 你倒是看看身边的 啊！?不管你是想靠“打油诗”混全场被 揭穿，还是突破尺度现场热舞，他的眼里只有你啊只有你！[哈哈]今晚（1月4日）20:10快乐大本营，最美的时光，给你最美的结局！,0,val,weibo_social
单臂长袖斜肩长筒连衣裙 //:哈哈//: [哈哈],1,test,weibo_social
台式电脑屏幕上又贴满了黄便签，一抬头就一脑门子官司[怒] 很多事要去做、去解决，逃避不是办法。如果事情注定要发生，就要勇敢去面对；如果结局注定不完美，也要勇于承受，你说对吗？[挖鼻屎],0,test,weibo_social
回复:是啊很像的[哈哈] //:好像有张震岳。,1,test,weibo_social
"打架,人仰马翻,有时候闲的没事打打架,活动活动嘴皮子,省的长锈,然后闲的发慌再可劲儿往对方心窝上踹两脚,舒服啊!!秋高气爽正是打架日![怒骂][泪][生病]",0,val,weibo_social
早上好啊，天气真不错[太开心],1,unlabeled,weibo_social
看到JSTV的F4，想到哥那时的Nokia8250和当年的青葱记忆，虽没有泪奔，但还是唏嘘[悲伤],0,unlabeled,weibo_social
又一位收到的了，好高兴[太开心],1,train,weibo_social
把这个打印出来贴墙上，忙起来总是忘记喝水！[衰],0,unlabeled,weibo_social
我们不应该谴责这两位老人！应该追寻这背后的原因！是什么原因造成两位老人这样滴？这不是两位老人滴悲哀，是有关部门滴悲哀，是社会滴悲哀！ //:可怜人必有可恨处，这个问题，不知有人想过没有？ //: “如果有一天我老无所依，请把我埋在时光里……”[泪],0,test,weibo_social
早晨5点起床，６点奔机场，现在才到酒店，一路看了七集?潜行狙击?，头疼[晕]，酒店不错，窗户看出去泳池和瀑布,0,test,weibo_social
耶~~[耶]打进清台[鼓掌]自己训练只能自娱自乐了[偷笑],1,unlabeled,weibo_social
回复:是因为，找对象的多。哈哈哈元旦快乐 //:年轻就是资本。元旦快乐！//:单身的比较有拼的力量[哈哈]//: 堂主新年快乐[求关注]//:[good]元旦快乐//: 而且比较靠谱，接地气,1,train,weibo_social
他爸爸把文章发表在这里了，偶看不懂[晕],0,unlabeled,weibo_social
回复 :呵呵，不好意思啊 //:现在是晚上十点啊！[怒骂] 杀人啊！！！！[可怜] 不多不少的鸡油泛出的油花，多好看啊！ //:不错吧！ //:哗,0,test,weibo_social
美吕打广告[哈哈][good][威武] //: [哈哈][哈哈][哈哈],1,train,weibo_social
木看到[泪]//: silicon valley from Jerry Seinfeld //: 这么说今天在望京一号遇到的那一桌可能真是国产硅胶,0,test,weibo_social
你们在吃饭，我在跑啊跑！[泪],0,test,weibo_social
把我的脸都挡住鸟[泪],0,unlabeled,weibo_social
[泪] 如果可以重来//:[good]北大才女 北大毕业典礼演讲,0,val,weibo_social
今儿早点，美厨娘-楠意 亲手做的萨其马、双色米糕！萨其马甜度再降降，多降降。米糕有发面的甜味儿，挺好。就是边儿的纸粘上了，刚拿到手就摘下来可能好得多[爱你]谢谢,1,unlabeled,weibo_social
那你来试试我的奶茶！乌镇台客栈 //:我是奶茶控[偷笑] //:差不多可以计划来乌镇了！ //:好想念呢[悲伤] //:必须的 //:奶茶…,0,test,weibo_social
[衰]//:戳给日夜奋战在各个立场上产品黑和公司黑们,0,unlabeled,weibo_social
呃，我埋过一只小鸡，过了几天又手贱去挖开来看，结果，结果，全是虫子啊，全是虫子，我记得我一路嗷嗷叫冲回去的，小心灵受伤害大了[衰]//: 什么叫牛叉？牛叉就是做到你们做不到的事情[汗]我承认小时候只做过边哭边把去世的小鸟埋了过两天好奇得不行又挖出来看了看这种没种的事[可怜],0,unlabeled,weibo_social
[晕] //： //：额~~[可怜]//: 以后尽量少戴吧,0,train,weibo_social
//:[衰]//: 呐 无节操啊//: 帮扩//: 帮扩 //-wf://:求大家帮忙扩散了，做生意确实不易，何况都是自己喜爱的东西[泪] -MIKU魂熊猫-flyvaan ???摸,0,train,weibo_social
日本东星斑、金鱿鱼、竹荚、秋刀、日本大扇贝[嘻嘻][嘻嘻],1,unlabeled,weibo_social
[衰] //:无,0,unlabeled,weibo_social
右边能再潮点吗//：一汪水[泪] //: //:妙。 // : // : // ：hahahaha XIAO LE! // ：蛮...眼熟的... // ：。,0,val,weibo_social
我为蓝瓶代言 [哈哈]风韵神似，此人要火也！[偷笑] 详情:,1,train,weibo_social
开家长会也是体力活，2点半开到现在还木有完[泪],0,test,weibo_social
有那么多钱外援却不自治，这就是为什么一直在＂发展中＂了[晕],0,test,weibo_social
[哈哈]吃不完会坏吗,1,unlabeled,weibo_social
我怎么一点印象都没有。[晕],0,unlabeled,weibo_social
[可?]//: 嗲嗲的//:粽艾一绅，钟爱一生[可爱],1,unlabeled,weibo_social
恩，我在店里，演出精彩进行中，歌手都很优秀 [鼓掌]//:白玛现在建国门店驻唱~//: 玛吉阿米需要像白玛这样的民间歌手，他自己也想来北京试试，所以好事多磨地来了//: 去年往川北甘南，坐白玛的车去了扎尕那、鹿鸣谷，一路为我们唱歌，在山野客栈里，拍了这段视频。,1,unlabeled,weibo_social
"[可爱][可爱]太有爱了,立刻去亲了下正把脚搁在我肚子上睡得天地不知的瓜童鞋的胖脸。[太开心]",1,val,weibo_social
这广告收了多少钱？//:凭咱这身材，几百米怎么也得跑上一万来步吧？[嘻嘻],1,unlabeled,weibo_social
行行出状元！ [赞]//:Accor Professional Challenge活动已经开始报名啦，获胜的两名同事即将赴法国参加全球比赛，[花心]各位酒店的同学还等什么呢？[鼓掌][鼓掌]，如果你还没有加入雅高，想与世界高手一决高下的各类酒店高手们，现在加入雅高也还来的及！[嘻嘻],1,test,weibo_social
//://?-小尖果儿: 都来啦[太开心]//:大半夜的转一个[嘻嘻]，都来呀！[太开心] //:就在今天，我们不见不散！,1,unlabeled,weibo_social
刺！要招翻译吗？深情演绎穷横穷横[衰],0,unlabeled,weibo_social
厨房滴童鞋们，工作很辛苦，请打起精神配合一下！[嘻嘻]1、2、3... 茄子。。。[耶],1,test,weibo_social
更多旅行推荐和分享[鼓掌]会在悦旅T+L club中呈现，现在就报名参加吧。[鼓掌] //: 贵都下午茶 谢谢分享哦。一点点精致，就可以让生活变得很美好,1,unlabeled,weibo_social
夜深了，做为妇女用品，我承认我没用[衰],0,unlabeled,weibo_social
求辟谣[怒]//: [吃惊]//: 真的吗？ //:求辟谣！[话筒]//:求辟谣。如果是真的，恐怕是李天一后面那几个人的力量更大吧,0,test,weibo_social
看了《忠犬八公》，我哭了！感人的小八让我明白了忠诚的意义，那就是：“不要忘记所有你爱过的人！”八公是我心目中的英雄！！[泪][泪],0,test,weibo_social
[衰]！！！-wu //: //:大神太尼玛会玩了啊，Fast6的赛车部分应该找他拍！//: 这……真的是人车合一，大神……山脊赛车也没这个有想象力啊！,0,unlabeled,weibo_social
[泪]周一家里电才买回来，带着媳妇儿孩子跑酒店来了。桑不起，这一套装备深深的出卖了我是个it民工。 我在这里:,0,test,weibo_social
哎…人类是最无情的动物吗[泪] //:戳中泪点了居然……//: 你妹！真的哭了啊！这种毫无逻辑牵强附会故意煽情的东西！【眼泪哗哗流……,0,train,weibo_social
[威武] //:[围观] 有飙泪的冲动！[泪] 这才是原汁原味。。。唱的真的是超级棒,0,test,weibo_social
我也认为这个不能转 @?? 你说对吗？//: 是的！这种最好不要转！转了不太好！//: 是啊，都别转了。//: 右边是对的，这种未经证实的帖子最好不要转。//: 决定不转 //:这个……我还是不转吧//: 不敢转//: 都不敢转了…[泪],0,unlabeled,weibo_social
?人！急！[泪],0,val,weibo_social
[挖鼻屎]有一天上帝早报公布爆炸新闻：天朝偷取了14亿中国人累计上万年的时间，天朝丧心病狂，居然对外星生命竞标控制时间的装置，不把时间装置拨快还不订购。总觉得现在的时间比记忆中的过得快，原来真相在此//: 怎么可以这样？ //:这些王八盖子！[怒] //:,0,unlabeled,weibo_social
赶快去挑一个送你//:哇唔，走过路过不要错过，话说有没有适合我的包包啊[嘻嘻]。,1,unlabeled,weibo_social
[晕] //：[嘻嘻],1,test,weibo_social
昨晚梦到自己被超下来了~[晕]求解梦 //:卖票多余座位是全球惯例，但是这样的谎言回答就可笑了。在美国，发生这样状况的时候，航空公司会提供奖赏（例如价值数百甚至上千美元的代金卷，另保证上下班飞机）让乘客让出位子，然后不断增加奖赏，直到有足够的乘客让位为止。,0,val,weibo_social
我死这都值了[抓狂],0,test,weibo_social
早知道就不快递了，今晚还去了郫县..[衰],0,unlabeled,weibo_social
太残忍啦人类！//: 啊？难过死啦[泪]//: 为什么，为什么！天哪！我们已经享有地球上那么多资源，为什么还要这样贪婪！我会像拒绝熊胆制品一样，一生拒绝象牙制品[拳头][拳头][拳头],0,unlabeled,weibo_social
【乌镇（西栅）韩文网上线试运行】韩国朋友帮乌镇制作的网站，于今日上线试运行，内容涵盖了吃住行游购娱等基本信息，有懂“哦吧”的童鞋，请帮忙提出宝贵意见哦。[抱抱] 传送门： 来自星星的你很火哦，都教授表演很给力，不过印刷术源自中国，乌镇也是中国的哦[挤眼],1,test,weibo_social
。。。。我确实有装彭博，看评论我表示很不淡定 //:真假？ //:知道真相的我，眼泪掉下来[泪],0,unlabeled,weibo_social
今天生日，三里屯做完头发去南锣鼓巷，人多的要命，进的去出不来[晕] 大掌柜好好，8拼蛋糕[爱你]，打开消灭两块，榴莲和蓝莓芝士[馋嘴]。话说大掌柜又买车了[花心]，捷安特牌的[酷],1,test,weibo_social
怎么上营业厅就成了2B青年的呢？您这营销人员是不是改下岗了，脑子问题不小啊！[晕][晕] //:文艺青年们，大家一起充啊！！！,0,unlabeled,weibo_social
这…这抢钱呢？真是再穷不能穷教育啊！[抓狂],0,unlabeled,weibo_social
//: [泪] //:[蜡烛]//:[蜡烛][蜡烛][蜡烛] //: 沉痛转。 //: [蜡烛][蜡烛] //:[蜡烛] //:无,0,train,weibo_social
长的太美了 所以肯定是[嘻嘻],1,test,weibo_social
[哈哈][哈哈][哈哈]//:开心一刻,1,unlabeled,weibo_social
我本一心照明月，奈何明月照地沟[哼]//: 能不伤心嘛[泪] 你这个混蛋//: 我有点小伤心呀，你呢？//: 终于出版了，强力推荐！,0,test,weibo_social
最近很郁闷。朋友王海波老找我以前给他介绍的朋友和合作伙伴借钱，只能让朋友都小心点。我和王说:我也缺钱，可是只能找亲戚借，找朋友好意思吗？反正我是文人，开不了口。[衰],0,unlabeled,weibo_social
回复:[哈哈]现在男女都越来越不自信 //:晒出硬条件来找就是个错误，引来发不可能是真爱，说不定好人家女孩子看了还倍感厌恶，赤裸裸一个长相没自信靠物质来炫耀和撑腰的坏男人 //:三个月都不用，现在不讲爱了[泪],1,unlabeled,weibo_social
回复-MissSolo:[汗][晕] //-MissSolo:回复: 哇，你的头像也换成这么萌的了！,0,train,weibo_social
我的双12！一年才一次，我要BUY?[泪][泪][泪][泪][泪][泪][泪][泪][泪][泪][泪],0,val,weibo_social
道德无底线，部分人的麻木和残忍让人不寒而栗。//: 太可恶了[抓狂],0,unlabeled,weibo_social
第一步是要努力去接纳自己不想接纳的事情，刚开始哭着，后来呆若木鸡，后来就笑着，不用大笑，微笑就行。[心][泪][困][亲亲][心],0,unlabeled,weibo_social
[爱你]哇塞~好怀旧的呢！那位客人一定是上海老客勒吧~[赞],1,val,weibo_social
回复:今天还在值班啊[抓狂] //:回复:明天我就休喽,0,test,weibo_social
编辑呢[衰],0,unlabeled,weibo_social
[抓狂][抓狂][悲伤],0,test,weibo_social
太激烈了！谢谢大家的爱[泪]，拍品继续进行[哈哈],1,unlabeled,weibo_social
[哈哈]强的！ //-小小马:这个可以[哈哈],1,unlabeled,weibo_social
[泪][泪][泪]猫小D只会把逗猫棒叼给我,0,test,weibo_social
?到老家，一??，心情复?的走向己瘫在床上三年的姥?，活着对他来说只剩下微弱的吞咽！姥?啊！如果我是那?掌握生死簿的人，是留你?是?你快快的去了??！[泪][泪][泪],0,val,weibo_social
超喜欢这版本的无所谓说实话比昆哥唱的好[哈哈][哈哈]可惜了[泪][泪] 我在:,0,test,weibo_social
//: //:[鼓掌][鼓掌],1,val,weibo_social
[鼓掌]//: 多谢光临文华厅,1,unlabeled,weibo_social
真让人买不下手啊…让你们这些老烟鬼瞧瞧… -jason [衰],0,unlabeled,weibo_social
可以公开交易了[嘻嘻] 恭喜孙老师[鼓掌],1,unlabeled,weibo_social
[悲伤][悲伤][悲伤] //----彼得张:想起麻线胡同里的煤厂 //:,0,unlabeled,weibo_social
被戳是种历练，想起小时练琴时被老师各种拿着弓戳屁股纠正姿势[泪]。恩，只是现在的被戳换成了面前那块散发着悠悠辐射的冷光屏，享受被戳的人生。,0,unlabeled,weibo_social
[泪]还是限号好…,0,test,weibo_social
各种雷[衰],0,test,weibo_social
有的都满了[泪] //-:期待呀哈哈，不过最想探究的四合轩没有参加他们太坏了[泪][偷笑][偷笑][偷笑],0,unlabeled,weibo_social
同[?] //:新年上班第一天依旧要挤公交挨冻思密达~~~[泪][泪][泪],0,unlabeled,weibo_social
今天下午去超市，听见背后一个阿姨的声音：＂你看那靴子看着不是挺好的吗？＂然后一个少年的声音：＂哪个呀？＂阿姨的声音：＂就那个，前面的那个，穿红羽绒服的那个小胖子。纵观整个超市，就我一个穿红羽绒服的呀，我真成胖子啦[泪]最伤人是是少年的结束语：＂哦，那靴子适合胖子穿[抓狂][吃惊][泪],0,unlabeled,weibo_social
//: 从没领过加班费。。。//: 没加班费的怎么说？ //:?丝不要命啊。。。//: 事是公司的，命是自己的，真要出事赔偿会影响财报的，注意人身安全啊[委屈]//:必须增加饭补啊！万恶的渣浪！[怒骂],0,val,weibo_social
终于迎来自欺欺人的节日//: 愚人节快乐//:[嘻嘻]求评论//: //: 呵呵！人民群众的智慧都被激活了！ //: 重温了。,1,test,weibo_social
//:欢声笑语围绕你，健康好运陪伴你；平安福气罩着你，吉祥如意绑着你；温馨问候靠近你，美好祝福送给你。童鞋们努力转发吧[抱抱]！支持清华大学出版社经管与人文分社，奖品很[给力]呀！ ！,1,unlabeled,weibo_social
[鼓掌] //：真好听！！！,1,unlabeled,weibo_social
这辈子最恨的就是偷手机的！！！[抓狂],0,val,weibo_social
不约会不谈恋爱不出去玩不喝酒不逛街不疯不闹不叛逆不追星不暗恋不表白不聚会不k歌不撒野，这就是现在的我。[伤心],0,unlabeled,weibo_social
超好，多发点儿[哈哈][鼓掌] //:,1,val,weibo_social
史上最难念对联【九江南湖公园里的一副对联，你会念嘛？[拜拜]】网友 在九江南湖公园发现一幅对联非常怪异，上联前四字分别由1～4个“日”字组合成，下联前四字分别由1～4个“月”字组合成（见图片）[思考]别说释义了，能一字不落念出来就很了不起了[衰]你会嘛？,0,unlabeled,weibo_social
一直在努力的追求高品质的生活，可常常却满足于吃了一碗合自己胃口的方便面，最后连面汤都喝得一滴不剩[泪],0,unlabeled,weibo_social
旗袍我的最爱，再自恋一把[爱你],1,test,weibo_social
"午饭时间,怀念一下曼谷物美价廉的美食, 某大商场里的时尚餐厅, 货真价实,色艺俱佳,关键是价格合人民币也就二三十[馋嘴] 这价钱让北京CBD里吃盒饭的白领们很受伤[泪]",0,unlabeled,weibo_social
【混乱工作模式，今日启动[晕]】从今天开始：上3天→休3天→上6天→休1天→上2天→休7天→上5天→休1天！小伙伴们，别忘了及时调整闹钟哦！[偷笑]（图片选自网络）,0,train,weibo_social
艾敬工作室 //:艳粉街更有深度。[泪] //:,0,train,weibo_social
没素质，没文化，没教养，没见过世面，没大脑……这些都不可怕，可怕的是时时处处都表现成这样，更可怕的是成群结队地时时处处都表现成这样！真丢不起这人！我心碎啦！！！[伤心],0,unlabeled,weibo_social
塔斯肯，真正触碰心灵的声音[威武]//: 真正诚挚的好声音，你看见阿妹眼中闪烁的泪花了么？[泪]复活成功的他，相信还能带给我们更多的惊喜！[爱你],0,val,weibo_social
回复 :你像韩国滴[哈哈]中华旅游名博贵州行 //:[兔子][兔子]苗族！答对有奖吗？小妞我也是苗族的！[晕][晕][晕],1,val,weibo_social
几经周折，我人上了飞机，球杆却来不及中转[泪][泪][泪][抓狂][抓狂][抓狂],0,unlabeled,weibo_social
刚在群里看到的。谁给这张照片起个名字呀？[哈哈],1,unlabeled,weibo_social
我也抑郁了很久[委屈]//: 哭着读完，然后很长一段时间的抑郁[悲伤],0,test,weibo_social
好不容易昨天有空匆匆?去?州去?桂花冬酿酒，?然冬至只??天，但都?光了，只???酒店阿姨的一句「明年再?」，差?要?我心碎悔恨一年，?好後?在小窄巷?的破??找到最後?瓶，往年都?程去?一打回?，有?於今年只?到三瓶，所以今年不分??人了，自己通通喝掉。[嘻嘻],1,unlabeled,weibo_social
老友相见，各种豁出去，滴酒不沾的人，也控制不住来一杯。[汗]可是啊，回家就开始头疼，牙痛通通袭来。。好痛苦。。发誓撒，以后定不再碰这杯中物。。。[泪],0,unlabeled,weibo_social
//:直接吓尿[衰]期待！,0,unlabeled,weibo_social
//://: //:[抓狂],0,test,weibo_social
介个也要分上下部的嘛？？哈利波特耗了我7年滴青春，暮光还要瓜分偶2年？？[泪] //-jojo：个是国外的上映时间吧//：等..,0,test,weibo_social
过分[哈哈] //: 还讲不讲D性了啊~~~[g得瑟]//: 太没底线了。。。[哈哈]//@?青子: [笑哈哈]//: [哈哈]//: 真会P！[哈哈],1,train,weibo_social
回复:天哥，眼睛还是好使的，没在巷子里吃，在市井生活，喝了杯8元毛峰，听了段长板川腔。 //:陆兄，喝茶可以，别贪嘴，巷子里已无货[衰],0,train,weibo_social
多事并行，主攻一件最紧急或最重要的。即使你有人可以帮执行，还需监控重要环节。现阶段只有这样[晕],0,train,weibo_social
//:此举有创意、有味道。[哈哈] //:回复:我们已邀请《中国好声音》总导演金磊来长春参加开播仪式 //:网上有视频可以看吗？ //: 我们-- 歌迷好期待啊！麻烦郭主任 播出前一定要记得预告一下通知大家收看啊！,1,val,weibo_social
那个逆天的起身~~这不科学！[抓狂] //:看傻眼了！,0,unlabeled,weibo_social
买护乎品滴时候，被营业员说得天花乱坠，买回去又不好用又太大灌，[泪],0,unlabeled,weibo_social
经典语录：1?（当我跟她说了热奶事件）兔拉拉！怎么每次和你见面，你都把所有钱都给要饭的了？（[衰]妹。。我哪有？！）2?（当我从厕所出来，她递过来帮我拿着的半罐热奶）兔拉拉！拿着！奶！（[偷笑]哟荷，我长辈分了？）3?（当我把路边电箱看成垃圾箱，要扔奶罐）兔拉拉！你眼瘸啊？[泪],0,unlabeled,weibo_social
风--花---雪---夜[嘻嘻] //:,1,unlabeled,weibo_social
大山深处的夜好吵，虫鸣，流水，风声…难道因为负离子含量太高？这会出奇的清醒……另，爬上来上瞅瞅真心不易，信号那显示都是个圆圈啊[泪],0,unlabeled,weibo_social
[怒]工作人员自己怎么不给家人每人来一张贴自己家里呢？风景画嘛！！！,0,unlabeled,weibo_social
你又给我下目标了？[泪] //:帅呆了,0,unlabeled,weibo_social
撞“婚”。。。你遇到过么？！[衰],0,unlabeled,weibo_social
[哈哈][哈哈][哈哈] //:[哈哈]//@?形人自?小?星:睡于棺，君甚?get√: 哈哈睡于棺,1,unlabeled,weibo_social
早睡早起精神好！你信吗？困[抓狂]稍显忙碌的周一，今天你堵了吗。。,0,unlabeled,weibo_social
这个世界太疯狂了//: [衰]我被雷焦了//: 保安哥哥很危险，一不小心就会被那些女生拖入草丛！[哈哈] //://: //: 各种汗！[汗],0,test,weibo_social
求实，能向病人丢东西的医生还第一次听说 //:败类，也配当医生 //:这种医生估计还有很多，那张脸是有多狰狞啊? //@?哥-有?困://: [怒] //:败类！//??: 还有这种人[怒骂][鄙视] //: 。,0,unlabeled,weibo_social
[哈哈]确实，大家花钱在吃的方面很大方，花钱支付给应用就觉得“亏了”，因为吃饭这事没法“越狱”吧，否则一定也都去吃免费午餐了。,1,unlabeled,weibo_social
[偷笑] //://-北京:[衰]IPO吧,0,unlabeled,weibo_social
此图把虾一的整理天赋发挥到极致，佩服的五体投地啊。搬家时打包，我只要在旁边喊加油就够啦[偷笑][偷笑] 我们俩在家也是做饭的哈。我们的调料组[爱你],1,unlabeled,weibo_social
太心水了！家里是铜的，工作室只能用电磁炉，所有就只能重新买啦...[泪],0,unlabeled,weibo_social
【收看方式】登录视讯中国官方网站 享旅游频道或潮体育频道收看精彩节目！！！快快行动起来吧！！！[嘻嘻],1,test,weibo_social
有反骨，来日或成大器？ //:[衰],0,test,weibo_social
混蛋//:不管真假，看住孩子[衰][汗] //:微博上假消息、真新闻混杂，区别是什么呢？这里传授大家一个不二法门：首先，假消息要有”豹头“，当头棒喝，比如”什么世道！什么世道！“；其次，假消息要有”凤尾“，直抒胸臆，回味无穷，比如”发微博的时候我的手是颤抖的“[酷],0,unlabeled,weibo_social
用手机看了一个小时视频，还下载了一堆东西，突然发现忘把家里wifi打开了，应该不会一下就超了这个月流量吧。。。笨死我算了[悲伤],0,test,weibo_social
乐劈了~//: //:回复 :传说中的信冷淡~~~ // :转发此微博:[哈哈][哈哈][哈哈]我上次回了这样的短信。那个人不理我。太冷淡了[泪][泪],0,unlabeled,weibo_social
[鼓掌][帅][赞]本来今晚要去看的 结果还在演播室悲催[可怜],1,train,weibo_social
[怒] //--酒店人:[围观]无语！,0,test,weibo_social
//: 帮转 //: 1 //: //: //: //:[怒] -风范 //:,0,unlabeled,weibo_social
回复:我这里已经晚上9:20了 //:还不到吃饭时间，肚子就呱呱叫 //:[思考] //:[怒],0,unlabeled,weibo_social
如果没记错的话，应该是穗港澳ACG展搞了这么多年第一次取消....最惨的还是参展商，还有( )的演唱会听说也被迫取消（好不容易买到的票子[衰]）..,0,val,weibo_social
[汗][汗][汗]晕了，是马年，还真是马上出差的节奏！本来今晚还有朋友约了一起吃饭的，现在也吃不成了[抓狂][抓狂][抓狂]……,0,test,weibo_social
用钢丝球就把锅全毁了[泪][蜡烛]。等我今天拍完再说哈。同志们，你们听我一句话，钢丝球这种东西，就别进咱们家门儿了，擦什么都不合适。它的存在，我也不知道是为了啥[汗]//:怎么洗的啊！[疑问]我用铁刨花擦都没有你的干净！求解？！,0,unlabeled,weibo_social
最右是最牛的表扬[嘻嘻]//:嘿，你占我便宜不是！[怒]//: 真是好孩子，比他爹强[哈哈],1,test,weibo_social
回复:嘻嘻好的沈老师下周我们就考试啦高技实操 //:[嘻嘻]您下周二继续上节目么 //:哈哈试试运气 //:烤鸭[馋嘴] [嘻嘻],1,test,weibo_social
哈哈一定一定 //@-啷哩个啷-:你可真贴心啊[威武]亲 我也祝你 早 日快乐呦[偷笑][偷笑][偷笑[亲亲][亲亲][亲亲]],1,unlabeled,weibo_social
能养出这样的孩子的妈也一定不是什么好东西，一定是对她的父母也这样过！ //:天呐这孩子。。。[衰] //:[怒][怒][怒],0,unlabeled,weibo_social
一堆的疑问？？？等待答案。//：[怒],0,test,weibo_social
还真像[哈哈],1,test,weibo_social
童鞋们早[可爱],1,unlabeled,weibo_social
太给力啦！[威武][威武][威武] //: 哈哈..[奥特曼]//:梦幻明星范儿！[鼓掌],1,val,weibo_social
这协议也能公开？[哈哈] //: 你的协议怎么会到别人手里啊？太不小心了！,1,test,weibo_social
最大的无赖，流氓不讲理的是国企！ //:// :nnd……[怒],0,test,weibo_social
2月6日开业。。[鼓掌],1,unlabeled,weibo_social
赵兄托你帮我办点事！ //:[鼓掌],1,unlabeled,weibo_social
没有之一[嘻嘻]只有唯一[威武]景谷水印[围观] //: @,1,test,weibo_social
无国界即时贴德国猪猪博物馆最大的展品~在巴塞尔奔跑了23年的粉色猪猪电车就要来斯图加特了，盆友们可以去这个猪猪的世界看他啦[抱抱],1,unlabeled,weibo_social
今天重新下载腾讯扣扣空间客户端，又惊艳到我了……[衰],0,unlabeled,weibo_social
流?!!!//???: 姿?[good]//:森赛你来教我打野球好么[泪],0,test,weibo_social
[给力] //://:[偷笑] //：[泪][奥特曼] //:哈哈。请 好好看看。,0,unlabeled,weibo_social
一生总在为土地奔波着是一件可悲的事~[衰],0,unlabeled,weibo_social
@?氏?? ：“爸爸[疑问]啊呀！？原来我的足反射遗传原自你[抓狂]”@??兔拉拉,0,test,weibo_social
都应该死刑~~ //:这些混蛋！！全部进入恶鬼道！！[怒骂],0,unlabeled,weibo_social
消费男色的时代[哈哈],1,unlabeled,weibo_social
本来计划去澳门看烟花的，去不成了[泪],0,train,weibo_social
路边风景好的想骂人……[泪][泪],0,unlabeled,weibo_social
//: 哇哇好福利哇300粉丝！[抓狂][抓狂][给力] 钟汉良爱神来了！[心]//:官博真是午夜党啊,0,unlabeled,weibo_social
伴君如伴虎啊!!![抓狂] //: //：真是杀鸡给猴子看 //：吃独食，谁也别想分一杯羹。 //：这个给力！不知中国的奴才们看了后有何观后感？,0,train,weibo_social
我小时候父母上班我由保姆带，有一天我妈忘记喂奶，回来发现保姆在喂我吃安眠药。 //-赵桉:这个和猥亵幼女一个级别，都应该处以极刑[怒],0,val,weibo_social
好大的阵势。观战[嘻嘻] //-奇咕:一切背离了以盈利为目的得商业战略都是耍流氓！但是对老百姓来说：除了免费白送得价格战争者都是大流氓！,1,train,weibo_social
"[鼓掌][爱心传递][给力] //:[鼓掌]:好的食材，好的烹调，都揉合到一起，未必就是""1+1=2"" 的效果。以""蚝"" 为例，富含蛋白质，若果同类的食材大量不断刺激口腔，使蛋白质凝固就会产生的一种收敛感觉，也就是通常的涩味。因此，菜单的设计者作用就尤为重要，以合适",1,train,weibo_social
蛋疼得厉害，cha，郭 。。。//: 讨厌方的这种作风。让人怎么支持你啊 //:[哈哈] //:是真的么。。//: [偷笑] //:现在你们还不相信爱情么？[泪] //: 。。。 // //: 禽兽！！快放过韩少！有本事算我的身高呀！,1,unlabeled,weibo_social
我要代表月亮――消灭Flash！[泪],0,unlabeled,weibo_social
海航气象台【南方再迎大范围雨雪】今天开始，南方新一轮大范围雨雪再度铺展开来，大部地区以小到中雨为主，其中，贵州西部和北部、长江中下游等地将有雨夹雪[雪]气温低迷，阴冷依旧，最高气温普遍是个位数[衰]而北方，未来一周雨雪稀少，银川、西安、石家庄、北京难觅雪花踪影[失望]，出行注意天气哦,0,unlabeled,weibo_social
生日快乐。我们都要听小曲儿[偷笑] //:周周生日快乐！[嘻嘻]我们都爱你哦[爱你]~是吧，各位亲,1,train,weibo_social
一个镇不差钱啊//:苏州织里镇，曾经出过重大群体事件的地方[嘻嘻] //:知里是哪里？,1,train,weibo_social
再见了，高贵冷艳古典乐迷，小叫花子你们好[泪],0,unlabeled,weibo_social
无论富与贫，用心都可感受身边的小小幸福！痛并快乐着，太实用了！[哈哈],1,unlabeled,weibo_social
今天那个忙呀[晕] //://: 晚饭是在杨桃院子同个老板开的?捞海坞?解决的，闹中取静的一个院子，环境很小资，服务态度也超好。感叹下鼓浪屿的时间确实是用来浪费的，到处都是幽静的环境，慵懒的音乐。。,0,test,weibo_social
村里找不到好的理发师，无论是60块还是10块一个头，都一样明着暗着各种不耐烦想方设法偷工，俺还不敢急，怕他们丫像《敦厚的诈骗犯》中的晋吉一样在脖子上给俺来一剃须刀[衰]受不鸟他们丫的鸟气，头发叉耳朵一刻不能容忍，俺决定自己剪，大不了剪个超级个毛寸。还有爱自己剪发的么？,0,val,weibo_social
[抓狂]这么恐怖是吓人的吧？ -懒欣欣 //:,0,unlabeled,weibo_social
夏天到了，这个可以有，穿上它踏踏实实挤公交和地铁吧！超性感，夏日防狼全毛腿丝袜，姑娘们出门儿必备！[抓狂],0,unlabeled,weibo_social
新店导航【大年初一】新开的大饭店，纯东北农家风格，味道很不错。 光顾吃了，没拍菜[抓狂][抓狂][抓狂]据说菜色还行，味道挺不错，靠大鹅好吃，农家的每天现杀，菜饼子好吃，装修好有农家特色啊[哈哈][哈哈],0,test,weibo_social
出席「2012百大葡萄酒评选颁奖典礼」。满目珍品玉液，徒有羡酒情！[馋嘴]葡萄美酒夜光杯，眼空蓄泪泪空垂。[衰][右哼哼][左哼哼],0,train,weibo_social
[黑线]//: [衰],0,unlabeled,weibo_social
佳作！[给力][赞][围观]//: 谢谢陈总编的邀请！[握手]有机会一定去！[哈哈]//: 欢迎一目老师来鹰潭龙虎山采风啊,1,unlabeled,weibo_social
谢谢右边通知！请问 是微博上那个著名的犀利 吗？我的小红花比他/她的还大？喵哈哈！//-誓言: 孟老师快粗线吧！恭喜了 //:邮费就得破产啊[泪],0,unlabeled,weibo_social
报告 我已经把《天生一对》看完了，印度电影好长啊[晕]。不过我现在也很喜欢阿姆利则，还有对他们比赛吃的那个小吃很有兴趣，哈哈,0,unlabeled,weibo_social
Nobody understands my pain. Nobody..so I fucking pray...[抓狂],0,test,weibo_social
夏天就快到了，人多的游泳池水 = 水＋消毒粉＋口水＋尿液＋眼屎＋耳屎＋鼻涕＋少量大姨妈＋死皮＋头发＋头屑＋各种细菌＋脚气＋伤口浸泡破裂流浓＋飞行小虫子＋白带＋精子＋飞行小动物拉屎＋SB不小心爆屎＋放屁的有毒危害物质 ！哈哈哈！ 小伙伴们！相约去游泳池游泳吧！[衰] 「转」,0,train,weibo_social
人生中最跌宕起伏的时刻，莫过于当你准备洗澡脱光衣服，回头看见窗外高空作业正擦玻璃的师傅。简直了，要不要打个招呼呢？[抓狂][抓狂][抓狂],0,val,weibo_social
哈哈，真急了//: [哈哈][哈哈][酷] //:中蓝永远是块神奇的地方[哈哈][酷],1,unlabeled,weibo_social
你在日本怎么吃阿[泪][泪] //:要请这个边样子吃背包伐? //:今天我为了你还没品了麻痹给你面子了,0,unlabeled,weibo_social
转存。//: 国内法律人应该多写这样的书，但有这般文笔、识见、才情的人，太少！[泪],0,unlabeled,weibo_social
[衰[衰]不是人人都行的。 //: [衰]//: [衰],0,unlabeled,weibo_social
[鼓掌][围观] //:[给力]//-OYEEO: 感谢漫话大师的鼓励和支持！我们会继续加油的！,1,test,weibo_social
哈哈//://-北京:很应景的翻译 //:这翻译真真是极好的[哈哈],1,test,weibo_social
疯了！疯了！[哈哈][泪][晕][馋嘴][哼][抓狂][可爱][抱抱][害羞][怒][酷][衰][吃惊][挖鼻屎][鼓掌][闭嘴][花心][失望][思考][生病][怒骂][亲亲][太开心][懒得理你][打哈气][嘘][可怜][疑问][委屈][鄙视],1,unlabeled,weibo_social
闺蜜私享德太楼 建外店 换了新菜单，连服务员都是新的，一问三不知。招牌的宫保鸡丁水准下降到姿色平庸级别[汗]，而那道每次必点的海鲜蟹黄豆腐也取消了[泪]，菜都快吃完了才等来酸菜鱼…好在大煮干丝味道鲜美，略有微咸外，挽回几多分数。 怀念那次三鱼共餐吃的Happy啊[奥特曼],0,unlabeled,weibo_social
今天盒子终于搞定拉[泪] 我在:,0,val,weibo_social
是召唤 吗？[嘻嘻] //:第三件公司周年庆T恤！是不是集满七件可召唤神龙？？,1,train,weibo_social
不看不知道，一看吓一跳！真的是浑然不知的你我他[泪] //: 五分钟让你知道中国的税,0,unlabeled,weibo_social
让老爸老妈操心，是我最不愿意的！但是往往事与愿违！[悲伤],0,unlabeled,weibo_social
今年以来，多个因“挪假”产生的“超级工作周”和“凌乱工作模式”让“中国式休假”再度被推上风口浪尖。原本作为“福利”的小长假被指成为人们的难负之重。[泪][泪][晕] 我在:,0,test,weibo_social
"[可爱]如果你在机场附近又没来得及准备礼物送给心爱的（她）他，就快来首都机场希尔顿酒店吧！我们有可爱的小熊Charles,可口的蛋糕和巧克力供您挑选[礼物] 前5位私信我的亲们，就可以免费获得我们可爱的小熊一个哦[得意地笑]期待幸运的你哦~",1,test,weibo_social
回复:大约在冬季? //:那个什么，排名不分先后对吧？[哈哈]还有你啥时候回来给自行车解锁[泪],0,unlabeled,weibo_social
敢吃逗你玩――理想和现实的差距啊！！！差点笑出翔来...[衰]「图片来自网络」,0,unlabeled,weibo_social
Nepal Day 2：奇特旺国家森林公园 大象舰队出来接客啦！一只大象坐四个人，中雨的时候有多悲剧！又颠又挤又湿身，还常被树枝抽[泪]以下天然结婚拱门，大象尾巴及大脚印，大耳朵鹿一家，以及水生四叶草的水塘,0,test,weibo_social
靠，大清早的，老娘真出了一身冷汗[衰][衰],0,unlabeled,weibo_social
回复:我倒是希望厂商能给你换一套衣服，我拍出来的都是一个颜色。。。[泪] //:还不知道。。到那造型师弄。。不过说还是清新点为主[睡觉]那天那个不做了。。 //:不胖啊，估计是镜头变焦太大的原因，哈哈，你今天有什么新变化么？[嘻嘻]~~,1,unlabeled,weibo_social
速回电话！[怒],0,unlabeled,weibo_social
笑一笑，疲劳消~空中飞人好累的~还有一堆视频会[泪][泪],0,train,weibo_social
公园惊现“浪花姐姐”！[花]妩媚……决定许配给王勇了！啊哈哈~[哈哈],1,val,weibo_social
右边哈犀利[晕] //: 要控烟！就要改变控烟履约机制！“无动力、无压力、无财力、无权力”的控烟履约领导小组就应当改革！,0,unlabeled,weibo_social
//:土匪，这就是土匪//://://:看见此内容，我就想骂人[怒骂],0,unlabeled,weibo_social
老子又喝醒了。 //:长江边很多石头上可以戳个洞放他，我现在先去给他占个位置，写起，此处有人 //-重庆: 八宝山没哈婆婆的位置、歌乐山也没有、他娃将无处安身[哈哈] //:他敢回来？客死他乡吧， //-重庆: 滚回来、落叶归根[神?][浮?][怒],0,unlabeled,weibo_social
吓死我了！！[衰]//: //: 以后不开车了。。。。,0,train,weibo_social
[泪]//-denfants-Sugar:[泪][泪][泪],0,unlabeled,weibo_social
受不了。转吧，知道转也没用。人类根本就是这么操蛋吧。//:[震惊][泪]谁来管管啊 这些凶狠歹毒的狗贩子 抓到后立刻枪毙[ppb扫射]//: 请以领养取代购买,0,unlabeled,weibo_social
多年来，村民曾多次上访反映无 果，今年1月21日，渭南市高新区 社会事业局才责令赵村村委会恢 复“逸夫小学”教育用途，但直至记 者2月17日走访时仍无改观。 //: [抓狂]【陕西渭南逸夫小学被租给 4S店 学生回旧瓦房上课】,0,unlabeled,weibo_social
遨游巴厘岛 午餐时间，你们饿了吗，表下雨，我要去吃饭！[泪][泪][泪],0,unlabeled,weibo_social
你抓住ta的胃了吗？[嘻嘻]//: 天好冷呀~吃点保暖御寒的美食吧[嘻嘻]心海 俏江南推出初冬美食，精致荤素搭配，营养美味两不误[馋嘴]带你的那个他/她品尝如此美味，抓住她的胃，何愁抓不住他的心呢[偷笑],1,unlabeled,weibo_social
我好像有点明白长辈们哥哥姐姐们说的 要有梦想 要常常想起梦想 要坚持梦想 如果十年后的我带着记忆回到今天，肯定有好多话想对自己说吧。今天的我会说今天真的是不错的一天哦[爱你],1,test,weibo_social
回复:最近忙些，过段时间我们聚聚 //:回复:还好。您啥时候来抽空给指导下[呵呵]//:这些骗子就欠扁[怒],0,test,weibo_social
老师这个不能提倡，否则减肥的人都去卸肋骨了～//: 人都有12对肋骨，据说杨丽萍只有6对，卸掉了，为了显瘦。[抓狂],0,unlabeled,weibo_social
[哈哈][哈哈][哈哈][哈哈] //:DIO原来是想说.. //: [泪]虐哭了！！ //:不禁猜想DIO当年“JOJO我不想再做人了”下一句是什么呢,1,unlabeled,weibo_social
与姐妹在三样菜共进晚餐，一直在逗隔壁桌一岁半的小baby。我说:我是一个多么贤妻良母的人啊。姐妹幽幽地说：勾不到男人，贤妻良母有个毛用！[泪][泪][泪]我身边的毒舌姐妹,0,val,weibo_social
睡了一天，吃什么呢[抓狂],0,val,weibo_social
总结：受伤的总是女人！[泪] //:就是！有些女人啊[可怜][猪头][鄙视],0,unlabeled,weibo_social
幸福是什么。我理解的幸福就是这样的，诺干年后，能向这个画面一样，大小牵小手，那才是真正的幸福，也是生活摄影最高境界。想到了，多多那么高的时候， 我们也找地方拍一张这样图片哈。[哈哈],1,unlabeled,weibo_social
我多年树立起来的美好形象啊[泪],0,unlabeled,weibo_social
南海风雅看村夫！ //:不错喔，可以骑行去//: 人不风流枉村夫 //:风雅就没本事了，村夫倒想着风流[哈哈] //: 武旭峰老师讲要做到风雅，我非常赞同!,1,unlabeled,weibo_social
一起二 更快乐！[偷笑] //: 人不得瑟枉少年[爱你],1,test,weibo_social
//:为你！心存感激！为你，努力付出！祥云一家亲再次起航啦！ //:提前祝大家感恩节快乐[可爱],1,unlabeled,weibo_social
真维斯楼考试归来[衰]不管怎样 考试噩梦暂时结束[酷],0,test,weibo_social
看完，我只有泪奔了，再胖下去的话，我都快木有活下去di勇气了.. 我也励志，我也要减肥！不对，还不到肥的程度，我要塑型！塑型！... 马上就过年了，又到了吃吃喝喝的日子，想到这些我就头疼，我觉得我hold不住... 救救我吧。[悲伤][悲伤][泪],0,unlabeled,weibo_social
下班赶去见一个初中同学，好多年没见，难免心存忐忑，好像是赶去见多年前的自己。出公司一小时了，班车走出500米，北京的交通，把我那点忐忑情愫完全耗没了，真伟大~[泪][泪][泪],0,test,weibo_social
表吓我！！！[晕][抓狂][阴险] //: ?_IanYeung 离不开的好朋友 好基友！,0,test,weibo_social
仔细盘点下，我们都是可怜的银！！！这年头，在我们祖国这片辽阔的大地上，似乎都找不出能放心大吃的东西了。。。连最基本的米，油，面都不行～～～[鄙视] 。。。[泪],0,unlabeled,weibo_social
这样的喜糖很有爱 [可爱] Mia //:这个做喜糖相当赞呢。。。。[good],1,unlabeled,weibo_social
好像还没成年呢，那么瘦，奄奄一息[泪] //: 宝贝，不管怎样，你可以回家了[泪] //:拉拉都要吃掉?操！我想杀人！,0,train,weibo_social
尼玛，绿灯变黄灯根本就没缓冲。怎么可能不闯？[怒] 我在:,0,val,weibo_social
随时恭候您们的光临！！[鼓掌],1,unlabeled,weibo_social
[哈哈][哈哈] //:[给力],1,val,weibo_social
//: 太感动了[泪],0,unlabeled,weibo_social
超吸引! 我流口水了![抓狂],0,unlabeled,weibo_social
[泪]木文化,0,unlabeled,weibo_social
迷笛摇滚 雅乐“轩”泄 来到迷笛现场，就像是来到了“潮”人的世界[哈哈],1,unlabeled,weibo_social
某人带来的青芒还挺甜[偷笑][偷笑]！有机会你带俩回去[爱你][爱你] 我在松榆东里社区,1,test,weibo_social
居然没有周刚羊肉刀削面。。。[抓狂],0,unlabeled,weibo_social
在去包?的灰?上等待！下午的?者?！昨晚?影！只睡了四?小?！?呆！[抓狂],0,unlabeled,weibo_social
猪又惹祸了[晕],0,train,weibo_social
[给力][给力][礼物][礼物]//: [哈哈][给力][好爱哦][好爱哦][哈哈]//:[赞][哈哈][发红包][发红包]//: 红包拿来[哈哈][发红包]//:王总，新春吉祥！//:感谢新疆朋友的支持，祝博友们新春吉祥、快乐！//: 宜居之地！,1,unlabeled,weibo_social
要么被闹钟叫醒要么把闹钟叫醒的我怎么办？[哈哈] //:我是起床困难大户[哈哈],1,unlabeled,weibo_social
?回家途中，?河路和古槐路的十字路口一起严重的车祸[可?]一辆车惨不忍睹的样子，实在是没心情用手机拍下[抓狂]。处理事故的人围了一圈[??]，没有看见当事人如何，应该还有命，但是估计伤的不轻了[衰]，没有另外的车，估计是酒驾，哎，就没考虑家里牵挂的那些人么？[?心],0,unlabeled,weibo_social
号称史上最难的绕口令，都来挑战下~[晕],0,unlabeled,weibo_social
作为一个大连人，我曾打心底里感谢过他，尽情地享受过他给我带来一个作为大连人的自豪。金钱女人我都可以原谅他，毕竟他给老百姓做过实事。可对生命的摧残，让我不得不说他是恶魔的儿子。。。[泪],0,test,weibo_social
看你们的微博，好像我在现场[泪],0,unlabeled,weibo_social
咳嗽咳到偶已经失声说不出来话了…可是可是不就是咳嗽嘛有必要吃这么多药吗…而且还木有偶最爱的枇杷糖浆…纠结死我了[抓狂]……,0,test,weibo_social
又尼玛交通管制，哥咱能不天天早上出来晃悠么[怒],0,unlabeled,weibo_social
俺的苹果吃完鸟~~~[晕] 我在:,0,unlabeled,weibo_social
回复:你开抬杠铺的，学也不学远点的，随便给你说段传统相声，你告诉我抄袭谁的，作者是谁， //:就你也好意思说这话，有能耐以后你就别说前辈说过的传统段子啊[哈哈],1,test,weibo_social
“想要成为一名优秀的厨师，必须要学会使用各种调味品”――忒强大的植入广告[哈哈][晕][衰],0,val,weibo_social
一年一度送礼节 //:[泪] //:[泪流满面],0,train,weibo_social
吃好哒[哈哈],1,unlabeled,weibo_social
嗯，好期待！[爱你] //:我们和 一起等水瓶座的哈哈来到这个世界。[偷笑][偷笑],1,train,weibo_social
[泪]//: 珍重，离别的感觉总是让人伤怀，我会记得那一年我们一起工作的女孩！,0,unlabeled,weibo_social
//:终于买着了不容易[鼓掌],1,train,weibo_social
嗯，拍得真心好！谢谢大家都喜欢这段“奇途”[太开心]//:拍得真好，书摘也好_(:з」∠)_ 旅行书太多了，但是?那件疯狂的小事叫旅行?还是比较特别的。,1,unlabeled,weibo_social
[抓狂] 紫色！不过我确实情绪化 //:白色的灵魂,0,unlabeled,weibo_social
『三星平板门：win8平板修了3个月』上周第7次去三星送平板到工厂解密钥去了。 我等到今天终于按奈不住打给客服。 居然说密钥更新不了！ 申请换新机器也要等到6月！ 我现在放话： 新机器再给我出任何毛病我就拿到维修部门口当场砸了！ 然后拍照微博微信陌陌上不转到十万条不罢休！[怒],0,unlabeled,weibo_social
[爱你]再次来到鸟巢 我在国家体育场东(鸟巢),1,val,weibo_social
猛然发现，「财经郎眼」之前的广告是修正牌消糜栓。[衰],0,val,weibo_social
//: [泪]好可怕。。//: 啊哦~~-BG1TAV //: [泪][泪]唉，怎么了。,0,test,weibo_social
吸取教训，以后睡觉前不能看推理小说，否则不看完睡不着觉，一晃两个小时过去了。[泪],0,val,weibo_social
现状[泪],0,unlabeled,weibo_social
漂亮的饮品。。[太开心],1,unlabeled,weibo_social
北方大部分都是室内游泳池，这大热天的水温都凉得要命，每次游一小时就不得不出来了[泪]。求北京环境好又温暖的泳池???,0,unlabeled,weibo_social
吴晓波有深度//: //: 哈哈，很高兴看到 老师的这期节目又再一次被网友推荐！这期节目也是我很喜欢的一期。[鼓掌] //-Heart001:,1,train,weibo_social
[爱你] 想要一台旁轴的！大爱x100~,1,test,weibo_social
[嘻嘻][鼓掌] //:Top非常道节目马上开始~！最近走怀旧路线，那些年……//: @-丁儿- -周敏,1,val,weibo_social
都标榜云操作系统[晕]//:围观 // :给台机子测试测试呗。,0,unlabeled,weibo_social
哎…半夜被窝里眯着眼还被人拖着网上争辩写作风格解释工作方式讨论买卖价钱…我是有多爱工作 [衰],0,unlabeled,weibo_social
难得周末，居然还要在早上六点起床，赶往一个叫新安江的地方采访。[抓狂][泪],0,unlabeled,weibo_social
想不到比我还狠的话也有，昏倒！[晕]在网络营销培训 课上，我说：“老板们，要么你自己来学，要么让子女来学，最好不要让员工来听我的课，因为学了我的实操技能与营销策划，员工们都应该跳槽的，不跳槽的不是我的好学生！”[哈哈],0,unlabeled,weibo_social
//:大脸，你这只笨笨喵，快来看人家[泪],0,unlabeled,weibo_social
[抓狂] //: 这张照片已经让500万人戒掉烟瘾，如果你再转发，又将拯救很多人的性命和家庭,0,unlabeled,weibo_social
收了留看，要是有空的话[泪],0,unlabeled,weibo_social
我先订一套 //:太给力了。可惜我没内另1伴儿[泪] //: @ All [可爱],1,test,weibo_social
[威武][兔子][嘻嘻]yeh... I am in..,1,unlabeled,weibo_social
看了看白白 //:[泪],0,unlabeled,weibo_social
呵呵，初中就有人追？//: 这字体、似曾相识，好像初中童鞋写dei、[哈哈][哈哈],1,unlabeled,weibo_social
变成冤鬼后，那只手会不会去掐死那些没人性的人呢？！他妈的！不会骂人的我都忍不住骂娘了！[怒] //：//：可以更好地理解《满城尽带黄金甲》里的大清洗，这个国家只在恢复原来秩序上有无比的热心和行动力，他们的原则是，只要看起来像没发生过，就等于没发生过。,0,val,weibo_social
桔猪:你们这是要逆天吗？能干干，不能干赶紧滚出藏区，别这玩命毁，丢人现眼[怒][怒][怒][怒][怒]//: 拒绝消费羊湖商业项目：游艇、水上巴士、牛皮船，遮阳伞、沙滩椅..保护羊湖！！！,0,unlabeled,weibo_social
[爱你]//: 我的目标 加油,1,unlabeled,weibo_social
[晕] //： //：深情投入[哈哈],0,test,weibo_social
现在很需要暖宝宝。。。可惜这里米有[泪][泪][泪][泪],0,val,weibo_social
大人，其中必有蹊跷！[哈哈][哈哈][哈哈],1,unlabeled,weibo_social
[嘻嘻]//: 上班不怕堵车了。 //:马丁飞行包，明年开始发售~,1,test,weibo_social
羡慕嫉妒恨[钱][抓狂],0,unlabeled,weibo_social
[嘻嘻]//: [偷笑]//: [哈哈][哈哈][哈哈]//:噗[可爱] //://?天涯的??倩:,1,test,weibo_social
[鼓掌] //: 今天活动继续哦！欢迎参加！//: -好之旅,1,test,weibo_social
悲催的。一晚的睡眠被分割几段，小腿抽筋抽上瘾了。。痛苦的想把它送肉联厂。[泪],0,test,weibo_social
[蜡烛] //：[泪] //:听听总理的声音！// ：// ：“铁道部不能代表政府……”// ：满大街都是。 // : 这么好的百姓你去哪里找 // ：泪流满面 // : 听得人想哭...,0,unlabeled,weibo_social
但愿你们都安好。[悲伤]//:,0,test,weibo_social
坚持锻炼不数不知道，今天教练一数，我居然已经一个月没来锻炼了！先是去香港，然后展会，紧接着办公室开张，我都快时间停止运行了…今天前半部分做了恢复训练，后半部分练拳击。原来拳击的动作标准了之后，是这么累的事啊！打了十分钟拳，我就汗如雨下，怪不得台上比赛每回合才三分钟！[晕],0,unlabeled,weibo_social
我真的堕落了[泪][泪][泪]【7大堕落表现】1、早晨从中午开始；2、晚上12点以后睡觉；3、越来越懒；4、时间基本花在电脑上；5、严重缺乏锻炼；6、三餐饮食不均；7、与家人缺少交流。如果堕落了，请收藏提醒自己，不能再这样了。。。[泪][泪][泪],0,unlabeled,weibo_social
熊导 生日快乐，成名要趁晚。好莱坞、宝莱坞、金鸡百花还等着您踏足呢[哈哈]John Lennon-Beautiful Boy-,1,test,weibo_social
李小兔成长记李小兔喜欢扫帚和簸箕，看见大人扫地就要过去自己扫，看见它俩也拿来用扫帚在地上乱划拉。还喜欢去垃圾桶里翻东西，最典型的是看到垃圾桶里的酸奶盒子和袋子竟然拿出来就放嘴巴里[怒]娃，咱俩再穷也没到这个地步呀。,0,val,weibo_social
素颜？这不是睁着眼睛说瞎话么？是裸妆好不好！最后一张的双眼皮贴那么明显??? //:小妹儿长的多巴适的塞。 //?Yolanda:看来得罪了化妆师//: 同意呀！好好的姑娘怎么给化妆成老太太了[晕] //:姑娘这不是挺好的嘛，化妆师该打！比你水平还臭?,0,unlabeled,weibo_social
//?经典: [泪],0,unlabeled,weibo_social
[怒][怒]这个畜生真该死，一定要找到她，送她归西。//??: 法克……求大神人肉这混蛋！[怒]//:[怒][怒][怒]变态泛滥！呼吁出台惩治虐待动物的法案！这种人渣一定要人肉出来！人肉丫的！好好治治！杀鸡给猴看看！??,0,unlabeled,weibo_social
[疑问] //:官薄造谣判5到15年吗？ //://:这个周末就指着这个笑话开心啦！[哈哈]//: 2千多人干掉19万，你以为是横店军团吗？ //: 官博梦游[哈哈]//:【夜问】这真的是汾阳公安局官方微博？,1,unlabeled,weibo_social
//-陆boss: 好经典的哇爷钟汉良带来的浮夸[good]//: //:戳人的来了。。。[泪]//: 总是那么具有感染力[?你]//: 因为他，我们知道世间多浮夸~钟汉良，我们爱你！[爱你],0,train,weibo_social
//：必须人肉！！！必须揪出来！ //:[怒] // : 小人得势 // :人肉他。// :[怒骂],0,train,weibo_social
[爱你][咖啡][手套][围脖][温暖帽子]//:周一见略心疼。,1,unlabeled,weibo_social
//: 小米，营销典范!//:同事吐槽: KK(负责米聊)牛仔裤好象比较紧，刘德(负责工业设计)拍得不酷不帅，建议重拍 [泪] 大家将就看吧，我们就是在小米前台将就拍的。,0,unlabeled,weibo_social
绣球花，还是密集才美丽，…… [抓狂][抓狂][抓狂] -达达-DJ小峡,0,test,weibo_social
没吃早饭／要了亲命／面干了点点儿[抓狂][抓狂][抓狂],0,unlabeled,weibo_social
[衰]//: 这里是首都。,0,unlabeled,weibo_social
//: 谢谢您支持我[鼓掌] 有了好朋友[haha],1,test,weibo_social
我想去噶陀寺 [泪] //:顶礼,0,test,weibo_social
[怒][怒] //://: 恐怖 //:在等待了半个多月后，杭州味全终于就起霉的苹果汁作出了答复：质检显示确为霉菌；愿赔偿十瓶苹果汁。已经喝出了阴影，还想让我再喝十瓶，这样的作恶成本是否太低了？,0,unlabeled,weibo_social
//: 大忽悠![怒] //:年初还在忽悠大家对股市要有信心呢。。。。[怒骂] //: 股市我不管啦!股民拜拜吧!爱骂谁就骂谁去没我事了!拜拜啦您嘞![哈哈][哈哈] //:回头等他回天津，您问问,1,test,weibo_social
哈哈//: [哈哈]估计迟早进了冯导的剧本 //:你想表现的是什么？[嘻嘻][哈哈],1,unlabeled,weibo_social
原来你这么恋家啊[嘻嘻],1,unlabeled,weibo_social
失眠真可怕[泪],0,train,weibo_social
去火车站送只身出远门的母亲，看着年近60的母亲还需要出门打工，心里真真不是滋味。中秋就要到了，担心她再次在电话里哽咽着诉说对家人的想念…[泪],0,unlabeled,weibo_social
回复:[嘻嘻]…开心[嘻嘻]… //:那是~大宝贝儿嘛！,1,train,weibo_social
[衰]//: 哦哦！,0,unlabeled,weibo_social
这些腿呦。。。[晕],0,unlabeled,weibo_social
"也只去过一次，没有路边摊的亲切~也不好吃。 //:虚荣群体的聚餐地！压根儿就不去这种傻逼地儿！ //:[挖鼻屎]//:去过的都知道~！！难吃,还小 [失望] 不过看着自己的豪车停在那里的肯定另一种感觉 [偷笑] ?冠衡",0,unlabeled,weibo_social
你买一种韩国婴儿洗衣皂，那个对屎很有用。另外，每次拉衣服上，赶紧就清洗，蹭蹭就干净，然后用开水再烫烫。你们说我这一天容易么？都说我俗，我倒是想走走小清新范儿呢 ，太艰难了好么[泪]。//@?奈姐姐：宝宝屎粘在衣服上简直要命刷不掉啊！求大美丽支招,0,unlabeled,weibo_social
马上有机票5.5-5.12 北京[爱你] 环球漫游通讯的随身wifi也一起带走吧[心],1,unlabeled,weibo_social
我也想要明信片[?] //：小原，今天收到了你寄来的明信片。[爱你] 永远爱音乐做音乐我们一起，我会记得。[心] //：Esalen在加州的big sur，这篇游记算是冰山一角吧，过去在那里的一个月中我经历了人生中很重要的转化。,1,val,weibo_social
终于到了哈哈[哈哈],1,unlabeled,weibo_social
[嘻嘻][嘻嘻]//: //: 漂亮的东西总让人忆起童年。,1,train,weibo_social
太可怕 //:[吃惊]昨晚的事儿？啥牌子电梯啊？[怒骂][蜡烛]咋一到周末就让人不爽[伤心],0,train,weibo_social
此刻的北京？//: 啊呀！我正出发回去呢[泪],0,unlabeled,weibo_social
素食西餐菜谱美食可以是一种心情如果不开心[晕]！可以吃块糖,0,unlabeled,weibo_social
[抓狂]让你别买吧//: 70%air//: ..不要说出来嘛..,0,test,weibo_social
“保安版”制服诱惑[阴险]//: 当保安遇上大学[哈哈][哈哈][哈哈]//:我了个去啊，现在都TM神马社会！[怒骂] //:到底是谁怕谁呀[晕] //:唉呦，笑死我了[哈哈] //: 黑心老杀您好！黑通社后继有人了。,0,unlabeled,weibo_social
烤了一个重乳酪蛋糕，某人说折腾一晚上能比超市买的蛋糕便宜吗？不能。。我说明天自己做冰淇淋吧，某人又说冬天超市的哈根达斯都在打折啊。。好吧，这甜点里有我的心意，所以它比超市卖的贵一点点[泪]求换夫,0,unlabeled,weibo_social
晚餐吃什么来 吃的才是涮羊肉，长这么大之前的都白吃了[泪] ，小料讲究，涮法讲究，吃法讲究，让涮羊肉不再是炸酱面吃法！羊肉牛肉都很嫩，口感好！糖火烧比芝麻火烧好吃！洪师傅全程教我们怎么吃！地址：广渠路6号，人均消费 173元 >> （来自 ）,0,test,weibo_social
20页报告初稿完成，吐血中！[晕],0,unlabeled,weibo_social
相似度好高 //:。。这谁干的？？？给警察蜀黍站出来！！！[抓狂],0,unlabeled,weibo_social
有机会试一试~~ //:好吃，学起来！[抱抱],1,unlabeled,weibo_social
海南旅游资讯【外地游客三亚遗失钱包 写信赞警察“真给力”】近日，三亚市公安局收到一封名为《三亚“警察叔叔”，赞！》的感谢信，写信人是来自江苏徐州的周小姐。她在信中特别感谢了天涯派出所民警黎正君，在自己遗失钱包之后的热心帮助。[鼓掌]三亚天暖人情更暖！[心],1,val,weibo_social
//: 杉杉来吃：杉杉来吃在大帝都亮相啦[嘻嘻][嘻嘻][嘻嘻],1,train,weibo_social
[偷笑]只有理论和实践相结合，才是记忆最深刻的//: 那天穿错衣服[泪][！泪][泪] //:你们那届比较幸运，没拍美腿照片，下次有机会回娘家，如果赶上毕业合影，你试试就知道了！[偷笑]很多学员的反映是：腰酸背痛腿抽筋 //: [亲亲]把美腿像拧麻花似的,0,unlabeled,weibo_social
稀饭她的歌[爱你],1,test,weibo_social
斗鸡眼//：[泪],0,unlabeled,weibo_social
某人，谢谢你！[爱你],1,unlabeled,weibo_social
啊，什么鬼天气啊！头一抬外边倾盆大雨，天空灰沉的要倒下来似的！房间里设置了21度依然觉得寒气袭人。五点多开上高速，眼前整个被雨水灯光雾气笼罩。冬季毫不留情的来了，伴随着漫漫黑夜。。。[泪],0,test,weibo_social
//: 求先别去。[泪]//:,0,unlabeled,weibo_social
今天嘉宾一号美女电视主持人，二号三号首都机场工作人员，四号文静姑娘旅行社工作，五号男生汽车网站编辑//:今天的为爱向前冲要解救劳模王老五[嘻嘻]都是各自工作领域的精英 //:今晚看点颇多，五: 今天晚8：00-9：00.我们一起来见证缘份的不期而遇[心],1,train,weibo_social
我还挣扎在金老板，啊啊啊啊，后面还有方木头、顾老板…任务艰巨…[泪]//:真帅! // :// :为毛一见小叛徒的脸我就喷了...我不是黑啊啊啊 // :美SHI了~我爱民国戏><,0,test,weibo_social
[委屈]俺们90后也看的………//:原来还有这么一条线！这帮坏银！乃们85后的童年是不是都给毁了？[抓狂][奥特曼],0,unlabeled,weibo_social
[泪]你没丢啥吧…下次让你弟来领安慰奖。//--刘博韬:是啊，就像那天和弟弟吃完牛板筋，他去学校，我回公司，他把手机丢了...,0,test,weibo_social
曾经是最爱吃?的地方，可怕 //:[吐][衰]好恶心啊！ //: //: //:哈泥心，不敢吃生蚝了闹 //: [吐][吐][吐]再也不去了哦 //:,0,test,weibo_social
擦！//: [衰]//: [衰],0,unlabeled,weibo_social
新浪你还我黄金达人，还我五千积分[泪],0,unlabeled,weibo_social
晚饭和二姐 姐一起吃麻辣香锅。一坐下俩人让我先点菜，等忙活完了回头一看，小菜已经空了[泪]某人还解释到：吃多了容易长肉[抓狂],0,unlabeled,weibo_social
错到现在[泪][泪][泪] //:你用对麦了吗？[din赞好][din看看][din说话][din看看][din挥手],0,test,weibo_social
回复 :努力，查着辞典，拼命写的感觉[爱你] //:你的中国文字使用的很娴熟啊？,1,unlabeled,weibo_social
回复:没找到[泪] //:回复:你赶紧擦亮眼睛看看啊~,0,unlabeled,weibo_social
柳絮乱飞迷人眼，我要瞎了..[泪][泪],0,test,weibo_social
永步节 Yon Bua Festival 是很久很久以前北榄府（Samut Prakan）邦利（Bang Phli）人的节日，被一代一代的人们传袭了下来。它在每年从阴历十一月上弦月的第十三天到第十四天的清晨举行。成群的人们会等着将莲花头道装载着佛像的船上。有时花的贡礼会多得盖过雕像的头部。[鼓掌],1,test,weibo_social
in 阿尔萨斯圣诞节来啦[太开心],1,unlabeled,weibo_social
巨蟹座的童鞋，我中枪了。[爱你],1,unlabeled,weibo_social
欢乐的俩人~[可爱] //: 典型缺了助手就不能自理的主儿~ 有人建议在他内裤上缝小袋袋装零钱 先不说到哪先掏内裤丢不起这人 这么一个“一心都扑在工作上”的人 内裤也会忘穿哒~~[右哼哼] [左哼哼] 关键人家自己不以为? 反以为能[黑线],1,train,weibo_social
"//：有人性吗？哪些人 //: //:自焚的母亲！[泪] //: // : //?亮 : // : 呵呵,诸位,我不强迫,也懒得强迫你们转,你们一定觉得这样的杀害此起彼伏,无关你的痛痒了吧。",0,unlabeled,weibo_social
我喜欢这张[抓狂][抓狂][抓狂],0,unlabeled,weibo_social
快去??! //:一睇到呢?早餐我就要?到?死?去。 //：yeah! [抱抱] and thanks for following! [握手],1,train,weibo_social
现在以更优惠的价格便可以享受到我们酒店Essence餐厅的自助晚餐。您只要点击此链接,1,train,weibo_social
云顶 昨天看到大爷大娘们都再这边赌的有兴致，停车场可以停7000多个车位，超级大，昨天赌场有个神秘大妈，每次过来压钱，开盘在过来。每次压一千块，连赢5把，我们在想，莫非内线，后面跟这连压3把，全挂，赌场瞬息万变阿！[悲伤][酷],0,unlabeled,weibo_social
[爱你] //-德吉:我也努力哈！[偷笑]//-ziyi://:[心]我努力！阿妈我爱你[爱你] //: -德吉,1,test,weibo_social
晕倒是一种福气[泪] //:痛经到底有多痛？[霹雳]吃下一肚子图钉再被压路机碾过？打蛋器插入下腹？【姨妈疼痛之各种描述】！！！你的痛你的形容你的描述是神马！！！快来一起告诉西小柚~~~啊，多么痛的领悟！！！[悲催],0,unlabeled,weibo_social
喔！晴天 真好 晒黑也愿意[爱你],1,unlabeled,weibo_social
泣天地，撼人间//：好吧，再信一次。。 //:[汗] //：[泪] //：[泪] //：象动物一样相爱吧 //：整个世界都黯淡下来，悲伤布满了他的整个面庞 //: //：动物的行为绝不仅仅是条件反射的低级形式,0,test,weibo_social
猫耳朵什么的最好吃了！[太开心],1,val,weibo_social
[抓狂]ahhh~黑糖海棉蛋糕?[?嘴][太?心][花心][鼓掌]~~~~,0,unlabeled,weibo_social
[嘻嘻]也谢谢你们对香茗的关注和支持。//:下午真没白去，现场气氛很嗨哦，见到周华健本人，好幸福哦[嘻嘻][嘻嘻][嘻嘻]谢谢你们给我这次免费的机会,1,train,weibo_social
//:香蕉控都来学一学！[鼓掌],1,val,weibo_social
[怒]这个人都三天没回家了，画圈圈诅咒那些让他回不了家的大坏蛋。[抓狂],0,test,weibo_social
7月19日话题：企鹅是不是只有在南极才有？[晕] 如果不是除了南极还有什么地方有企鹅呢？[做鬼脸] 奖品：咏歌汇欢畅礼包一份。在线收听地址： 上午11:30―12：:00,0,unlabeled,weibo_social
天气有点冷，备有二瓶酒！//:你牛叉叉，我们现在才喝上一杯热茶[晕][泪],0,unlabeled,weibo_social
回复:说得好！[鼓掌] //:佛祖穿肠过，佛法心中留。若为解脱故，二者皆可丢。[阴险],1,unlabeled,weibo_social
莲子和莲藕本是同根生，相煎何太急呢，就算我答对吧//-美食达人:少个莲子 //:我猜猜：莲藕、菱角、茭白//:快揭晓答案吧，一会河里的螃蟹都爬出来了，哈哈 //-美食达人:不敢恭维 //:甲鱼，小龙虾，泥鳅，怎么样，靠不靠谱[哈哈][哈,1,unlabeled,weibo_social
一大早起来还真以为自己在上海[晕] 只是那么多得人都去了哪儿[嘻嘻][嘻嘻] 我在这里:,0,unlabeled,weibo_social
举头望明月，低头湿内裤。内裤内裤我爱你，就像老鼠爱大米。只是因为在人群中多看了你一眼，再也没法忘掉你内裤。穿过你的黑发的我的手，穿不过你的内裤的我的眼。。。 //:问南方晴为何物，再下雨就木有内裤！ [泪],0,unlabeled,weibo_social
周一，扑面而来[衰],0,test,weibo_social
真爱的石墩儿哥哥[哈哈][哈哈][哈哈],1,unlabeled,weibo_social
：10CM算高很多吗？你就是太不贤惠了！赶紧去学做菜，以后伺候我。至于刀子嘴豆腐心嘛……你纯粹是豆腐嘴豆腐心呀~[爱你],1,unlabeled,weibo_social
[泪][泪]//: 居然看哭了//: 半夜终于被雷得手抖..这篇文po到weibo真是抹不掉的黑历史..作为原作者，请删文，谢谢。,0,unlabeled,weibo_social
吃过，很欢闹。[哈哈] -地产,1,val,weibo_social
加油！加油！[嘻嘻][赞],1,unlabeled,weibo_social
回复:傻子才不要呢，弄一活的还用菜谱儿？直接说，你给我弄一这个，弄一那个，多方便[威武]//:回复:售出给你？你要吗[泪][泪],0,test,weibo_social
//--球爱的天空:[汗]能不在外边吃就别在外边吃了，唉//: 没法活了！食在广州要减分！[泪][汗],0,val,weibo_social
[泪]我眼馋死了//:? @?善存心VIP,0,unlabeled,weibo_social
越怕越担心，越担心越要来，最终还是出现了![抓狂][抓狂]飞机延误了!说北京的灰机[飞机]飞不过来？[吐][弱]登机廊道空空的！晕菜啊！[晕][晕][晕][抓狂][抓狂][抓狂],0,test,weibo_social
你们连老板都敢搞？！主页君你丫严肃点[抓狂],0,unlabeled,weibo_social
我还没见到[泪],0,unlabeled,weibo_social
[抓狂]//: 诱惑一下你[偷笑],0,test,weibo_social
它是因为开会实在太无聊了么？ //:能干点正事么……[晕],0,unlabeled,weibo_social
朱亚文 “别看我扮演的角色是豪爽的，大大咧咧的，生活中的我更多时候是敏感、安静的，甚至有些沉默。但对待真正理解我的朋友的时候，我是很直接的，不会拐弯抹角。。。我不是明星，我是演员朱亚文。”――这就是朱亚文[爱你]，一位低调的吟舞者。。。,1,unlabeled,weibo_social
[话筒]看到这幅图，文青说“很艺术！”[害羞]，普通的会说“创意无限啊~”[兔子]。剩下的那位可能会喊“这得喝掉多少钱多少瓶啊！”[汗]请~对号入座！[哈哈],1,unlabeled,weibo_social
喝的晕晕的来听交响乐！[哈哈][哈哈],1,train,weibo_social
回复:废话 你结婚我能是羡慕么 //:回复:[衰] 8是我结婚。。谢谢。。。[委屈],0,unlabeled,weibo_social
昨天做的新年第一期《周末驾到》回顾 日本年会，三位嘉宾关注点各有不同，跳跃着并欢笑着，也带我走马观花日本走一遭袅～//: [抓狂],0,unlabeled,weibo_social
[哈哈]//: 对于网易，我一直比较敬重,1,unlabeled,weibo_social
回复:哇！！谢谢法师！！[笑哈哈] //:晕倒。。送法师应该要送十年以上的老茶 //:我转发一下，是不是至少送我一片[嘻嘻][嘻嘻] //: 晕，请一百片我可送不起一百片！,1,unlabeled,weibo_social
新钱包到了，旧的哪儿去了你们懂的[泪],0,test,weibo_social
反正比喵总漂亮的第二天都得。。。[嘻嘻] //:能低调点嘛[挖鼻屎],1,unlabeled,weibo_social
最后一张狗狗已经很老了[泪] //://：我都要看哭了。。。[泪],0,unlabeled,weibo_social
[蜡烛][蜡烛][蜡烛] //:嫌疑人归案，婴儿已逝。[蜡烛][蜡烛]魂淡，你怎么能下得去手！！[怒],0,test,weibo_social
强烈要求再组织一次 //:搞起搞起！！！ // :新年聚会呀[馋嘴]咋没有叫俺呢！[泪],0,val,weibo_social
提防、提防、再提防[怒][怒][怒],0,unlabeled,weibo_social
决定夏天陪粑粑麻麻去俄罗斯。看到一个笑话，笑点又低了[哈哈]最近我一朋友对我说：“我想去俄罗斯旅游。”我说：“那不错，挺好。”他问我：“那什么最出名？”我说：“方块儿。”[哈哈],1,val,weibo_social
昨晚在北京录制黑龙江春晚，后回到公司给大家开会到凌晨三点，回家呆了一下，五点出门飞到西安，现在和编导们研究今晚的本子，我想说……我很困……很困……可以闭着眼对本子吗[抓狂][抓狂][抓狂] 我在:,0,unlabeled,weibo_social
一步啊，刷子刷嘛 //:[晕]我两步就ok //: 基础修甲教程～,0,unlabeled,weibo_social
白天淘气包状元爬到餐桌偷下来一包小球藻，啃开袋子发现不好吃就扔到一边。傻波妞发现了，麻利儿全给吃光了。晚上波妞爬高高正玩呢，哗啦一大口，吐了一地海藻泥。[抓狂],0,unlabeled,weibo_social
[威武]//: 微博图片中有哦！[嘻嘻]//: 免费？！//: 欢迎欢迎[太开心]//: 这是真的嘛？！好想去！怎么样？大家一起报个名？,1,unlabeled,weibo_social
商妹儿带你看世界【尼亚加拉大瀑布结冰了[雪]】位于加拿大安大略省和美国纽约州交界处的尼亚加拉瀑布出现被冰冻景观。近日，美国多地气温达到20年来最低，一名囚犯成功逃脱看守，没想到，外面太冷！他最终主动打电话叫警察来抓自己。动物园里的北极熊也扛不住低温，必须待在室内避寒[衰]（央视新闻）,0,unlabeled,weibo_social
[哈哈][哈哈][衰][衰] //:[bed凌乱],1,unlabeled,weibo_social
这个真的有 就很文艺哟 //: 回复:绝对有！ 围观 //: 还有这么多文艺青年吗？[哈哈] //:金光洒玉殿，碧水映蓝天；一环紫禁地，三宫龙塌前；远眺晴雪日，近看琼岛岚；转瞬古今事，已越七百年。,1,train,weibo_social
河洛石刻，原来是个ipad，看那手法，还有投影呢[怒]。。。唉，好好的轩辕剑改的啊，没意思,0,test,weibo_social
安外，你真是大门不出，二门不迈啊！ //:我没去过！[失望] //: [赞] //: 《甲方乙方》中阿依吐拉公主的宫殿――北京人定湖公园，在德胜门外。,0,test,weibo_social
生快乐！ //: 恭喜路老师！me也是白羊来的 //:跟我一天的，牛逼吗 ？[嘻嘻] //:我太后知后觉了。。现在说也不晚吧~~恭喜路爸路妈啊~~[啦啦啦啦]~//: 那就等你回来看啦[鼓掌] //:呀！[鼓掌]恭喜路,1,unlabeled,weibo_social
[给力][赞][哈哈]//: 确实很美[酷]还记得去年暑假从黄山游玩回去的火车上，偶遇一个妹纸，就是单独去婺源玩的，跟我介绍婺源怎样怎样漂亮，不过我之前还真不知道婺源这个地方，她就来了句没文化真可怕[汗],1,test,weibo_social
下一次去昆明，就该是新机场了。我没有料到那么快//: 不同的是启德机场保留了跑道作为城市道路 //: 晚安，昆明巫家坝机场！请让我再这么喊一次你的名字…[泪],0,unlabeled,weibo_social
回复:不谢李老师：） //: 谢谢林妹妹[耶][哈哈],1,train,weibo_social
[鼓掌][鼓掌][鼓掌] //-:转起！//-AlBee-InClub: 亲们，样片出来了，快转起来 -Sera婕 还有没有加到微博的其他同事[爱你][爱你][爱你][嘻嘻][嘻嘻][嘻嘻][嘻嘻][嘻嘻],1,unlabeled,weibo_social
回复:狮子都受不了，处女更受不了。 //:我就处女[泪]确实抓狂了…… //:回复:也是狮子，也受不了?我讨厌人家东西放边边，不小心一碰就掉，刀/杯子/手机／碗/第东西更是危险，很讨压人屡教不改，如不巧在这类人边上，会帮他们把东西摆好。,0,test,weibo_social
回复 :将人选和排序列出来，十一月可选择菲利宾长滩岛和吴哥各一对，春节后可选择去巴里岛和蚬港或日本石垣岛…… //:回复: 等年底的奖励???[泪] //:我的巴厘岛双人游啊[泪],0,unlabeled,weibo_social
[哈哈]//:[哼][哼]是有多少人，你们都嫌弃我[泪][泪][泪] /: //: //: 祝大家早日“脱光”[偷笑] 在这里遇到意中人牵手成功[心],0,unlabeled,weibo_social
[可爱]//: 肯定好吃[赞] //:我最爱腊味儿[馋嘴]//: 又是腊肉又是腊排骨的，莫非丽江的亲很爱吃腊的？会不会很咸啊//:,1,test,weibo_social
早上八点醒…赖床到九点多起床洗衣服吃午饭…十二点半躺着发微博玩手机游戏打爆分…二点左右看着老片就这么睡过去……转眼四点…周六一大半时间就这么过了……[汗][汗]明天是不是该安排一下呢……[晕][晕][晕],0,train,weibo_social
[泪]不行，减肥不能放弃！！但是吃也还是要吃的！！//-月: 深表同感啊 -Peng @?彬 ?丶,0,unlabeled,weibo_social
祝福[可爱],1,unlabeled,weibo_social
对 说：被你虐到了 【那年，张雨生还没死，王杰正红←kill me softly with his song】 [泪],0,unlabeled,weibo_social
女神是想激励狗哥好好复习考公务员，用心良苦！ //:[泪][泪][泪],0,unlabeled,weibo_social
[哈哈]/: 哈哈哈。。。 //:我家齐猫能对它米高哥哥这样就和谐了[哈哈],1,unlabeled,weibo_social
无语，无奈，唯有自强才能不被人欺负，胆敢来犯者定叫你付出代价。[怒] 我在这里:,0,val,weibo_social
见证一下[嘻嘻],1,unlabeled,weibo_social
姐妹品牌 送电影票啦~~ 蜜友们，走起~ 快去抢喽~ [嘻嘻][嘻嘻],1,test,weibo_social
可困死我了[泪],0,unlabeled,weibo_social
[泪]各种速度，各种感恩！！！元芳，你肿么看[花心],0,unlabeled,weibo_social
[泪]太有奉献精神了、发了微博去睡觉。一觉醒来机票全被订光了[泪][泪][泪]一睁开眼只有晚20：10分南苑机场滴了[委屈]长这么大[悲伤]偶还是第一次去南苑机场[泪][泪][泪]那么晚滴＂灰机＂简直要偶滴＂小命命＂[汗]不会是俺发了微博、票就被抢光了吧？晴天霹雳啊！[晕][晕][晕],0,unlabeled,weibo_social
《上菜》之汽锅鸡，朋友们拍的，我看的太专心了没拍。据说春节期间北京卫视还有可能重播。素颜满脸痘，多包涵哈。有点儿太女汉子了……[抓狂],0,unlabeled,weibo_social
靠谱没用啊！根本就是傻实在！毫无伎俩。费力不讨好的事儿常办！[衰] //:北京女孩靠谱！//:崩溃来得特别早，肉体充实，完全是日臻化境的优越感和目空一切的才华。。。@?青,0,val,weibo_social
假日好安排， 给安排的1000pic的家庭作业[晕]。细看一遍，得有一半没喝过，各位酒篓给展展[干杯] -郑伟 -DOGG,0,unlabeled,weibo_social
哈哈 左二当然是小吉同学我哈[嘻嘻][嘻嘻]//:左2是那谁谁？,1,train,weibo_social
[怒]//: 操…什么事？！,0,unlabeled,weibo_social
我国多这样的企业，有何颜面要求抵制日货？//: 把自己搞的更好就要先把别人搞死！[衰][抓狂] //:京东要灭掉苏美，加多宝要搞死王老吉，这就是我们的企业，我们的商家，我们的职业道德，这种胜王败寇的游戏规则下，我们从来不缺的就是暴力！[衰],0,unlabeled,weibo_social
沙鹰[嘻嘻] //:如果用CS中的一种武器来形容【兼顾劲爆性能和良好便携性的ROG G46V】，你认为沙鹰和MP5哪个更为贴切？[疑问],1,train,weibo_social
居然一打开就是光头的照片我很讨厌这个人讨厌其狂妄自大目中无人对人指指点点自我优越感[怒],0,unlabeled,weibo_social
早知道三月份可能回香港就应该买！票！的！！！[抓狂][抓狂][抓狂] 到时候又该屏蔽你了！,0,unlabeled,weibo_social
某人要看我微博，于是，我发一条[哈哈],1,unlabeled,weibo_social
【超级笑星微直播】这么欢脱的唐长老~大家见过么？ 你真的不是八戒假扮的女王陛下么？[哈哈]小编终于知道！为什么当初师徒四人决定不留在女儿国了~[偷笑],1,test,weibo_social
哪里哪里哪里 //:不舍得吃[爱你],1,train,weibo_social
北京吃货在美国。。米国的第8天：早上6:30AM。。偶居然被饿醒了。。偶滴胃不会已经变成米国胃了吧？！[晕]。好吧。。起床了。。要下楼吃早餐了。。Good morning Nashville！,0,unlabeled,weibo_social
英文对白，精彩展示。晓园支行各位兄弟姐妹们辛苦了。[鼓掌][爱心传递][握手][礼物],1,test,weibo_social
搞大捞~//-DJ龙龙: 卧槽大牌[晕],0,unlabeled,weibo_social
带着黑眼圈，小酒喝起来，月饼吃起来，但愿人长久，千里共婵娟。大家中秋快乐。[爱你],1,train,weibo_social
好呀好呀，人多力量大，还可以多点几个菜！吃着更爽呀：）//: [哈哈]一起一起//:是呀，计划着啥时候再去呢：）//: [偷笑]好吃总是吃不够的//:看着不怎么着，吃着还真是不,1,test,weibo_social
//:/[怒]/: //:,0,unlabeled,weibo_social
「教父」太阳刚，看完都觉得女人只是生活附属品[晕]或者仅是心灵港湾某一个驿站。男权思想？还好我不是男生，不然不晓得要祸害多少妹纸。,0,test,weibo_social
又一次?有演?稿的演出，?上?始了，到?在我?一??水呢！你?是有多信任我啊！！！[晕][奥特曼][围观],0,unlabeled,weibo_social
，你压力大吗？//: 为了大家年底有个乐子，拼了[嘻嘻] 的对手戏,1,train,weibo_social
店员说，多半是不行了，即使修价格估计跟买个新的差不多，硬盘数据多半也会有损失，店里还没有设备，可以自己上淘宝买一个。惨惨惨，两年无数个深夜熬出来的方案啊，价值不菲的闹。[泪][泪][泪][泪],0,test,weibo_social
南迦巴瓦[哈哈],1,unlabeled,weibo_social
回复 :等你“蔡蔡子”出来后再喝[哈哈] //:回复 :我也是！ //:回复 :坦白说：我是！[可爱] //:回复 :酒鬼,1,unlabeled,weibo_social
不对，怎么是天，明明是人干的嘛，还是自己人 //: //:天灭中华 //: //:毒胶囊还未去，农药茶又来！[怒],0,train,weibo_social
[可爱]同祝织围脖的都快乐！,1,unlabeled,weibo_social
//: 现在知道了..[衰],0,train,weibo_social
不知道是谁在光天化日之下把ISO调到了800[哈哈][哈哈] //：要好好学习，自愧不如啊！！,1,unlabeled,weibo_social
看完[泪],0,train,weibo_social
"回复:谢谢辉师傅[鼓掌][鼓掌]//:回复:一般都在，即使不在，叫部长给我电话说明即可!//:欢迎大家光临＂江jiang by chef fei"" //:中餐厅特色菜式：风范西沙小龙虾、煎烹椒麻加拿大肉眼等等 非常值得一试喔！",1,unlabeled,weibo_social
//: //-: 终于找到一个如此精彩的心语类微 博了[抓狂],0,unlabeled,weibo_social
[嘻嘻][可爱][可爱] //:不如大闸蟹好看又好吃[偷笑]//: 真好看！ //:老箭过节好[握手]//: [国旗][鼓掌][good],1,unlabeled,weibo_social
[哈哈][哈哈][哈哈]这个一定要转[太开心][太开心][太开心],1,test,weibo_social
永州之地产异蛇，?质而白章，触草木尽死，以啮人，无御之者。 //:呸，不要脸[怒] //:呸！不要脸[怒],0,unlabeled,weibo_social
//:水瓶座全中[good]//: 看看准吗？[哈哈] -Eric --宋宇伟 //:[泪][泪] 也中了//:中了！！！,0,unlabeled,weibo_social
非常有层次感的角度！（[可爱] 感谢 分享的照片）,1,unlabeled,weibo_social
我是真真的没有底线~[衰][可怜][委屈],0,unlabeled,weibo_social
海外华人表示很受伤！[泪] //:浪费我们的感情 //:浪费了我几十万的特殊党费。 //:都是制度惹的祸，想用个人道德管理廉政是幻想。改革势在必行。 //:让人民寒心 //:典型的坏事变好事？ //:可以骂赃话吗？---可以。,0,unlabeled,weibo_social
有机会尝尝，味道不错的说[围观] //:这对减肥滴我来说，怎木经得住诱惑呢？[泪],0,test,weibo_social
"谁欺负双鱼座,俺就和他玩儿命!!![抓狂] //:双鱼座顶起 ...",0,unlabeled,weibo_social
想想明天好恐怖，早晨有一个小时要给几个同事讲个税的算法，要制作发放工资单，还有最重要的..发工资..[抓狂] 时间够用吗？可是到现在..,0,unlabeled,weibo_social
//: [晕] //:哎，全站一直用的YOUKU作为视频源，图的个稳定，不过最近真的考虑要整体搬走，否则这广告真的要影响到网站质量。,0,val,weibo_social
脑袋进水了[怒],0,unlabeled,weibo_social
[泪]超过90J的大胖子飘过。。。。,0,unlabeled,weibo_social
哈哈，求小黄?！ //:养到白白胖胖宰了麻油鸡搞起[嘻嘻]//:这倒是~求养！//:姐姐养着不要太色一哦[哈哈]//:伦家不是皮卡丘！//: 去吧[偷笑]//:哈哈，我先养鸡去 //:意思就是你快自创麻油鸡吧[哈哈]//,1,unlabeled,weibo_social
谢谢亲对酒店的喜爱，希望亲在这里度过一个愉快而难忘的假期！[爱你],1,test,weibo_social
自古圣贤多寂寞，唯有饮者留其名， 今天又喝多了[晕] 干杯！七叶香山[干杯][花心] 我在:,0,unlabeled,weibo_social
一到夏天就流鼻血！[泪],0,unlabeled,weibo_social
悦旅关注美国国务院29日宣布，两周后起提高几乎所有非移民签证和过境卡的办理费用。旅游、商务和学生签证申请人将需在当前收费140美元（约合882元人民币）的基础上多支付20美元（约合126元人民币）。非移民签证办理费的增收部分将用于增设和扩充海外签证机构人员。[泪] （图片来源于网络）,0,val,weibo_social
[哈哈]“还想”/“还得”，一字之差，天堂/地狱鸟。。。[思考],1,unlabeled,weibo_social
//:难就难在每个人都强，中专艺校练出来的基本功打底了。音乐，编舞和飘逸的上衣，完美结合。[爱你]//: 愤怒吧！ -孙璐,1,test,weibo_social
[心]东方卫视跨年晚会[给力]期待五月天[嘻嘻][嘻嘻] -橙,1,unlabeled,weibo_social
他已经不来了 //:看得心在隐隐作痛，[泪]好感动！,0,unlabeled,weibo_social
借口[怒],0,train,weibo_social
10点就做完片子了，结果因为要出一个不抖字的1080，到现在都出不好，怎么都是TM抖的，抖啊抖抖啊抖，抖你妹啊！！！我要回家啊！！[抓狂][抓狂][抓狂],0,test,weibo_social
我怎么还倒上时差了？[怒],0,unlabeled,weibo_social
突然感觉好无助[泪]不会再爱了[泪]//:不是地球人，是颤抖吧中国人！//://-病蛹:[汗]//-深圳:,0,test,weibo_social
发福版发哥[衰],0,unlabeled,weibo_social
太疯狂了[泪]//:真为这个社会感到悲哀！！,0,test,weibo_social
旅行的一大乐趣在于因不确定性带来的意外惊喜。例如你现在的情况，用广东话讲是“冷手捡了个热煎堆”，“行运行到脚趾公”；又例如艳遇带出的“一夜情”和“跨国闪婚”等等，要真出现了故事，般般可要上博分享哦！[哈哈][哈哈],1,test,weibo_social
吃到的都是自己做的美食，那才叫开心那！//: 每月总有那么一天吃包子，像过节一样。[太开心]照片上的人和手都是非专业组的，专业组的都在专心包包子。。。,1,val,weibo_social
cash宝生病了，是我这个做妈妈的不合格[泪],0,test,weibo_social
"儿子长胖是从吃鸿福面开始[泪]省了58块钱造就了今天250斤[泪][泪]老板,我可没怪你,""子不教父之过""怪我那天没跟他一快去吃. //:别无长技，只是个饭桶，化悲痛为饭量，希望鸿福面吃了可以有鸿福。",0,test,weibo_social
[吃惊] //:无知的农民，无耻的奸商，还有无作为的ZF[怒],0,train,weibo_social
早上老板找我：文章的事怎么样了？我：…您还关心这个？ 导师：废话，我问你结果到底如何？我：大家都觉得文章不行，这事估计要歇菜。导师：你是说已经被拒了？我：还没有，得看马伊?的态度。导师：马伊?是哪个审稿人？很牛逼吗？[晕],0,train,weibo_social
深夜发吃报复社会美食随手拍发烧的后遗症，牙床、嗓子都肿了，神马都吃不了，只好喝粥了[泪] 记得小时候，每到夏天傍晚，我家最常见的稀饭就两种，玉米糊糊或玉米碴粥，晾凉加点糖，喝起来别提多美了~用 自动锅煮的玉米碴粥，不用看管也不会溢锅，适合我这病号，省事儿~,0,unlabeled,weibo_social
回家收到荷兰安全和司法部门的一封信。心里紧张的要命。打开一看，是驾驶超速罚款单。其路段限速50公里/小时，摄像机抓到我开了64公里/小时，罚款119欧！我无语，这是什么时候的倒霉事？想当初教练是如何的教我speed up！劳工看到罚款单哈哈大笑，他在荷兰开了6年都没被罚过，我开了2个月就被罚[泪],0,unlabeled,weibo_social
因为一个马桶事件，我挺伤心的[泪][泪][泪],0,test,weibo_social
[嘻嘻]//: ……太惨烈了，令人心酸。,1,unlabeled,weibo_social
名词解释：“吓一跳” 。[嘻嘻] 图:tumblr,1,unlabeled,weibo_social
[怒] //:【今日重点揭露】,0,val,weibo_social
看起来不错！可以试试 //:宫保虾球~[抓狂] ，推荐关注,0,test,weibo_social
???//?子:这是一支没教练的球队[怒],0,unlabeled,weibo_social
//: 彻底被感动了[泪] [爱心传递][good][威武]//: //://://://:为让人动容的亲情转发。[爱心传递],0,test,weibo_social
“少林寺住武当山办事处大主教王喇嘛。。。”[哈哈]郭德纲北京跨年专场《人在江湖》,1,unlabeled,weibo_social
祝我们大林子仙福永享，寿与天齐，你是一个大孩子啦，不要再挑食啦！?给你什么，就闭眼囫囵个咽下去吧！[鼓掌][心][蛋糕][微风][音乐],1,unlabeled,weibo_social
惬意的环境，美味的佳肴，人生一大享受哈~[嘻嘻],1,unlabeled,weibo_social
应该改进，我们的官员已经不想住美国了。[嘻嘻]//??港??事?: 最好能有英文版，以利改?！//:赞！权威揭批美帝！！ ??港??事? //: 把你们的老婆、二奶、小三加一群兔崽子弄回大陆，就不用再费力叫骂了。[兔子]//: 又见高级黑。,1,train,weibo_social
哈哈[哈哈]我找到了…蓝牙耳机竟然掉高跟鞋里了，找了三天才发现…真有技术含量，这是有多诡异啊,1,unlabeled,weibo_social
有什么好玩的一定要推荐给大家啊， 等着分享呢 //：嘻嘻嘻，你们辛苦啊……其实只能过过眼瘾，划拉划拉眼珠子，活动下午三点半就要开始了，工作[抓狂][抓狂][抓狂] //:天气真好~不错哦！可以忙里偷闲结束后小度假一下,0,test,weibo_social
还有这么要价的[嘻嘻]//:扯。。。你二还差不多。[抓狂]//: 我帮你把影视版权卖掉吧，咱俩二八开，你二我八！,0,unlabeled,weibo_social
娜姐太棒了！！[泪][泪] //: 李娜澳网夺冠 966天！！！我们等！到！了！！点击欣赏李娜这966天历程高清图：,0,unlabeled,weibo_social
//://:整死这两个狗官！[怒]//: 董芳泽，女，24岁，南京暴打护士者的女儿，南京财经大学毕业，2012年9月至2013年9月就读于英国exeter大学，该大学年学费12200英镑！生活费每月1000～1500英镑。隶属罗素集团，是典型的贵族学校。求纪委彻查这样一个国家公务员家庭如何供,0,unlabeled,weibo_social
回复:乖娃儿，你睡觉，哈哥我玩连连看。 //:在小学时，大哥的中学同学们就这样叫我，恍若回到童年，亲切之极。 //:十里一杀人，千里不留行！ //: 砍！[怒] //: 咱们周二杨家火锅吧[哈哈][哈哈][哈哈],0,unlabeled,weibo_social
新《倩女幽魂》真的很悲催，好好的故事整成了这样，小倩带着新女性锋范，那些唯美的东西全没了，还有严重走形的古天乐大叔……[泪],0,train,weibo_social
[哈哈]好吧！这个造型我喜欢！,1,test,weibo_social
雨夜睡前最怕看这个！饿的要失眠[泪][泪][泪][泪][泪],0,unlabeled,weibo_social
笨死？哈，这个代表一种心态。//:漂亮的！这后面不是“笨死”吗？[嘻嘻]//:有爱！大家圣诞快乐！,1,unlabeled,weibo_social
不怕神一样的对手，就怕猪一样的队友，我表示很happy啊[哈哈],1,unlabeled,weibo_social
[太开心]感谢您对酒店自助早餐的评价！也欢迎您多给我们提意见哦！,1,unlabeled,weibo_social
我最喜欢和你学小猫咪了，放在你的车背上[激动][色眯眯] 为啥好朋友都没有微薄，没人和我玩[悲伤],0,unlabeled,weibo_social
等了4个月，终于收到纸质证书了！[泪]回家可以理直气壮地跟老爸说：＂这下你信了吧！我念书考试的地方不是神码骗子公司啊＂?,0,unlabeled,weibo_social
发烧感冒啊，躺在床上当病人。鼻子堵得吸个气都有觉得头部有共鸣，大好周末就酱紫浪费好不甘心[泪][生病],0,unlabeled,weibo_social
[哈哈] //: 很欢乐//: 哇//-Think: [good],1,unlabeled,weibo_social
擦，早上6点上高速，走成南高速转渝遂高速，一路上都是追尾啊！中午11点在吕蒲堵了一个小时，立马看见出口出来走老路，现在终于到重庆啦！[抓狂][抓狂][抓狂] 我在:,0,unlabeled,weibo_social
以后婚礼用这个了 //-心理支流:XXXX好！！ [鼓掌],1,unlabeled,weibo_social
他到底犯了什么错你们要这样对待他[泪] 屁股好翘[心] 我在:,0,test,weibo_social
今晚辛苦了，我有在???前支持！不?，我最?心的是...?碗面在哪?可以吃得到？[嘻嘻][嘻嘻][嘻嘻],1,test,weibo_social
每次翻照片都觉得人生何止苦短[泪],0,test,weibo_social
//?：?..好恐怖但又很想?!!![抓狂] //@?影?蔡崇?：看到心寒，打了?震。,0,unlabeled,weibo_social
世界末日？[蜡烛]我还有很多心愿未了啊[泪][泪] 我在这里:,0,unlabeled,weibo_social
明天还有一场~住在旁边就好了~[泪],0,test,weibo_social
困了吗？想吃点吗？想喝点吗？WOW！好多果蔬，好多健康――享用我们健康主题的茶歇，几多新鲜，精神也立即为之一震吧，瞌睡虫都跑远了[哈哈] 快来我们酒店开会吧[酷],1,unlabeled,weibo_social
//: ＂洗髓＂... 沐金如光[泪]:谢谢你的相片！同样喜欢！合十！,0,unlabeled,weibo_social
400万的纪念日我的博客今天点击率突破400万了[威武] 突然发现，好开心！感谢支持我的朋友们！[爱你] 再接再厉继续分享我的心情语录及旅行日记，欢迎微博的朋友也常来坐坐哦！[心] 猛戳--》博客地址：,1,test,weibo_social
该！//:活该，让你乱丢垃圾[怒]报应,0,unlabeled,weibo_social
刚才那个雷，把茄丁都吓了一跳。我好害怕啊。打雷的天。[泪][泪][泪]这么多年还是这点出息。真没长进啊！,0,unlabeled,weibo_social
咱一直都很幸福 还会继续幸福下去！[爱你],1,train,weibo_social
求 表扬。[泪],0,unlabeled,weibo_social
难道你们没看到大姐吗[哈哈][爱你][哈哈][爱你] //:你想多了！还有33跟野男人 //:会出名吗[酷][酷][酷] //??: 我看到你们背影了,1,val,weibo_social
是吼！！！我那天是和多少人没有单独合影！！！//-奇艺：话说我那天一张照片都没跟新娘子拍是怎么样？！！//：不如 白衬衣前的红道抢镜~他被误认新郎很多回[晕] //： 的事业线好抢戏啊！！！哈哈,0,unlabeled,weibo_social
//:大黄鸭来访武汉！[嘻嘻],1,unlabeled,weibo_social
新朋友聊得很开心[太开心] @????,1,unlabeled,weibo_social
帝国任重道远啊[衰],0,test,weibo_social
[晕]甚至还含石灰等工业用料，这句亮得刺眼～//: [馋嘴][汗][生病] //:爱吃零食的要注意自己的身体哟！！！,0,unlabeled,weibo_social
雪花肥牛，58的那个性价比最好~~~ 要点鸭肠，毛肚，超好吃的[偷笑] 我又馋了[泪],0,test,weibo_social
红原的秋天 红原的秋天也来了，面对这样的景色，小西自问抵挡不住了啊[抓狂],0,unlabeled,weibo_social
我也爱！//:[爱你]我爱弛导//:介揍行了！//:,1,unlabeled,weibo_social
人家 是名人好不啦 //: 你什么时候这么有才了？怎么多了一个一？[嘻嘻],1,test,weibo_social
我也是夜起去去，好了，偶睡了哈！[嘻嘻]//:你也说这样不了解我的话？我昨晚19点就睡了。//:我好奇的是陈老师您不睡觉吖？积极参与讨论这个话题中来！[闭嘴]//: //:回复:与反腐一脉相承的扫黄，有啥好奇的？ //:好奇！[思考] //:给力！ //,1,val,weibo_social
了个去，真不是想炫耀，年底大扫除崩溃ing[泪]昂贵的大毫升Jadore挥发了[泪]CHANEL135BENGAL指甲油和M.A.C指甲油几乎全新可是要过期了[泪]婆婆给的CHANEL旅行装用了一次压箱底了[泪]面膜搜出至少三十张以上，喷雾十瓶以上[泪]我这么糙的妞儿也有hold不住大买特买之时，俺这方面浪费数额肯定以万计[泪],0,unlabeled,weibo_social
[挤眼]//: 这片子，我服了[哈哈]-lu ? //:天使都在扬州绿地福朋喜来登,1,train,weibo_social
妇女好搭档啊我？！[抓狂],0,unlabeled,weibo_social
只要没有忘记艾特咱们就好[哈哈],1,unlabeled,weibo_social
。。。//@??: 想知道村长家什么样[怒],0,test,weibo_social
天。。 //--半醉人间:[晕] 所谓的不动产就是桨样子动起来哒？ //-云-笑:所以 买房子是个错误的选择 恩恩 我这算妖言惑众吗 //:专家在中国是一种危害不亚于人贩子和流行疾病的种群 //:[哼] 专家不给力呀,0,unlabeled,weibo_social
[赞]认同，灵魂升起的地方！ //://: 回复:一起分享那灵魂升起的地方！ //:童鞋，你的这条微博内容灰常的八错，已经被选到新浪湖北旅游的网站咯！传送门: [鼓掌]恭喜的同时也希望以后多 分享旅途哦,1,train,weibo_social
回复:我应该再去添一双恨天高！ //:我回去翻箱倒柜去?你再配双高跟?我来双平地……[哈哈][哈哈] //:该艾特你吗？[嘻嘻] //:和姐妹们一起穿出混搭风吧~,1,test,weibo_social
[泪][雪][雪] //:共同祈求[浮云][雪][雪][雪][雪人][雪人][雪人] //:泱泱大国一向是以博大宽厚之精神待人，重视合作，[哈哈][哈哈][哈哈]求求腾格里吧～～给狼们一个机吧～～就是不给，也得给法国狼一点面子吧～～否则太小气了吧～～雪绒花呀～～雪绒花呀～～请在草原起舞吧～～,0,val,weibo_social
人不可貌相，禽兽！[怒骂]//: 这就是干爹,0,unlabeled,weibo_social
好实在的一碗河南烩面啊，这哪是碗啊，这是盆！号称最小份的[晕],0,unlabeled,weibo_social
十月十日卖萌日到下午茶甜品时间了，让甜甜圈来卖个萌吧，嘻嘻，有资深吃货知道这是谁家的吗？[嘻嘻][耶],1,unlabeled,weibo_social
我想看电视[可怜][可怜][可怜][泪][泪][泪],0,unlabeled,weibo_social
好可爱的菜场[爱你],1,val,weibo_social
上次跟好友登泰山的照片来了，我觉得这张特别的浪漫，记得在纳木错看日落的时候是我爸陪着我，在泰国看海是我妈陪着我。为什么我每次有浪漫景色的时候身边都是女朋友陪着我，要不就是我爸，要不就是我妈！！！[泪] [泪],0,unlabeled,weibo_social
这是一家设计公司老板为他6岁儿子设计的卧室，是海盗船主题，更离谱的是在二楼有一个螺旋滑梯直接通到底楼的……衣柜里。海盗船、绳梯、隐藏的密道，这果然是男人的浪漫啊。还有炮孔噢，能随时打开观察下面的情况，当然你想往下扔东西也可以。有爱的老爸[爱你] [爱你] Mark个，给你儿子照着做,1,val,weibo_social
早晨阳光又晒又堵车，咳嗽不断脑袋疼，[书呆子][抓狂]我想冬眠…,0,test,weibo_social
我的橙色军团呀，哎呦喂~[悲伤],0,test,weibo_social
我怀疑是不是发改委去炒出来的//:然后发改委依此决定，油价维持原价，不予下调[委屈][委屈][悲伤][悲伤] //:,0,val,weibo_social
看到某旅游网址的微信有自己的图片，本是件高兴的事，可见到水印都被裁掉了，心拔凉拔凉的[泪][害羞]莫非非让我今后水印弄的大大的影响画质？,0,unlabeled,weibo_social
相依为命吧憋屈的人//:中招。[泪]高估自己的能力了.今天要跑遍北京。累。,0,unlabeled,weibo_social
[哈哈][哈哈][哈哈] //:如今的蚂蚁都走种了。 //: 蚂蚁上树，有空试试~[馋嘴],1,unlabeled,weibo_social
要不要这样。。堂堂罗宾森的 一张桌子四个碗都没有洗干净，连表面功夫都没有做足。行吧，放太久了占灰尘，服务员换来的碗又是脏的，而且还脏的得那么明显，碗筷上都已经脏到了色素沉淀了。[怒][怒][怒]强悍 。餐饮卫生安全呀，唉，是该无奈呢？还是恶心呢？,0,val,weibo_social
[抓狂]哈哈//:这些机构，说得好像美元欧元干不了这些事儿似的…,0,unlabeled,weibo_social
[委屈]汕头南澳，台风不给上岛[泪]喝着啤酒到处晃！,0,unlabeled,weibo_social
QQAB面财务管理等于“大头算”―算的头大了为止[晕][书呆子] 我在:,0,unlabeled,weibo_social
"导致我肥胖的原因罪魁祸首,我忘记把这个搬来上海了,如今新添一个,女孩纸不能一天没它,踩上去即刻崩溃,每天出门回家睡觉前,我离不开它,my dear 电子秤![怒]",0,train,weibo_social
这些天来?Jessie 一直都是凌晨一二点道家。这不刚进家门[失望]//:[给力] 2012！[耶]// :＂活跃春晚＂节目组奋战2011最后一个夜晚！,0,train,weibo_social
大半夜竟然看到这个。。。[伤心] 幸好你说松茸没有香菇好吃 哈哈哈,0,unlabeled,weibo_social
[泪]这个例子太极端，美好向往与残酷现实仅仅一线之隔。珍惜当下每一刻[蜡烛][心],0,val,weibo_social
回复:【接上条】事实上，我们作为奖品的提供方，最是希望奖品能发放到我们精准客群手中。但是，既然目前选择的是这个平台，我们首先是尊重这个平台，并认可它抽出的人。对于接下来的活动，我们会继续改善的。希望你能继续关注，为我们提供好的建议。[爱你],1,val,weibo_social
[泪][泪]美醉了！去2次都没有遇到这么漂亮的晚霞！[泪]想念梦幻海上屋！那边现在自行车可以随便骑哦！,0,unlabeled,weibo_social
谢谢啦，这个称号我的朋友早就封给我了，呵呵。 //: //:[耶]。五一聚会家里亲戚长辈们又欢乐的对我说：这孩子还是脸上有点肉好看啊。[围观]。说话间就差上手捏我脸了。[抓狂]。,0,unlabeled,weibo_social
不要刺激我[泪] //:好看吧，他们家的亲子鞋相当嗲，可惜你们家是儿子，哈哈//:真好看[花心] //:,0,test,weibo_social
雨后的中央台特别明亮！[嘻嘻],1,unlabeled,weibo_social
[衰] //:[吐] 不好意思，各位！报复下社会！,0,train,weibo_social
吃货们看过来，有自助也有单点的哟！[嘻嘻][嘻嘻],1,test,weibo_social
"出门14个小时之后终于到家了，没想到今天最后还有两个惊喜~ 竟然送我家庭星河投影仪，你是要浪漫死我呀？ 送的ukelele太可爱了~还有Jackie从洛杉矶带来Kerri做的birthday cookie，再加上 的小熊蛋糕跟今天 每个同事的祝福短信... Thank u, I love u all![爱你]",1,unlabeled,weibo_social
看那可怜惊恐的眼神，那些吃猫的人，不吃猫肉你们能死啊。 //: [怒][泪][泪],0,train,weibo_social
看完目录我??直接昏S过去[晕] //:这是跟孩子有多大仇儿啊？[汗],0,unlabeled,weibo_social
[疑问][疑问][衰],0,val,weibo_social
散步突然又开始下雨，赶紧和爸妈往家赶，下桥时看到这一幕~爸爸妈妈好有爱~好感人~[泪],0,unlabeled,weibo_social
我想抽个空去三里屯扫扫餐厅木哈哈 吃货兽性大发 傲毋[怒],0,unlabeled,weibo_social
又晚点了[怒][怒][怒]无聊啊,0,unlabeled,weibo_social
明天6：00得起床[抓狂]得让自己睡觉了[打哈气],0,unlabeled,weibo_social
楼下经常吃的两家饭馆都关门了。。。吃饭是个问题。。[衰],0,unlabeled,weibo_social
好想吃，又找不到同好跟我去买。准备待会下班一个人顶着寒风去买。 想想就要掉下眼泪[伤心]都是为了吃。。。//: 啊~~呀呀 [得意地笑],0,train,weibo_social
一美女自由行，从机场打的到酒店，美女从的士下来，司机突然赶忙把头伸出窗外，冲着美女大声喊道：“小姐你像鸡！”美女脸一红，扭过头来骂道：“你tm像鸭！”[怒]然后的士走了……然后美女追着车喊：“师傅，我相机！我相机！”,0,train,weibo_social
我要赞助去西藏一定多喝水，我就赞助水一瓶吧！额，不好意思，刚不小心喝了一半，那就半瓶吧！ 加油！虽然是骆驼，但也要喝点啊！[哈哈] 我在这里:,1,test,weibo_social
[泪]不免之就降之吧,0,test,weibo_social
100斤[悲伤][悲伤][悲伤],0,unlabeled,weibo_social
?才突然有3秒天旋地?的感?[晕]，下意?用手?住??，定一定神，??工作。,0,unlabeled,weibo_social
台北木有啊 [泪],0,test,weibo_social
客气客气！[可爱] //: 大你真牛掰??,1,train,weibo_social
对于这样的好天气，我真是后知后觉。在办公室一坐就是一天，没时间出门呀[泪]借用朋友圈的美图，纪录今天的校园。[太阳][微风][心][鲜花][可爱]真。的。好。美??天。气。好。温暖?? 欣爱生活校园美景,0,unlabeled,weibo_social
下午15:50，黑成这样儿了，要下大雨[哈哈],1,test,weibo_social
[汗] 原来我真是强迫症[晕]//:我承认我有强迫症。。。[汗],0,train,weibo_social
关键我没有~~[懒得理你]//@?小鬼: [抓狂],0,val,weibo_social
[哈哈]咱妈,1,train,weibo_social
第一次见，真心分辨不出是谁是谁，更别提真假了[嘻嘻],1,unlabeled,weibo_social
这些人我只想说，等有报应之时，都死去吧 //:// ：// ：养的还是蒙牛 绕不出去了[偷笑] // ：[怒] 自己养头牛// ：//就算被蒙也要继续喝，谁让我们少壮不努力呢 :蒙谁的牛奶？// ：蒙牛奶 你还喝不,0,unlabeled,weibo_social
补发途秀达人 的现场播报！坚持骑完全程的童鞋都是最棒的！[鼓掌]环外滩自行车赛,1,train,weibo_social
Of course! [爱你] //:我扮成我外甥女了，还没有人能看出我的皱纹来，你说我算是个美女么？// : 超嗲呀！！ 你喜欢这套吗？,1,unlabeled,weibo_social
[怒] 必转//:转个，没准儿哪天就消失了 //://:必须传。//: //: //: 必须转，这样的事情很有可能随时会发生在我身上~//: //://: 这样剥夺一个女孩简单的快乐，真是可耻又可恶。,0,unlabeled,weibo_social
京伟女友好多[晕],0,val,weibo_social
能使大家开心，是我的荣幸。[偷笑]这美好的周末， 可是幕后大大的推动呢~[花心][鼓掌] 都辛苦了！,1,val,weibo_social
回复:昆-腾650公里，腾-瑞280公里左右! //:请问自驾昆明至腾冲，腾冲至瑞丽各多少路程？下月过来，谢谢！ //:是![嘻嘻] //:越野场地赛的赛场吗？,1,unlabeled,weibo_social
第二个基调：广州大部分创业者都是花自己的钱[泪],0,val,weibo_social
[晕]这广告做的，我真怕买了房子我这辈子真就停靠了[衰] //:,0,unlabeled,weibo_social
[怒]//: 先两巴掌。再拍照！ //:先拍照，然后一巴掌 //:回复:确实！先拍照，然后一巴掌！ //:我想说有空拍照，没空阻止或者抓起来报警么？ //:[怒] //:网友播报【有人疑似在公交车上猥亵少女】,0,unlabeled,weibo_social
谁在伤害孩子？[怒]【江苏一镇连发两起针扎婴儿事件：1针险刺到心脏】1月10日，16个月大的男宝宝烁烁，左肾被一根针贯穿，同样家住丹阳后巷镇的14个月大的男宝宝林林，肺里也扎着一根近5厘米长的缝衣针://t.cn/8FLXhB7个人提示一下警方，疑凶范围应为周边女性，中老年、家庭不和,0,unlabeled,weibo_social
二月二号，农历十二月二十二。二层222包房，forever 22 没想到阴历里头也有三个二～今儿到底是有多二啊 [哈哈],1,val,weibo_social
太可爱了 //:有同样困扰滴转~[抓狂],0,train,weibo_social
//: 如何拍好城市的街景[鼓掌]学习拍照技巧，就关注,1,val,weibo_social
回复:[泪]这是夸我还是骂我啊哥~！ //:青女欲来天气凉，蒹葭和露晚苍苍，黄蜂散尽花飞尽，怨杀无情一夜霜。 //:我适合找年龄差距7岁以上的男朋友。。。哼哼哼哼 //: 你适合多大的男朋友呢？,0,train,weibo_social
蝈蝈和中国股市永垂不朽//: : 胡说！红军字典里哪有投降二字？最多也就战略大转移而已[哈哈] //:[偷笑]哥~~！俺没骗你吧？侯宁是卧底！ //:回复:为了你投降伤心![泪] //,0,test,weibo_social
刚才挖了个鼻屎，会不会[衰],0,unlabeled,weibo_social
连续三个小时...两个电话轮番接不停[泪][泪][泪],0,val,weibo_social
微游贵州 黔景共享”果妞到镇远啦[哈哈]这样的餐厅用餐好惬意哦～[爱你],1,train,weibo_social
上海天气好好啊，各位新老好朋友求聚会[哈哈],1,unlabeled,weibo_social
大门口的新流浪猫，个子小小的黑亮的皮毛黄钻石般眼睛，不怕人喜欢亮肚皮让你摸，好像是一只耳的朋友，只有半截尾巴[泪]，流浪猫的寿命在3，5年，如果你愿意收留它，它可以多存在在这个世界几年，天要冷了 ＞＜,0,test,weibo_social
//: 现实残酷[泪],0,unlabeled,weibo_social
发扬[鼓掌][鼓掌],1,unlabeled,weibo_social
天蝎、双鱼，就是俩傻子，整天傻乐傻乐的！[哈哈],1,unlabeled,weibo_social
单总粉丝太多了，注意不到我呀[泪],0,unlabeled,weibo_social
[泪][蜡烛] //://: 微博消息，越南海军确认飞机坠落，越南救援队已出发,0,test,weibo_social
//: 我为世界第二经济总量的首都而耻辱！[怒] //:新闻联播播了吗？还有什么比生命更重要的？ //: 赶快告诉亲朋好友 //:天啊~,0,unlabeled,weibo_social
CCAV刚才插播了10秒的昆明事件口播新闻，内容就是啥都不知道，然后继续克里米亚[衰][衰][衰][鄙视],0,test,weibo_social
那个夏天，这图图哪里偷来的[衰],0,unlabeled,weibo_social
我本将心向明月，奈何明月照沟渠？[失望],0,train,weibo_social
亲爱的你是想把热饺子直接改速冻饺子是么？[生病][泪][哼],0,train,weibo_social
国航的定位电话实在太烂了，转来转去，已经等了20分钟。。。[怒],0,unlabeled,weibo_social
直接忽略我，不是人啊~~[抓狂]~~~其实我才是最能做主的那个！无话可说，只能[鄙视][鄙视][鄙视][鄙视],0,unlabeled,weibo_social
帮转 //:[怒] //:年轻版的[哈哈]//: 有点儿像你嘿！[偷笑]//: 转，往照片上的人能归还~,0,test,weibo_social
家里客厅新换的灯，装上后有点后悔，好像没那么喜欢了，我好像是有选择恐惧症[泪][抓狂],0,unlabeled,weibo_social
周贱贱公司又有聚会，苦逼的林月珍同学只能在家捧着手机看美剧，这日子没法过啦![抓狂],0,train,weibo_social
打开冰箱的瞬间，我感觉到了作为吃货的压力[哈哈][哈哈][挖鼻屎],1,unlabeled,weibo_social
【答案】是喷子战略定价要高于二十元(刷子的两倍)。 因为如果定价二十元的话就等于买两把刷子的代价， 但是喷子的功用等于2个人来用两把刷子作业。 假设刷墙的人不能左右互搏[哈哈]， 喷子的价值要高于两把刷子(减少了一个人的人力成本)， 所以它的定价应高于20元。[害羞],1,unlabeled,weibo_social
卖废品。师傅说，可乐易拉罐每个只能卖2分钱，因为它的材质是铁的而不是铝的。朋友知道后建议我以后改喝啤酒，因为啤酒易拉罐是铝的，可以卖1毛钱。[衰],0,unlabeled,weibo_social
遥望一下亲爱的Bombana和高大上的白松露[可怜][泪],0,val,weibo_social
。。我通常说你放屁[晕],0,unlabeled,weibo_social
【1月刊】封面是第四张――查理大桥上亲吻的新人。这一期猜中封面的小伙伴并不多哦，恭喜 ，请将地址、电话、姓名和邮编私信小编[鼓掌]大家新年快乐！,1,test,weibo_social
喜欢吃海鲜和日餐铁板烧的亲们，你们还在等什么？都太海鲜自助餐厅菜品更新升级中，一定有让您满意的菜品！[嘻嘻],1,train,weibo_social
啊哈哈！笑死！[哈哈],1,test,weibo_social
我操！这尼玛什么情况！瞬间收到几十个验证码！各种网站验验证码！！被攻击了？还不断接到一个自动语音电话！惶恐！[晕][晕][晕][晕] 求解救啊！,0,unlabeled,weibo_social
我的胃是不是跑你 那去了只想喝个酸奶[泪],0,train,weibo_social
趣分享美国一男子用化妆技术把自己变成了真人版的《梵高自画像》，帮他化妆的是他的未婚妻，他们买了一件如画中的服装，然后一步步的按照画中人物化妆，最终完成了真人版。老兄，你是有多爱梵高啊！切记不要像梵高一样，也把自己的耳朵给切了[衰],0,unlabeled,weibo_social
新西兰发现之旅 新西兰不愧是运动圣地，昨天当了次水手，乘坐美洲杯帆船乘风破浪。今天又体验了一把卡丁车漂移，我的驾驶技术好像还不赖[嘻嘻] 我在:,1,train,weibo_social
爱佑播报今天下午，美国威斯康星州东南部脑瘫联合协会United Cerebral Palsy执行主任Yvonne K. Stueber和资深咨询师Joan L. Stewart登门拜访爱佑，与爱佑针对国内外脑瘫现状、教学理念及方式方法进行深入沟通与交流，双方约定进一步互通资源，友好合作。[可爱],1,test,weibo_social
没买到敦煌回来的卧铺，硬座悲剧了。但愿后面能顺利吧[泪][泪]让我补到票，让我赶到火车[泪],0,unlabeled,weibo_social
惯性思维以及无法急拐弯的资源、储备短缺，市场认知盲点…都决定了转型的艰难 //:春哥怎么看？[哈哈],1,unlabeled,weibo_social
素食--健康密码！[鼓掌],1,unlabeled,weibo_social
好丰盛的早餐哟！[泪][泪][泪],0,unlabeled,weibo_social
就说我总是和你们是反的，陈阳仅次于刘小枫[怒] 莫名其妙啊,0,test,weibo_social
[晕][鼓掌][鼓掌],1,unlabeled,weibo_social
清剿清远鸡？[晕][晕][晕][吃惊][吃惊]//-老鱼:介个，尼玛必须转起来！ -兰会所 //: 气势恢宏，场面火爆，大片！,0,unlabeled,weibo_social
回复:谢谢啦！ //:你也不错！ //:终于出现了，我看了好几级，就是不见你们出场。 //: 有你的隋唐，那得看看。 //:[哈哈] 阔海兄弟，咱们出来了???,1,unlabeled,weibo_social
我发现我玩几天就想念北京了，但是我一回北京我又纠结想出逃。。我想我们家熊和我们家猫了[泪][泪][泪]求抱抱,0,unlabeled,weibo_social
Jack船??了[哈哈] //@?芷菁：[哈哈],1,val,weibo_social
你几个字？[思考][哈哈],1,unlabeled,weibo_social
随手拍这份等待果真值得，目前吃过最美味的起司蛋糕[心]一勺下去就止不住了[泪],0,val,weibo_social
砖家说啥我不管，反正我家附近我不干[怒],0,unlabeled,weibo_social
[鼓掌][鼓掌]期待~不知道这位童鞋在乌鲁鲁有怎样的冒险体验呢~[嘻嘻][围观],1,unlabeled,weibo_social
[闭嘴][吃惊][衰],0,unlabeled,weibo_social
冬至的饺子！家有妈咪真好！[爱你],1,val,weibo_social
这是要进入冬天的节奏么？[泪]大家注意带伞添衣~~,0,unlabeled,weibo_social
[太开心]亲爱的童鞋们[互粉][互粉]这款酒红色长靴补货到咯！！[兔子]上次没来的及收入口袋的美女[心]这次可不要错过哦！！[偷笑],1,unlabeled,weibo_social
偷车就偷车，杀孩子做什么。愤怒[怒][怒][怒][怒][怒][怒][怒],0,unlabeled,weibo_social
[睡觉]目目[泪],0,unlabeled,weibo_social
。。无敌兔时代就这样过去了。。可我还没攒够钱呢[泪],0,test,weibo_social
喵了个咪的 太帅气了 百万[哈哈]//: -li @--xuxu--,1,unlabeled,weibo_social
[悲伤][悲伤][悲伤][心]???,0,unlabeled,weibo_social
新浪也想借借你的光。[哈哈],1,unlabeled,weibo_social
突然觉得，偏执和不被理解，应该是幸福的，想通这个之后我瞬间幸福了[哈哈],1,unlabeled,weibo_social
回复:[泪][泪][泪][握手] //:痛转,0,unlabeled,weibo_social
高级定制 Repossi款式...有钻？没钻？金色？银色？[抓狂][抓狂][抓狂]大家都问我...其实也是我一直困扰的一个问题哦...[抠鼻][抠鼻][抠鼻],0,unlabeled,weibo_social
你去过这里吗？我竟然错过了曼德勒这么漂亮的地方[泪],0,train,weibo_social
如果是我，遇到这样的母女会很痛心，陌生人的帮助远比一个公仔更值得欢心，中国人缺少爱的教育。//: //: 我忘记说了，那女孩儿至少有二十二岁。她妈五十多。[泪]//:作为一个成人，这么点小事还要走心吗？还等“谢谢”是什么心态？,0,test,weibo_social
喂，记得发一篇博文，可以参加锦溪博客大赛的，你肯定赚了。[嘻嘻] //: // : 叫他们来买做宣传册吧[鼓掌]// :,1,unlabeled,weibo_social
哈，够大了吧[嘻嘻][嘻嘻][嘻嘻][嘻嘻][嘻嘻][嘻嘻] -Wisen,1,val,weibo_social
回复:亲，都太餐厅现在在大众点评网上就有团购哦，可以去团哦[嘻嘻] 如果您不想参加团购的话，直接组团到餐厅来，需要您到店详谈哦~ //:味道还行，组团有折扣吗,1,val,weibo_social
所谓感冒这三天各种不适，却死撑着，屋里屋外忙碌，本以为因没阿姨“值日生”做多累着了，这周一的终于扛不住，到下午人跟蔫花一般，晕呼呼头重重浑身痛手指肿而目赤脸麻。无咳嗽无流涕无高烧，然后刚刚被诊断为感冒，配了一堆“毒药”，其中这口服液是咽痛的，我怀疑医生开错药，吃还是不吃[抓狂],0,unlabeled,weibo_social
我也是//: 爱芝士[爱你][围观],1,unlabeled,weibo_social
清华大学出版社的科幻作品越来越棒了！期待北京的活动~[鼓掌] //: 欲望不可能丧失，只会转换，比如转成小时代的物欲//: 近年来科幻小说的萎靡，也许意味着人们的一种欲望的丧失：我们不再像四五十年前的社会那样，幻想某种超越历史秩序的变革或革命。,1,unlabeled,weibo_social
震惊！5个流浪儿童一起被冻死！[泪] 吃屎的当地民政部门！,0,unlabeled,weibo_social
这个市场挺有意思。 //:再推荐林伟兄的创业项目 ，看一个男人的品味，要看他的袜子 [嘻嘻] //:上周有幸被林兄洗脑，酣畅淋漓，受益匪浅。,1,unlabeled,weibo_social
回复:同意。我的是先同步失败，然后充不了电，是在香港的Lane Crawford买的。Jawbone的官方售后很烂，说必须有美加地址的才给换。[怒][怒] //:我认识的有三个坏了。。,0,unlabeled,weibo_social
晕哦，浙江又播一遍神雕侠侣，其实我想看新白娘子传奇[抓狂],0,unlabeled,weibo_social
重庆朱胖子烂火锅[嘻嘻]。[赞][赞][赞],1,unlabeled,weibo_social
今儿各种不在状态，老犯低级错误[衰],0,train,weibo_social
【智慧】某领导当上某地的一把手后，其弟成立了一家建筑公司。刚开始没人知道其弟是谁，四处碰壁。某日当地召开干部大会，某领导在台上大拍桌子：“你们不要以为某某某是我亲弟弟，就违反原则，网开一面，否则发现一起查处一起，绝不姑息！”会后，其弟时来运转大发横财。[抓狂]天涯微博@?湘墨人,0,unlabeled,weibo_social
你是让我去跑么[衰],0,unlabeled,weibo_social
我那张看一眼就了 跟猪猪绑定一个地址 几率比较高吧[抱抱],1,unlabeled,weibo_social
回复:大概都是亲自来拆穿我的……//:卧槽被拆穿就被那么多人排队了好吧，每次去前面排上百号人，赶紧散了我好尝尝啊//:糟糕，原来雕爷牛腩已经被“拆穿”了！刚刚宣布盈利，就被“拆穿”，好狼狈~[泪],0,unlabeled,weibo_social
安妮！你是怎么从我最爱的小清新，变成比 还丧失的啊[抓狂],0,unlabeled,weibo_social
爱在西藏 一个在西藏的北京姑娘，今晚的爱心由她缘起。。。[爱你],1,val,weibo_social
今天就是该去游乐园玩的嘛[嘻嘻][嘻嘻]祝 小盆友生快[蛋糕][蛋糕][蛋糕][萌][萌][萌][兔子],1,unlabeled,weibo_social
买日系车不等于不爱国，两码事！[衰] //:明天去买只棒球棒放我日系车上，不打棒球，随时准备好打那些＂爱国者＂！[威武] //:[good] //: 有官媒体可以刊登吗？ //: //: 说得好,0,val,weibo_social
[泪] //：真滴假滴啊... //-david:牛B // : 刚装备上，SCC的要小心了,0,unlabeled,weibo_social
够派 //: 想吃！ [泪],0,test,weibo_social
[泪]去年怀旧去吃了一次，出品、环境、服务之差，令人稀嘘！ //-粤味存真:又要少一间老字号？这个地点充满了回忆啊[吃惊] //:求真相~[围观],0,val,weibo_social
木有！[抓狂] //:带孩子的男人性感得要命啊，有木有！,0,test,weibo_social
"HI游江西 【即将改建的南昌老街[泪]】 万寿宫商城后面的老街(包括合同巷,万寿宫巷,醋巷,棋盘街,翘步街,萝卜巷,带子街等)马上就要进行改建了~很多东西都即将成为历史~只能用相机将其定格 [浮云]via.",0,unlabeled,weibo_social
回复:我都已经凤凰涅磐重生了[衰] //:怎么现在酒店全都给PR也定target，这还让不让人活了啊[抓狂],0,test,weibo_social
如果有地狱，请带走这些魔鬼。 //://: ？？ //:[怒][抓狂]直接剐了。 //:禽兽逍遥于官场，当心把官场变成禽兽养殖场！,0,unlabeled,weibo_social
还没完事呢！[泪][泪][泪] //:午休吧，马师傅[偷笑],0,val,weibo_social
我试过，进去时我还人模人样，出来时做壁虎状[泪][泪]//:北京的一号线比这还要惨烈！,0,unlabeled,weibo_social
[汗] //:[吃惊][衰]看见了吧，以后收快递以后一定要处理一下那个桑面的地址，姓名和电话！！！,0,unlabeled,weibo_social
"回复-牛:高!实在是高![good] //-牛:回复:对啊，本来就是这样啊~哈哈 //-牛:哈哈，明年还都是2013呢~ //: 回复:怕不单纯是巧合吧,中科院数学所可以研究下![偷笑] //:巧合而已 //:哦,还真是啊,谁能破解介锅秘密?[抓狂] //-牛:[衰]",0,unlabeled,weibo_social
看来这是通病啊， 结婚后懒得象猪，爱电脑超过老婆[晕]//:哈哈，这就是在野党和执政党的区别。反过来女人也一样困惑：为什么男人在恋爱的时候貌似王子，殷情备至，甜言蜜语，出手大方，结婚后懒得象猪，爱电脑超过老婆。要看清执政党的真实嘴脸，得在婚礼大PARTY结束以后,0,unlabeled,weibo_social
//: 回复-小?:[嘻嘻]嗯呢??也适合我们做后期的??你懂的??[偷笑] //-小?:回复:嗯嗯……解压神马的最适合考试周了[爱你] //:回复-小?:[笑哈哈]是啊? //-小?:完美释放是你们的新节目么？ //:[偷笑]害羞啦？?,1,unlabeled,weibo_social
我快猝死了。大家新闻见了。[泪] //: [蜡烛]//-: //:[蜡烛] //:[蜡烛][蜡烛][蜡烛][蜡烛][蜡烛],0,unlabeled,weibo_social
坑爹[晕] //:真正的大力胶 //: 这得给跪！！！,0,train,weibo_social
内什么 //: 媒体人还有假日？那才是大新闻！[泪],0,unlabeled,weibo_social
wusawusa 地主家的魔法[嘻嘻],1,unlabeled,weibo_social
[怒骂]//:哎！你们真的不作为,0,unlabeled,weibo_social
网民成了道具、慈善成了商品。[悲伤],0,test,weibo_social
热爱生活的人都这样儿[偷笑] //:回复:对！ //: 怎么哪儿都有你呀? 你属穆桂英的吧? 阵阵落不下![哈哈],1,unlabeled,weibo_social
那姐，快来中国达人秀现场，看欢乐的小伙伴吧[嘻嘻][威武] //:[汗][汗][汗][汗] //:我惊呆了！有这[右哼哼]样的小伙伴嘛[怒骂][怒骂][怒骂] @?有朋,0,train,weibo_social
喜欢我们的小喵屋 和茸茸 大庄 二白白一起共进晚餐好开森[爱你][心] //:愿在寒冷的日子里 小西堂可以给每位小伙伴带去温暖[得意地笑][许愿],1,unlabeled,weibo_social
阴毒[爱你]//: [哈哈]//:嗯，有创意！ //:哈哈哈 //: 哈哈……这个好,1,unlabeled,weibo_social
同情//: 劳资的书悲剧了[泪],0,test,weibo_social
下班啦！大衣裹着，回宿舍速度洗漱滚上床。[泪][泪][泪][泪][泪][泪]，脑子已经无其它反映了，乱七八糟，嗡嗡嗡。 我在这里:,0,unlabeled,weibo_social
冷菜不凉哦[馋嘴]每一道冷菜都是开餐前由专门的厨师精心制作，确保温度适宜[可爱],1,unlabeled,weibo_social
王老师又真相了！ //:喝普洱不能减肥，但会使人饿（刺激胃酸分泌，加快消化）从而造成减脂的假象！用普洱减肥，纯属自欺欺人。//:王医生，请问喝普洱茶真能减肥吗?//:一天就卖出了3000余斤！说明很受欢迎啊[抓狂],0,test,weibo_social
大雨天的你们都跑马路上来干嘛？[抓狂],0,train,weibo_social
[哈哈][给力] //:[围观],1,unlabeled,weibo_social
卧槽~~(一声表惊叹)这科学，系统还权威？卧槽(四声表鄙视！)//: 傻B无下限啊！！//?: [衰]//: 无耻之极！//:真正的污染来自于企业和两桶油的油品。,0,unlabeled,weibo_social
我回来啦[太开心]~不过明天又要去日本~[睡觉],1,unlabeled,weibo_social
回复 :我要批评你了！那有这么说的，难道你没听说过黄鼠狼下耗子一窝不如一窝吗！以后别说了啊！[偷笑] //:孩儿溜没出来皇狼溜成黄鼠狼了。 //:这还没到日子就着急了？那你就遛两小时！ //:出来以后你流的汗更多[嘻嘻],1,train,weibo_social
良心泯灭啊！！！[怒][怒] [怒],0,unlabeled,weibo_social
你就捆着双手封着嘴忍着吧[抓狂][抓狂][抓狂][偷笑][偷笑][偷笑],0,test,weibo_social
航拍 烧不起[泪],0,unlabeled,weibo_social
看到各地滚石30的巡演消息，我又心痒痒了[抓狂]，研究了一下下半年的几场，武汉性价比最高，500动车就能来回了，亲们，走一个吗？ 北京的朋友，动车过来睡一晚就到咯，500也能搞定来回了,0,unlabeled,weibo_social
你看看把孩子吓哭的 //:[泪]//:转给各界朋友。//: 同样一张图，我的科学界朋友们觉得肯德基挺守法的，我的文艺界朋友们觉得自己再也不会爱肯德基了，这就是中国实行两党制的基础所在吧？[嘻嘻],1,unlabeled,weibo_social
我好像没吃过，看起来很恶心，转一下提醒身边人。 //:什么？！ //: 突然觉得自己能活到现在真是不容易！ //-缇娜和emily:我彻底可以减肥了 //:又来了！[衰],0,test,weibo_social
自从今天下午不小心听了小三那首歌，现在脑子里环绕着的全是那句歌词！！ 这侵蚀力太吓人了 [抓狂][抓狂][抓狂][可怜] 我现在能理解你了 == -S,0,unlabeled,weibo_social
天！[吃惊][晕]管不了 只能往前冲了！水已没过了我的胯骨??? DJ啊！你在哪？[挖鼻屎][生病][思考],0,test,weibo_social
一个人用二胡拉《雪之华》，感动了[泪] // 一人で二胡で《雪の?》?いて?手に感?してる[泪],0,val,weibo_social
我心中的浪漫情人节是什么样的？A:一起用晚餐，简单就好，最重要的是两个人在一起的感觉。B:一起看场电影，顺便可以在看电影的时候悄悄牵你的手。C:在一个人潮人涌的地方吻你。简单吧，一个人无论如何也不可能把这样浪漫的事情完成。[怒],0,test,weibo_social
[生病] 快挂了。。。上吐下泻。。。从内到外。。。从上到下，每块肉都在疼，五脏六腑每个器官都快胀了[晕] 下午还有一个重要的会[?] [orz] 折腾不起了,0,test,weibo_social
[哈哈]//: ..//: 哈哈,1,train,weibo_social
回复:肉很少[嘻嘻][嘻嘻] //:[泪流满面]好想吃，带子蟹肉。可是目测那得多大一只螃蟹。。。？[达人一周年][达人一周年][达人一周年][达人一周年] //:回复:是，是带子蟹肉 //:[许愿]第四张厚厚的是肉吗？,1,val,weibo_social
[xkl转圈]//: 好怀念厦门的日子，还有曾经遇见的亲们。[爱你],1,unlabeled,weibo_social
【每逢佳节胖三斤】假期归来，亲，你胖了吗？伴随着美好的假期一起离去的还有小编那本来微胖的身材啊！！！人家都说每逢佳节胖三斤，为什么小编好像不止胖了3公斤啊[泪]！亲爱的们，你们肿么样捏？不过就算和小编一样，也要健健康康滴运动瘦身哦[亲亲],0,unlabeled,weibo_social
云婚礼菲律宾长滩岛，性价比极高的海拍之地！丰富的海色、淳朴的当地人、独特的日落、美味的食物，这统统都是长滩岛带给我们的回忆。走吧，带着你爱的她，我们一起上路吧~[爱你] 2013年3月，菲律宾 长滩岛 婚纱Pre-Wedding之旅，未来视界seven,1,test,weibo_social
GRD，有钱人哟[嘻嘻] //:我买了一个，23800.现在还在,1,unlabeled,weibo_social
准么 准么 我不是这样的对不 我是肿木了[泪],0,test,weibo_social
哈哈，最近还好吧//:这些骗子就欠扁[怒],0,unlabeled,weibo_social
【超级笑星视频回顾】吻~一个充满爱的字~[太开心] 却能被 两位大男孩演绎的如此爆笑~[偷笑]而且你们真的！！亲！上！了！[抓狂] 弱弱的再问一句~亲王导是啥感觉呀？[哈哈],0,unlabeled,weibo_social
人家登岛，我们在周边远远地?望， 我说那个谁，你能硬一次不能？[怒骂],0,unlabeled,weibo_social
严肃需要亲们帮忙:《穿“动物园”的女编辑》电视剧不能用此名，看过本书的读者能否帮起个名?不可用“动物园”，不可用英文。先谢献计献策了[泪]！,0,unlabeled,weibo_social
//:[泪] 看一次转一次，匹诺曹9站实时ALL KILL //:哇哦！！,0,unlabeled,weibo_social
什么情况，不就是雪吗？不至于吧... //:回复 :[怒] // :回复 :我家这可大了！,0,unlabeled,weibo_social
伟哥，看你右手的姿势就知道你是高手。[哈哈] [哈哈] [哈哈],1,unlabeled,weibo_social
澳门喜来登金沙城中心酒店体验师 我还喜欢房间里的超大镜子，供女性顾客换衣服臭美够用[哈哈] 突然很想摄影师 还有 了肿么办[委屈],1,unlabeled,weibo_social
哈哈，饕餮享受有木有哇[太开心] //:[花心][馋嘴]//: [花心][馋嘴],1,unlabeled,weibo_social
[太开心] 发薪水啦[汗] 还中信卡[衰] 还招行卡[害羞] 还小嫂子代购费[懒得理你] I.T置装[思考] 母亲节礼物和红包[生病] 中医诊治开药[酷] 办健身卡[疑问] 胶原蛋白？？还买么？！[委屈] 车险..[泪] 趁兜里还有钱，晚上吃顿好哒。[可怜] 继续省吃俭用等着下月工资。,1,unlabeled,weibo_social
[蜡烛[蜡烛]姑娘，一路走好。 //: 该镇压还是镇压，该删还是删[怒]我们就面对这么一个残忍独裁，无耻的政府。她的命[怒][怒][怒]我真希望心碎了，能透出一点光来。。。中国人，你的心，还会碎么，要如何让你心碎，为一个女孩，为你的家人。还是为你的爱人和孩子。,0,unlabeled,weibo_social
老爷子太棒了！[鼓掌],1,test,weibo_social
"不想当技术宅的咖啡控不是好?丝[衰]//: 太强大了!!! 但事实上单通过换一个旋转泵就让仿S有""体验到高档专业咖啡机的水平"" 这恐怕不太现实.商用半自动咖啡机除了配置高之外,还有很多看不见的微妙细节.小到锅炉到冲煮头管道的长度,甚至对原配粉碗的配对.这些恐怕只有设计工程师会清楚",0,train,weibo_social
南京也看3D[嘻嘻] 我在:,1,test,weibo_social
在这里[哈哈],1,unlabeled,weibo_social
原来我是皇后啊？看来只能配皇帝了！必须的！[哈哈][哈哈][哈哈] //: 你离不开我了 //-ZJM:女皇，YY一下[嘻嘻]//:没事，甭怕，我是太监。 //:他妈的，我居然是名妓[抓狂],0,val,weibo_social
关键是这两种我都没碰到哇[泪] //:[din推撞] //: 人世间的感情不过两种：一种相濡以沫厌倦到老，一种相忘江湖却怀念到哭[可怜],0,unlabeled,weibo_social
：猪肉、萝卜、小白菜、洋荷大受欢迎，要能整到紫皮嫩姜就好了！ //: 亲，有些大锅菜，下次改正。。。。改刀[衰],0,unlabeled,weibo_social
怎么可以这样呢[怒]//: 你们也想想等你们老了，年青一代嘲笑你时是什么感受！,0,train,weibo_social
"回复:最看不得女生哭了...为了你青春的完整性,过几天,我去上海安慰你,行吗?你先贿赂宿管阿姨... //:我的青春好残缺，长这么大，就谈一次，还啥都没发生。我先哭会儿，别拦着。[泪]从此，心理留下阴影。[泪]",0,unlabeled,weibo_social
欢迎你来捧场，咱家就是胡同里大妈家的粗茶淡饭[可爱]有空常来呀,1,test,weibo_social
伤不起[晕] //:麦当劳就是不一样,0,unlabeled,weibo_social
[哈哈]//: 天下?丝是一家！[鼓掌]//: [抓狂] //:[哈哈],0,val,weibo_social
回复:真心觉得雕爷牛腩很不好吃！高调做人不如高调做事！潮汕人不懂牛肉，那请问不懂的人怎么能做出绝美的口味，而自称爷的那位，为何你们的出品这么倒胃口！也希望美食评论者能采访与暗访各来一次，做出真心的真实的评价！ //: 你看看去[怒],0,test,weibo_social
说真的我不知道是绿茶有问题还是医生有问题或者都有问题？反正不可能没问题。 //:绿茶不能喝了!//://: 笑死人不赔命。: 这是医院？//: [哈哈][泪],0,unlabeled,weibo_social
人生是一场超长的马拉松，坚持到底才能胜利！[爱你] //:狮子最近貌似都不错哦~[转发],1,unlabeled,weibo_social
同怒！[怒],0,unlabeled,weibo_social
重建的理由太让人幻肢疼了。。。拆了重建是不是更整齐划一、焕然一新！！哪个会认为那死板板的薄片会比原本的踏得油亮的青石块好？！这些个不接地气儿的NC货！！[怒骂] //:回扣百分之几 //:这不是给长城贴瓷砖吗？ //: 以后只能去新加坡看徽宅了。,0,train,weibo_social
回复:尚未。//:蔡老：吃过李连贵大饼吗？//?:回复:好。//:就想跟您问声好 先生好[爱你],1,val,weibo_social
哟！反组织哇！批斗！强烈批斗！[怒],0,unlabeled,weibo_social
什么眼神？//:[晕] //:这。。。,0,test,weibo_social
为什么我总是谦让着[委屈][委屈][委屈][失望][失望][悲伤][悲伤][悲伤],0,unlabeled,weibo_social
集体慰问演出吧[哈哈] //:[微风]/:主要靠发行经营部门的努力。内容团队由于工作不够出色决定明天下午两点集体自杀。[偷笑] //:俺家有女初长成[可爱][害羞],1,unlabeled,weibo_social
入了一件 不明白的是为啥白色T非来个粉色的飞边线[晕][抓狂],0,unlabeled,weibo_social
浪味仙都吃完了，长沙还没到[抓狂],0,unlabeled,weibo_social
图书馆借了厚厚三本基督山伯爵，国人看书太不文明了，居然直接在上面写单词意思。他要能坚持到最后也就算了，但显然他缺少毅力，笔迹到27页后就消失了。[抓狂],0,unlabeled,weibo_social
这是谁总结的呢？[衰],0,test,weibo_social
那就到巴里坤――约会“雾凇”去吧！[鼓掌] //:,1,test,weibo_social
【真怀孕啦】小夫妻俩笑着走进诊室‘自己测的早早孕阳性，拿不准，，，，找您来了。’查血hcg500，，，，。‘真的怀孕啦。’她们来门诊治疗三个月，成功了。男士笑得合不拢嘴，，，，我爸我妈早就盼着那。[哈哈],1,unlabeled,weibo_social
"矛盾体还能接受,只要不是雌雄同体就好[哈哈][哈哈]//:[泪][泪] -黄耕",0,unlabeled,weibo_social
好期待纳帕海御庭项目[鼓掌]，祥和宁静的纳帕海犹如人间仙境，世外桃园，世人洗涤心情、放空心灵又一佳地[爱你] //: 云南香格里拉纳帕海真的是出摄影作品的地方。御庭的下个开业项目,1,unlabeled,weibo_social
//://: [泪][泪]//:[泪],0,unlabeled,weibo_social
有那么点意思[委屈] //:[衰],0,test,weibo_social
完结版：照月亮照得那么像路灯的感慨[阴险]//: 照月亮灯照得那么感慨[汗]//: Its moon，not lamp[衰] //:照路灯照得那么感慨[汗],0,unlabeled,weibo_social
[泪]//:当年非典到五月份天气热起来就消失了,0,unlabeled,weibo_social
[抓狂][抓狂]！！怪不得拉肚子！,0,unlabeled,weibo_social
老天都想让我休息？莫名电脑就坏了~说是主板坏了，早知今就在家休息休息了，严重感冒中[衰],0,unlabeled,weibo_social
饭后又打了一锅…结果不说了…[泪] 我在:,0,test,weibo_social
很怀念以前的聚会~！//: 师父，还记得这张照片吗[嘻嘻][可爱][挤眼] //: 健弘师兄风采依旧，鱼翅兄弟组织给力，朋友们好[互粉]PS：少校是男人，真性情的，可惜又倒了：）//: 回复:真诚感谢各位朋友 //:还有 和 盛大出席！阿弥陀佛！,1,unlabeled,weibo_social
本来是手机听筒出问题，打算到三里屯iphone店维修，这家伙真不给我长脸，无论怎么试都一切正常，唉。。。结果是我在屯里又败了几件衣服，我的白花花的银子啊[泪],0,unlabeled,weibo_social
这鞋子真霸气[哈哈],1,unlabeled,weibo_social
额，今儿出了大门想起了往西看虽没看见公交站但下定决心往西走结果没找着地下通道入口稀里糊涂进了地铁[衰]论孙小兽永远不可能在国家大剧院看完演出后从天安门西站坐公交回家这会儿回想起看演出时那哗哗的感触现在全特么空白了所以说看演出带上纸笔随记是多么充分and必要，啊[落叶],0,unlabeled,weibo_social
昨天凌晨三点雍和宫烧香，早上8点白云观压太岁，然后天宁寺供灯，吃了斋饭。睡眠不足有点疲惫，到家刚泡完澡老娘就开始催！求姻缘了吗？今年能结婚了吧？麻麻婚姻不是打牌，重新洗牌要付出巨大代价地。我不会为了结婚而去结婚。有时，单身反而是一种自信和诚实。[鼓掌],1,unlabeled,weibo_social
听说太阳宫100多辆车追尾[吃惊]连续追尾应该是最后一辆车全责吧？[衰],0,unlabeled,weibo_social
人才啊~//: 这是哪个报啊？ //:好标题...[bed凌乱] //:这标题。。。[晕],0,test,weibo_social
今晚和同事们7人行，女子会大获成功啊[嘻嘻] 足疗+SPA [兔子][熊猫][给力] 下次大家一起去K歌吧[可爱],1,unlabeled,weibo_social
哈哈，以为你减肥。 //:[泪]不带我//: 是啦！[哈哈]//:放题么,0,unlabeled,weibo_social
红烧～//:茄子 //: 今天是世界微笑日，大家别吝啬自己的微笑哦[嘻嘻]，世界微笑日,1,val,weibo_social
给您快递两瓶过去？//: 价格很[泪] //:得试试！ //: 试试! //:喝过卡吗？,0,unlabeled,weibo_social
[哈哈]//:[哈哈]//: 劳资不是够贱，也不是浮柴。,1,unlabeled,weibo_social
原本7：35的飞机，想提前走，改成6：25的，结果飞机晚点，8点才飞！请问：我为什么要改签……还花了改签费……[抓狂][抓狂][抓狂],0,unlabeled,weibo_social
我嘴贱……[泪][泪][泪]两天撑到想吐……[爱你][爱你][爱你][兔子][兔子][兔子][可爱][可爱][可爱],0,unlabeled,weibo_social
都是回忆[可怜][可怜]邀请你和你的小伙伴一起来[鼓掌][鼓掌] //:不限性别，不限年龄……全民模仿羽泉旧造型//:女的也能参加么？[挖鼻屎],1,unlabeled,weibo_social
坐大灰机回北京喽[嘻嘻],1,unlabeled,weibo_social
我娘说...她晕榴莲[晕],0,unlabeled,weibo_social
//: //: [围脖][温暖帽子][兔子]//:[good][兔子]//: [给力][good][茶] //?心?: //: [鼓掌][给力][good] //:看着真让人舒服，[可爱],1,unlabeled,weibo_social
狂咽口水中[抓狂]胃都反酸水了[泪],0,unlabeled,weibo_social
某人还在加班…三点前回的来么[泪],0,test,weibo_social
ICS洋厨房拍摄，我们最英俊的潘师傅上场了[赞]和美女主持的搭档可谓默契十足啊[嘻嘻],1,test,weibo_social
你在早稻田还记得我的电影，谢谢！//: 当年老米的《玩主》《带轱辘的摇篮》，费明的《离婚了别来找我》那样的深厚的新现实主义的影片没了[衰]//:,0,unlabeled,weibo_social
我觉得边上的哥们表情配合的很到位！//：[抓狂],0,unlabeled,weibo_social
回复:比侯先生还年轻//:和当年侯耀文老师走的同样突然[泪]//:回复:可惜了//:[蜡烛][蜡烛][蜡烛][蜡烛][蜡烛][蜡烛],0,train,weibo_social
今晚21点30分，体育频道《新旅游》将播出亚沙会潍坊、烟台站，滨州惠民的孙子兵法城，期待您的收看哦！[爱你][哈哈][哈哈][爱你],1,unlabeled,weibo_social
支持笼包申遗！支持煎饼果子申遗！支持……[感冒]//:笼包带兵入韩[怒] //:饺子拍案而起[怒][哈哈],0,test,weibo_social
作为近一个月基本无休的人表示，坚持，淡定是美德！表伤心，表郁闷，我们有彼此！[爱你] //:要我帮你AT老板吗？哈哈，确实！当人们在讨论“SHIT！要连上8天班，太苦了”工作室的同事们大可微微一笑，可悲的人类啊！8天算什么啊~不过你们都很厉害哟！周一请把内裤穿外面，穿披风来！,1,unlabeled,weibo_social
9494！[抓狂] //:捅回400刀,0,unlabeled,weibo_social
虹桥火车站的出租车排队需2小时[泪][泪]。最后还是让金爷来接。现在躺在沙发上敷面膜。不想动了。,0,unlabeled,weibo_social
大家都在看了吗？还没的赶紧吧！这一段又要自备纸巾了[泪] 一定会幸福的！大家也都是，谁看谁幸福！ //:这是这期导演，非常善良的韧爸！谢谢你！,0,unlabeled,weibo_social
回复:[泪][泪][泪] //:现在同志还有了“ gay ”的意思... //:回复:怎么变了呢？ //:这个词在现在的汉语里意思变了。 //:回复:不好意思，我的汉语还是不好[泪] //:不好乱叫同志的[偷笑],0,train,weibo_social
"收到,冻死我了!谢谢哈。//:谢谢宝贝[鼓掌] 在家看着阳光好明媚 原来都是假象[抓狂]",0,val,weibo_social
[泪]太犀利了好吗？ //:哭了好吗,0,unlabeled,weibo_social
【马来逼[怒]】未见机骸，未见尸骸，未见黑匣，你说坠毁就坠毁，真当你丫是真主了，折腾了这么多天，真相却渐行渐远..请为无辜者们点上一盏[蜡烛]，指引他们能重找光芒。,0,unlabeled,weibo_social
即使这是虚构的 我也愿意相信它是真滴//: //---37地产:俺不是老板，但俺做得到//: ---37地产 看完停下手头工作，去关心一下员工[泪]//:,0,unlabeled,weibo_social
晒一下我在办公室养的“绿毛龟”，没想到，只三天就长这么大了。[哈哈][嘻嘻] 我在:,1,test,weibo_social
闹太套……[嘻嘻]黄先生//: 亮点在最后//?死啊: 我叫小明。。,1,train,weibo_social
谢谢万总鼓励！继续努力！//: 色彩不错！祝大卖！//: 回复?游王翎芳:期待和王总进行深度合作。“蓝鲸旅行”正式起航…… //?游王翎芳:哇！回?起肖社?半夜?我去印刷?看打?的??！[泪]很感人！今年?到?社?你陪我了！[嘻嘻],0,test,weibo_social
【超级笑星 精彩剧照】[太开心]萌萌的大山老师和杨议老师向大家问好啦[哈哈]~还有两天新一期的《超级笑星》就要和大家见面了哦~想要《超级笑星》定制签名照的小伙伴们记得积极参加我们的活动哟~传送门在这里~【,1,unlabeled,weibo_social
法斗好心人赶紧领养，吃狗肉当心嘴唇长到脑门上去！//: 四川的朋友快快给它找个主人吧，多可爱的牛牛怎么忍心吃掉啊[泪][抓狂]//: 哪个愿意领养,0,test,weibo_social
休假之前特别忙：昨天与 录节目至半夜，现在给三个活动写方案、中午一会儿就为活动细节进行谈判；下午四点去林溪湾做TNT的圈层活动..休息一次要赶多少活儿啊[晕]转念一想：越忙碌越好，让我休息的时候什么也不想[熊猫],0,test,weibo_social
饿死我了！终于下课了！怎么赶紧饿过劲了！[泪],0,test,weibo_social
暂时没有//: 深圳有分店吗[泪]//: 哈哈，肯定不会让小伙伴失望的呢！//: 看起来很好吃的样子[馋嘴]//?这辈子只?RTA: 真的好棒的一家店！11月工体有活动！到时候还会去光顾的！//:谢谢朋友推荐，[亲亲]爱你,0,unlabeled,weibo_social
Mickey 真心淘气[衰],0,unlabeled,weibo_social
// -可爱上海人 :坚决声援杭州的新闻同仁们，要求司法机关对这种阻挠正常新闻采访的暴力行为予以严肃处理！ //: 你妹的真恶劣啊[怒] //:坚决声援,0,unlabeled,weibo_social
我想回广院！！！//：//：人类真的已经不能阻止了……//：人类真的已经不能阻止了。。。[晕],0,train,weibo_social
你个迷糊人，好好笑啊，这个笑话得给金庸讲下，用来打击盗版[哈哈],1,unlabeled,weibo_social
回复:[泪] //:霾还未走沙又来了... //: //:期待今天下午的6-8级大风吹出个蓝天来,0,val,weibo_social
为什么每次突发事件都会发生这么2b的事，制定紧急预案有这么难吗[怒]//:日啊！[怒] //:去他妈的成雅高速，我是雅安人，因为电话不通了，今天早上9点过我从雨城区到名山区找家人，老路封闭了，只能高速，收费站排了很长慢慢收费！我日他妈的，这就是成雅高速的应急方案！！！,0,test,weibo_social
是topas的经典系列码？铝镁合金怎会如此？ //:RIMOWA啊，神器也能遭此暴力// :您遭到暴力拆迁了？别担心，送到我们维修中心，免费恢复原状！咱德国货，不怕！ // :看标签是因为被security检查过了！[抓狂] // -47 :只有想不到，没有做不到[吃惊] //,0,unlabeled,weibo_social
[泪] 肚子饿..可是不知道吃哈密..==||| [挖鼻屎] 有点想吃冰淇淋...老子是不是精分得太厉害了...?==||||[奥特曼],0,unlabeled,weibo_social
亚运会拼命花钱装门面，如今是拼命赚钱填补财政赤字！反正，羊毛出在羊身上~[鄙视]//: //:广州这是怎么了？！[怒] 垃圾分类应该做的是宣传教育，引导市民养成习惯，是一个过程。不要动不动就以收费的形式来解决问题，可以吗？,0,unlabeled,weibo_social
回复:估计是！警车在绿化带上蹲着！入口不管制，出口不让出，四环堵成一锅粥！[泪][泪] //:恭喜你，应该是遇见希拉里了,0,unlabeled,weibo_social
重口味都找我们[嘻嘻],1,unlabeled,weibo_social
回复--t:这张相片太容易让人误会了，我就吃了一盒。 //--t:这都是您吃的? //:我的吃相太“抽象”了[晕],0,test,weibo_social
非常感谢全经联和各位兄弟姐妹的祝福，同祝各位健康快乐，工作顺利！[鼓掌] //: 大家天天都快乐！//:祝三位生日快乐！[蛋糕] //:Happy Birthday to you 同祝三位全经联寿星生日快乐。[蛋糕][挤眼],1,unlabeled,weibo_social
"[泪] //:好感人,以后对你的宠物好点，再好点[爱你]",0,test,weibo_social
刚才哪位大哥电话我的，这里太吵了，没听清楚[泪]收到回复,0,unlabeled,weibo_social
各种偷拍，抓拍，互拍，摆拍，太欢乐了//: [偷笑] //: 实在是太搞了，第一张还特地“修片”了，这才是旅行中最有意思的地方，舍不得走了[泪],0,unlabeled,weibo_social
我居然刚看到~ 你太令人羡慕嫉妒了~我羡慕的要哭了~[泪] //@??将军:哇,0,unlabeled,weibo_social
某人不知道在哪儿看的偏方，说榴莲对手脚冰凉的人有好处。于是给我买了一堆榴莲。现在厨房里满是榴莲的臭味，恶心死了！本来就讨厌榴莲的我，为了不辜负某人的好意，捏着鼻子咬了一口，差点没吐出来！真不理解怎么会有人喜欢吃这种臭东西[汗]。好几十的东西，扔了可惜，吃又吃不下去，郁闷[泪],0,unlabeled,weibo_social
车上碰到一个母亲带孩子，让小孩子一个人坐在位子上，急刹车几次，我都帮着扶了几遍怕孩子摔着，那母亲像没看见似的。最后倒把孩子叫到自己跟前了，坐窗子边，任由小孩把手和头伸到窗外耍，最后还是司机大吼提醒，她才一把扯过孩子，小孩还要耍，甩手就给了俩巴掌！[怒]真的是亲生的吗！！！,0,val,weibo_social
[围观]//: [怒]//: 两条恶闻：一、聂海芬受公安系统肯定，仍任大队长；二、221万赔偿纳税人买单，专家称不宜追究办案机关。评：政府做错了，为什么要人民承担责任？继续用聂海芬，让她继续刑讯冤人？,0,unlabeled,weibo_social
??嫦娥姐姐大晚上不睡觉会情郎去了，还非得折腾着我们这群人等着看她们是否约会成功[鲜花][心]？我的眼皮好沉重[打哈气][失望],0,unlabeled,weibo_social
中午只喝了碗稀饭，现在肚子咕咕叫了[抓狂],0,train,weibo_social
酒驾的可怕后果！[衰] //: [打哈气][打哈气]//:【你不知道的酒驾后果】[吃惊],0,unlabeled,weibo_social
油价又要上调，中国的发改委就像妓女，不许别人开妓院，自己却全身脱光撇开双腿站大街，她就知道你嫖也得嫖不嫖也得嫖，今儿一次五十，明儿一次五十一，遇上国际避孕药行情变动还得再涨。[怒][怒],0,unlabeled,weibo_social
亲们，我刚刚安全抵达曼谷，在泰国代表红三军向你们拜年啦！[哈哈],1,unlabeled,weibo_social
舌尖上的中国第二季 互动环节，抽到可以上台分享家乡美食，可惜我的号码不够幸运[委屈]正在分享的美女是 的负责人，听她提到小笼包、柠檬鸡球。。艾玛，没吃午饭的我已经hold不住了，太残忍[泪] 我在这里:,0,unlabeled,weibo_social
[嘻嘻]12小盒浓汤宝哦~~想要的亲们赶紧行动吧,1,unlabeled,weibo_social
四个现代化似乎还是没实现呀[泪],0,test,weibo_social
最大的问题是竟然用的是冷冻蟹钳，吃起来一大股冷冻海鲜的味道，蟹肉外面已经干裂，完全没肉汁，而且总共只有12支！12支真多啊，不过最长的也只有5厘米啊！除了蟹钳其他什么都没有啦！这尼玛完全坑爹啊！有木有！这可是你家的招牌啊！[怒][怒][怒],0,test,weibo_social
师傅，那必须是你野徒弟啊，哈哈哈//：是，谁这么有艺术细胞[伤心] //:收了，师傅你太有才了！[good] [偷笑] 你也收一个做纪念吧，新娘子～,0,test,weibo_social
超爱这个酒店的儿童乐园！梦幻[爱你],1,unlabeled,weibo_social
hiahia，我是大胃王！跑通州蜀签吃串串香，女子组第三名。撑死我了！118串！对面的哥们才吃60多，[汗][汗][衰] 我现在的状态是，这刚哪到哪啊！[嘻嘻][汗][衰] 算了不逗你们了，其实我真正的状态是：别，别跟我说话，我想吐...[嘻嘻][威武] 奖状挂墙上了，你们来挑战吧！ 我在:,1,val,weibo_social
日本人又入侵了！滚出去，小日本！ [怒]//@?建?MJG://-闻正:[围观],0,unlabeled,weibo_social
什么都记得呢，就是忘了社会餐饮休息的问题。刚出去走了一圈，基本都关门了，不得已自掏腰包37块+15%，点了份自己家的蛋炒饭[泪],0,test,weibo_social
终于开了[鼓掌],1,unlabeled,weibo_social
我在南海，皓月当空。民俗活动烧番塔现场热烈。 //:7:30去祈福新村临时节日夜市，::【中秋晚会现场下大雨[衰]】今晚，2013央视中秋晚会在梅州梅县文体中心上演。虽然，一场大雨突然袭来，现场依旧歌照唱，舞照跳。央视主持人说：若不是怕发型乱，真想扔掉伞…朋友们，你们还好吗？,0,unlabeled,weibo_social
回复:这是很遗憾的事但你说的对[泪]// 残念ながらそのとおりです[泪] //:静冈机场好像对中国只有上海的直航~ //:回复:听说给我们买的人的话，在静冈机场买的[耶]// 私たちに?ってくれた人は静?空港で?ったそうです[耶],0,unlabeled,weibo_social
珍爱生命，远离牛羊肉。炭疽来袭！！[生病][衰],0,unlabeled,weibo_social
月亮狮子也是哦[哈哈]//: 哈哈哈，看来狮子座的对猫头鹰偏爱有加啊！！！//: 要不要这么这么准啊？[哈哈],1,unlabeled,weibo_social
天生我材必有用，千金散尽还复来[嘻嘻]，晚安~,1,test,weibo_social
[衰]我能找到北，但这也不妨碍我当一名称职的迷路党党魁……,0,unlabeled,weibo_social
没有日料吃，被困住了[泪],0,train,weibo_social
[泪]感动//: [微风][微风]//:[音乐][音乐][音乐][音乐][音乐]《宁夏》与宁夏有关。,0,unlabeled,weibo_social
//:期盼生还！但是希望渺茫！[怒][怒][怒] //:[泪],0,test,weibo_social
[可爱] //-: [哼][哼][哼],1,unlabeled,weibo_social
家里每次来客人都会顺走我的打火机！[晕],0,val,weibo_social
歌手正在唱月半弯，我们家朕拿手的歌，于是乎我给我们家朕发短信说：＂本宫想你了！＂我们家朕回一单字儿：＂滚!＂[泪]老一套!有点创意好吧!,0,train,weibo_social
续：今天上午9:30分到大卖场买完东西，再到服务台兑奖，被告知还要等到10:00以后才可以。哈哈没别的，就是气愤，以后拒绝可口可乐。[怒骂],0,val,weibo_social
赞！我的大欧洲深度游之梦！ [心] //:我的意大利，我的帕多瓦，我的都灵冬奥会生活之旅~~，爱你我的莎莎。。[爱你],1,val,weibo_social
太累了这一晚上，穿个连体短裤，上面还一溜儿扣子，每次去厕所先脱了外套，然后解五分钟扣子，最后从上到下都脱了才能行，这设计师绝对没憋过尿吧。。。[泪]嗯，新进新光天地的某韩国品牌。,0,train,weibo_social
这就叫淡定。[哈哈][赞],1,unlabeled,weibo_social
回复:街头暗号：有福公社[哈哈] //:回复:去吃的话，以围脖为证？ //:能带家属吗？能打包吗？,1,test,weibo_social
非凡旅行家杂志「完全宠自己」 旅行分享会 准备中[嘻嘻] 谢谢 西班牙餐厅赞助???,1,unlabeled,weibo_social
同志们，我到了，两箱行李不见了。。。[泪][泪][泪][泪],0,unlabeled,weibo_social
唉！[衰] //:爱国教育帮不了品德教育,0,val,weibo_social
回复:这回彻底知道了！[抓狂] //:回复:吉野家的东西好难吃。。又贵,0,val,weibo_social
我买贵了[泪]，以后买前先查查。,0,unlabeled,weibo_social
[哈哈][哈哈] //:这哥俩分工真好[太开心],1,unlabeled,weibo_social
我快感动尿了好么[泪]？美中的大夫和护士把她们夜班宵夜的肉夹馍也送给我两份[泪]。活活儿蒸腾了她们一天，还把口粮分给我，我都不知道说啥好了。不过，我这一天来医院到底是干啥的啊？光饭都吃四顿了，我儿这是占便宜没够的路数啊，都到这日子口儿了，还骗吃骗喝呢[汗][汗][汗],0,unlabeled,weibo_social
我是回了又回！[哈哈] //:我都木的回[泪] //:我也想回家[泪] //:新浪全国地方站等你回家~这里有你想要的广阔平台、发展空间，承接了我浪威武的管理体系，还有亲情友情爱情的温暖~让简历砸晕我吧~ 请大家扩散~,0,unlabeled,weibo_social
"上小学时，课本里总有个叫小明的，我小名叫小明，所以，每当老师念到""小明如何如何""同学们就会嘻嘻嘻的乱笑。叫小明的童鞋，有木有？[泪]",0,unlabeled,weibo_social
受过训练的专业狗仔派上用场了…………想当初各种篮球发布会，各种抢拍，活儿不是白瞎的！[哈哈][哈哈],1,unlabeled,weibo_social
灭high王，你诚心气我是吧[怒] //:冰箱开关时会自动告诉你又胖了几斤才算聪明。[挖鼻屎],0,unlabeled,weibo_social
[泪]交朋友的，结婚的，你们不能忘记还有个单身的我！,0,unlabeled,weibo_social
新年第一天，手上被烫两个泡[泪][泪],0,test,weibo_social
胃痛，躺在床上怎么都睡不着，还有两个小时就要起床开工，好难过！[泪][泪],0,test,weibo_social
小恶魔近期活跃[泪],0,unlabeled,weibo_social
一声叹息//: //:上海人啊……求人肉……//://: 最可气的是车上还有孩子，这一幕发生在孩子眼前，对他的影响也许是一辈子！ //:[怒] 人在做天在看！,0,unlabeled,weibo_social
回复:下周末会去，给大侠、祝勇的书搞活动[哈哈] //:回覆:清明已往，怎么没见俞兄南来？,1,val,weibo_social
//??子: 这条微博很不错，属于美丽营销~在全海南的微博中很罕见。。。//: 哈哈哈！还有这么一出！！！！//: [爱你][爱你],1,test,weibo_social
小三真是反腐好工具 //:[嘻嘻] //: 这又是小三儿举报么？[酷],1,train,weibo_social
黑炮青年啊//:泰国佛牌都被他们玷污了！[怒] //:多傻缺啊，尤其是挂蝴蝶的//: 够俗的都 //:,0,unlabeled,weibo_social
重庆火锅：羊肉卷包花椒，吃下去只能发微博啦，休息[晕],0,test,weibo_social
[good]//: 跨炖，香酥，美！ //:月牙湾美食馋人[嘻嘻],1,unlabeled,weibo_social
年初返回时港口滞留大量游客，而我乘坐的船只却没有几位游客咨询工作人员得知这艘船是广东的船在海南就不愿意给多装人[泪] //:,0,unlabeled,weibo_social
用高铁灭掉了10后[泪],0,test,weibo_social
回复:不会过日子！包子成本高呀！ //:回复 :那你还是再蒸一锅包子打狗吧~安全些[哈哈],1,val,weibo_social
回复:您这个问题??学术性太强了[汗] //:请教下，你们平时烤的羊排是羊的哪儿部分 //:可以烤，清炖或者??包羊肉馅儿饺子[哈哈],1,unlabeled,weibo_social
//: //: 坚强的孩子，加油！//: 董云的母亲说：“给我一点饭吃就行了，我不在乎吃好吃坏。我这十多年也没有穿衣服，为了给她们方便，也不留头发，一个星期大便一次。平时也不多吃，让她们有时间念书，她们就不会那么辛苦...”[泪],0,val,weibo_social
你要危哈哈 //:中了六条[泪][泪][泪],0,unlabeled,weibo_social
不用道歉，下跪就行了。//:[怒]必须道歉！//:[怒] 必须道歉！//:[怒] 必须道歉！//:[怒] 必须道歉！//:[怒] 必须道歉！//:[怒] 必须道歉！//:[怒] 必须道歉！,0,test,weibo_social
刚在ATM机取现金，前面有个小姑娘拿着不下十张银行卡在进行交易，一张木钱两张木钱三张木钱……就这样把手里所有的银行卡试了个遍[抓狂]我说了句：姑娘我着急能先用一下吗！那小姑娘哇的就哭了！吓死我了[汗],0,test,weibo_social
忍不住转 //: //:搜狐也搜的太给力了！[哈哈] //: //:严肃批判，太蛋定 //:[晕] 神马媒体呀?,1,test,weibo_social
最近挺累的状态[晕]，心情不好[悲伤]，脾气暴躁[抓狂]，今天真的巨想巨想巨想巨想烫头发[委屈]，受不了每天醒来头发乱的像疯子[愤怒]！！！！,0,unlabeled,weibo_social
明天就要上班啦，特别特别不想去咋办。[抓狂],0,test,weibo_social
"回复:吃的开心！[可爱] //:知道了知道了，谢谢哈~~~[笑哈哈] //:回复:雅格泰酒店斜对面（原603车队香榭丽舍小区对面的路口),再不知道你就打车吧。[晕] //:球具体位置~ 我能不能默默的说句我不知道龙鑫花园小区在哪",0,unlabeled,weibo_social
有货的东西真心不错，做下广告！[鼓掌][鼓掌][鼓掌],1,unlabeled,weibo_social
我只是说说而已啦，哈哈哈哈//:喵个咪的 你自己还不是在转。。。//-小明：别再转了啊，，，//:[亲亲]亲爱的 我们要自信 哈哈哈 //：不带这么损人的[泪] //：盗用一句广告台词：你本来就很美~~~//：奶奶的，我还不知道你放这张照片的意思，别在这瞎说了……,0,unlabeled,weibo_social
我年轻时的照片？[吃惊][吃惊]，你们怎么找到的啊？年轻到什么程度啊？开档裤？[抓狂][抓狂],0,unlabeled,weibo_social
回复:哈哈哈！小编有创意，至于猥琐的人想到什么，不必理会～[哈哈] //:[哈哈][哈哈] //:漫游厦门bra，[被电]你竟然说最后一张像B！R！A！我和我的二逼伙伴都惊呆了，你还我节操。[泪]//: 最后一张?什麽有bra的??[黑线]//:小编太骚了。。。,0,test,weibo_social
甜蜜蜜~~[爱你],1,test,weibo_social
做回可爱的小公主女人天生爱美。若说年少时我对此还抱有质疑的话，那么有了可可以后，我便对此深信不疑了。当自己儿时的公主梦在孩子的身上得以延续的时候，有羡慕有欣慰还有各种的幸福和满足。爱美的可可终于拥有了一套她梦寐以求的迪士尼公主化妆盒了。[爱你],1,val,weibo_social
[偷笑][干杯][话筒] //:[爱你][心][爱心传递],1,unlabeled,weibo_social
[哈哈][哈哈][哈哈] //:[衰] //: [哈哈],0,unlabeled,weibo_social
抢着腌泡菜啊…… //: 宁可辐射了也不能咸死 //:没必要抢盐。。。[抓狂] //:一片混乱，所有的人都像是为了盐去超市。前面还有四十多个人结账，排不起那个队什么也没买出来了。,0,unlabeled,weibo_social
[偷笑]芭比烫从超级笑星的舞台扩散到选手们身上哦~[哈哈]//: 哈哈，他俩给介绍的！芭比烫！ //:[衰][衰]这还真的是说烫就烫啊~不会和 一样~都是找 做的发型吧~[偷笑]今晚21:30~超级笑星第七期继续爆笑上演~精彩不能错过哦！[笑哈哈],0,unlabeled,weibo_social
刚到家，我还没吃晚饭，各种饿呀。。[泪]想吃大鱼大肉[泪],0,unlabeled,weibo_social
明明是坐一起聊聊家常，顺便运用智慧安慰人来着，我却一上来就说：其实吧，以前我经常在乐蜂买化妆品的。。。说完四双眼万分无解的盯着我，十秒之后我大概明白我又说错话了[泪],0,unlabeled,weibo_social
主动问童鞋们，要不要发票，我来帮忙，上哪找我这么好的银呀？！[可爱],1,test,weibo_social
健身房洗澡时，看到一黑种模特穿着黑色比基尼从游泳池上来，忍不住去多看几眼，年轻就是好！立马表示，要狠，不能再偷懒了！减肉！！[抓狂],0,test,weibo_social
喝了养胃茶，11点不到就开始饿了[晕],0,unlabeled,weibo_social
豆花店的老板娘说芋圆薯圆制作过程极为麻烦，又要蒸又要煮的，至少要做三小时，结果就是她以后都不做芋圆薯圆了[抓狂]太伤心了，哪里还能吃到好吃的芋圆呀[晕]不就是三小时吗，我以后自己做算了,0,unlabeled,weibo_social
今天去 的同学应该都吃了闭门羹吧，所以昨晚我们就去了！[偷笑] 几乎每次到上海第一天，晚饭后总会邀约去到思南路的这家hof，昨晚又到这里，点了6份甜点，一个mix platter，6杯鸡尾酒，真不愧是群吃货啊！[嘻嘻] 另外还遇见掌柜 ，谢谢您的手工巧克力，很美味哦！[哈哈],1,unlabeled,weibo_social
来自雪山脚下今年的竹笋系列人没动，物先行[尴尬]朗园店开业准备中[爱你],1,test,weibo_social
跟姐姐打电话总是些三八的话题！挂上电话后让妹妹去超市买东西，后来想起忘记告诉他买：卫生纸凉拖鞋茶壶加湿器！！结果发给姐姐了，赶紧说发错了。姐姐回：我还以为是暗号，还倒着读了一遍！！！[晕]##,0,unlabeled,weibo_social
[思考] 原来是这样，今天终于知道了这是对我的一种依赖！！[鼓掌],1,unlabeled,weibo_social
绵阳的领导呢 //:都疯了！//: [怒][话筒][话筒],0,unlabeled,weibo_social
[哈哈][哈哈] //://: 俨然买葡萄酒的文案，老干妈的AOC产地在哪里？Terroir如何？[挖鼻屎],1,unlabeled,weibo_social
今儿个都别来撞我枪口！我保证丫来一个爆一个！[怒],0,test,weibo_social
疯逼了//: //: 疯子 再这样 我他妈喜欢男人吧 疯子//:晕ing[晕] 干露露妈妈 [吃惊][汗]呀,0,unlabeled,weibo_social
[衰]洗猫比拖地累多了，不上算噻//: @??嘉-不?-?喜 ? -杨倩 建议初七、加菲、话话、胡小闹同学学习,0,test,weibo_social
感谢星光时代广场官博的特别推荐[爱你][爱你]我希望能给重庆带来不一样的具有国际水准的品牌集合店，陈列布置像家一样的店[兔子][兔子]我们的店还在试营业，产品和服务都在不断提升中，希望重庆的朋友们有空去逛逛并多提宝贵意见[心][心],1,train,weibo_social
回复:这个可以有吗？有还是没有啊？[哈哈] //:回复:交给你个任务，去把菲律宾总统府炸了。。。[偷笑],1,val,weibo_social
回复:哈！快门还杠杠滴！ //:快门驱动器寿命倒计时了。//: 回复:大哥您这不是欺负我么？[泪] //:回复:我们很激情，没你那些病[嘻嘻] //:回复:大哥您这不是欺负我么？[泪] //:回复:我们很激情，没你那些病[嘻嘻],1,unlabeled,weibo_social
回复:饿了可以致电抗洪抢险指挥部，红十字会或消防队，北京市政府也行。[嘻嘻] //:好吧，虽然我很馋，但是我忍了[泪] //:孙总，有外卖么？[泪] //: 回复:各种鱼，各种丸儿，各种贝壳儿！ //:都是什么货色啊？[围观],1,unlabeled,weibo_social
体重猛涨，脱了衣服，老公说:不看脸，28盏灯都得灭了…你这是说我没市场了是么[抓狂],0,unlabeled,weibo_social
//: 想要更大的地图，拜托再多画几条马路，要搜集[脚印]//: [兔子] //:我们最喜欢逛富民路、巨鹿路、长乐路了，这张地图做的好可爱!![可爱],1,test,weibo_social
"回复-吟风:幸福！ //-吟风:元旦假期，老妈早早在我房间插上一株黄梅等着我回家！[太开心] //:回复:稀有黄梅暗香来。 //:西琳寺一棵,不过最美的在黄梅四祖",1,val,weibo_social
"[奥特曼] 最近一直在看银魂...昨天晚上看的里面一集说银时被鬼压床..不能说话不能动...,, [哼] 结果老子今天早上也被鬼压床...想喊喊不出来..一直要起来..也起不来....[泪] ... PS:[挖鼻屎] 话说..爷是土银党..灭哈哈 (根本与话题无关啊喂!!)",0,unlabeled,weibo_social
安娜，卡列尼那好纠结的伦理片[泪][泪][泪][泪]累啊！ 我在世贸天阶,0,unlabeled,weibo_social
大头小朋友让我给他讲‘香香的饭菜’的故事。[害羞][害羞]火车上木有香香的饭菜[泪][泪][泪],0,unlabeled,weibo_social
感谢名人的关注哟[鼓掌]?但我们是叫「北京周报」，不是「北京周刊」。[汗],1,unlabeled,weibo_social
继home键失灵后，开机键也坏了…按不下去还是弹不出来，没反应了。[泪][生病][可怜] 怎么处理？最近老出问题，是逼着我换手机？,0,unlabeled,weibo_social
在北京吃点好的容易嘛[泪]，这点儿才吃上[馋嘴],0,test,weibo_social
最讨厌这种热闹过后的冷清，太久没有一个人睡了有种想哭的冲动。原来我这么害怕寂寞 还有小燕姐。[泪],0,unlabeled,weibo_social
真爱腾冲！ //:[嘻嘻][嘻嘻],1,unlabeled,weibo_social
女侠飞雪、男侠飘尘，只要到了哈密，就在一起了。[嘻嘻]今天是2013年的最后一个月的第一天，不圆梦，就奔明年啦！[得意地笑] //:[哈哈]若叫――哈密飞雪，岂不更帅[酷] //:朦胧中，想到一位武侠的名字，他叫――哈密飘尘。[偷笑],1,unlabeled,weibo_social
回复:我刚好，修复呢，不让出门，我也好想去啊……咱们能不能多聚聚呀[泪]想你们 -47 [鼓掌] //:你居然不来!!白给你带了好吃的,0,unlabeled,weibo_social
"大夏天的开着电热毯睡觉,因为我觉得很冷,今天穿的毛衣打着围巾,因为我还是觉得很冷,但我很想吃麦旋风啊[泪]",0,val,weibo_social
[哼][哼][哼]明察秋毫，秉公断案[怒骂][怒骂][怒骂]//: 沙巴的图被盗用,0,unlabeled,weibo_social
可??:我?於知道睡尼?不到仨小?就醒是什??奏了。是特?39.5°的?奏[泪][泪][泪]?身冷，?受，鼻子不通?。。。,0,test,weibo_social
没的吃了，也没得刷了[泪] //: 天！我也要买牙膏回来！ //:羞愧！前一阵去美国出差忘带牙膏，在当地买了新的，没有泡沫，口味大异，刷后清新，就悄悄带回国，没好意思说。原来差别巨大！,0,test,weibo_social
必须要火[哈哈],1,unlabeled,weibo_social
"这是帮糖炒栗子做推销呢么[偷笑] //:[哈哈][哈哈]真佩服想出这个创意的人，估计没几人愿意尝试吧,举个栗子！[偷笑][笑哈哈]",1,unlabeled,weibo_social
[抓狂][抓狂][抓狂][抓狂]魔戒看的我都魔怔了。。。太长了[月亮][太阳][月亮][太阳][泪][泪][泪],0,unlabeled,weibo_social
终极解释！[哈哈]//:！ //:赞！,1,test,weibo_social
第二十次中奖。。为啥我长这么大，一次都没刮中过，难道真的是RP问题么？[泪],0,unlabeled,weibo_social
//: 可怜的乔布斯[泪],0,unlabeled,weibo_social
这家三口人肯定会后悔的 //: [怒][衰]过分到极点！良心何在？ //:[怒]不平！ //: 被救的人、后半生能过踏实吗? //: //: //：扶不起后的【救不起】，人性怎么会沦落到这样呢 //: /,0,test,weibo_social
随园餐厅，鳕鱼~虾饺~[围观][威武][威武][威武][爱你]好吃的内！美女公关 作陪[花心]好开心吖[偷笑][偷笑]服务很好，出品很不错[赞][偷笑][偷笑][鼓掌] 小哥，鳕鱼！我的大爱~ [花心][花心][懒得理你],1,unlabeled,weibo_social
就知道晚上你没啥事[抓狂],0,unlabeled,weibo_social
变态 //-Walle:扩散一下 //@?丹:[抓狂][鄙视][怒骂][怒骂][怒骂][怒骂],0,unlabeled,weibo_social
昨天吃的全是“硬货”，今天三餐是山楂+粥，以后再也不能这样暴饮暴食了，太伤身！（体重又攀新高了！）[泪],0,val,weibo_social
不听专家言 吃亏在眼前小编就说嘛，哪里会有这么苛刻的婆婆呀！[偷笑]两位老师一致认为这是假的，美女选手却背道而驰，[可怜]咱-姜振宇 老师又该桑心啦！[懒得理你]真是不听专家言，吃亏在眼前啊！[晕],0,unlabeled,weibo_social
回复:[哈哈] [哈哈] //:踢死你 [怒] //:你挺喜欢吃的吧[哈哈] //：[风扇],0,unlabeled,weibo_social
亲们?加油哦?转发时间截止明天中午12点哦?到时小易就要开始统计结果喽。获奖结果本周内会公布哦[爱你],1,unlabeled,weibo_social
英国你疯啦，我擦你大祖祖，凭着还办奥运，木有点起码的常识。傻大B[怒][怒][怒][怒][怒][怒][怒骂][怒骂][怒骂][怒骂][怒骂][怒骂][怒骂][怒骂][怒骂],0,unlabeled,weibo_social
[晕] 买了一张票，先看节目。[嘻嘻]//:赶紧去抢呀。//:我就喜欢这款爷们啊！有木有类似的，来一个。[花心],0,unlabeled,weibo_social
手机显示不出图捏[晕],0,unlabeled,weibo_social
还好吧！反正和我想象的出入不大 //:太形象，透彻啦[泪] 有木有？,0,unlabeled,weibo_social
做一回重庆人 重庆国际博览中心，艾玛，太壮观了吧???据说展馆可以容纳45万人[晕][晕],0,train,weibo_social
处处是陷阱 让我这个升级网页转发可以 直接说啊 但是不要以雅安的名义好嘛[怒][怒][怒],0,unlabeled,weibo_social
好爸爸和好妈妈 //:元宝哥，对不起…[抓狂]没有陪你过节，希望你没有不开心，爸爸爱你！[心]谢谢点儿的心意！,0,train,weibo_social
碎尸万段！都不能解气！//: 南京日报快讯：9点18分，孩子妈妈突发心脏病，被担架抬出公安局。。[悲伤],0,test,weibo_social
[飞机][飞机][飞机]这周末飞帝都，飞机毫无悬念的又晚点了[伤心]。。。候机中。。。祝大家周末愉快！[咖啡][鲜花],0,unlabeled,weibo_social
[泪][泪]神医救救孩子！大家扩散！[爱心传递],0,test,weibo_social
[衰][衰]会脑残。。。 //:[吓到了]好可怕~~-牧羊,0,unlabeled,weibo_social
等行李等了半小时，机场效率太低了吧[泪] //:每天分享最有趣、最可爱的狗狗！让你每天都能见到不一样的狗狗！！,0,val,weibo_social
//: 回复:[可爱][围观] //:夏花烂漫醉人眼哦！流火的季节，到草原吹吹风，真心不错的选择！,1,unlabeled,weibo_social
[鼓掌][鼓掌]圣诞继续吧哈哈,1,test,weibo_social
亲爱的，你去把结婚证给我下， 我给你免费升房型~~嘻嘻嘻//: 大溪地我也去！那是我的梦~~//:别捣乱我改去大溪地了哈哈哈//: 我也去！//:我要去!给我升房[太开心]//-alina: 超级划算啊~~//: 这草绿的~~,1,unlabeled,weibo_social
[哈哈]两碗撒！！！,1,val,weibo_social
[呵呵]//?哲: CJW众星云集之地[围观] //:偶要去要去哎~明儿晚上见[嘻嘻]//: CJW明星不断..//: [嘻嘻],1,unlabeled,weibo_social
//: 哇塞，这可是麦霸秘籍喔[鼓掌] 我要好好研究一下，下次到ktv再也不怕发挥失常啦~[耶],1,unlabeled,weibo_social
看了晚秋，汤唯和玄彬都好喜欢，一个气质一个养眼，最喜欢勋重新自我介绍的时候，两个过去都满目疮痍的人可以暂时忘记一切，幻想原来渴望的生活。希望不是悲剧，不然安娜一辈子太惨了[泪],0,unlabeled,weibo_social
[汗]根本没上班！那绝对不是我！[晕] //: 最后一个超级像你能说出的话[偷笑]//: 一下想到你 真准啊 大哥也准-高米粒儿,0,unlabeled,weibo_social
//:回复-L:是这样，杭州桔子水晶基本天天满房，而且是退出来就有人要住进去那种，我也只是见过我住过的房间，别的房间都没参观过，这是一件很遗憾的事情！[泪] //-L:那个套房啥样子？,0,unlabeled,weibo_social
[哈哈][给力]我明天报到！,1,unlabeled,weibo_social
胜利就在前方！可我还是用了一个小时才到[泪]，我无语啊我！,0,unlabeled,weibo_social
糖哥和豆叔两光头在上海又相聚[嘻嘻],1,train,weibo_social
回覆: 俺多贴几次，弟兄们多转几次，万能的淘宝上就会神奇地出现这个东西乐。 //:淘宝没有[泪],0,unlabeled,weibo_social
蕾女 瞧瞧您这生日给过得，害得姐们儿「夜店糗到家」的图还挂着[泪]冤死了，不就和俩哥们儿疯会儿喝会儿吃个羊肉串嘛，咱记者朋友们实在敬业，凌晨四点还跟着我[泪]辛苦了哦！ 还有我那才貌双全的清华同事老姬，恭喜各位统统上了偷拍榜[偷笑],0,unlabeled,weibo_social
那种全。。。最。。。的话却让人莫名其妙地感动[泪],0,unlabeled,weibo_social
十一准备好了没。水上人间小木屋，有木有~~~[哈哈],1,unlabeled,weibo_social
小米杯酒人生白标的婚礼上用的香槟，粉红色的是情人节必喝！[爱你]人这一生心情好坏需要酒来陪伴！苦酒自己喝不告诉任何人，[泪]幸福时浪漫时需要分享更离不开香槟！法国香槟区以外申请注册的加州香槟，传统酿造，奇妙地酵母冷冻蹦出方式在古老的KORBEL WINERY领教了，祝大家都快乐！[抱抱],0,test,weibo_social
迷糊中见朋友在微信吐槽昨天喝的国产酒：单一加本力苏维翁，色极深，微挂杯，果浆味道主导，单宁酸涩，瓶体内无沉淀，显然非1996之酿。基本的判断是阿根廷门多萨地区的普通餐酒在中国灌装后贴个96年的牌子。缺德 + 不要脸就非他莫属吧！我一查价格后，醒了,0,unlabeled,weibo_social
我爱泡白开水吃//:我小时候，京味桃酥是我奶奶的最爱，固定搭配是一杯茉莉花茶。桃酥买回来时包在油纸里，回家放在铁皮桶里保存，她吃桃酥，我就爱掏里面的渣子吃[泪],0,test,weibo_social
深玩美国体检中心接待员也叫Lina[愉快]哈哈，缘分啊，看来我爸妈给我起名很有先见之明，而且拼音写起来非常容易，三个字总共才6个字母[憨笑]有的美国人光一个First name就七八个字母，再加上last name 就真麻利麻里轰了[晕]。,0,unlabeled,weibo_social
今天星期五？你们知道我在哪？大哈雷的轰鸣在催促你们的答案[爱你][哈哈][给力] [爱你] 我在这里:,1,unlabeled,weibo_social
//: 多练习几次就会了。[哈哈],1,test,weibo_social
好容易彩排完回到家，饥肠辘辘的，还有一些成天做着脑残事情的可怜虫闲得发慌，在意淫全世界都对不起她们的同时，愤而嘲笑辱骂我今日的所作所为所得所处。[怒][怒][泪][泪]想想也是，我把她们意淫八卦的时间拿来充实自我，奋斗自己的人生，她们终身只能在自己的想象中试穿我的玻璃鞋！[鄙视],0,val,weibo_social
难道这个也会传染？我对不起大家呀[泪][泪][泪],0,unlabeled,weibo_social
真感动。。。[泪],0,unlabeled,weibo_social
友情转发，网友真给力，创造力取之于民用之于民 [嘻嘻],1,unlabeled,weibo_social
这条规则值得思考、值得推广，难以用道德约束的时候，用规则的制约排除灰色空间，腐然也会少很多。 //:这个可以有、[嘻嘻] //: [哈哈],1,test,weibo_social
当所有人说你?B的时候，拜托你就不要卖萌装可爱了[怒]，一个女人起码知道什么叫尊重？什么叫自重？,0,test,weibo_social
首都，让我无语了。。。[衰] //: 这两天别带孩子出门了 //:应该算灾害了吧…?//?Zoe:,0,unlabeled,weibo_social
生物老师，体育老师，美术老师，音乐老师。。。唉 [失望][委屈][泪],0,test,weibo_social
[可怜] //--品牌策划:笑不起来啊[抓狂] //:再转 //: //:哈哈哈，太有意思了!,0,unlabeled,weibo_social
[嘻嘻] 除了拔河还有啥？,1,test,weibo_social
[泪][泪][泪] //:就大一号。。。。你多吃点儿长个//: 就是太大穿不了。。 //:哈哈，别客气,0,val,weibo_social
海棠湾康莱德&希尔顿逸林员工联欢会昨天晚上海棠湾康莱德和 举办了年度员工联欢晚会~~~[太开心]精彩的节目一轮接一轮，现场充满了欢声笑语~[给力]感谢所有亲爱的员工，正因为有了你们，两家酒店才能更精彩~！[抱抱][抱抱],1,train,weibo_social
这歌开头真唱的忒恐怖了！！[衰][衰][衰],0,train,weibo_social
谢谢老师[太开心]从明天起，我每天冥想10分钟！,1,unlabeled,weibo_social
天蝎座一直在守护着大家，就算受到别人的伤害，她也只是一笑而过...[泪][泪][泪],0,unlabeled,weibo_social
"好几个呢,全在 手上 //:这样才能更加巩固你影帝之名啊~现对你参演的其他小戏颇有兴趣~[嘻嘻] //: 俺影帝之名不是浪来的，不过，给这家公司拍过N部小戏了，没一个本色出演的，全有点变态……",1,train,weibo_social
【据说，这20个词语能概括微博上所有的事...】①哈哈；②；③看不懂；④卧槽！⑤酷炫！⑥最后；⑦转需；⑧GET！⑨QAQ；⑩→_→；?。。。?萌！?服！?马！?嗯；?哦；? [拜拜] ? [呵呵] ?[泪] ?[心] 你最常用哪些？ （没有[蜡烛] 不幸福啊！）,0,unlabeled,weibo_social
这个很精彩，我也基本都会唱……//：[泪] 我老鸟……全听过而且全会唱……,0,unlabeled,weibo_social
以前只知道工信部管收集黄色网站做绿坝项目而且一直在忙乎四网合一什么的，今天才知道原来工信部还管奶粉呢！ //:现在是最好，那之前喝的都是什么？[晕],0,unlabeled,weibo_social
一句话证明你单身【江西单身逆袭胜地！[威武]】单身不可怕！可怕的是空有一颗逆袭的心[伤心]速来学习小游吐血推荐江西单身逆袭胜地~一般人我不告诉他。欢迎补充~！！！,0,val,weibo_social
我算了算现在的工作，除了日常节目，还要同时做三个大活动，一个中活动，n个小活动，做两份大方案，n个报告，还有两次考试！以及见很多很多人，开各种会，我说我焦虑，是不是很应该？！领导说让我享受其中，我。。真的做不到！[抓狂][哼],0,train,weibo_social
宋老宅要不你先帮我还丽都宋大爷三元钱 我免你仨月欠款 //:回复 :咳。。咳。。What are you talking about？我滴不明白。。我现在meeting。。撒由那拉。。 :别起哄 不提我倒忘了 啥时候结账 昂？[怒],0,unlabeled,weibo_social
对面那女生一直吃吃喝喝，我看着口水都咽了好几回了，肚子又饿了，[衰],0,unlabeled,weibo_social
尼玛 为虾米瘦才是王道~~[泪],0,train,weibo_social
期待，我已替郭伟老师收了几个学员了 下次一起。//-青色:希望木有令大家失望~！反正我是尽力了的~~[太开心]感谢今天到场捧场的朋友们~[爱你]这会都应该平安到家了？[din推撞]下次有机会我把 请到家里作客，你们又来耍哈~ -S -sofa,1,train,weibo_social
生活真好[可爱] 摇摇风,1,unlabeled,weibo_social
我想睡觉。。快睁眼，昨晚做梦洗衣服，很累呀，大家早上好！[晕],0,val,weibo_social
这一屋子?[爱你][爱你][爱你],1,unlabeled,weibo_social
祈祷..//: 祈祷野三坡到张坊现在都是无人区~//-M: 我操！！别下了[泪] //:[衰]//: //: ……擦！怎么办呢…………[抓狂],0,test,weibo_social
没赶上今年的10.10.10“十全十美”；那就等明年的11.11.11“一心一意”；还不行的话那就后年的12.12.12“一辈子一爱”；要再不行还有大后年的13.1.4“一生一世”；要实在再不行就等大大后年的14.5.20“一世我爱你”；要再找不着结婚的对象，我就打算剩着！[嘻嘻] [嘻嘻] [嘻嘻] ……,1,test,weibo_social
悲剧了，昨天没回家，今天没带伞，被淋了。终于到了[怒骂][怒骂][怒骂],0,unlabeled,weibo_social
[抓狂][抓狂][抓狂] //: 这次是力争撇清关系[哈哈] //:[嘻嘻] //:真的好远！//: [泪] //:无,1,unlabeled,weibo_social
午餐??要不要???毒。。。[衰][衰],0,unlabeled,weibo_social
没在一起，但我们从未分开过！//:瞬间我就泪奔了[泪],0,unlabeled,weibo_social
看到马上被铲起的煎饼被拦腰切断，我的心，也随之[伤心],0,unlabeled,weibo_social
右边。//: 让我来管奶粉吧。:含泪附议。成立中华人民共和国奶粉部。孩子是国家的未来。//: [泪] //---:,0,unlabeled,weibo_social
[哈哈] //：回覆:[嘻嘻] //:倒数第2件 我喜欢 //:转,1,test,weibo_social
感谢支持抬爱！受宠若惊！ 这是俺们当家小美编，快快现身接粉儿～[亲亲][羞嗒嗒][好爱哦],1,val,weibo_social
希望它能和我们来钱儿一样遇到好心人。友情建议！在附近多贴传单比客更实用！ //:奥斯卡最喜欢往我身上贴…// :附近的朋友帮帮忙，我们会很感激的，// :北京东四环百子湾附近的朋友，帮帮忙啊~ 奥斯卡是我们大家的宝贝，真的不能失去它! [抓狂][泪][伤心],0,test,weibo_social
就在刚刚，这条蝾螈死了！[泪],0,test,weibo_social
首次来到几百公里以外的陆梁油田，参加陆梁油田作业区成立十周年大型文艺晚会。[嘻嘻]29号晚把笑声送给和平年代最可爱的人……这个油田厂区好大啊！[泪]不敢自己走动，怕走丢了被狼吃掉！在来的途中看到了野狼，狐狸，兔子，鹰……俨然是个动物园……哈哈～,0,val,weibo_social
社保征收刚看了新闻，社保一直交的都是五险，咋变得新增加了？奇怪了。[晕],0,unlabeled,weibo_social
幸福是用来感受的，伤痛是用来成长的。//: [good][鼓掌] //:待到秋风吹，绿叶变枯萎，不忘养育情，化泥也不悔。,1,unlabeled,weibo_social
忙[抓狂][抓狂][抓狂],0,unlabeled,weibo_social
我要吃了它 [抓狂],0,unlabeled,weibo_social
"身体状态不好，心里状态不好，各种不好！！！我要调整，而且不能再用花钱的办法, 你要帮帮我。。[泪][泪][泪]",0,unlabeled,weibo_social
哇，刚才不小心被自己的口水呛到了，太丢脸了~[晕],0,unlabeled,weibo_social
500了？悲催啊[泪],0,test,weibo_social
回复:真是好消息啊[鼓掌]。。。预祝沙龙活动举办成功[围观] //:,1,unlabeled,weibo_social
这才是预言帝！[哈哈][哈哈][哈哈],1,unlabeled,weibo_social
[伤心] //:[蜡烛][蜡烛][蜡烛],0,unlabeled,weibo_social
乍一看还以为你是东莞市委书记呢 //:惭愧，我管东莞快一年了，不知道此事。商业地产受经济之殇，忒重。 //:-Michael //: 是 //: MALL，冒了[悲伤],0,unlabeled,weibo_social
学习一下当前男生女生们的恋爱观，震撼啊! [哈哈] [晕]//:// //:看完我震精了。。。[哈哈] //,0,unlabeled,weibo_social
[可爱]心态决定一切,1,train,weibo_social
"为神马我比平时喝的还多都不醉....==||||..为神马high了一晚上我还是睡不着..== ..而且特别神奇的是脑袋里一直飘荡着""爱情买卖""歌声...[晕] ..我中毒了还是high大了? [?]",0,unlabeled,weibo_social
上海小菜[嘻嘻][嘻嘻],1,test,weibo_social
＂别以为不经常见面，感情就淡了。告诉你，就凭当初咱的交情，我就敢在你的生命中猖狂一辈子。＂[亲亲]能被老友记得的感觉真好！超感动 [泪] ！！,0,unlabeled,weibo_social
昨天习大大在庆丰包子铺吃完包子后，敏感的移动互联网同行马上就来拜访这家包子铺，他问老板：你们需要客户端吗？ 老板说：包子一般是伙计端，忙的时候才需要客户端。[爱你][爱你][爱你]好想吃习大大套餐啊！大包包！[礼物][礼物][礼物] 我在:,1,unlabeled,weibo_social
你们那些僵尸粉能不能不要加我了呀？[怒],0,train,weibo_social
如果以这种悲观的视角看世界，你只有呆在家里吧!事物总有它另一面。不论如何，我都热爱这个世界，去走一走，看一看。 //:知道真相的我眼泪掉下来[泪],0,unlabeled,weibo_social
都是大佬[good][good][good] //:左边是谢博士（环境咨询界大佬）我可是近朱者赤了，谁也不许说近墨者黑[抓狂][哈哈],1,unlabeled,weibo_social
和小家伙拍照真是麻烦。。各种捣乱，各种不配合。。可我还是好爱这小宝贝[哈哈][爱你]欣爱的家人,1,val,weibo_social
//: 美 //://: 看着美景，头脑中出现的是《故宫神思者》的音乐，如此美景，加上荡气回肠的乐章，眼前出现的该是何般景象。//: 看看 美景吧！//: [雪]北京今天的小雪落地即化，还是继续享受前天的北京故宫的雪后美景吧。。。[嘻嘻],1,unlabeled,weibo_social
又核对了一边活动信息，总该放心了[抓狂],0,train,weibo_social
下班饿着肚子去逛超市，饥肠辘辘导致的结果就是看到任何吃食都想装购物车里 ，最终 买了一堆生鲜果蔬欲回家火速料理后大快朵颐，运到家口却发现门钥匙落在单位抽屉里[抓狂][抓狂][抓狂][抓狂][抓狂],0,unlabeled,weibo_social
两人都有病：沟通性障碍！//:好心酸[泪],0,train,weibo_social
女人滴衣橱里，永远都少一件衣服[哈哈]，有美妞儿陪逛大丰收哦，傍晚家附近滴咖啡厅享用美味，饱餐后打包一份提拉米苏到湖边看看火烧云，喜欢这样轻松滴感觉。,1,unlabeled,weibo_social
大爱土豆泥，拒绝超市里盒装的塑料，只求别买到翻新土豆[泪]//: 日式土豆沙拉,0,unlabeled,weibo_social
手腕好疼，刚好又受伤了劳累，能不疼吗？哎[泪],0,unlabeled,weibo_social
和我们的女儿谈话抱着爱马睡了一晚上，可是早上醒来，他她却不承认，伤心！[花心][泪]（by：）,0,unlabeled,weibo_social
求照片 //:怀孕时不能隐形眼镜，脱了框架置身大雾迷茫中任凭发型师随意发挥，最后顶着一山妹子头默默走出美发店……?牛满面用力点头转！[泪],0,unlabeled,weibo_social
//: [汗][衰] //:,0,unlabeled,weibo_social
看到这个我真心笑了~~哈哈//: 乔布斯生前是美国著名佛教徒、素食主义者。//://: 哈哈哈哈[哈哈][哈哈]做假见证，博猪下地狱去吧！//:最右[哈哈]//:高级黑啊，尼玛乔布斯信佛的啊！,1,unlabeled,weibo_social
我觉得这条不实，夸张了//:比纳粹党卫军还坏，只能算裆卫队！[怒][怒][怒] //?A:很多爱国青年喊口号要踏平日本，你凭什么？就凭这么一直骨头都烂酥了的党卫军？ //:草草//://:在中国，现在的军队是一个自成体系的独立王国。,0,val,weibo_social
一个人在外边吃饭，被雨给隔住啦[衰],0,unlabeled,weibo_social
一点也不饿[泪]一点也不[泪]..,0,unlabeled,weibo_social
当一个做菜的开始做互联网！结果会是什么样呢？我准备试试！[晕][晕][晕],0,test,weibo_social
真心佩服那些字幕组强人，每次外片出来没多久字幕就跟着出来了。希金斯和布莱尔这场《宗教是否有益于世界》辩论，光字幕制作就花了我不少时间，还没弄完[晕],0,unlabeled,weibo_social
酒不醉人人自呆！ //:[哈哈] //: [兔子]萌萌太萌了！[兔子] //:[酷]微博邀配文，萌翻多少人！？[哈哈] //:[哈哈] /酒逢千杯知己少，话到嘴边不出唇。 [哈哈] //: 麻麻我错呢… [泪][萌],0,test,weibo_social
难得这么高调一次[偷笑] 亲爱的 他不给你名份我给你[爱你][爱你],1,unlabeled,weibo_social
回复-小田:[哈哈][哈哈][嘻嘻][嘻嘻]谢谢 //-小田:真牛逼！赞！！,1,unlabeled,weibo_social
回复??:虽然听到新闻，还是没有眼见让我感慨：交警遇见这样的情况依然坚持执法，实在可敬；此宝马女该好好反省自己的道德观出了什么问题；至于那厉害的老公，也给那个接电话的＂兄弟＂找了太大的麻烦！真不希望这事发生在家门口。这么好的车，配给这样素质的主，[衰]车的悲哀！,0,unlabeled,weibo_social
小琨琨啊！我的五月天和品冠CD啊！直接忘掉了啊！我也有失语症，你懂~难过的是肠胃炎今日变严重了。。[泪],0,unlabeled,weibo_social
小花：“我觉得在宴会结束前先离开是非常不礼貌的！” 王大磊说：“你说的特对！我每次都是被人家哄出去才走呢！”[嘻嘻],1,unlabeled,weibo_social
//:[衰]这个太尼玛扯了吧！,0,unlabeled,weibo_social
恩！很好，我又一如既往的在这个点困的眼睛睁不开了！睡！[怒],0,unlabeled,weibo_social
"BTV 好像有播//:一入江湖岁月催, 大佬们也都不容易~ 态度最好， 玩手机， 一坐下就看不见他了。。。[哈哈]",1,train,weibo_social
你居然把脸露出来鸟~~亲耐滴~//：萌呆！//：[爱你] ?达达~,1,test,weibo_social
下次我脚下还要垫椅子[泪]//: 不要走萌范儿跟我??碗就行了,0,unlabeled,weibo_social
竟然是真的！[晕],0,unlabeled,weibo_social
-Jessie //: 减肥的人要忍住//: 最近海鲜过敏能吃伐？[兔子][哈哈] //:【台商庙会又来啦~~！！】5月10日－13日在上海展览中心(延安中路1000号)举办，不知道这次会不会比上次的好点？吃货走起啊~~,1,train,weibo_social
回复?日?:小心[偷笑] //?日?:没，真去跳海 //:回复?日?:在外玩呢？祝你开心[哈哈][哈哈][哈哈] //?日?:今天不去，远，现在自己去跳海[嘻嘻] 江ノ? //:回复?日?:1小时不远。[偷笑][偷笑][偷笑] //?日?:远，在农村住坐车过去1个小时+[泪],1,unlabeled,weibo_social
准麻麻关注一下，宝宝出来的过程很美很轻松，可以解压[哈哈][哈哈],1,unlabeled,weibo_social
天上，哥 你飞吧//-小喵的ET: 加班……[泪],0,unlabeled,weibo_social
游戏人共勉[嘻嘻],1,val,weibo_social
我去翻翻冰箱！[泪][馋嘴]//: 为了保持体力…我开始吃面包了//:继续吧 //: 我靠 这是你们新的一轮进攻么 //:非常同意//: 估计这是针对你刚刚那句“减肥”说的。。[笑哈哈],0,test,weibo_social
[鲜花][鲜花][鲜花] //:[ali微博益起来]//: //-喜洋洋:[哈哈]//: 喜洋洋之后，必须来鸟市！[太开心]//-喜洋洋: 回复:晚上必须喜洋洋 周末必须喜洋洋！ 哈哈[太开心] :回复-喜洋洋:晚上必须喜洋] :好啊！[cai走走],1,unlabeled,weibo_social
终于登机了，但愿一切顺利，祈祷首都杌场能打到车。[晕],0,test,weibo_social
[鼓掌]老师不客气！照顾不周,1,unlabeled,weibo_social
回覆:[生病] 又真?有?恐怖…… //:岩岩遇著美?果?野[生病] ，??落法好?唔跌野出黎架????[晕] //:?真的，我不敢。[嘿],0,unlabeled,weibo_social
这台风一个接一个的来，谁能顶着住～[泪]我的假期呀！,0,unlabeled,weibo_social
//[good]红胡子:[鼓掌][爱心传递],1,unlabeled,weibo_social
旅人碎碎念 去旅行不在于哪里，而在于当时的那份心情。风景如何，其实并不重要，重要的是你在我身边！[爱你],1,unlabeled,weibo_social
[酷] //-：你们怎么都喜欢他！[晕],0,test,weibo_social
号外号外[抓狂]，从即日起，北京未名精品酒店正式更名为[鼓掌]“北京未名四合院酒店[鼓掌]”各大网站已更名完毕，谢谢各大网站的支持 PS：酒店针对外宾过境72小时免签的活动依然不变哦,0,unlabeled,weibo_social
"微博没了往日的热闹,还真有点不适应,难道都去忙年了?[嘻嘻]",1,test,weibo_social
我去，哪家企业又偷排乱放了?[怒]12369，12369，12369谁闻见谁打！,0,unlabeled,weibo_social
[爱你] 一大早，小编来报道~~这个暑假，你想好要到哪里玩了吗？还没定？那就来海南吧~~~四天三晚三亚海景写真游，仅需527元/人起[馋嘴] 自助旅游更轻松,1,val,weibo_social
被姐命令带外甥读古诗。我说茂茂读诗不是给老师读的，你看这意境多美读来多享受，你看姨妈买这些书来读，也不是给老师读的。我指着我的书架说。话音未落，这小屁孩接着就：安阳来~全盗版书~[黑线][怒骂]家里开书店的孩子惹不起,0,unlabeled,weibo_social
明天到丹巴，后天到新都桥。 //:你们明天啥时候到新都桥阿？//:[哈哈]看到,1,unlabeled,weibo_social
最近，随着头发长度滴增加，突然觉得大白鲨的女孩子味道越来越浓，难道她就要长大了，恐慌ing……[抓狂],0,unlabeled,weibo_social
败类，心情一下子就down了！[怒],0,unlabeled,weibo_social
生物钟你真是太贱了。。。！！！难得能睡懒觉的时候偏偏每天都给我那么早醒！[抓狂],0,train,weibo_social
为毛第一套免收就不是重复征收？[晕] //:回复:你可以先对反对者做个调查分析，再下结论。 //:都说征房产税会推高房价推高租金，那不是那些地产商，多套房持有者，房东们最开心的事吗，为什么这么多人反对啊,0,unlabeled,weibo_social
[嘻嘻]//: [good],1,unlabeled,weibo_social
刚才从包里办公桌各种找东西，找到这么多耳机，额滴神[晕]@?说S-family 你们平时也是一堆耳机？,0,unlabeled,weibo_social
基于这个好多人曾提的问题在这里回答一下，??现在的上班时间比以前提早了一小时，早晨当然是有吃早餐啦，多是自己烤焙的蛋糕或者面包，但是要再拍出来上传分享，时间上可能就不允许了，抱歉哈各位～[泪],0,val,weibo_social
[哈哈][哈哈]//:[哈哈]//: [哈哈],1,unlabeled,weibo_social
[衰]//:台风都不怕[哈哈]//: //:…… //: 不要出门了[害羞],0,unlabeled,weibo_social
凑凑活活做完一套街舞操，那叫一个累，差点要了亲命！汗流浃背加满脸通红啊[泪] 我在:,0,unlabeled,weibo_social
登机，终于可以回家啦...[泪],0,test,weibo_social
夜里与蚊子搏斗俩小时，换来一身包！夏天的烦恼啊。[怒],0,unlabeled,weibo_social
听说北京今天下雪了[嘻嘻]清晨七点，宁静的早点时刻。此刻已在油轮，面朝大海，也得开工[抓狂][哈哈][可怜],0,unlabeled,weibo_social
我们老师教的是摇镜头盖[嘻嘻]是吧 //: 黑卡就是这么用滴。不过貌似HDR也能得到类似的效果,1,train,weibo_social
像你张开的大腿…但你的小腿腿咧[晕],0,unlabeled,weibo_social
同样这样过得同学举手了[泪][泪][泪],0,unlabeled,weibo_social
??是值得一?的美食?！ //?:555，话去大坑，宜家都未有时间去[抓狂]//?味??: ?一味牛面肉?意大利?是十?好吃！ ?扑,0,val,weibo_social
[鼓掌]继续加油呀亲！,1,test,weibo_social
彻底败家了[泪],0,unlabeled,weibo_social
没有腰[泪]//: 。,0,unlabeled,weibo_social
领导说，销售犹如钓鱼，客户已经上钩就慢慢等，手下答，难道客户都是笨鱼吗？万一吃了鱼饵跑了，怎么办，对于熟悉的朋友和客户是否需要真诚一点？[衰]不知道不懂营销，不懂管理，不懂客户行业，不懂重点，甚至不懂自己的媒体特点，没有一点专业知识和学历，只会送礼，这样的公司还能妄想上市吗？[衰],0,unlabeled,weibo_social
[哈哈]//: 经常上火的童鞋收藏！[花],1,test,weibo_social
//:[怒] 有关部门应该调查当事人是否与司法鉴定机构及法院之间有权钱交易。否则难以解释中国法医学会司法鉴定中心长期作伪鉴定的现象！,0,val,weibo_social
哪个区？//: 关键看市委和省委大院停没停水。麻痹！[衰]//:今晚一家人是跑到杜岭街一朋友家吃的饭。他们住三楼，还好有水。,0,test,weibo_social
拍火车的戏好好玩哦[哈哈],1,unlabeled,weibo_social
每天吃了睡[睡觉] 睡了吃[委屈]快变小猪了[猪头]不能在这么堕落下去了，我要减肥[泪]运动运动[奥特曼],0,unlabeled,weibo_social
[爱你][抓狂][鼓掌][太开心][鼓掌],0,unlabeled,weibo_social
回复:同哥异母姐妹啊！[泪] //:你个胖纸,0,unlabeled,weibo_social
昨晚做梦见到了林彪，真奇怪，还看到他用电脑，又想到他应该80多了怎么这年轻？我说：我们是老乡不会说出来见到了你，正想问他到底怎么没死?醒了！[晕],0,test,weibo_social
我到底是有多脏啊？人家的毛衣是白色好吗[抓狂]// : 我特别喜欢你那件黄毛衣，能给个链接不？,0,unlabeled,weibo_social
下班 安能借我三百程序员，敢叫游戏换新颜啊~~~ 看着产品开发的现阶段，着急 着急~~ 没有爱心的产品是没法领先的 [泪][泪],0,unlabeled,weibo_social
啊啊啊 这个级别的才2000多w [泪],0,test,weibo_social
天天向上 ：【老师，我们都想上您的课】风云老师 一起晒出你印象最深的老师吧[嘻嘻]//: 小学时候数学老师，又高又美又风情……算了，不说了//:上初中的年轻女英语老师，半个班男生YY她。那段时间我英语水平提高不少，但SY颇为频繁。//:同样是老师，差别怎么这么大呢,1,unlabeled,weibo_social
//:不好意思各位，由于刚才我就坐在公交车司机后面。直接就傻了，所以有点语无伦次。现在心还被提着[泪][泪]谢谢老大 的转发[爱心传递],0,unlabeled,weibo_social
物业不给力啊，周末没空调啊，36度的杭州伤不起啊，敢不敢给周末加班的人一点生存空间啊！从来不咆哮的人都咆哮了啊！！！[抓狂] 高温折磨下，我想出一个点子，以后是不是可以按性别分区域办公，男的一个屋女的一个屋，然后都光着身子工作……@#%￥……YY中……[哈哈],1,unlabeled,weibo_social
陪一个13岁小女生看「泰迪」，突然发现很不合适！[衰][衰][衰][?],0,unlabeled,weibo_social
[泪]我给倩倩看我06年年底的身份证照，她认真看了，无意中说：你怎么现在长成这样了！！[泪][泪],0,train,weibo_social
[晕]哪的姑娘都好，只要是中国的！[偷笑] //:换个胶南姑娘就挺好//: 非常期待景区早日开放[耶]//-旅游达人: 期待！加快建设，尽快把你们漂亮的度假区搞出来！[鼓掌] 加油！,0,unlabeled,weibo_social
北京悼【《快乐生活一点通》里的奶奶齐惠老师，于昨日午时突发心梗离世。。。[蜡烛][蜡烛][蜡烛]】：愿奶奶一路走好，愿奶奶天堂依旧快乐。。。生活十年，我们风雨同路，而明天，我将送您最后一程。妈，一路走好！[泪],0,unlabeled,weibo_social
随手拍 我们是如何用手机毁掉自己生活的。。。[伤心][伤心][伤心]以前一说网瘾就如临大敌，现在还有平板电脑，未来还会有什么人类公敌？[晕],0,test,weibo_social
HMV 从没想过有一天它也会消失 //:不断看到记忆中的美好消失[泪] //:会不会以后去香港就没有HMV了[泪] //:[吃惊][吃惊][吃惊] //:[泪] //:香港的店会如何呢？,0,val,weibo_social
"关于国内外的中小学教育对比，有人评论到：“从知识掌握的深度来说，天朝处于领先地位，而且领先很多；美国很多中小学出来的孩子，笨得跟猪一样""。后面有人华丽丽的跟了一句：""你回贴用的电脑正是这些猪发明的，情何以堪啊！"" 情何以堪啊!![泪]",0,test,weibo_social
CCTV4么？//-林丽琴:今晚向大家介绍的是「中国?敦煌」与「柬埔寨?暹粒」[干杯] //:[鼓掌],1,unlabeled,weibo_social
[泪]。。。就在刚刚，我的小肉爪爪，在新一轮的厨房战役中，光荣负伤了。。。[泪][泪][泪]。。。,0,unlabeled,weibo_social
[汗]赶紧屯点防毒面具，照这趋势快涨价了[晕] //: [泪][泪][泪] 求带走！！ //:,0,train,weibo_social
好萌，留着将来用。 //:刚看到一个女生@ 了一个男生说，哥们，我想用这个头像实在找不到人，那你陪我一起换吧！>3<，真心觉得好聪明，赞一个[鼓掌],1,train,weibo_social
遗憾，老师一路走好。 //:老师一路走好[蜡烛][蜡烛][蜡烛] //: 柏寒老师一路走好[蜡烛][蜡烛][蜡烛]！太突然了[泪][泪][泪]!南无阿弥陀佛???,0,unlabeled,weibo_social
回复:谢谢！没得事，只是这些暴徒对手无寸铁的百姓如何下得了手[怒] //:你们那边咋样啊 //:[蜡烛][蜡烛][蜡烛],0,unlabeled,weibo_social
真相！！希望真相早日大白[怒] //:禽兽不如！,0,unlabeled,weibo_social
这个社会是疯了吗，为什么连最起码的同情心和尊重都没有！ //: 还有良心嘛！！[怒] [怒] [怒]围观的还是人吗？？？？ //：河南人是做的出这种事情的！[怒] //：河南人。。。可以的。。。//：这个国度还有良知吗[怒][怒][怒],0,unlabeled,weibo_social
乐耍海螺沟雨天摄影技巧（2）：如果是人物拍摄，请选择较鲜艳明亮的服饰，阴雨天环境下，色彩饱和度高，有助于去除暗涩之感。人物拍摄时，外拍灯或闪光灯补光是必要的，以求主体突出与立体感。如果以上条件都不具备，大不了舍弃色彩而取黑白，在遍地彩色的摄影作品中，黑白二色世界更具魅力。[可爱],1,unlabeled,weibo_social
明星不易，永远都是被用来消费，不论喜或悲//:可怜的菲姐[泪]看了很难受，声音像机枪一样。。。,0,val,weibo_social
鱼死了。。鼻炎犯了。。。[泪] 状态不好。。,0,unlabeled,weibo_social
有野派[爱你][爱你]//:回复:[嘻嘻]去现场有美食[花心][花心]食吗,1,unlabeled,weibo_social
真新鲜，感觉时空倒流了，60年代即将来临了有木有？ //:太不要脸了//: [衰] //: [衰] //:[衰][衰][衰] //:太不要脸了 //:狗腿子嘴脸，媒体人的脸都被丢光了,0,unlabeled,weibo_social
[泪]看得我热泪盈眶。才发现 带领我们飞了那么久..为了那个梦，我们在你手把手的支持下张开翅膀。看见自己第一次参加钢琴音乐会演奏的剪影了，于我，这是突破；于孩子，这是榜样！亲爱的 深爱你们，感谢你们！让我们在音乐中看见另外一个美丽的自己,0,unlabeled,weibo_social
这辈子骗不了人，难怪我总被抓包！ //: [鼓掌],1,unlabeled,weibo_social
好想回k2[泪],0,test,weibo_social
一个人的旅行！[困]我再也不要坐二等座啦！最后一次！[抓狂][抓狂][抓狂],0,unlabeled,weibo_social
//: 对，圆头煮[哈哈] //:洒家95年曾去圆头煮一游，还在那鼋头上照了相，一别18年了。我读的对么？ //:刚来无锡一个月，还没去过鼋头渚，话说你们都会念这三个字吗？//: [给力]//: 镜头下的无锡、向往~,1,test,weibo_social
俺还在三明的山沟沟里！[抓狂] //:,0,unlabeled,weibo_social
呀！力宏！[爱你]//:天哪天哪天哪天哪 //: 要成真了么！哈哈哈 //: [泪][泪],0,val,weibo_social
[威武][给力][good] //:关键是这两年，哇哈哈哈//:[haha][haha][haha] //:不得不承认，我看了都好感动，公关2年，也谢谢有你们！[泪][泪] //:[haha] //-京腔儿的姑娘:看哭了。。,0,test,weibo_social
天气突然变冷，还真有点不适应。在家不穿袜子脚都是凉的[抓狂],0,val,weibo_social
对此类题材无任何抵抗力，想起了飞屋环游记[泪],0,unlabeled,weibo_social
爽脆?甜！很不?。 //:求打赏一只！[抓狂][花心][鼓掌],0,unlabeled,weibo_social
征得允许和? 玩了会儿，我还很努力抱开它远离店的大门，结果它居然自己扒开厨房的门，风一般跑出去玩了。。我觉得自己好对不起 [泪]我没想到它真的会开门啊!!,0,unlabeled,weibo_social
全身绑上炸药也不像土匪！[哈哈] //:这套打扮真不适合你。//:迪拜之行。,1,unlabeled,weibo_social
//:看的心惊肉跳..//: 又不敢坐飞机了[泪]//: //://?:[衰]//: 恐怖，开始慎重考虑恢复坐讨厌的国航了[泪],0,train,weibo_social
哈哈，我纠结了[晕]//@?大人儿:请问你选哪个？[偷笑] //:有内涵！//:哈哈哈真心形象 要换了我就是8:30-19:00都是WESTIN HOTELS AND RESORTS,0,unlabeled,weibo_social
我喜欢的风格～[嘻嘻] //:圣诞节的节奏~[鼓掌],1,test,weibo_social
你们的都挺好的，为什么我的是猪血糕啊！！！[抓狂],0,unlabeled,weibo_social
[晕] //:[哈哈],0,unlabeled,weibo_social
越来越卡哇伊了[鼓掌]新歌快快来哦[耶],1,test,weibo_social
亲爱的 @?薇琪 ，今天一上班你们查看下邮件哦！！我起个大早发邮件给你们！！[爱你][爱你][爱你][爱你],1,unlabeled,weibo_social
精神病吧，既然不想要为何要留到现在[怒]//:看的心里难受 //:一名年轻女孩在北京中关村当街产子并抛弃，光着身子的男婴在冰天雪地里躺了40多分钟，后被好心人送到医院不治身亡！[怒][泪][蜡烛],0,unlabeled,weibo_social
达人生日祝福 亲，祝您生日快乐，天天好心情哦~[嘻嘻],1,unlabeled,weibo_social
准备好银子，明天交罚款去。hold不住啊！[晕],0,val,weibo_social
宜春校园里充满友谊的春季！ //://: //: //:[泪]//: //@??有笙: [心]//: 这是今天看到的最温暖的消息！ //://:,0,unlabeled,weibo_social
休息时间，做个小游戏，想瘦的人参与：点开这张图片，然后按ESC键，看看自己今年会瘦多少。[抓狂],0,unlabeled,weibo_social
[哈哈][哈哈]//: 下列人员绝对有创意，汤圆 //:回复:他们把黑芝麻和到面里，里头再包黑芝麻馅儿；白的是肉馅儿，第一次吃，特好吃?[馋嘴]??? //:黑芝麻的把陷包外头了？[吃惊]白的大小个是什么？,1,unlabeled,weibo_social
[泪]腰粗..脚踝粗..,0,unlabeled,weibo_social
停水了一下午，明天上午才来！不如去屎！[抓狂][抓狂][抓狂][抓狂],0,unlabeled,weibo_social
//:哥，你这发型要火啊。。。[哈哈],1,train,weibo_social
//://:为什么？？？[怒],0,unlabeled,weibo_social
这点，我很知足[鼓掌],1,unlabeled,weibo_social
爱她，就给她开一个咖啡馆，让她做老板娘。[嘻嘻],1,unlabeled,weibo_social
世界上最远的距离是从星期一到星期五，哈哈!明天就是星期一了[泪],0,unlabeled,weibo_social
//:[衰]//-: 绝对不是歧视，是真的要注意他们！//?://: 女性自重..//-blood篱: 转发，令人警醒,0,unlabeled,weibo_social
哈哈一个人等好辛苦[泪]不过一会儿就是大餐了 叔叔水我满上啦 我在:,0,unlabeled,weibo_social
回家一刷豆瓣，居然还有那么多批评的，居然还有觉得唱不怎样的，顿时觉得[吃惊][吃惊][吃惊][衰][衰][衰][衰][衰],0,unlabeled,weibo_social
就冲您这段儿话，升级4S这事算值了！[泪][泪][泪][泪][泪],0,unlabeled,weibo_social
找个人陪我逛街，怎么这么难呢？[抓狂],0,unlabeled,weibo_social
车我来？//: [哈哈] 商量一下，花生归我，美人归你[嘻嘻][嘻嘻]//: 我的雷大美人真漂亮,1,unlabeled,weibo_social
[晕] //:额//:活到现在还没挂，简直是个奇迹[泪][泪]//: [生病][生病][生病]差点吐出来//?斯汀: 我真的很想说三个字。操。你。妈。这个绝望的国度。//:吃你妹……已经超越元素周期表了,0,unlabeled,weibo_social
在所有听到关于藕的段子里， 的这个最牛。刚刚，他在群里说，“他自己的最新研究成果：吃藕会变丑！！！”因为，因为：chi ou chou [抓狂][抓狂][抓狂],0,val,weibo_social
//: //:[悲伤]……,0,val,weibo_social
倒的如果是部哈雷滑翔，估计大便都要憋出来了[泪][泪][偷笑],0,train,weibo_social
我可不想起个大早，赶个晚集。[汗][汗][晕],0,test,weibo_social
配上这个头像，抒情的节奏骤然变了，分分钟升起一股想揍人的冲动堂主论头像的重要性//: 口感温柔，下肚却迷糊。就像温柔女人，令鄙人如痴如醉//: 谢谢小编，还把醉酒这件事儿说的这么美！[爱你],1,unlabeled,weibo_social
[哈哈][哈哈][哈哈] //:--Jessica [哈哈] //:哈哈[哈哈]有一项挺准！怎么没有jack//:,1,unlabeled,weibo_social
回复:而且还是拼崩子[衰] //:[吃惊]够黑的,0,unlabeled,weibo_social
终于可以回家了，肩膀劳损的肌肉已经快石化了，最近太累了，在机场吃了泡面马上就昏迷了[晕] 每次回家爸妈都会来接我，不知道这次淘淘来不[可爱],1,train,weibo_social
我男神，哪个瞬间都帅[爱你]顺便说句生快[蛋糕],1,unlabeled,weibo_social
明天我去北京，有谁来接机啊？[哈哈][嘻嘻][害羞]呵呵。。。北京的朋友们，好久没见的，最近才见的，你们可想死我啦！,1,unlabeled,weibo_social
联想控股农业品牌发布活动现场人家柳传志、陈绍鹏在前面激情演讲，我在底下就没停嘴，一直在吃。临走抱回一箱蓝莓，回家接着吃，边吃边念叨，这蓝莓咋这么不禁吃呢，瞬间两盒没了。[哼][哼][抓狂][抓狂],0,unlabeled,weibo_social
哈哈，这次我能看到东方明珠。[哈哈] 我在这里：上海浦西开元大酒店,1,train,weibo_social
我想吃冰淇淋[馋嘴][泪]我想吃冰淇淋[馋嘴][馋嘴]我想吃冰淇淋[馋嘴][馋嘴]??? -dazs,0,unlabeled,weibo_social
回复:谢谢大家的关心，我会趁这几天好好休养，20号还要和大家见面，一定要保持好状态[可爱][太开心] //:现在已经很少见到像婷姐这种境界的运动员，还这么敬业。每次看到都会很难受[爱心传递] ，老大不小的人了，怎么还不会好好照顾自己呢？,1,train,weibo_social
我晕，又一张罚单，违例停车！车真成了累赘，这周围根本没停车位啊！！！[泪],0,train,weibo_social
[鄙视]神马叫嘴拙...新烤一炉切达奶酪饼干，咸鲜香酥，奶味浓郁，爱不释口。喂到 嘴里，Y闭目细品后居然问：你是拿果园老农的果仁做的么？...果仁你妹啊，你见过绵软奶香味的果仁么...你见过高温烘焙后会融化焦化的果仁么...你个果仁脑袋...[抓狂],0,test,weibo_social
I love leila。[泪][泪][泪]K也很棒。,0,unlabeled,weibo_social
我喜欢，哪有卖？ //:今冬，橙色能不能把你hold住……无与伦比的范儿气场[鼓掌] 想学混搭秘笈，就关注,1,train,weibo_social
NND，末日?就?了？[抓狂] //:倒???始。[哈哈][鼓掌] //:据说末日时间在下午3?14分35秒，那我岂不是还在家里磨蹭， 如果我们可以安全到店，晚上给你们亲手送上炸弹酒，我要把我的葡萄燕麦甜饼，好吃的???，花生米，都拿出来给你们！[泪][泪]是有多大方？,0,unlabeled,weibo_social
码到2w了[泪] //:入了赶紧退，没入赶紧跑[偷笑] //:无,0,unlabeled,weibo_social
嘻哈包袱铺2013封箱大典 一段原创相声《疯狂新与旧》，一首《爸爸去哪儿》串烧了N首8090后成长回忆组曲[哈哈] 我在这里:,1,unlabeled,weibo_social
回覆:[哈哈]你和西瓜结婚，我可以去当伴郎，或者伴娘！ //:回复?新?息的菜菜系列:[衰][衰][衰]不是吧,0,unlabeled,weibo_social
回复:悄悄的告诉您，都太海鲜自助不得不吃的有，鹅肝，来自阿拉斯加的霸王雪蟹腿，生蚝，冰激凌，甜点，还有海鲜寿司等等等等，啊，忽然发现我又饿了[衰] //:回复:东西真是太多了，肚子没地方了，下回一定去吃，第一件事就是吃雪蟹腿~~~哈哈,0,unlabeled,weibo_social
[话筒]【开团啦】 湖畔咖啡厅缤纷春日自助晚餐各大团购网站正式上线，开团啦[鼓掌] 原价205元/位，团购价118元/位，童鞋们快戳链接吧：拉手网 美团 糯米网 窝窝团,1,unlabeled,weibo_social
我业余爱好！ //-有教师资格证的王老师:好么，你们俩上这个课干嘛啊？当老师去？//-火龙果儿:是一甲 //:有天津话一甲考试吗？我可以试试～[太开心],1,test,weibo_social
珠峰大本营纪念[嘻嘻],1,test,weibo_social
1月30日晚， 亮相 主持的节目《郭的秀》的录制现场。在节目上，他宣布自己将退出小品表演舞台。从明年开始，不但不会上央视春晚，也不会参与地方卫视春晚的演出。此外，他还正面回应了今年退出央视春晚的原因。 [失望],0,unlabeled,weibo_social
江湖救急呀！[抓狂]急需8月12日出版的新疆以及云南地区权威报纸各一份，比如日报类的，有货或有线索者请联系绢子。电话13911875224。[握手],0,unlabeled,weibo_social
去舅舅家吃破五的饺子，肚子饿得直叫，车结结实实堵在二环路上[抓狂],0,unlabeled,weibo_social
每到上火就走智齿，多年前拔了一颗，结果之后上火就走另外一颗智齿[泪]，门牙边的一颗牙越长越歪，刷牙总出血，想戴牙套怕拔牙怕疼，最怕看牙了，国内为何不推广全麻看牙，不光是对儿童，像我这种吱哇乱叫的大人也应该全麻，省得招大夫烦[泪],0,test,weibo_social
【妈妈9个QQ表情盼儿归 网友：看红了眼眶[泪]】不少网友称看这篇“表情文”红了眼眶。一名网友感慨：每次要回家前，妈妈每天都会打个电话，催促她早点回家。回家后妈妈对她特别好，可是过了两三天，两人就要互相拌嘴，到了要走的时候，又特别舍不得。你的妈妈是这样吗？详戳：,0,test,weibo_social
中国好意外！[哈哈][哈哈][哈哈]中国好笑话[哈哈][哈哈][哈哈]中国好广告,1,unlabeled,weibo_social
李天一这一家实在恶心哇，想强奸全国人民呀[怒][怒][怒],0,val,weibo_social
恭喜上海浦东 榜上有名！[爱你],1,unlabeled,weibo_social
"【童言】给女儿买过一只小乌龟,春节期间养死了,怕她伤心一直没有告诉她。刚才她捡了几颗小石头告诉我要带回家给小乌龟。我说小乌龟没有了,她问为什么,我说：对不起,妈妈把小乌龟养死了。她眼泪汪汪的沉默了会,可怜兮兮的对我说：妈妈,你要小心点,别把我养死了啊！我：。。。[哈哈]",1,val,weibo_social
就是今年5月5日啊，我从重庆到西藏[嘻嘻] //:叮当姐，那年的5月5你是如此的幸运！,1,unlabeled,weibo_social
哎呀，车怎么跑这儿来了[泪],0,val,weibo_social
趁热吃好可爱的小猪！！！快把你嘴上冰淇淋擦擦干净！！！[抱抱][抱抱],1,unlabeled,weibo_social
美轮美奂//-JUDY: 六一快乐[爱你],1,unlabeled,weibo_social
“他还和永城三中的一些在校学生达成协议，由那些学生负责介绍给他女孩，事成之后给予一定金钱。”“记者在发稿前，也被别人劝说‘最好不要先去采访，届时朋友会表示感谢’。”靠！这个衣冠禽兽人民公仆该是多有钱，一点道德标准都没有，什么都想用钱摆平！！！愤怒到不知道说什么好……[怒],0,unlabeled,weibo_social
"[悲伤][悲伤]我也想要男闺蜜[委屈][委屈]关系很好很好的那种,但无关爱情",0,unlabeled,weibo_social
摩羯啦，命苦。[泪],0,unlabeled,weibo_social
啊！ //:[抓狂]//: //://: //: 丧尽天良！//:,0,unlabeled,weibo_social
一身的豪迈气概都毁了……[泪],0,test,weibo_social
[泪] //:什么精神？这是神经（如果只看表面不追究背后原由）。 // :省吃俭用多年，硬是省钱买了四套房。从生病到去世没有住过一天――这是什么精神？？,0,unlabeled,weibo_social
好想抱着下图(刊于总第334期)的摄影师哭，对比今年过年时自己在武汉拍的(上图)，有种英雄所见略同的赶脚[泪] 我在:,0,unlabeled,weibo_social
某浪，你的节操呢？ 这是想做征婚觅基友平台吗？[衰],0,unlabeled,weibo_social
难道前几天的6.8级地震演练是有预谋的？怕怕！[悲伤] //://:快讯【福建省福州市长乐市附近海域3.3级地震】2012年09月29日00时23分在福建省福州市长乐市附近海域(北纬26.0度，东经119.9度)发生3.3级地震，震源深度8公里。（来源 ）,0,test,weibo_social
主持人真的带来惊喜啦！[得意地笑]//: 第一超模多功能主持人尚雯婕[嘻嘻][嘻嘻][赞][赞],1,unlabeled,weibo_social
?今天收到了两份心意：一份是今天体验式培训后的第一名奖励[鼓掌]自己夸自己一下，同时感谢温柔大方魅力的云姐姐 的付出[爱你]回家我要好好研读一下[酷]另一份心意谢谢亲爱滴田丰 ，好有心记得我喜欢吃这个[泪]感动ing，真的好幸福的说[亲亲] 要不要看这本书？,0,unlabeled,weibo_social
看了血崩[晕],0,unlabeled,weibo_social
高低眉亮了[鼓掌]//: 高低眉亮了[偷笑] //: 貌似我两只眼睛可以分别表达不同的情绪[晕],0,unlabeled,weibo_social
发张照片，，，希望自己近期节制下食欲[泪][泪][泪],0,val,weibo_social
//: 微博没有一个表情叫“表面恭敬内心不甩”吗？//: [泪]//: [汗]//?子Cindy: [生病],0,unlabeled,weibo_social
看我把导演给折磨的！谢谢导演，我今天又进步了一点点！ //:啊???王老师啊~~毁人不倦~~啊[泪][泪][泪],0,val,weibo_social
回复:StreamTrail 防水包的款式齐全，微博中抽奖的款式都为公司绝版。只送不卖！！淘宝店有售的款式[嘻嘻]，请点击以下链接： //:诶，我就喜欢这样的，就是不知道哪里有卖呢？,1,unlabeled,weibo_social
Nepal Day 6:巴德岗杜巴广场生活篇 当地人最爱甜品，超级甜！寺庙前懒懒的小羊，蔬菜店，灰脖子乌鸦，有名的手工陶器，店铺偶遇的两个月豹猫小美女，特干净特粘人?老板说要送我，好想带走好想好想[抓狂][抓狂][抓狂] 我在这里:,0,val,weibo_social
[吃惊] //:我刚数完，准备睡觉。。。就看见这个了。[怒],0,unlabeled,weibo_social
"IOS目前是火,但如果火到一家独大,对我们并不见得是好事;Android虽然目前没有IOS的强大,但只要坚持下去,没有不可能的事!所谓三十年河东,三十年河西也![抓狂]",0,unlabeled,weibo_social
不会的。是你们团结友爱的集体给了孩子和孩子母亲爱与力量，也感动了我。[赞][鲜花][心] //:杰尼妈妈今天要不在的话我们可能就慌乱了 //:不辛苦亲爱的！也要谢谢你对小Erke的关注和帮助！[爱你][亲亲] //:杰尼妈妈辛苦了！[爱你][爱你] //,1,val,weibo_social
真准[泪],0,unlabeled,weibo_social
像我这样常用卿卿如晤写邮件开头的年轻人不多吧[嘻嘻],1,unlabeled,weibo_social
赶紧给我整一外甥。 我要给他拍照！[爱你],1,unlabeled,weibo_social
太自卑了，我们。//: 疯了 //:无语了，我们的国家都怎么了 //:这是什么年代？简直无话可说，除了两个字母：SB。。。 [怒]//: 一声叹息~MD我生活在一个什么国度啊？！ //:心里越来越不舒服了。太过了。 //:畜生都不许进入！,0,unlabeled,weibo_social
讲规矩，做自己，有生活。[鼓掌],1,unlabeled,weibo_social
欧妹给我起来。。。[怒骂]//: 这样的孩子太极品太国宝了。竟然不爱遛弯。哈哈,0,unlabeled,weibo_social
三个月后，俩母猫都生了。但是，两家小猫的脑袋上，都赫然有胖宁妈家公猫头顶的m型特征。。。隔壁家的公猫太可怜了[泪]，上哪说理去。。。。（2）,0,unlabeled,weibo_social
这么晚还在地铁上，周末没了，一年一次的体检没了…找个时间去检查一下自己的身体，估计应该有很多零部件要修理了…[泪],0,val,weibo_social
天哪，才开场曲，就连屏幕都被遮了[抓狂],0,unlabeled,weibo_social
为留下大脑做大决策比如每天穿什么，我就只能放弃一些小决策比如每天吃什么，所以近来吃的狠随意狠开心，但大决策变得更加是困难的纠结的抓狂的痛苦的还是决策不了的[泪],0,val,weibo_social
//: 中枪！[泪] //: [哈哈][哈哈],0,test,weibo_social
回覆:是 //:小胜靠智，大胜靠德。 //:神鬼之别 //: [蜡烛][蜡烛][蜡烛][蜡烛][蜡烛][蜡烛]怀念毛主席[泪][泪][泪],0,test,weibo_social
[鼓掌]春节日本旅游走起[飞机],1,test,weibo_social
昨晚在我家的?酒?式上，?位?仔童鞋清袋後真??，是想怎???[晕]?星??人,0,unlabeled,weibo_social
求真相，果真如此，我也宁愿相信是一小戳人意欲代表整个香港，还敢说你们不是中国人，连恶习都一样一样的//: 呵呵，你妈比，过了！港怂们！ //:[运气中]//: 就真相，谁写的有种站出来。//: mlgb太过分了吧[怒]//: 求真相！如若这般该如何面对？//,0,unlabeled,weibo_social
今天早起送孩子是你辛苦了！[爱你][亲亲] 今晚记得早点睡！,1,unlabeled,weibo_social
[怒]美腿~继续拼了~ //：哇哦，好气质~~[good],0,val,weibo_social
回复:我冰箱里还有咖喱料，家里有几只餐厅的碗，能帮你解馋吗[泪] //:我一直都想 //:[抓狂][抓狂][抓狂][泪][泪]早上看到这个好伤感啊。,0,unlabeled,weibo_social
//：妈妈就是妈妈！这话说得比巴掌打脸上还响！！！[嘻嘻] //：有道理//:[思考] // ：听妈妈的话，妈妈的话都是有道理的！！！,1,unlabeled,weibo_social
这种档案为啥不早点披露呢？ //:兽行[怒],0,unlabeled,weibo_social
[怒][鄙视][右哼哼][左哼哼]道路都是你们家的吗？想怎么停就怎么停，看你们早晚得出事 我在这里:,0,train,weibo_social
【北京Oyster Talks Pekin生蚝吧】他家的生蚝都是当天空运至店，后厨会“挑肥拣瘦”，只选最好的肥货。餐厅还有西班牙四年期的火腿、各种经典海鲜及扒类主菜，甜点更是独家特制，品尝后令人无比幸福～[爱你],1,test,weibo_social
有了手机版的中国旅游报，现在看报纸更方便了。[嘻嘻],1,unlabeled,weibo_social
看吧，这位就是员工的典范，号召各地全体员工集体膜拜[哈哈][鼓掌][鼓掌][鼓掌],1,test,weibo_social
我要是不迟到都对不起我打的这辆出租车[怒骂],0,unlabeled,weibo_social
"想象力这么基情，断句是断不好了 //:我已经很糟糕了,还拿这种东西艾特我是想闹哪样啊涂老师...早上的叶问和李小龙之子到现在还没有正确断句呐![泪] //:",0,unlabeled,weibo_social
顺其自然。[嘻嘻] //:会发生什么？,1,test,weibo_social
诶呀，所有被盗的车都上过锁，所有离婚的夫妇当年都摆过50桌，毛主席也没说过这么经典的语录呀/: 所有被盗的车都上过锁，所有离婚的夫妇当年都摆过50桌――――你修好片后，请把这句话放上照片，图文并茂的发给你的客户嘛，加量不加价，友情赠送。。。。[哈哈],1,unlabeled,weibo_social
水啊水 一旦污染了就是比天大的事情了//:[吃惊][衰]//:触目惊心，这就是我们生活的地方！,0,unlabeled,weibo_social
面对97KG的体重....请小伙伴们在提到跟“肉”有关的东西时不要艾特我好吗！[衰]//: 来吧!记得带肉来偿[笑哈哈],0,unlabeled,weibo_social
//?裕太Love_二?小?: ?於出正式消息啦! 女主是我女神耶[抱抱]//: //-凌-: //?大神??我RP吧挖泥:あさみちゃん！,1,test,weibo_social
很精彩//：[鼓掌] 张医生讲得真棒，有理有据，医学上好多事情看得很透彻。,1,unlabeled,weibo_social
[威武][威武]//:回复 :做做样子而已 // :竟然是小刀！二姐威武！[晕] // :回复 :滴酒不沾 // :我听说有烧刀子的酒，不知贺大侠喝得下小刀几瓶？[嘻嘻],0,unlabeled,weibo_social
曾经有个很好的理发师 我没有留下他手机 现在后悔莫及。。。。[泪][泪],0,unlabeled,weibo_social
练琴中，闻到阵阵香味飘来！坐不住啦！某人帮我烧明天的中饭，麻婆豆腐！象那么回事伐[哈哈],1,val,weibo_social
//: //: //:[伤心],0,unlabeled,weibo_social
本来打算好好玩一天的。。。结果有个人病了[泪][黑线],0,test,weibo_social
你俩也是《因为爱情》！[哈哈],1,test,weibo_social
我现在在和曲太太吃方便面[泪],0,unlabeled,weibo_social
//: 今天要记得竖蛋[偷乐]第一张图还以为沙县扁肉，结果一看辅料就绝望了，估计还是江南一带的[泪],0,unlabeled,weibo_social
亲们啊亲们！这样一颗花菜十块了啊十块了！菜都要吃不起了啊啊啊！！！[抓狂][怒][怒],0,val,weibo_social
蕾答应的事必须雷厉风行的去完成！到了蕾的家乡重庆，温暖你就成了火锅蕾的使命[偷笑]遗憾没邀请大家狂搓一顿毛肚、鹅肠、耗儿鱼论斤卖的山城原始老火锅[泪]下次继续...火锅吃起...干碟点起...口水流起[馋嘴],0,test,weibo_social
当然睡过，睡过不少……[亲亲],1,unlabeled,weibo_social
[衰][衰][衰] //:,0,unlabeled,weibo_social
回复:拼音也是feiji[哈哈]//:回复:尼玛拼音也算啊[怒] //:埃及。。。 //:回复:没想到这么快就被你破解鸟 //:石家庄。。,0,test,weibo_social
估计是把沙僧一并烤了[哈哈]//: 沙僧呢。。。,1,test,weibo_social
回复:买了，不敢在国内穿，怕被当成恐怖份子抓起来！[嘻嘻] //:应该买一些阿联酋那种服装，外加一副墨镜，如何啊？[害羞],1,unlabeled,weibo_social
手抖也是残疾吗？[泪],0,unlabeled,weibo_social
//:[泪][泪]//: //@?物求救?息中心:[心][?筒],0,unlabeled,weibo_social
就阿里没去了[可爱] //:西 藏十大值得去的地方~,1,unlabeled,weibo_social
请更多的人记住他！[蜡烛] //：[泪] //:眼泪模糊了视线，不知该说什么才能宽慰这个7岁的孩子。只希望他知道，他的父亲是个好人，也是个尽职的好司机！他用自己的生命挽救了许多生命，可以说，他是个当之无愧的英雄！,0,test,weibo_social
流泪默哀！//:深表同情 任何制度的缺失决不能让老百姓来承担，他们还是孩子啊 [蜡烛][伤心]//: 。,0,train,weibo_social
[好棒] //:[嘻嘻] //:此版本仅为抢先视听版，高清版近日奉送~接下来，主页君会录制各种版本嘻哈群舞＜＜穷开心＞＞，告诉我你最想看谁？！,1,unlabeled,weibo_social
//://://: //:这就尼玛黑社会啊！[怒],0,unlabeled,weibo_social
节操哪？！[抓狂][抓狂]好邪恶――话说淫家也没有闲着啊！EX享受够了换下家呗～[挤眼][挤眼]神回复来了――舌头能打结。。。那他能打出一避孕环么？？？[?][?]谁也不敢@ 的一条,0,unlabeled,weibo_social
//: -吴楠 //:《觉》音乐＋艺术节是每年在上海和北京举办的为期半个月的音乐艺术节，由一系列不同场地的音乐合组风音的演出！[花心]今年的《觉》如期而至，你准备好了吗？[太开心] 美乐送票活动：,1,unlabeled,weibo_social
[抓狂]要去要去要去！可是我是北京的！所以把机会让给你吧！记得要转发原帖哦！[馋嘴],0,unlabeled,weibo_social
着急上火嘴唇起泡，好疼！！[泪][泪]老妈、宝宝母女俩今天也启程回家了，以后再没有做好的早中晚餐等着啦！[抓狂][抓狂][抓狂]还好某大厨及时现身，解救了做饭无能大龄女青年一枚。盘腿坐在地板上等海带排骨汤的时光好幸福。,0,unlabeled,weibo_social
回复-:索马力亚！不要看错 //:他在家练了很多年 //: //: 那么大的飞机一路畅通无阻的跨越那么多国家飞到非洲？不可能把[衰] //: //: //: 好消息！,0,test,weibo_social
美//: 恨不能穿越[泪],0,unlabeled,weibo_social
上次从扬州回来，疯了一样馋江南这种酱油汤的豆花[抓狂] 。。现在不抓了，终于让我攻克了这个课题----我现在可以用豆豆厨或白玉的内酯豆腐自制出几乎一样的江南豆花乐[太开心] //:苏州美食微攻略,0,unlabeled,weibo_social
喵星人有这样的傻友，这个…… 不是你风格喔？[哈哈][偷笑][闭嘴] //:回复:本妈很伤心[泪] //:谁让你对你妈不好,0,unlabeled,weibo_social
我们一起同欢乐[嘻嘻][嘻嘻][嘻嘻],1,unlabeled,weibo_social
爱学习的好孩纸啊！[给力]//: 话说我家附近有好多植物，从小我就喜欢摆弄它们[偷乐]可是，直至今日，还有好多小植物的名称我都叫不出来QAQ好郁闷[衰]《欧叶教你认植物》这真是予我的必备良书，好机会快教我。[bm可爱]爱生活、爱植物。必须地！,0,val,weibo_social
[哈哈]//: 聪明儿子,1,unlabeled,weibo_social
餐厅不是很多吧，报些餐厅的名字吧[得意地笑]其实要是铺展到鼓楼一带更好，那里的好多特色小馆都不能刷卡消费[悲伤] //:感谢大家对 的支持！谢谢亲们！,0,unlabeled,weibo_social
配了一套紫色，挺好看。热感冒[晕],0,train,weibo_social
[泪]厦门变化真大，开车出去就怕迷路，谁知道坐计程车吧，擦，也迷路，尼玛，司机还是厦门人，靠，竟然问偶：你厦门话很地道啊，为啥也不知道路。。。哇擦，尼玛偶知道路就表坐你计程车了！靠！从台湾山庄坐车到薛岭坐了20多分钟车，火大了。。。[泪]你妹，偶就懂鼓浪屿的路而已。。。,0,unlabeled,weibo_social
感动死了要[泪]帮我转告青青：我马上打飞的回来了[飞机]明后天应该会去学校[奥特曼],0,unlabeled,weibo_social
擦一下//: 高丽棒子都是脑残，难怪大和不带丫玩[哈哈],1,unlabeled,weibo_social
回复:希望不要下雨啦 //:这本来是个温暖的小岛，忽然这么冷也挺意外的 //:我穿的羽绒来[晕][晕][晕][晕]阴冷阴冷的，透心凉,0,unlabeled,weibo_social
比爱多一点。保证值得一读！[话筒][话筒][话筒][伤心][伤心][伤心][绿丝带][绿丝带][绿丝带]//:爱。//: [爱心传递][爱心传递][爱心传递],0,unlabeled,weibo_social
回覆:所以???富阿～[哈哈] //:转发此微博:你可是去?真正的＂小?堂＂ 呢！科科！//:???我去！我?想?加的！哈哈哈～[哈哈] // :加油，小朋友！[嘻嘻][嘻嘻] //:???我去！我?想?加的！哈哈哈～[哈哈],1,unlabeled,weibo_social
真的 //:全世界[真V5]~~~//: 人家也这么讲的 还是排比句[委屈] //:[泪]//: 长的好看真的太重要了！[衰] //:[good] 牛掰的评论！[偷笑]//:,0,test,weibo_social
这年头的人咋介么素质[怒骂]好好的向日葵非给你扣出个笑脸来[哼]奥林匹克公园大片葵花的外围都是如此糟蹋的[怒] 我在奥林匹克森林公园雕塑园,0,unlabeled,weibo_social
说的真好！[鼓掌][鼓掌][鼓掌]谁又能指望谁顿悟呢？哎～,1,unlabeled,weibo_social
看来猪肉是物价风向标。可怕的是这一轮猪肉涨的比上次猛多了。物价这次会怎样？不敢想呀！[抓狂],0,train,weibo_social
[鼓掌][鼓掌]欢迎光临！ 我在: 我在这里:,1,unlabeled,weibo_social
我在Globus(武康路店)(签到1次)：消化朋友公司存酒[嘻嘻],1,unlabeled,weibo_social
"还不派解放军去营救//: Hahah, 双手双脚同意[哈哈]//-汽车与你:说得挺对的 //:绝对正解！[怒][怒] //:[哈哈][哈哈][哈哈]真讽刺。 //:[围观][围观][围观]// : 懂了！ //: [黑线] //: 正解。",0,unlabeled,weibo_social
注册有礼恭喜注册邮箱为elisalin****.com的用户，获得1000元颇特莱斯网购物券！奖券将直接充入您颇特莱斯网注册账号。不知道这位幸运儿有没有新浪微博呢？看到的话可以出来吼一声[哈哈]大家再接再厉，下周还会有1000元购物券等着你！,1,unlabeled,weibo_social
又来吃这家火锅了，魅力实在无法抵挡啊。[泪]真是边吃边忏悔啊。,0,test,weibo_social
送给身边最近犯病的二货，快点真的再二起来吧，想不通的时候就一起聊聊 //:当一个二货不再犯二时，说明他不开心了。[悲伤],0,val,weibo_social
"哈哈!!!这些题别问我, 不会!![晕]",0,unlabeled,weibo_social
如夏俊峰年薪三万，或许三条年轻的生命就不会毁灭。 //:不信但看杯中酒，美女先敬有钱人。马蔚华2007年的年薪便达到了963万啊。[哈哈]//: [泪],1,test,weibo_social
无比热泪盈眶的感谢尊敬的亲爱的 在国庆期间，国家大剧院话剧王府井一票难求的情况下给潘娟的老爹老娘弄到了三张票[泪]虽然我的票被 抢了，但我...春节看过了[偷笑]感谢老爹老娘让99班更团结更温暖... 任重道远！,0,test,weibo_social
//: [泪]南平教室~~小山坡上搭起来的板房教室。我们在里面上董晓老师的俄罗斯文学课，他在上面用俄语念诗，我们在前排吃早点，互相对笑。屋外的合欢树正在开花。~~懵懵懂懂的，这时光就过去了。 //:,0,val,weibo_social
女神逆龄，男生。。。曾经是我的超级梦中情人[泪]夜里揽着照片睡觉的。[泪],0,val,weibo_social
[爱你]，一定会给力！,1,unlabeled,weibo_social
"昨日过分高兴,臭得瑟。今日要出游,却开始下雨。这就是所谓乐极生悲。[泪][泪][泪][泪][泪]",0,unlabeled,weibo_social
觉得时间好少，事情好多[泪][泪] 连静下来看会儿书的时间都要用挤的[生病]不过好在还有你们的陪伴与支持[爱你][爱你] -di -Niki小昊子 加油[奥特曼],0,train,weibo_social
这是黄立行和太太吗[抓狂],0,test,weibo_social
啊~~爱~~我好想去。。。。[鼓掌][抓狂],0,val,weibo_social
让姐姐去死吧[泪][泪][泪][泪][泪][泪][泪]，工作到深夜。[泪][泪][泪][泪][泪]扛不住了，明天继续。各位晚安,0,unlabeled,weibo_social
2012旅游节今晚在大宁国际又碰上了花车巡游[汗]各种堵车还封车库！[抓狂],0,val,weibo_social
从晚上六点吃到现在[泪]坐着公交车到处跑着吃了三家[哼][哼][哼]这个夏天别想减体重了[泪][泪],0,unlabeled,weibo_social
"傻逼联通3G,下班高峰期地铁一号线，十号线完全上不了网，就尼玛会吹3G速度比移动快，移动在地铁里至少还能2G上网。[怒]",0,unlabeled,weibo_social
[怒骂][怒骂][怒骂]//: [怒骂]//: [怒骂][怒骂][怒骂]//: [怒骂],0,unlabeled,weibo_social
今天有几个台有我演的和导的小品。时间太仓促，有些自己还不太满意。都没敢法微薄通知大家。现在演完了。坐等大家吐嘈。[泪],0,test,weibo_social
有车主长假去玩，收获3次超速50%以上的罚单，问该怎么办？交警的权威回复：先吊销驾照，罚1000，从新学习考试考新驾照；再吊销再罚1000再学习再考试得再得新驾照；接着再吊销再罚1000再学再考再发[生病] 有木有让小伙伴惊呆了？记得美国有坏蛋被判了3次死刑，现在终于明白是怎么执行的，医生辛苦了[泪],0,test,weibo_social
又去 上蛋糕课啦！这一次在制作的时候明显比一次要熟能生巧，悲催在最后一步往奶油上写字。剪的口太大，手还抖，画个心都费劲[衰] 下个月有松下电器xABC cookingstudio携手的“柠香土豆烤鸡&弗卡夏”圣诞大餐特别课程，简单好操作，爸爸去哪儿的明星奶爸不用再为做饭头疼啦[偷笑],0,val,weibo_social
周末就走[威武][威武] //:挤挤就有了 //: 还能安排出时间吗[抓狂] //:？？ //: 啊啊啊。。。,0,unlabeled,weibo_social
下次，谁都他妈的别跟我说要出去玩的事！我就他大爷的[怒][怒][怒][怒][怒][怒][怒][怒][怒][怒],0,unlabeled,weibo_social
听一下//: [泪]//: “远离颠倒梦想”。 //: 想起不该想的人，妈的，哭了。,0,unlabeled,weibo_social
可以去探店吗？[鼓掌],1,unlabeled,weibo_social
"//:啥也不说了,只想转 // : [泪]",0,test,weibo_social
[泪][泪][泪][泪]老了//: 老去，从对待自己身体的态度开始！[泪][泪][泪][泪],0,test,weibo_social
回复:[爱你][爱你][爱你]你来免费，但机票不报销[嘻嘻][嘻嘻][嘻嘻] //:回国一定要去尝尝！请问老员工可以打折吗[哈哈][哈哈] //:[嘻嘻][嘻嘻] //:舌尖上的中国 预告里是闪过了金汤碧绿豆腐吗！ 详情:,1,val,weibo_social
//:太好玩了，越来越喜欢！ //?朵: //?紫棋:十六??的金??居然被翻出?了[晕][晕][晕],0,unlabeled,weibo_social
读书的时候会用QQ聊天很兴奋，上班的时候会用MSN聊天很兴奋，去年会用新浪微薄有粉丝时很兴奋，现在会用米聊时很兴奋，社交的工具越来越多，但我的兴奋点还是这么低，怎么这么容易满足？没出息，哈h[哈哈],1,unlabeled,weibo_social
[泪]//: 都来看看，真的让人感动。//: 跪求哪位大师拍一个 I am Beijing ! 我捐1000元！ //:好短片！,0,unlabeled,weibo_social
我今天没有赶上，只听了个开头，有没有录音啊？求录音啊~~[泪],0,test,weibo_social
[太开心]真心感谢大家的关注和参与，中奖数量有限，可是我们的活动无限，希望大家多多参与，欢迎来到温泉水公园游玩体验！//: 温泉水公园1111之前倒计时连发三弹都木有中，小小心脏那个伤啊[泪]，好在 活动一波接一波，让我们双十一相约温泉水公园，一起幸福＂脱光＂[嘻嘻],0,test,weibo_social
[可爱][哈哈] //:,1,unlabeled,weibo_social
还真有犯人可以游过来[抓狂]大鲨鱼好多,0,test,weibo_social
[抓狂][抓狂][抓狂][左哼哼]不过我迅速恢复中，就快可以象当年这么蹦着照了，我等着他俩，到时你还是摄影师。,0,val,weibo_social
[泪]//: 只有悲愤！,0,train,weibo_social
默哀！ //:先默哀！ //:一场雨77人，创世界记录没？[泪] //: 77人。唉..,0,unlabeled,weibo_social
不但做了江老亲自带教的学生，更能有机会从师年轻的刘老师(上海围棋队总教练) 你是幸运的，更是幸福的[可爱],1,unlabeled,weibo_social
两瓶啤酒尿意来[委屈][委屈][委屈]，今天没戴框镜，，，[晕][懒得理你][可怜],0,unlabeled,weibo_social
抱着火炉吃西瓜[鼓掌][鼓掌],1,train,weibo_social
根据最高院的相关司法解释，事实清楚证据确凿的案件可以快速审判，没有人的话能赶上清明了[晕] 我在:,0,test,weibo_social
明天早餐吃churro！[泪][馋嘴],0,unlabeled,weibo_social
赞同！//: 说得太对了！有些节日其实就是商家的促销日 //://://:大实话一句[鼓掌][鼓掌],1,unlabeled,weibo_social
Loli厨房出品今日早餐，菜肉大馄饨+小紫薯+橙子。上学的时候，常在店里吃大馄饨。汤底必须是紫菜虾皮，若是再来点蛋皮更好[馋嘴]考究点的用高汤做汤头，想想就美阿[嘻嘻]冬天，再来点辣酱，红油飘飘，颜色诱人。总觉得以前的食物好好吃，现在都没有了[汗]牛肉拉面，蛋饼，辣肉面，咸菜面，遗憾呐！,1,test,weibo_social
刚刚在妈妈家经历一场停电风波后，回到自家，开灯，无用；不会吧，这都传染！在试过N回后最终确认是闸盒儿坏了，今晚就只能在黑暗中睡去，幸好手机有点电，不然最后的一点亮光都没了..[晕][汗][睡觉][失望],0,unlabeled,weibo_social
看到这个画面的时候本来是儿子拉着妈妈的手在海边散步，孙子在一边，瞬间就感动了，可惜跑近那个画面就没了，只照到这个。很感概，大学毕业这么多年了，都没有和自己的父母出来旅行过一次，没有真正的关心过他们。[泪],0,unlabeled,weibo_social
不顾中暑的我，在萨兰托烈日下，周六骑了一上午的自行车... [晕],0,unlabeled,weibo_social
本来就有点小感冒，大家怂恿说喝完酒感冒就好啦！都是骗子啊！[抓狂] //:换白酒,0,unlabeled,weibo_social
个人感觉金志文比丁丁唱的好[可爱],1,unlabeled,weibo_social
大炮又结婚了吗？ //: [哈哈][哈哈] //:挑拨！//: 谁给 设计的土豪褂，这不是黑 吗？[怒],0,unlabeled,weibo_social
王皓，什么时候能得到奥运金牌呢？[抓狂][抓狂],0,val,weibo_social
[衰][吃惊][吃惊][衰][抓狂][抓狂][抓狂][抓狂][抓狂],0,test,weibo_social
[晕]制作工艺灰常好 //:各地苦闷青年，请不要在河里井里乱丢私人物品，给社会造成困扰，好吧? //:太搞笑,0,unlabeled,weibo_social
公司主管一时兴起想张罗大家一起做早操，于是开始在公司内部“招募”领操。诸位同事纷纷推辞，以表达对早操一事的抗拒。-Serena 说：“你们就是想让人家的目标搁浅。”我说：“不做，她搁浅的顶多是目标；做了，我们搁浅的可就是人生啊！”人生啊！！[悲伤],0,unlabeled,weibo_social
呵呵！不用不用！只要你能喝！：）//: 如果去的话，得打印这段话么[嘻嘻]//: 请！ 必须滴！敢跟我PK吗？ 哈哈 //-jacqueline: 你请我喝酒我就去！大家看着啊！,1,unlabeled,weibo_social
回复:我很单纯滴，两样都纯了[哈哈] //:你是单纯拍摄还是已经把它吃掉了？？？[挖鼻屎],1,unlabeled,weibo_social
我是80后，但我怎么不认识这些课本封面？？？ //:[泪],0,test,weibo_social
能不能就对着我说爱我，能不能就陪着我天长地久；能不能就对着我说爱我，能不能就陪着我一直到最后。从今以后剩下的路要你陪我走。[伤心],0,unlabeled,weibo_social
尼玛的Camera 360 ....搞个B幽灵模式。吓我一身冷汗[怒][怒][怒]。,0,unlabeled,weibo_social
确实有点“小象”//: [哈哈][偷笑]只转发不评论。 //:笑死我了~~[偷笑],1,unlabeled,weibo_social
据说：双鱼和巨蟹是我最配的星座[爱你][可爱][馋嘴] //@-小暖暖:太对了,1,train,weibo_social
【又是城管】 6月18日上午7点，在湖北竹山县人民路城西司法局对面，竹山城建综合执法大队执法人员4个人一起殴打一位做防盗网的工人，最后警察到场，事态得以控制，当要求执法者到派出所接受调查时，他们竟然拒绝上警车，同时威胁现场不允许拍照，要强行没收手机[怒骂],0,train,weibo_social
大家看看真正的人?地?！世界各地都一?！?在食?的朋友???慈悲心吧！真的！[伤心],0,test,weibo_social
我的食堂之一！[哈哈],1,val,weibo_social
我就被黑了四倍[衰] //:大家晚上或深夜打车要注意啊~,0,unlabeled,weibo_social
好像海葵貌似快离开了[抓狂][抓狂] //:明日我们会继续加油哦！//: 不仅是我们营销岗位的大家都辛苦了//:[good],0,unlabeled,weibo_social
新加坡巧克力[嘻嘻] 连总应该吃过吧~,1,unlabeled,weibo_social
[偷笑] //:哈哈//:结尾亮晶晶[哈哈]//:[哈哈] //:结尾亮了~ //:结尾好惨烈..//: 结尾好惨烈.. //:结尾好惨烈..//: 结尾好惨烈..//: 结尾好惨烈..[偷笑]//: 结尾好惨烈..,1,unlabeled,weibo_social
offroad路段要是能再长一些就完美了~[泪],0,unlabeled,weibo_social
旁边的是我，是我，是我啊！！！[抓狂],0,unlabeled,weibo_social
节目开始前听专辑，节目广告时间听专辑，节目结束听专辑。[做鬼脸]羽泉陪你过周末//:预祝专辑拾伍大卖，最美和声收视大吉[鼓掌][威武],1,unlabeled,weibo_social
【陈慧琳哭诉两年前双胞胎流产 痛到流血[可怜]】Kelly陈慧琳日前接受访问，讲述其伤心往事：2011年，她曾向媒体公布喜讯，表示已怀孕约三个月，不料怀孕5个月时，双胞胎女儿流产！“我一直都睡不好，痛到睡不着..也想强制留住她们，可能没有这样健康..”想念是会呼吸的痛[泪],0,val,weibo_social
[哈哈] 喜欢这个生态环保安静的小村子...,1,unlabeled,weibo_social
刚才看到一小盒子，咦？南得扣类？拉开手一滑，把某只贡献的最后一支雪茄掰折了碎一地[泪]-宋林Beni_Soong,0,unlabeled,weibo_social
新驾考好难 [抓狂] 详情:,0,unlabeled,weibo_social
唉只要一体检心跳就猛快，总觉得焦虑怕万一有什么问题，还脸红，有什么办法让我血压降下来，心跳缓下来[抓狂][抓狂][抓狂][抓狂][抓狂],0,test,weibo_social
更正更正，小编有眼无?[泪][泪]目测错误，两店不同风格，别被我误导啦各位[挖鼻屎] //:对 新华街那家我常吃，风格完全一样,0,train,weibo_social
几个密友紫兆午餐搞定味道妥妥的好开心[哈哈][哈哈],1,unlabeled,weibo_social
谢谢黄阿姨么么哒！[亲亲][亲亲],1,unlabeled,weibo_social
这犯规实在有点多啊！小动作实在多！赶上流氓足球队了！[怒],0,test,weibo_social
太让人受不了啦，怎能萌成这样？ //:[爱你],1,unlabeled,weibo_social
"秋冬新款??[爱你][爱你]?有??搭配力的???靴,利用??的剪裁就可以很??的match每天的穿著打扮,可以很舒?的包覆小腿,??的微?靴口的大小,暖呼呼之?,也不??小腿肚??不舒服喔![害羞][亲亲][可爱] ?定鞋款,??20天左右到?~?南鞋店",1,val,weibo_social
开业大吉！//:青岛海泉湾，商旅、会议会奖的最佳选择地之一。芒果网商旅希望与贵湾真诚合作，共同发展！[握手][握手] // :漂亮！最新照片，新鲜出炉~~~更多精彩，忍不住想透露点[嘻嘻],1,unlabeled,weibo_social
给 我俩刺激完了[泪][泪][泪][心][心][心],0,unlabeled,weibo_social
回复:那给你贴上没有啊，你这只是个受理单啊，你没把通行证给他们啊？[晕]//:回复:没说啊 人来说好了,0,test,weibo_social
哈哈哈，这说明我还年青！还在发育和成长[哈哈][哈哈][哈哈][哈哈]//:赐教不敢！分享可以：吃货分几个阶段第1阶段：爱吃（什么都行，没有什么特定目标，得什么吃什么！只要消费的起就去吃）第2阶段：会吃（知道那的好吃！特色是什么主题是什么！需一定的经济实力）,1,test,weibo_social
[哈哈] 家是小县城，公交车随叫随停。晚上回家坐公交车，车上没有几个人，就想逗逗司机师傅。上车之后说：“诶呀今天真挤。”司机说：“是啊，你站会吧，他们下一站下。”我差点就吓……,1,unlabeled,weibo_social
头晕了。。。//: 真的耶！！！这个都可以有保健操的作用了！！！//: 真的！！！//: 擦，真的可以……//: 擦。。。//: 要死啊[抓狂] //:脖子要断了,0,test,weibo_social
难兄难弟[伤心]我以为是我电脑问题呢//:同感！手机可以，电脑不行，中国移动不想要飞信客户了吧,0,train,weibo_social
郭沫若故居，中国作家杂志社、中央人民广播电台、郭沫若纪念馆主办“端午诗会”。左边蓝色衣服的背影是谁，猜出有奖。[哈哈],1,unlabeled,weibo_social
北京有元祖了感人[泪],0,test,weibo_social
张朝阳和我的自拍照[嘻嘻][嘻嘻][嘻嘻],1,unlabeled,weibo_social
偶像，我不笑，我就乐！//: 为什么都在笑我，你们知道当时我有多努力么[泪] //:哈哈哈 [做鬼脸] //:真对不住，我也笑了。[哈哈][偷笑] //:为什么这么多嘲笑，这世界还会好么？,0,test,weibo_social
超级想喝可乐[抓狂],0,val,weibo_social
"okna,ta nong mee wang,p ya chuan kun geenkao duigan ,hai peng duo ok dai[嘻嘻]",1,test,weibo_social
在北京某著名高校高级食堂里吃饭…汤里果断的飘着一只神马生物[衰] ［以图为证］,0,unlabeled,weibo_social
KayBB好辛苦[泪]带病唱6首歌呢~点解纵未好?？[泪]//@?安琪?地歌迷後援?:,0,train,weibo_social
开复还挺幽默搞鬼的，呵呵。[哈哈],1,test,weibo_social
我需要一个烟灰缸！！！！[抓狂][抓狂][抓狂][抓狂],0,unlabeled,weibo_social
今早发现各位文科森在奔走相告……[汗]为什么就是不能放过数学不好的孩纸！！[泪],0,unlabeled,weibo_social
跟我妈说跟朋友去玩儿人家给递毛巾的服务员小费都一千，我妈马上问：那给你们了么。。。[衰],0,unlabeled,weibo_social
中奖公布 昨天的拼图比赛居然有4位大牛比偶快！[抓狂] 你们都是神仙来的吗...肿么可以这么快！度小游会尽快把全新的百度旅游明信片寄送给你~ 真心恭喜眼疾手快的达人们！[鼓掌] p.s 今天换了新图，让我先练一会儿...下次我们再比~在这儿玩>,1,unlabeled,weibo_social
臭不要脸[怒] //:装死是动物的本性!,0,unlabeled,weibo_social
[衰] 哇，书展还搞卡通体操这一套，实在是有点out了//@?柴喵-璎绫：上海书展吧~有凹凸曼看？//：这是在哪里？,0,val,weibo_social
//://://: [鄙视][鄙视] //:[怒]//: //:无,0,unlabeled,weibo_social
"哈哈，哪天过来吃吧//:[哈哈] //-万卿:俺想吃你家大鹅了,上次那一只大鹅俺就吃着一块儿,昨晚你家的煮花生带到市集之后俺连袋儿都没看见,下厨的人命怎么这么苦呢[泪][泪][泪][泪] //:[馋嘴][馋嘴]看着就香。",0,test,weibo_social
[怒骂]要是我 我当场得吓死 -My奥利奥 //: 特么变态//: //: 真恐惧！吓死人了！(推荐关注 ),0,unlabeled,weibo_social
其实，国庆黄金周假期已经过半了……[晕],0,train,weibo_social
工体，你这是干神马啊？信号全给我们掐了，微博发不了也就罢了，也不能让我们店家都刷不了移动pos啊！[抓狂],0,unlabeled,weibo_social
不是精壮男就不要来面试了，体力真的很重要，没遇见何嗖嗖之前你可能还没意识到自己的体力是这么局限。// :[泪] 感谢各位转发的盆友...这会儿我有点招架不住了...照片是自拍自己解救自己！,0,unlabeled,weibo_social
回复:呵呵，汪峰的歌宽容度高，有胸怀。我挺喜欢新专辑里的那首《爱你的方式》，硬汉的柔情，很动人~~ //:本想也你这样过一天闲淡生活，木想还要去修被猪追尾的车[衰],0,test,weibo_social
很有意义的一次活动[嘻嘻]//:很好的活动！,1,unlabeled,weibo_social
美杜莎的基地啊[哈哈]//?:,1,unlabeled,weibo_social
"尼玛,一个小时才写了几行,[抓狂]人家半个小时就写一篇论文的孩子真是人才,我表示伤不起[泪][泪] 姐,火了,不写了,洗澡睡觉[酷]",0,test,weibo_social
"回复:当时北京人还是缺少投资房产的意识，落后了[泪] //:08年前买房的都是翻*倍//:03年干了08年该干的事，08年干了03年该干的事，追求精神文明大于物质文明，我是不是落伍了[偷笑]//: 哈哈,俺是06年读的MBA,总算聪明了一次。",0,unlabeled,weibo_social
日喀则到咯[嘻嘻],1,train,weibo_social
美食盘点又到了一期节目，五种美食的日子了，今天我们要盘点的关键词只有一个字：辣！干爽直辣，妖娆胡辣，咸香呛辣你喜欢什么样的辣呢？ps：关于昨天的互动，由于大家见多吃广，大多数人都答对了（一点都不给小编面子[泪]）。小编就瞎子点灯随便选一位朋友了恭喜,0,test,weibo_social
敏感、多疑、缺乏安全感[抓狂][抓狂],0,test,weibo_social
巨蟹女一枚，笑的那个烂漫啊[风扇] [哈哈] //:回复:速速转起来~ //:Happy birthday~~,1,val,weibo_social
看起来好感人呀[泪]//?: 你们合体没成功[泪] //: 支持文章导演[围观]注意身体[干杯]//?:看着玩！,0,unlabeled,weibo_social
满分啊??小碗好漂亮，给我来一碗呗[哈哈],1,val,weibo_social
京味大戏六块六毛六那点事北京影视频道开播发布会正在 进行，导演周小兵，主创演员张少华、黄曼 、李乃文 、房子斌、巩汉林莅临酒店并出席了发布会[鼓掌]该剧将于北京影视频道1月9日温情开播，童鞋们一定不要错过哦[江南style],1,unlabeled,weibo_social
[伤心]//:真是悲壮，在有五千年文明史的土地上，这条路就这么艰难[泪]//:一次一次这么悲壮[泪]//: //-://: [泪]//://:吃饱了能抗寒，狗狗们要挺住啊！求火腿肠！求志愿者！,0,unlabeled,weibo_social
受伤了[悲伤][悲伤][悲伤],0,unlabeled,weibo_social
我想知道这是哪个品牌的电脑，就这服务就值得买一台。。。而且我认为这个咨询者的心更强大！！！！//: [哈哈]快来听听//: [泪]//: 彻底崩溃了,0,train,weibo_social
这。。。真的不会晕么。。。//: 李云迪也表示望尘莫及啊！//:[哈哈]//：那一刻，贝多疯的灵魂苏醒//：相比之下，左边这位好像在电脑打字～,1,test,weibo_social
我今天处于发呆状态，海燕儿问我怎么不讲话啊，我很深情的对她说“我比较沉默寡言”，然后海燕她们都吐了...[失望],0,val,weibo_social
汪汪重启中年底医院看病排队的孩子真心伤不起啊[泪]反正来一回，不做不休[奥特曼]一口气看五个科，一起交费，哼[猪头],0,unlabeled,weibo_social
你有参加吗?//:没有我，没有我！[泪] 你说说。//: 我头一次中奖！哈哈 除了喝饮料时候的再来一瓶。。。[爱你哦] //:谢谢 对此次活动的支持，请私信给我邮寄地址，姓名和电话，我们会尽快将小葵葵寄给大家哦！,0,val,weibo_social
告诉自己，死都不能哭！！[怒],0,test,weibo_social
苍蝇不打也伤人啊！[吃惊]//: 动态：[泪]记者刚刚连线有关部门，王哲是陕西日报主管三秦都市报记者，记者证号：B61006301000122 ；西部法制报记者姜真民也被停职。质疑是公民的权力，对此，长江直播不仅要问陕西有关部门你到底要干什么？[怒],0,unlabeled,weibo_social
喜欢吃，不会包的孩子，转走[嘻嘻],1,unlabeled,weibo_social
今天感冒的症状非常严重，快屎啦[泪],0,test,weibo_social
没有啊[怒],0,unlabeled,weibo_social
回复:编的吧？//:靠，网上真有奇人，这么快就联想到这里了？[哈哈],1,unlabeled,weibo_social
金门湾大酒店荣获翔安区2012年度“平安企业”[太开心][给力]，翔安区共25家荣获平安企业称号，[鼓掌]，安全无小事，平安靠大家！2013年来了，让我们继续努力吧！ -好厝边,1,unlabeled,weibo_social
我到底是怎么了[泪],0,train,weibo_social
我要kk[抓狂],0,unlabeled,weibo_social
"内牛满面~~~[泪] //:我知道你刚刚离京。傻孩子，没考上也可以睡我的 //:木姐姐!很遗憾,我没考上.但是我在北京玩了一个月.[害羞] // :不知道这孩子考上没 // :考上北大清华我给你操",0,unlabeled,weibo_social
还有眼睛、嘴巴大小、笑容多了， [哈哈]//-Dentist: 除了颜色不一样，上面2个有区别吗。[晕],0,unlabeled,weibo_social
[抓狂]这怎么抗日！[汗],0,val,weibo_social
上午工作室来的人太多，没控制住，小黑狗??又跑了[泪] //:太脏了，给擦擦干净??找人领养吧[汗],0,train,weibo_social
激情张家口 亲爱的朋友们，我是住在8820房间的千寻，哪位带iphone两项充电器了，能借我用下吗？我的三项的找不到插板[泪][泪],0,unlabeled,weibo_social
我的强迫症快憋不住了[抓狂][抓狂][抓狂],0,train,weibo_social
十一连上三天课[泪][泪][泪] 我在:,0,unlabeled,weibo_social
八个？？？[抓狂][抓狂],0,unlabeled,weibo_social
?解你成日可以周??？葡萄?限！[抓狂],0,unlabeled,weibo_social
美女带你游山东你体验过船游济南风情嘛？护城河上，波光粼粼，两岸风景怡人！我们将从趵突泉乘船经泉城广场、黑虎泉最后到达大明湖，全程水路近四十分钟。[爱你] -华中区,1,unlabeled,weibo_social
//:波音777坠机逝者安息 生者坚强[伤心] //:遇难者王梦园姐姐微博。 //:在现场的我，我真想对后面的摄像师竖中指！！！你们的职业道德表现得淋漓尽致！！,0,unlabeled,weibo_social
哈哈！一片??！ //:[哈哈][哈哈][哈哈][哈哈][哈哈]太欢乐了吧！//:213少年欢乐多啊。。,1,test,weibo_social
扩散！//: 去这一路上又反复勘察了两遍，路边草丛、汽车底部神马的，就差木有翻垃圾桶了，目前依然木有什么线索。给派出所和居委会都打了电话，求好心人那[泪],0,test,weibo_social
不客?，那?一定要?，因?肯定是全港最好吃的芒果布甸。//?: 芒果控在此??[爱你]//?味??:?仔君?酒店8?的港?一?！ //?:?度？[花心] //?味??:我都?提提大家唔好miss左?者....[嘻嘻]//: ?都要半夜三更去引人 [偷笑],1,unlabeled,weibo_social
你大爷的 该细心不细心 结婚戒指你也能丢[怒][怒][怒],0,train,weibo_social
不习惯歇了！一看就是职业妇女。//: 天生倒霉的劳碌命[衰],0,test,weibo_social
[?] [orz] //:[怒],0,unlabeled,weibo_social
大家都太热情啦！票已经全部赠罄！木有拿到票的朋友们不要不开心啦！拿到票的朋友们要多多为我们的演员加油啊！[嘻嘻] //:要票就找万能宝！[哈哈] //:【粉丝福利】,1,test,weibo_social
三里屯，3.3，4楼，鸿雅依莲，美甲店，放着我一年前，最爱的各种歌曲[泪][泪][泪] 大爱漂亮的水晶[爱你][礼物][围观][威武]38快乐，习惯的，快来噢-,0,test,weibo_social
秀酒吧极致女士之夜每月一次的女士极致之夜第二波再次来袭！免费酩悦香槟、性感男舞者绕场表演高潮迭起！每一刻精彩都不容错过[嘻嘻][嘻嘻][嘻嘻],1,unlabeled,weibo_social
回复:[握手][握手][咖啡][咖啡] //:[威武][威武][威武][给力][给力] //:[哈哈] //:终于知道什么叫人杰地灵了！[酷],1,train,weibo_social
//:中午看奥巴马夫人的助选演说，晚上又看奥巴马的胜选演讲，感慨系之！他们说的都是人话！表面上极个性，骨子里却极爱国，只为一个美国梦。别让我对比[衰]//: 一边是人性的光辉，一边是意识形态的僵尸[泪]//: 第四遍看这段视频，我承认我被这位遥远国家总感动。感谢,0,val,weibo_social
哈哈哈，靓仔果然闷骚。[哈哈][哈哈]其实我也很闷骚，很爷们儿 //?zzz: 很闷骚， 很傻，?在这里 很2！！我很爷！[偷笑][偷笑][偷笑][钟][猪头][猪头][猪头],1,test,weibo_social
风刮的好可怕[泪][泪][泪]等下怎么回家啦！！！！,0,unlabeled,weibo_social
我戳 //:[爱你],1,unlabeled,weibo_social
广大有福社员们2013都增福增得肥嘟嘟的，俺得继续继续减减，可叹2012没减几斤//: 回复: 新的一年，必须增幅增肥[耶] //:回复:[鼓掌]快乐如风 //:老鲁依然是水墨诗书情致，俺咋就情色酒满呢，土狼最乐了，把自己炖了。祝各位仁兄新年腾达，宏图大展！,1,unlabeled,weibo_social
全来了! //://: 欢乐接龙，成功营销。 //：充满了欢和爱! //:肿木回事？ //:同右！ //:同右 //:感谢右边//:不是我们弄哒[抓狂] :感谢华为没忘记带上杜杜,0,unlabeled,weibo_social
哇噻！这张图片感觉好幸福的感觉！[嘻嘻],1,train,weibo_social
今天其实还尝试了 的港式萝卜糕，成品与原型差得更离谱！[汗][汗][泪]原料准备得很充分，培根虾仁火腿甚至还自做主张地加了点蒸南瓜泥（菜谱上都划了重点呢！一看就是好学生[嘻嘻]）结果南瓜泥把颜色加重了炸出来象四个煤球！大家勉为其难得尝了尝。[泪]不过，味道还可以噢！,0,unlabeled,weibo_social
这个梗害我足足想了十秒钟。是毒气吸多了么？[偷笑] //: 这个梗很容易想到啊。 //:那一年，我们都是钟欣桐……[泪],0,val,weibo_social
加了个创业QQ群，结果发现进贼窝了，有点像搞传销。我勒了个去，赶紧跑路[衰],0,train,weibo_social
人群定位，与属性特征[嘻嘻],1,unlabeled,weibo_social
[哈哈]//:[哈哈]，心灵鸡汤 //:,1,train,weibo_social
我：要一起出去看月亮吗？他：不能。牛夫人。[怒][怒][怒][怒],0,test,weibo_social
又全中。。。。[泪],0,train,weibo_social
然后雅芬前夫鸿源打?！?下子是?道?加油的吧！?果...不好意思不好意思打?了！?....?世夫妻啊~[抓狂],0,val,weibo_social
"喜?看使用?明的我，因?相信了社交通??件＂LINE""的引?，就??手?的居然就把在?大半年累?的??人??全?了！！[泪][泪][泪]",0,test,weibo_social
这个真没有。 //:哈文导演放话啦！2013年春晚S.H.E.可以有！ //: 回复:这个可以有！ //:有没有SHE，哈导演，我看到新闻有 //:正规消息！[哈哈],1,unlabeled,weibo_social
为木兰围场旅游开发把脉，大师建议策划车震大赛[馋嘴]，然后我们就看着这近一人高的车轮发呆[晕]好有挑战性的项目啊[阴险]年度照片,0,val,weibo_social
[汗] //:[哈哈][哈哈][哈哈],1,test,weibo_social
??得??是??人的事，最多也和?方朋友??人分享，?什???成事尚??呢？喜?怎?能用金??做平衡呢？或者是我真的活在自己的童??。[泪][泪],0,unlabeled,weibo_social
[哈哈]//:[晕],0,unlabeled,weibo_social
忍者神龟[偷笑][鼓掌][太开心][酷],1,unlabeled,weibo_social
中午接孩子放学，路上听见一个妈妈问女儿数学考的怎么样，女儿说，有可能的100分。妈妈说：你真牛逼。这是什么TM倒霉家长啊。[弱][晕][鄙视],0,val,weibo_social
好温暖！让我想起我在天堂里的老爸。//: 太棒了，外语学院的背景亲切熟悉//: 太感人了！[泪]下一下更震惊！[吃惊],0,unlabeled,weibo_social
[嘻嘻]//:家务小改造 丰胸瘦腿翘臀,1,val,weibo_social
最近越来越觉得入门师傅很重要，不然即使不笨又努力，也会很吃亏??很感激那些师长们，说来也要感激前厂，也更明白很多人为对待前厂如初恋以至于百老汇很红火[嘻嘻],1,unlabeled,weibo_social
这串粉珊瑚的链子跟你真是绝配！[太开心]替你高兴,1,unlabeled,weibo_social
我最近能保证8小时睡眠了[衰]//://:标杆4定律~,0,unlabeled,weibo_social
你就说那么多艺术节电影节音乐节但又没时间可怎么办[怒][怒]！！,0,unlabeled,weibo_social
//: “根据法律和政策，部分搜索结果未予显示。” //:[哈哈] //:[衰],1,unlabeled,weibo_social
今天的课就让编故事来着，可怜怜想象力是我最缺乏的[怒],0,unlabeled,weibo_social
虽然我不愿意承认，但是我还是得说我的目标是要超越它――那只叫奥斯卡的狗[泪],0,unlabeled,weibo_social
啊，介是真的嘛。//：满城风雨//：莞尔围观~//：真够狗血的！！//：啊！！！肿么能这样！！[抓狂],0,val,weibo_social
[哈哈] 太Cute了,1,test,weibo_social
太形象了[哈哈] //:[哈哈][哈哈][哈哈]// @-蝶野茴- :无,1,test,weibo_social
立春啦 [鼓掌][鼓掌][鼓掌],1,unlabeled,weibo_social
要走了，同事明天要给我践行，让我好感动!我舍不得你们，也不想骗你们，但是为了生活和工作没有办法？[泪],0,unlabeled,weibo_social
就是那个小的碗！ //:八碗[晕] // ：[汗] 八碗。。。。是右下角那么大的碗么？// ：多大的碗啊？八碗！[思考] // ：八碗[吃惊]吃。。 // : 哎呀！我现在才看到！刚才我在房间里和谢娜张杰聊天！他们也很爱喝豆汤碗豆苗！张杰都喝了八碗！真的好开心！,0,test,weibo_social
回复:同志们相信一次铁道部门 //:今天，不可能了 //:我是回不了北京[泪] //:早上7：30的飞机，估计晚上7点才能起飞了，唉。。。这个周六，变成候机日了。。。,0,unlabeled,weibo_social
我…旁边必须有人陪我。。要不我怕掉下去[泪] //: 敢坐上去不？,0,unlabeled,weibo_social
有爱心的男人最可爱 //:巨型犬，可望不可及的屏障…想说爱你，不容易。[悲伤],0,unlabeled,weibo_social
[哈哈][哈哈][哈哈]//: 哈哈，想起来都要笑，到黄山也是天人合一，到古村落也是天人合一，到大西北也是天人合一，不如与老天合体算了。。。//?: 曾经听 说过，有人写游记不管到哪里都说自己忽然产生了一种“天人合一”的感觉。从那以后就觉得“天人合一”弱爆了。,1,train,weibo_social
[落叶][雪][伤心],0,unlabeled,weibo_social
我差点喷了。。。我正要去吃东西[抓狂][泪],0,unlabeled,weibo_social
挤公交挤死[衰],0,unlabeled,weibo_social
"皇后皇后[鼓掌] //: 平民[泪]//: 我是王母啊,[哈哈][哈哈] @ //: -李明珠 我是皇后，啊哈哈//:把你测试结果说出来吧。。。我是乞丐，",0,test,weibo_social
回复-勇哥: 看来我的女神瞬间上身了呀！ //-勇哥:霸气外漏 瞬间的精神气质，自信，我发现啦，不知道有没有记录下来，[可爱] ，那个瞬间转变的特别快， //:回复:拍照时摄影师说过：为什么拍出曼玉姐姐的感觉。难道指侧面照？,1,val,weibo_social
回复:亲搜 BraveCake 肯定能找到哈 我微博个人介绍里也有主页地址哦[嘻嘻] //:淘宝上为什么搜不到你的店呢[晕],0,unlabeled,weibo_social
回家把钢丝球扔了 //:用钢丝球就把锅全毁了[泪][蜡烛]。等我今天拍完再说哈。同志们，你们听我一句话，钢丝球这种东西，就别进咱们家门儿了，擦什么都不合适。它的存在，我也不知道是为了啥[汗]//:怎么洗的啊！[疑问]我用铁刨花擦都没有你的干净！求解？！,0,train,weibo_social
[泪]//: 还好是腊肉！不是老鼠！ //: 我的天呐，感动死啦 //:[爱你]爱猫不解释~//:太婆的猫以前隔三差五去边上的豆制品厂叼块豆腐干给太婆。动物是懂得。,0,val,weibo_social
总算是可以躺下睡觉了，累！[泪][泪][泪]安了，各位。,0,unlabeled,weibo_social
我也要。[泪] //:我疼你！[爱你][爱你][爱你] //:我勒了个去！第一名！ //:爱情是甜的！[心],0,unlabeled,weibo_social
[偷笑] //：窃以为，上海最好吃的Macaroon在外滩茂悦酒店一楼茶畔餐厅以及新天地朗廷酒店下午茶套餐中。 的Macaroon自然也是朗廷粉色的。[鼓掌],1,unlabeled,weibo_social
蛔虫 [汗] //:还用说？你时时刻刻在我心肝脾肺肾里哪[爱你][爱你][爱你][亲亲][亲亲][亲亲] // -噶松卓嘎 :我呢[抓狂],0,unlabeled,weibo_social
转给左边的朋友，左边朋友加油//: //: 笑死我了。右边的加油[偷笑] //: 你们要夹击我吗！ //:转给右右，右右加油 //:转给右边，右边加油//: 呵呵 //:转给左边，左边加油[泪]//: //,0,val,weibo_social
//: 春，你的位置太牛了//: 太巧了啊！在郑州吗？//:我日[哈哈],1,test,weibo_social
欢迎大家继续关注，最近抽奖活动都会很频繁的，中奖几率高，粉丝少了点嘛，你懂的[嘻嘻]//: 首次微博抽奖活的结果出来啦！抽奖由 鉴定结果公正有效。恭喜 这位幸运的朋友！说实话，小编本人也转发了两次呢…… 参见,1,unlabeled,weibo_social
//：//：某人有这样的癖好，转了，让他看看..惊慌...[晕],0,unlabeled,weibo_social
＂你上厕所也用陌陌？＂＂我都用了好几年了！＂＂下次上厕所我也用陌陌！＂＂次次上厕所都得用陌陌！＂[哈哈] //:[抓狂] 陌陌已经无处不在了…// : 上厕所用陌陌！ 导，你受得了吗！,0,unlabeled,weibo_social
你男人也就抱这个女人睡对的起你[哈哈][哈哈][哈哈]//:[泪][泪][泪]我的男人抱着别的女人睡~~,0,train,weibo_social
[哈哈] //: //-三多的爸爸妈妈: //: [哈哈] //:[哈哈] //:[偷笑]还有这么一个好兄弟!!,1,unlabeled,weibo_social
每次斗志昂扬的去，垂头丧气的回，被姐说三次滚，就原地满血复活，进入又一循环，螺旋式上升…该回京啦，姐我又想你了[泪][泪][泪],0,unlabeled,weibo_social
[让红包飞][求红包]只有2天~《超级笑星大拜年》就要在除夕夜爆笑上演啦~最丰富的喜剧大餐马上开席哦~[哈哈]//: [威武][威武][威武][威武]祝福大家马上有一切[威武][威武][威武][威武][哈哈] //:[哈哈][给力][威武][围观]祝大家马上有钱哦[哈哈][爱你],1,test,weibo_social
争取今年能落地中国[鼓掌],1,test,weibo_social
回复:[偷笑] 小编也没想到咱家酒店那么热门呀[哈哈] //:没错 我就是贴了你家的才没中！找到原因了！哼哼～[泪] //：回复:好吧，这个理由不错，小编收下[泪] //:回复:你们家太热门了，我周围好多朋友都贴的,0,unlabeled,weibo_social
那就整起来~[hold住] //:我也强烈要求你家出奶油杯[鼓掌][鼓掌][鼓掌] //:回复:好么~霸气！[江南style] //:回复:可说呢！我就是那欲罢不能那种！改明儿我也拿个大饭盒，亲，给我做200块奶油的！[馋嘴],1,unlabeled,weibo_social
我一个人独自在这寒风中等待，又冷又饿，觉得自己是个小可怜--可怜之人必有可恨之处，谁让我这么糊涂，家门钥匙不知是落公司还是落家了 -Sara 好想你啊，确切说是想钥匙[泪],0,train,weibo_social
解说：“诶哟！要注意别人的反攻，咱们防守的队员不多啊！只有五六名队员在防..”那您还要多少退回来防啊[抓狂],0,unlabeled,weibo_social
带娃是一份一周七天、一天24小时的重体力活[晕]偏要等到周末才病。今儿又得耗在医院了……[爱心传递],0,unlabeled,weibo_social
风尚电影北京国际电影节如期而至，《风尚志》挑选了展映影片中四部来头颇大的大师作品推荐给大家[鼓掌][酷]~~~,1,unlabeled,weibo_social
[泪]人人都在感叹他的外形，有多少知道他的生活。他对生活失望了吗？[泪],0,val,weibo_social
[鼓掌] //: 欢迎关注！ -ZHENG -莎小莎 -UP,1,train,weibo_social
又起了~~~[泪][泪][泪][泪]?? ??小幸福,0,unlabeled,weibo_social
回复:ごめんごめん！今度は必ず?うからしっかり??しといて[挤眼][挤眼][挤眼] //:あたしを呼ばなかった[泪],0,train,weibo_social
好的，手机在近三天之内第五次成为新手机[衰][抓狂],0,test,weibo_social
谢谢，我们一定会努力呈现精彩[围观][威武] //:联系上就好了！我们一定会持续关注的！ //:回复:[泪][害羞]不过告诉你好消息，章申老师和王耀庆老师方面已经和我取得联系了，谢谢你，虽然不知道你是谁，我还是非常谢谢你的密切关注，一定不负期待：哈德[耶],0,unlabeled,weibo_social
捂好钱包[嘻嘻]//://:又是sample sale哦～小编一向觉得他家的鞋子形特别好 显得非常大气 不过估计人很多 喜欢的同学还是早早去排队吧[good][good][晕][晕],0,unlabeled,weibo_social
我找到了一张当时拍的写真……我也不知道怎么那么大的勇气……[悲伤][悲伤][悲伤],0,unlabeled,weibo_social
我们很怀念众喝米线啊[鼓掌][鼓掌][鼓掌],1,unlabeled,weibo_social
土鳖觉得这个面部识别解锁很洋气[哈哈],1,unlabeled,weibo_social
坑爹的老板吖！打车运输费都比发的菜要贵吖！[晕][晕],0,unlabeled,weibo_social
回复:恩随时欢迎[爱你] //:塞班太美了，去年自己去的，这次带老婆和儿子去，[哈哈] //:yes,1,val,weibo_social
