text,label,split,domain
服务特别好！！,1,train,waimai_review
味道还可以，速度一般。,1,train,waimai_review
"我只能说这么冷的天,送的很快，店里人直接送的,太温暖了,很好吃,老板人不错",1,train,waimai_review
饼感觉是豆子做的，有股豆香味。很贴心有手套，就是肘子的肥肉块稍微有点大，瘦肉和肥肉分开了吃起来稍微有点腻。建议下次把肘子切成片吧,1,train,waimai_review
一共就五六块牛筋，其他都是菜，菜量也不多，这好意思好称30的套餐。。送餐员不认路，隔100米就要让我自己下楼去拿，这也叫外卖？,0,test,waimai_review
还是可以，希望^_^能按时送到就更好了,0,train,waimai_review
送来的时间还是能接受的，菜品也都保存的很好,1,train,waimai_review
"还不错,就是想吃两个蛋的煎饼不知道怎么算价格",0,test,waimai_review
没想象的好，粥里没硬货，饼味道还行，量一般,0,train,waimai_review
挺好吃的，下雨天还送到楼下，辛苦啦，就是有点咸了,1,val,waimai_review
"方便快捷,味道一般,能吃饱就行啊",0,train,waimai_review
卷饼应该比拌饭好吃，拌饭里的菜放的酱太多,1,train,waimai_review
看之前的评价都说特别慢，想尝试一下10点15就下单了，结果11点就送到了，惊喜啊～卷饼味道不错，很多肉，好评～同事都说下次也要订一个试试。希望一直这么给力,1,train,waimai_review
"太难吃了,是得罪卖盐的了么,买不着盐么,一点咸淡没有,醋任何调料没有,你不敢放,能不能拿外卖袋装点调料啊",0,val,waimai_review
"差差差,东西少的可怜不说,这哪是石锅拌饭啊,简直就是米饭拌饭,米饭也不好吃,失败",0,train,waimai_review
还行…味道不咋地,0,train,waimai_review
没有按客户要求提醒星巴克把咖啡去冰,0,train,waimai_review
皮蛋粥不错,1,train,waimai_review
肘子卷饼很好吃，推荐,1,train,waimai_review
太黑了，涨价了，改地方了,0,train,waimai_review
米饭好吃，不会很硬，菜的量还可以，味道也很好。,1,train,waimai_review
差评，再也不订你们家的了，店员态度也不好，菜也一般。,0,train,waimai_review
太慢了，不过挺好吃，还有就是我拿错别人的了，亏了我5毛钱,0,train,waimai_review
豆腐脑很淡，不太喜欢，猪蹄不错！,1,test,waimai_review
送单速度很快，味道一般，不像秘制。卖相很差，其实就是红烧肉加红薯。点错餐了。,0,train,waimai_review
非常好吃的，就是今天慢了点儿，,1,train,waimai_review
"每次的量都小的可怜,不知道是不是因为用了减免的原因",0,train,waimai_review
收到了~~~但是要的麻辣或者微辣的送来全是不辣的。。。。下次还是自己去买好一些。,0,train,waimai_review
额，还行吧，下雨天送餐员不容易,1,test,waimai_review
烤肠没给我送！,0,val,waimai_review
味道好，速度快，不错。,1,test,waimai_review
点的蔬菜肘子卷，里面除了肉就只有几片圆白菜！图片上的豆芽呢？！黄瓜呢？！绿蔬呢？！洋葱呢？！辣白菜呢？！差差评！！！再也不会点第二次。,0,train,waimai_review
送单快，就是路不熟。应该多跑跑,1,train,waimai_review
真心太咸了，太咸了，太咸了，唉,0,train,waimai_review
但很好吃，但量很小。送餐嘛一小时以上，还没带筷子,0,test,waimai_review
非常不错，很好吃,1,train,waimai_review
吃到最后出现一块面筋状物质，吃了一口一股浓烈的杏仁苦味(某种化学制剂的味道)，直接吐了出来。,0,train,waimai_review
今天的土豆是烂的，而且没有一滴油！！！,1,train,waimai_review
菜难吃，送餐员态度极差，送不好餐回家种田去，别在这丢人,0,test,waimai_review
好快，谢谢百度骑士,1,train,waimai_review
还可以，家常味道。下饭,1,val,waimai_review
只能说是被气饱的吧，昨天说会尽快，今天给送了2个多小时，呵,0,train,waimai_review
送餐员态度很好，唯一不足是送餐时间较长,0,test,waimai_review
菜量少辅料多，米饭量少的更是惊人，,0,train,waimai_review
"排骨鸡里没有青笋么,下次放点吧",1,train,waimai_review
等待170分钟,0,train,waimai_review
已经养成习惯在他们家订饭,1,val,waimai_review
送餐快，味道好，，,1,train,waimai_review
每次送餐都要等一个小时…而且感觉店商根本不看备注,0,train,waimai_review
配送超级快，配送员态度超级好，下次还来^_^,1,train,waimai_review
大冷天的，快递小哥跟热情，准时，辛苦辛苦，很感谢,1,test,waimai_review
饭菜很好吃,1,train,waimai_review
下单2个多小时没看见咖啡，最后告知咖啡送到楼下全撒了！上楼退钱给你，百度外卖你是怎么了？！,0,train,waimai_review
一般。名不副实。不会再订了。,0,train,waimai_review
送的太慢了。。再晚来一会我都准备退单了。。。慢的无与伦比啊,0,val,waimai_review
"送了80多分钟才到！味道,鸡肉太老了！粥的味道不错",0,train,waimai_review
不是自己吃的。。不过应该很好吃吧。。不然朋友也不会经常订这个啦~~,1,train,waimai_review
送的可乐没给,0,val,waimai_review
味道不错～～～从订餐到吃～～～服务也得周到超赞！！,1,test,waimai_review
菜品好，速度快，真是太好了！,1,val,waimai_review
难吃，做得慢，一点半下单还等了一个小时。根本不是在一点五十八送达，这么糊弄有意思吗,0,train,waimai_review
很快，服务很好，非常方便，好吃,1,train,waimai_review
总体不错，不过备注有让加辣，结果没有加…,1,val,waimai_review
味道都很好，就是终于饭点送餐慢,1,train,waimai_review
"时间长,味道一般",0,train,waimai_review
还不错，也很快～,1,train,waimai_review
太难吃了，跟以前吃的明显两个样，送餐也很慢,0,test,waimai_review
订了份蕨根粉和鸡蛋炒饼，蕨根粉特硬，中间还有硬结，就把上面黄瓜吃了，炒饼特多油还没味，后来没办法，吃了几口送的萝卜咸菜硬咽下去几口炒饼！,0,train,waimai_review
粉很好吃，就是配送员找不到位置还一直埋怨，送来时已经坨了！,0,train,waimai_review
好吃好吃好吃，重要的事说三遍,1,test,waimai_review
料很足，但是酱肉太咸了，饭点儿叫外卖等了一个多小时,0,val,waimai_review
太难吃，是酸的，不干净，还晚送到！,0,train,waimai_review
这次的鸡柳蔬菜煎饼真心不好吃～我记得第一次吃他家的鸡柳也是别人推荐的～很好吃～这次的鸡柳就等于是面疙瘩～,0,train,waimai_review
确定这就是炒乌冬面么？疯了,0,train,waimai_review
真没劲一次比一次少、餐厅怎么整的、难道是我给的钱少吗？,0,train,waimai_review
服务好，速度快，专业,1,val,waimai_review
"粥撒了一袋子,装的盒子也软,盖子被插进粥里,让人怎么吃",0,train,waimai_review
味道一般吧，但饼皮不像一些网友说的那么厚。有嚼劲,0,train,waimai_review
订单量大送的慢可以理解，可是怎么可以忘了给我放荤菜，而且留言里说了不要鱼豆腐和豆芽，还是放了一大把，太倒胃口了,0,test,waimai_review
分量挺大，女生吃不了，稍微有点辣。,1,train,waimai_review
今天少给了烤肠..来个差评吧,0,train,waimai_review
谢谢！嘻嘻,1,train,waimai_review
很好吃，量又大！,1,train,waimai_review
很喜欢喝他家的饮料！谢谢送餐小哥大冷天送来！,1,train,waimai_review
"好吃,送的很快",1,val,waimai_review
豆皮估计好久不做了，手法生疏了啊～我点的酒酿小汤圆变成了酒酿蛋花。。。,1,val,waimai_review
肉，豆腐，蔬菜都不新鲜、味道差极，关门少骗人吧,0,train,waimai_review
二十分钟到了，太给力，大赞,1,train,waimai_review
这麻酱做的是巨恶心,0,val,waimai_review
不脆了可惜,1,test,waimai_review
"首先送餐时间过长，十点半左右下的订单，系统显示11:20送达，实际送达时间为12:40,其次，配餐有误，我定的是全素饼送来的是全素饭",0,train,waimai_review
等了一个多小时也就算了，粥撒了一半，袋子里面糊成一片！还让人怎么吃！！！！送餐的大爷态度还行,0,train,waimai_review
红红火火恍恍惚惚哈哈哈哈,1,train,waimai_review
分量很足，不错，都是肉丁，还有青辣椒，不腻，下次尝尝别的口味的。,1,train,waimai_review
"有点肥⋯⋯有点腻,味道还算可以吧",1,train,waimai_review
少给我个爽口菜。打电话一直占线。今天给你扣5元，爽口菜钱,0,train,waimai_review
东西不错百度外卖太SB,0,train,waimai_review
"点的扁豆焖面,还有状元肉饼,还有极品状元粥,这三样真是难吃到无话可说,面,干干的,没滋味,粥放的枸杞都黑了,放了那么多的姜,真的不好喝！",0,val,waimai_review
"送来的脊骨是臭的,打电话就给退了把钱拿回来了，老客户了,这次很失望。",0,train,waimai_review
三个小时的等待，服了,0,train,waimai_review
速度超级快，我吃完才确认送达的。味道也很好，份量很足。,1,val,waimai_review
速度也太快了吧…挺好吃的，就是肉不多,1,val,waimai_review
肝有点味不对了，倒了,0,train,waimai_review
好吃量大吃不完,1,train,waimai_review
骑士小哥辛苦啦！非常快,1,train,waimai_review
送了两个小时都打电话说取消了，还送来了，我狂晕,0,train,waimai_review
挺好，继续保持！,1,val,waimai_review
饭盒里的汤汁都洒出来了，整个袋子都油的，下次能注意点吗！？,0,test,waimai_review
菜品送错了,0,val,waimai_review
"送得特别快,饼味道一般",1,train,waimai_review
难吃，送的又慢！,0,train,waimai_review
挺好的，味道不错，送餐挺快,1,test,waimai_review
送餐送的很快，比预计的还早，不错不错,1,val,waimai_review
"唉,送过来一份饭,都没地方放,里面的汤全撒出来了,直接扔了",0,train,waimai_review
很好吃呀！海带丝再更入味些就完美了！,1,train,waimai_review
过完春节第一次用百度外卖，下单时写了凉皮不要辣结果放了辣椒，点了两份食物给了一双筷子，这外卖送的，除了涨价了没什么区别,0,test,waimai_review
经济实惠，家常风味的大饺子,1,val,waimai_review
不好吃还贵，量少,0,train,waimai_review
送餐超级慢，味道还可以,0,test,waimai_review
送餐快，菜品还是热的.服务也好,1,train,waimai_review
"太差了,没有诚意,没有吸管怎么喝",0,train,waimai_review
"百度小哥太好了～速度极快～刚到楼下,我有货到,还帮我搬了两箱货,太赞了！太赞了！",1,val,waimai_review
包装好好，还用铝纸包装的，,1,train,waimai_review
支付宝最好用了，支持支付宝,1,test,waimai_review
评论晚了，不好意思哒，32个赞,1,train,waimai_review
肉很多啊，超值，下次尝试其他口味,1,test,waimai_review
"配送人员特别准时就到了,然后还顺手帮我带了几个垃圾,其实我很不好意思,祝福这位师傅2016年身体健康工作顺利,谢谢",1,val,waimai_review
吃饺子没有蒜酱。,0,train,waimai_review
包装牛逼，味道一般，皮厚馅少,0,val,waimai_review
一般，PIZAZ料不足,0,train,waimai_review
骑个自行车送饭，不好吃，下次不会再订了。,0,test,waimai_review
两个多小时送到，味道一般,0,train,waimai_review
s送餐太慢,0,train,waimai_review
味道不错，送的时间长了点,0,train,waimai_review
"便宜实惠,好吃不贵",1,train,waimai_review
送错地方了，,1,val,waimai_review
乌龙的送餐事件！饭很好吃！老板也积极解决了！会继续光临！,1,train,waimai_review
很快，也好，包装也好，赞赞赞,1,train,waimai_review
"漏给了,2个半小时之后才拿到外卖,百度外卖真心渣",0,val,waimai_review
粗心大意的！光送的菜。米饭可能厨师饿了吃了？？,0,val,waimai_review
地道的碱面牛肉面，好想念的家乡的味道,1,train,waimai_review
"送餐的师傅,没有备用零钱",0,val,waimai_review
用心做的饭菜就是好,1,test,waimai_review
不愧是老字号，点心味道就是好吃啊！骑士送货速度很快，为人和善，必须赞一个！,1,val,waimai_review
还不错还不错还不错,1,train,waimai_review
鸡蛋呢？为什么没有鸡蛋,0,train,waimai_review
蛮好吃的就是饭太少了,1,train,waimai_review
很热情速度快…哎哟不错哦,1,train,waimai_review
"每次酸奶都不给我带吸管,心好累",0,train,waimai_review
等了快四小时。四点一刻订餐，多次催单，八点多到了，还是凉的。卖家送了王老吉。但是吃凉的还是不开心啊。,0,val,waimai_review
他家的奶茶超级好喝。。。,1,train,waimai_review
70多分钟以后才送到，就两个粥，一个饼要这么长时间吗？,0,train,waimai_review
土豆肉丝没有一丁点肉，怀疑送错了，皮蛋瘦肉粥很一般,0,train,waimai_review
口味一般！蕨菜用塑料袋装的，感觉很不好，为什么不用小碗装呢？以后不会吃了,0,test,waimai_review
服务很好，也很快，食物热热的,1,train,waimai_review
我自己去买也用不了这么长时间,0,test,waimai_review
超级棒！超级棒！超级棒！,1,train,waimai_review
这么晚辛苦外卖小哥了,1,train,waimai_review
东西很好吃，但是送餐速度实在不敢恭维，一个半小时没送到，连句话都没有！打电话一直占线，10多个电话，持续了半个小时还是占线，原因不想想的太龌龊。苦等一个半小时，都不知道会不会来，连个通知都没有！,0,train,waimai_review
出于好奇点了肘子蔬菜卷，但是真心不好吃，味道淡但是肉很腻，倒是鱼香肉丝的还不错呐,0,train,waimai_review
"包装很棒,可惜味道偏甜不合口味",1,train,waimai_review
速度快，五花肉都是肥肉，米条就几根…,0,train,waimai_review
米饭太少了！,0,test,waimai_review
"订的时候我特意问过是否有架子和酒精,告诉我有，到了之后就是一个托盘,交了20的押金,托盘现在还在我家,商家从来没问过！我之所以吐槽,是因为我订过别家烤鱼,他们没有押金,并且主动联系来拿这些东西。对比出真知啊",0,train,waimai_review
送到的时间很晚，影响了正常工作时间,0,train,waimai_review
个人觉得很难吃，饼太厚，说好的肘子肉其实是些很糟的瘦肉丁儿，量的话2分肉8分青辣椒吧。吃完就闹肚子了=_=！,0,train,waimai_review
漏送了火腿肠,0,val,waimai_review
真是气死人，速度太慢了，一个半小时都送不到，老这样,0,train,waimai_review
没有蛋羹！！！蛋羹！！！我点过很多次了，唯独这次没有蛋羹！！！,0,train,waimai_review
平时每天迟到30分钟送达，今天选择11.:45，11点就送过来，是不是故意的。,0,train,waimai_review
送餐的大叔辛苦了！,1,train,waimai_review
太一般了，这个价钱不值,0,train,waimai_review
非常差，米饭夹生，打和合谷客服投诉，告知门店会有人处理，到现在也没有下文了，真的是无语了，以后再也不去去和合谷！,0,val,waimai_review
送餐太慢啦！送过来都凉透了，没法吃！,0,train,waimai_review
羊肉稍微有点干，其它还好,1,val,waimai_review
很少给人差评！你家卤肉饭那个肉可以说是肉丝了吧？量不是一般的少！有一两肉吗？一锤子买卖？,0,train,waimai_review
喜欢吃裹油条的煎饼，豆浆不觉得特别好。送餐特别快。,1,train,waimai_review
"好快啊,第二次吃了依然很棒",1,train,waimai_review
肘子卷肥肉好多..,0,val,waimai_review
卷饼味道很一般，饼皮有些硬，甜面酱太多了,1,train,waimai_review
"挺快的,文艺范",1,train,waimai_review
两个人吃了都拉肚子,0,train,waimai_review
口味有些甜，不是我喜欢的口味，可以换其它口味试试,1,train,waimai_review
菜品数量严重不符！丸子和青菜只有2、3种！没有培根和所谓的2份菌类！投诉后也没有给予合理答复！很不满！,0,val,waimai_review
味道就不用说了，关键送的超快，从下单到吃到只用了30分钟，热乎乎的，骑士给力！,1,test,waimai_review
"快递小哥太棒了！哈哈,菜也好吃",1,train,waimai_review
"还不错,就是饼皮有点厚",1,train,waimai_review
很快很靠谱,1,train,waimai_review
"估计快过节了送餐人员想偷懒，取消了我8,9次订单，也不打电话发短信说明原因，哪天真得跟半亩园的管理层说说了，员工白拿工资不干活",0,train,waimai_review
送餐师傅服务到位,1,train,waimai_review
呵呵，20块钱的卷饼，里面就3小块牛肉，剩下全是土豆丝，有你们家这么卖东西的吗？肯德基都没你们家坑！,0,train,waimai_review
菜品都捂了。全是哈气,0,train,waimai_review
又贵又不好吃，鸡腿还是麦当劳的好吃,0,train,waimai_review
比预期送餐时间晚一个多小时,0,train,waimai_review
包装不错，口味一般。,0,train,waimai_review
量越来越少了。,0,train,waimai_review
速度太快啦，很好吃,1,test,waimai_review
速度慢，第一次订餐就迟到，晕,0,train,waimai_review
说得再好也是虚的，只有自己吃了才知道。,1,test,waimai_review
味道很好吃，配送也很及时，服务态度很好,1,train,waimai_review
店里员工态度非常好，送得也快，还会光顾,1,train,waimai_review
"服务垃圾,非常不到位",0,train,waimai_review
味道很正，速度超快，定过好几次了,1,train,waimai_review
很不错，以前都在店里吃，现在方便了,1,test,waimai_review
味道不错，送货师傅平均不停打电话催，等10分钟就告诉在不下来就走了，也没有那么忙吧！,0,train,waimai_review
饭的味道一般，但是有两点比较牛逼，第一个送餐送了两个小时，第二个，饭里配料加了订书钉。,0,train,waimai_review
"给了两袋辣椒酱好开森,但是勺子断了,太不抗用了,虽然我也没怎么期待吧",1,train,waimai_review
有点凉了，不好吃，没什么味道。不是很满意。,0,test,waimai_review
跟以前吃的，味道差太多了。点的飘香肘子，超级难吃，而且绝对不是肘子那的肉，肥的差不多有一半多，都挑出来扔了。对宇宙卷饼失望了，不会再去吃了。,0,train,waimai_review
严寒天，快递哥好辛苦，秒速送达，好温暖，真心谢谢,1,val,waimai_review
第一次买冰沙，口感真不错！喜欢,1,train,waimai_review
很好！送餐员也很棒！,1,train,waimai_review
一如既往的好，配送超级快，南瓜粥没有上次稠,1,test,waimai_review
说好的加一份油麦菜呢？,0,test,waimai_review
鸡丝凉面不好吃，鸡柳煎饼的鸡柳在哪呢？,0,train,waimai_review
"饼厚,肉没味儿,用的是柿子椒而不是尖椒",0,test,waimai_review
送的太早了,1,val,waimai_review
凉皮是厚的条，不麻酱少，不好吃,0,test,waimai_review
不错，料很足…………,1,train,waimai_review
吃两次都坏肚子了,0,train,waimai_review
红油抄手所有的红油都在盒子外面！煎饼也是包装纸袋开口朝下，三分之一煎饼倒扣在外卖袋中！咱能包装时认真点么？,0,train,waimai_review
送饭很快，态度很好，赞，,1,test,waimai_review
不是很好吃！肉发硬！,1,train,waimai_review
三明治的沙拉酱不太好吃,1,train,waimai_review
"卷饼挺好吃的,就是送的太慢,快两个小时了",0,val,waimai_review
送餐很快，味道也不错。,1,train,waimai_review
一个煎饼和一小碗南瓜粥30多真有点贵,1,train,waimai_review
就是有点慢,1,train,waimai_review
嘿嘿把不错不错吧吧,1,train,waimai_review
各种好^_^,1,val,waimai_review
"菜真的很少,可能是主打卷饼所以米法蔬菜拌饭才会这样难吃，肉也很少，基本上菜吃完了还剩下一大半的米没吃呢，不会再订了，太坑人了。",0,train,waimai_review
外卖给力煎饼非常给力,1,val,waimai_review
差的无法形容，我花18元买的羊肉汤，结果拿来里面就一块肉。粉丝也就那么几根。从来没见过这么坑爹的商家了，简直像别人吃剩下的给我送来的？恶心的要命，卤蛋也是不新鲜的？这个好在没几元钱啊！等倒闭吧你们,0,train,waimai_review
味道和送餐没得说，不过本来29减价现在边30了。唉,1,test,waimai_review
味道不错，快递师傅赞赞哒,1,train,waimai_review
肥肉有点多,1,train,waimai_review
"吃起来不方便...,而且似乎有股异味..,闻起来。",0,test,waimai_review
我说辣一点是在凉面里。卷饼里的全部都是辣椒超级啦只有两片都是肥肉。啦的我喷火其他还好啦。吃了你家很多次了怎么能这样伤人心啊,1,train,waimai_review
"沙拉不给酱而且开封了居然,也不给餐具,一点十分送达却显示12点半送达",0,val,waimai_review
好评一个。干嘛非要10字以上！！！,1,train,waimai_review
菜挺好的，就是太慢，一个多小时才到,1,val,waimai_review
有点淡，实在量太小了,0,train,waimai_review
快递小哥很给力，送的非常快！,1,val,waimai_review
总体来说还不错的，继续关注。,1,train,waimai_review
餐不错，速度慢,0,val,waimai_review
大差评，米饭是什么啊，是剩了3天的吗，餐饮行业这么坑，真没人性，直接扔了,0,train,waimai_review
速度快，态度好，好评！,1,test,waimai_review
太好吃了！正宗煎饼！,1,train,waimai_review
一如既往好吃又快捷！！！,1,test,waimai_review
味道还行，比较辣,0,train,waimai_review
今天晚上送的速度快，而且送餐小哥人非常好。比上次那个好多了，下午才送来,1,train,waimai_review
太慢了，等了两个多小时,0,val,waimai_review
我了个神啊，全百度外卖都找不到像你家这么坑爹的量了吧，33块钱的套餐里面的肉少的可怜(没吉野家小份牛肉饭多)，生菜也没给够，小伙伴们千万不要点这家，坑爹死了,0,train,waimai_review
超快！服务好热情,1,train,waimai_review
送餐太慢了，每次都要1个多钟头,0,train,waimai_review
很油很腻，味道一般,0,train,waimai_review
等了一个多小时，菜量少，尤其是那份拍黄瓜，又少又难吃,0,train,waimai_review
味道不错，送到还是热的，快递大哥辛苦了,1,train,waimai_review
耗费时间久，卖家态度不认真，食物不齐全，,0,train,waimai_review
挺快的好吃,1,val,waimai_review
卷饼很好吃，量也足。但是咱这送餐速度真不敢恭维。10点40订的，一点才送到，再晚点可以做下午茶了,0,train,waimai_review
百度大哥先是找不到地点，找到说多给了几块钱的发票，我一核对，是少给了发票，还好意思跟我要好评，我也是醉了，醉了，醉了,0,train,waimai_review
送达晚了些，但是送了一瓶饮料，心情舒缓了些，好评,1,val,waimai_review
点的中辣，送来的次次都是微辣，服了，难道每次都会看错么？,0,val,waimai_review
锅包肉不好吃,0,train,waimai_review
干锅茶树菇和上次送来的不一样，有股臭味！,0,train,waimai_review
一个小时送到，而且没给筷子！！从来没吃过稀了巴西的布丁！不是第一次在这家订饭了，这次非常糟糕！,0,train,waimai_review
时间一长特别不好吃,0,val,waimai_review
餐不错，送餐时间不敢恭维,0,train,waimai_review
希望米饭给一满盒。一满盒。一满盒,0,test,waimai_review
送的还是很快的，店家也熟悉，就是不知道怎么选辣不辣,1,val,waimai_review
比我想象的快啊，才一个多小时，这两天都是两三个小时的。,1,train,waimai_review
味道一般吧~而且吃出一根头发！！,0,train,waimai_review
"快递员很好,又快又负责",1,val,waimai_review
垃圾，订了将近三个小时还没送到，电话打不通。,0,train,waimai_review
送的东西三盒都洒了，车翻了吗？,0,train,waimai_review
很好很不错，很干净，很满意,1,val,waimai_review
外卖不给餐巾纸的吗？,0,train,waimai_review
送餐超快，赞一个,1,test,waimai_review
第一次在百度外卖订餐，可能是周末的缘故，速度超慢，下次要提前订了。,0,val,waimai_review
"外卖速度快,饭菜依然好吃,点赞",1,train,waimai_review
皮蛋粥快咸死了，不好吃！不过包装值得表扬！,0,train,waimai_review
菜量太少了，不够配米饭的,0,train,waimai_review
还行吧，就是木瓜炖银耳太少了，还没有汤,1,train,waimai_review
一个小时才送到，面坨成个疙瘩，没法吃，扔了,0,train,waimai_review
餐送来时都是凉的了；味道也和在店里吃的不一样；点的鱿鱼须整份，总共就几根；也没给一次性筷子；外卖的袋子也没有一麻一辣的图案标志，不知道是不是一麻一辣的东西。,0,train,waimai_review
"量很少,一般",0,train,waimai_review
速度够快，包装也还可以，还没开吃，好评,1,val,waimai_review
第一次买，送餐师父很好，而且能看的出真是用心做的，太喜欢包装的那句话了，加油,1,test,waimai_review
广味烤肠漏送了！,0,train,waimai_review
星星是给百度外卖和配送员的，配送员在路上遇到问题耽误了配送时间，百度外卖给打了五折！配送员的态度非常好，赞！食物就不推荐了，不新鲜拉肚子两天了……,0,train,waimai_review
速度快，菜品和堂食的质量一样。外卖的包装很用心。,1,val,waimai_review
"外卖员太差劲了。,速度慢，,豆浆还没给我。",0,train,waimai_review
"土豆肉丝比土豆丝卷好吃,因为辣一些",1,val,waimai_review
送餐挺速度的。味道自己吃有点淡。,1,train,waimai_review
一如既往的好，配送非常快。,1,test,waimai_review
大份太大了,1,train,waimai_review
"还行吧,，味道个人不是很喜欢，一般般吧",1,val,waimai_review
不好吃。有点甜。,0,val,waimai_review
百度配送快，正一味的拌饭是馊的，剩饭你们自己都不吃的居然还敢卖？！,0,val,waimai_review
羊肉串不像羊肉肉质，板筋咬不动,0,train,waimai_review
送餐时间太长，饭太一般了，汤是调料冲的,0,test,waimai_review
"不好吃,还送的特别慢",0,val,waimai_review
饭盒压坏了。,0,val,waimai_review
订了一份餐，1个半小时才送，本来和同事一起定的，只送了一份，还说让我们自己联系，没见过这么差的送餐,0,train,waimai_review
"选择宇卷是一场发了疯的订餐.不管输赢我也只会疯这一把.,by一位被牛皮纸袋欺骗的买家",0,test,waimai_review
界面设置很不好，联系商家也没人接电话，简直无语了，饭还是不错，,0,train,waimai_review
送餐速度太慢，希望赶紧改良,0,train,waimai_review
找到了吃驴肉火烧的感觉,1,train,waimai_review
"香锅味道与川成元味道相差甚远,无餐具,包装袋也不是川成园的！！",0,train,waimai_review
"第二次买了,挺好的,以后继续",1,train,waimai_review
味道很好又订的挺好吃,1,train,waimai_review
确实很快，食物也不错，比吉野家便宜。好好好。,1,test,waimai_review
速度真是超级慢，等了一个多小时，,0,train,waimai_review
馅儿还可以但饼不好吃，皮蛋瘦肉粥好吃,0,train,waimai_review
送餐速度很快，饼很好吃,1,train,waimai_review
太快了！！简直是神速啊！！！,1,val,waimai_review
以前用烙饼卷的还好，现在是面皮了，反正我觉得不好吃,0,test,waimai_review
等待最久的一次外卖，太慢了！！！！,0,train,waimai_review
不会再点第三次了！！！,0,train,waimai_review
速度满，十一点四十下的单，一点半到的菜叶都是黄的，我也是醉了，送餐员满头大汗，我是心疼了,0,train,waimai_review
店家给力，骑士哥们也给力，辛苦了谢谢，，下次还点。,1,val,waimai_review
不好意思，评论晚了。。。。,1,test,waimai_review
非常实惠，不错！,1,test,waimai_review
很快，包装很好,1,train,waimai_review
难吃，秘制炸鸡，送来都软的不行了，不仅贵，口味还垃圾！！！,0,test,waimai_review
菜不错！百度骑士辛苦！,1,val,waimai_review
快递员小哥实在不给力,0,train,waimai_review
卷饼不错，但有点贵啊～,0,train,waimai_review
送餐少送一根烤肠,0,train,waimai_review
这个饼真的很难吃，第一口肥肉，第二口还是肥肉，没有什么味道,0,train,waimai_review
很不错，口味很好，但是送过来的时候只有一个袋子在外面，没有保温措施，粥已经有些凉了。,1,val,waimai_review
炸得太狠了！还是不错的,1,train,waimai_review
好吃，好吃，江山城的烤鸭真是挺好吃的,1,val,waimai_review
不错，搭个粥就完美了,1,train,waimai_review
有点慢，因为是现蒸的，着急的就别催了,1,test,waimai_review
丸子特别多、几乎都是,0,test,waimai_review
味道不错，薄脆很脆～,1,train,waimai_review
30块的饭，菜量太少了。就一个肉菜，根本吃不饱。,0,train,waimai_review
"饼不错,粥有点凉了,送餐最快的一次~",1,train,waimai_review
"写明是两个盖饭，结果是一盒拼饭。,面冰凉，还得重新加热",0,train,waimai_review
太实惠了，吃到撑啊！,1,train,waimai_review
蘑菇给的分量挺足的这次,1,train,waimai_review
等了200分钟，终于到了！真快！！！！,0,test,waimai_review
"很好吃,超值",1,val,waimai_review
"宫保鸡丁饭,没啥鸡肉,花生一大堆。",0,val,waimai_review
袋子都破了,0,train,waimai_review
有些菜没有了，换了好几次，不过味道还行,0,train,waimai_review
没来得及，品尝！但是快递员少找我一块钱！59.9的点心，我给他100他又要了一块，找了我40.05元！郁闷,1,train,waimai_review
很大！吃的好饱,1,val,waimai_review
挺快的，味儿也不错,1,train,waimai_review
提前送达，味道不错，再接再厉！,1,train,waimai_review
鸡丁有点儿咸没有在店面吃的好吃有甜味,1,test,waimai_review
包子味美，孩子很喜欢。,1,train,waimai_review
特别快，服务菜品都不错,1,train,waimai_review
提前2小时定，迟了一个小时才送来,0,train,waimai_review
领导说这是一个非常适合加班时候吃的略带文艺的小卷饼,1,train,waimai_review
肉肉很多，很好吃,1,train,waimai_review
送的超级慢而且巨难吃！,0,train,waimai_review
"在店里吃的菜量很足,外送的菜量只有三分之一,下次不会再点了,建议直接去店里吃",0,test,waimai_review
酸汤的牛肉面对我来说不够酸，总体都还不错,1,train,waimai_review
味道还好，可惜凉了。,1,train,waimai_review
"很好,很方便",1,train,waimai_review
送餐快，卷饼好吃,1,train,waimai_review
包装不错，手套、餐巾纸很全，味道也不错,1,train,waimai_review
味道很好，值得推荐,1,val,waimai_review
今天来的也太晚了。,1,train,waimai_review
没有第一次吃的好，里面有小骨头渣子，咯牙,0,train,waimai_review
能清楚的标明饺子馅就更好了！,1,test,waimai_review
超级美味！而且简直神速！,1,train,waimai_review
差评，差评，没吃过这么恶心的冷面，一口就吃吐了,0,test,waimai_review
送餐员辛苦了！可能不要同时点肥牛和鸡排会更好，点在一起有点腻。味道还是不错的。,1,train,waimai_review
东西很棒，送餐服务很不好。迟到半个小时，也没表达什么歉意。,0,test,waimai_review
不大好吃……,0,train,waimai_review
卷饼味道有点淡，肘子瘦肉有点多，太有嚼劲,0,train,waimai_review
送的太快了，服务很周到,1,train,waimai_review
很好吃哦~~~,1,val,waimai_review
"以后再也不会要宏状元了,送餐跟蜗牛一样",0,test,waimai_review
不错，就是橙汁都不好喝,1,train,waimai_review
菜质量很好，没有大店欺人现象,1,train,waimai_review
非常好，送餐大哥很可爱。,1,test,waimai_review
送餐速度很慢，菜量小，菜品也太差，根本对不起这个价钱。,0,train,waimai_review
"送的很快,态度很好",0,val,waimai_review
肉太多肥的了，选鸡肉或者牛肉的好了,1,train,waimai_review
"送到时间很晚,完了半个多小时送到的饭都是凉的,全是硬坨",0,train,waimai_review
就是酱香鸡腿味，我说要吃辣一点也没给我加，关键送来是凉的，凉凉的，是一点点热都没有的，买了38的大份才吃饱，我是妹子。,1,train,waimai_review
餐厅离我家很近，骑手取餐后却先跑了其他3个小区，导致送餐速度慢，咖啡也凉了。,0,train,waimai_review
用了两个半小时太过分了,0,train,waimai_review
慢了半小时,0,val,waimai_review
速度很快，很喜欢吃适合女生口味的,1,train,waimai_review
还不错，鱼香肉丝很好,1,val,waimai_review
"配送师傅十分给力，外面下着大雪依然很快送到，谢谢！,菜也挺好吃，性价比高，还会再来！",1,train,waimai_review
速度很好，下次也要这个时候订餐～11.30,1,val,waimai_review
速度超快，赞,1,train,waimai_review
这时间我就懒得吐槽了，各种服务态度差成狗,0,test,waimai_review
牛肉面送到已经变成面块了，时间太长了，这也就算了，更可气的是牛肉面里有头发，以后再也不会吃了,0,train,waimai_review
"九转大肠不错,其他一般啦！",0,train,waimai_review
面类食物还是不要外送的好，面都粘成一块了，根本没法吃了,0,train,waimai_review
喜欢吃包菜粉丝卷！豆浆也很好！,1,val,waimai_review
"去过店里吃，味道非常好。但外卖的质量，和店里似乎就不是一种东西……,点的咖喱皇海鲜，咖喱水水的，一点也不浓稠，也不香。海鲜，主料是蟹肉棒（人造那种）有一个青口，2，3个并不新鲜的极小的虾仁。,很失望很失望！",0,train,waimai_review
好难吃，说是酥肉，其实都是大肥肉，味道也不行，第一次百度订餐，印象很差劲,0,train,waimai_review
非常棒，也很快,1,train,waimai_review
差评，口感一般，量不够，最过分的是等了半天，快递小哥让我去楼下自取，说没有地址！324不知道在3层？？？！！！,0,train,waimai_review
神速度！太赞了啊！！,1,train,waimai_review
送餐晚不说，打电话没回复，一点沟通都没有，差差差，绝不会再定,0,test,waimai_review
"超级快,送餐员超级好",1,train,waimai_review
服务很好，套装明明是奶茶，为什么送来是豆浆…,0,train,waimai_review
快递员送达很快！饭还是热的，谢谢啦~味道也不错,1,train,waimai_review
"哎呀,超喜欢,都好吃,期待能有更多新品,更多选择",1,test,waimai_review
送餐员辛苦，奶茶好喝…,1,train,waimai_review
小哥人很好，辛苦了～～,1,train,waimai_review
"太慢了！！！！晚上还不错,中午不要点！",0,train,waimai_review
"好吃,就是有点贵",1,train,waimai_review
虽然慢了些。但是能理解|,1,val,waimai_review
送餐太慢，收着送餐费还超时半个小时！最后一个送我的，面条全粘了！,0,train,waimai_review
太慢了，两个小时才送来，都凉了,0,train,waimai_review
配送人员超有礼貌：）,1,train,waimai_review
很好吃的，刚刚好！,1,train,waimai_review
送餐太慢了。。10点多订的，现在还没送到。。。。,0,train,waimai_review
送餐时间一个半小时，送到后味道极差，客户混乱完全无法联系到下属商家，总结：一家极其不专业且混乱的煎饼店,0,val,waimai_review
肘子的很香～有手套送餐快～～可以我家附近没有,1,train,waimai_review
慢。很慢。非常慢！7点半下的单，10点配送员才刚刚取餐，晚饭生生变成了夜宵。而且如果不是我打电话，配送员完全不知道和客户联系。说好60分钟送餐，最后变成了150+！不能接受任何借口和解释！！！更关键的是，送来的汉堡和薯条都已经是冷的！一到家门口纸袋就穿了，掉了一地！原本想着算了，结果发现汉堡还送错了！太烂了！！！,0,train,waimai_review
就是时间稍微长些,0,test,waimai_review
"天气这么不好的情况下点外卖实在对不住外卖小哥,辛苦啦",1,val,waimai_review
东西少，送餐慢,0,train,waimai_review
配送员师傅很快态度很好,1,train,waimai_review
送餐人员态度很好，非常满意。但是对于老板私自替顾客决定换菜的行为非常不满意，我点的鳕鱼，直接换鸡腿，好歹打个电话确认一下！,0,test,waimai_review
还可以，就是等得太久太久了，两个小时,1,test,waimai_review
酸奶快过期了。。而且送过来不知道是日期问题还是太热了。已经胀了。不能喝,0,val,waimai_review
好吃，就是速度慢了点。不过没关系。送餐小哥非常有礼貌。,1,val,waimai_review
~味道真的不太好,0,train,waimai_review
优惠活动不错,1,val,waimai_review
"没有给餐具！餐巾纸,让人怎么吃饭。。。",0,train,waimai_review
饮品味道一直很棒，有外送太完美啦～配送大哥服务很好，热心帮忙找零钱,1,train,waimai_review
送错主菜了，叫的宫保鸡丁送的干锅菜花，来不及只能先吃了，联系客服然而几个小时了还没退差价。,0,train,waimai_review
准时！百度骑士辛苦！菜不错！美味！,1,train,waimai_review
"神速好么！！,包装很萌啊~,等会就尝尝",1,train,waimai_review
"单点的卤蛋和狮子头没有单放,放在饭里了,这点不满意",0,train,waimai_review
"量少，男生需大份。味道一般.,送餐时间一个多小时,,太慢了",0,train,waimai_review
不好吃，还慢,0,train,waimai_review
配送员辛苦了，十分感谢，速度很快！,1,train,waimai_review
"秘制凉皮不好吃,太油,卤肉饭还行",0,val,waimai_review
卷饼还可以，南瓜粥不好喝，还不如早点摊上的好,0,train,waimai_review
"送餐哥们很好,谢谢",1,train,waimai_review
"门口10分钟的店，100多分钟送到。你们觉得么？呵呵,还会用才怪",0,train,waimai_review
请问什么时候送达的？午饭到晚饭点都没有送来？付账之后就不用送饭了？,0,train,waimai_review
好吃是好吃！10点定的11点半送餐！最后都13点了才吃上！真是够了！可是挺好吃的！量还算不错！,0,train,waimai_review
还是可圈可点的,1,train,waimai_review
外卖的饼有点软了，不过送餐还是比较准时的，一般都在30到50分钟之间就能送到，今天的豆浆没有糊味，赞一个！,1,train,waimai_review
"太差了,冷面都糟了,饭也全是葱",0,train,waimai_review
非常好，送餐员超有礼貌,1,train,waimai_review
一单元和二单元分不清...麻烦,0,train,waimai_review
味儿还行，就是油太大了！,0,train,waimai_review
少送了一杯豆浆，两份套餐的,0,val,waimai_review
"送达时间非常准时,味道不错",1,train,waimai_review
特别差，这哪是拌饭，不要买了,0,train,waimai_review
送餐巨快！态度超级好！面条好吃！就是花生米菠菜，花生太多了！本来想吃点菜的！,1,train,waimai_review
知道送餐用了多长时间吗？两个多小时，亲，想饿死我是吧！,0,train,waimai_review
都挺好的我很满意。。。,1,train,waimai_review
比预计的快，菜品质量跟大堂的没太大差别。,1,test,waimai_review
这几天送餐越来越慢了，我11点十四分定的餐，将近两个小时才送到，菜品质量也越来越差,0,train,waimai_review
不给我多加点米饭！！！,0,test,waimai_review
太慢！不会再用百度外卖了,0,train,waimai_review
好吃，但是外卖的分量只有堂食的一半可价格一样,0,train,waimai_review
"挺好的,味道和服务都不错",1,train,waimai_review
速度快，吃的时候没感觉，当天凌晨4点上吐下泻！请问你们是放啥药了？,0,train,waimai_review
"感谢寒冬送餐,您辛苦了,服务很好温柔",1,train,waimai_review
"花了两个半小时送来……卷饼都凉了，真是无语,没见过更差的外卖",0,val,waimai_review
"百度外卖超快,有些菜没了，换的",1,val,waimai_review
不给筷子，奇怪的餐厅啊,0,train,waimai_review
百度的外送送了小礼品！很高兴！意外惊喜！,1,train,waimai_review
为什么圣代没有勺子？,1,train,waimai_review
"没给送餐巾纸,点了鸡块没给拿番茄酱,点了甜点不给拿勺子,甜点的盒还是坏的,如果能上照片就好了",0,train,waimai_review
"太慢了,不过菜还行,朋友说有点不新鲜,个人感觉还不错,超爱年糕的说~",0,train,waimai_review
配送超级慢，快饿死了！！！,0,train,waimai_review
师傅很好，服务很热情！,1,train,waimai_review
非常快，品质好，服务态度好,1,val,waimai_review
"连续两次都不给筷子，还有,买了2盒王老吉,漏给我一盒-,-！算了吧,。",0,train,waimai_review
送餐不守时，理由一大堆，太难吃。0分,0,train,waimai_review
少年很可爱—v—,1,train,waimai_review
撒的到处都是，盖子都没盖好,0,train,waimai_review
煎饼很好吃！送餐很快！,1,test,waimai_review
超快，很好,1,val,waimai_review
味道一般，订单少了两杯豆浆，后来补上了，但与下单时间隔了5个小时,0,train,waimai_review
莫名的涨价了,0,test,waimai_review
"从订餐到送餐,20分钟,送餐小哥风一样的进来,在我桌子上放下餐,又风一样的离开……",1,train,waimai_review
卷饼不油腻很健康,1,train,waimai_review
超级快……,1,train,waimai_review
"慢,真心慢,真心慢,卷饼还可以,拌饭真心难吃",0,val,waimai_review
每种口味都喜欢,1,val,waimai_review
口味不错，送货速度快，下次还会预定！,1,test,waimai_review
里边就两片肉、一个蛋其余的全是辣白菜！没得吃,0,train,waimai_review
粥送来的时候已经撒了一半,0,val,waimai_review
配送大哥很热情，东西很好吃,1,test,waimai_review
抱歉，确认晚了，好吃,1,train,waimai_review
"牛肉貌似有股坏了的味道,2次注明要生菜根本没人理",0,train,waimai_review
送来的很快,1,train,waimai_review
要楼底下取餐！以前没有这种情况。,0,val,waimai_review
"只有牛肉好吃一点,其它都好难吃,量也少,饭也不太好",0,train,waimai_review
没有餐具哦，还要自己点餐具么,1,train,waimai_review
味道一般吧，黑三剁不如以前的好吃,0,train,waimai_review
很好，本次也很快,1,val,waimai_review
第二次了，没有番茄酱。送错餐也是多次！,0,train,waimai_review
味道一般般，量好少,0,train,waimai_review
一个多小时才送到，踩点敲门。很无语！而且面汤也干了，也没味道。最差的一次外卖。,0,val,waimai_review
在我要求下没给我发票.酱油炒饭也没按要求做无味.酸菜鱼还撒了.相当的差,0,train,waimai_review
慢的要命，再也不吃了,0,val,waimai_review
按错了，还没有送到,0,val,waimai_review
送的时间比较长，汉堡薯条都凉了,0,train,waimai_review
鸽子鲜嫩，味道不错，送货及时。,1,train,waimai_review
送餐很快，味道好，两个菜一盒蛋炒饭足够俩人吃了,1,val,waimai_review
米饭是硬的。。不如上一次好吃,1,train,waimai_review
快递小哥服务特别好，餐送到还热乎乎的，正好吃。菜品不错。,1,train,waimai_review
"牛肉饼里肉还没小拇哥大呢,这会偷工减料,以后不点了",0,test,waimai_review
煎饼果子，吉不可耐！吃吃吃！太像广告了吗？,1,test,waimai_review
真心的难吃,0,train,waimai_review
就是有点咸，，，，其他都是完美的，爱宇宙卷饼,1,train,waimai_review
凉了，不怎么好吃,0,train,waimai_review
黑椒牛柳饭送成大排饭,0,train,waimai_review
好喝，送的很快，百度外卖我最喜欢用了！,1,train,waimai_review
为什么每次都要迟到！！用丽华贵宾卡可不是这样的！！！,0,train,waimai_review
第二次购买了，作为早餐来吃还不错。,1,train,waimai_review
餐送到楼下需要自取，我还不如下楼吃去。下次不光顾了,0,train,waimai_review
麻辣羊血不好吃,0,train,waimai_review
不好吃，而且感觉皮粘粘的不熟似的,0,val,waimai_review
"好吃,非常好吃",1,test,waimai_review
藕盒不错，就是有点凉了；卷饼一般,1,train,waimai_review
"可以,就是太慢",1,train,waimai_review
漏发一份披萨，筷子没给，幸好自己有多余的，不然怎么吃，整体心情超差,0,test,waimai_review
味道不错，煎饼很好吃，比早点摊卖的好吃多了，豆腐脑也很好，量很很大，其实一个煎饼一碗豆腐脑就够吃了，可乐和炸藕盒可以当下午加餐,1,train,waimai_review
点了东坡肘子一位的，拿来完全惊呆了，十九块钱，就一小块红烧肉那么大，然后一圈不知道什么豆。不夸张，长宽高大概是三厘米乘二厘米乘二厘米…也就一口，麻烦以后直接标一口吧，比较直观，不够吃还能多点。这个菜以后是没法点了。,0,train,waimai_review
"一般吧,汤洒了快一半,时间还长",0,train,waimai_review
好吃而且包装的特别仔细，还送了手套，很贴心，超级满意,1,train,waimai_review
送餐越来越快啦！,1,train,waimai_review
下雨送的晚了点，煎饼口感不太好了,0,train,waimai_review
很酷的宇宙卷饼，包装高级，分量足,1,train,waimai_review
"慢,没餐具",0,train,waimai_review
包装很好，很干净,1,train,waimai_review
"活动挺实惠的...,今天好饿,,赶紧吃饭啦",1,train,waimai_review
我点了一个蛋一根肠一份套餐！给我送来两份腌菜没有蛋！！,0,train,waimai_review
包装很牛逼啊，挺好吃的，份量也可以，但是想吃饱的话最好配一个其他的东西。,1,train,waimai_review
"等了2个小时，显示快递员拿到以后又用了一个小时才送到。,菜品本身还不错",0,val,waimai_review
太慢，7点43定的，8点48才送过来，比预计晚了二十多分钟。,0,val,waimai_review
"订单订的是薄脆煎饼,给我送来的是什么土豆丝卷饼,真服了！！！！差差差！！！！",0,train,waimai_review
水煮牛肉肉好少，粽子好小,1,train,waimai_review
百分百差评，米饭特么跟粥一样黏糊糊的，怎么吃啊！！！！第一次遇到这种情况！不是米饭，是大米粥！！！！,0,train,waimai_review
很好，比肯德基外卖还便宜。,1,test,waimai_review
送了3个小时！汤撒了，拌饭没有酱但是有头发！,0,train,waimai_review
没想到这么好吃，好评！！！,1,train,waimai_review
速度很快，食品也特别棒！,1,train,waimai_review
到餐时间真心很长，送餐员就说了个路上堵车然后拿钱就走了。。,0,train,waimai_review
谢谢百度骑士，速度很快,1,train,waimai_review
小炒肉做的太差劲了！什么啊垃圾！这家菜没法吃全是芹菜太难吃了！大家不要再这家定了！米饭软,0,train,waimai_review
等了一个小时，超过预期时间，我出门办事都出去不去，谢谢啊，你们好快,0,train,waimai_review
态度太差！,0,train,waimai_review
我吃出来一个钢丝球上的一个丝,1,val,waimai_review
就一点点．还三十多,0,train,waimai_review
1.等1小时都没送出，2.东西食之无味，弃之可惜。,0,test,waimai_review
非常遗憾，代金券和立减优惠不能同时使用了。真是痛心疾首啊！,0,train,waimai_review
每次肯定晚至少一个小时，下单了最后没送到，真是醉了，饭也给的死少。不建议大家订餐，如果非要吃，最后提前一天订，第二天再吃,0,train,waimai_review
差评！定的时间是12点一刻，结果刚11点就送来了！果断退单。送餐前不看时间吗？,0,test,waimai_review
很快。这次饭量挺足的！,1,train,waimai_review
送错肉卷了……皮蛋粥还不错,1,train,waimai_review
评价晚了，袋子好高大上，东西也好吃，快递员态度也好，五星好评,1,train,waimai_review
这次的麻辣教父一点也的不辣诶。。。不知道为啥。。。,1,val,waimai_review
送餐速度很快，但南瓜粥馊了还送！,0,train,waimai_review
"好吃！！分量足,居然给了这么多肉",1,train,waimai_review
赠送的黄飞红花生呢？没送啊！！,0,train,waimai_review
非常好吃，量足，价格也比较合适.服务也很好!,1,train,waimai_review
你确定你做的是京酱肉丝？还是欺负顾客没有吃过？还是因为顾客选择了打折？还是百度没有给你们补差价？米饭还是二次加热过的，明显是剩饭。无语，伤心，不会再订了,0,train,waimai_review
很好吃！肉很多，很实惠,1,train,waimai_review
虽然快递小哥送来单时连连道歉，但是也夸张到等了两个小时。等待期间我打了两次商家电话都是先是没人接，后提示电话是空号。另外我的备注，快递小哥表示并没有理睬。给两颗星是多还是少？,0,test,waimai_review
好吃！就是皮蛋粥有点儿太稠了…差点把锡箔纸吃进肚子里！呜呜…,1,train,waimai_review
金枪鱼没有那么多～味道还成吧,1,val,waimai_review
"这店垃圾。一个多小时才送。,而且量小。,谁吃谁上当",0,train,waimai_review
连续吃了两回了，味道不错，菜量小。不太够吃，最重要的问题是今天的干锅茶树菇里面的肉有几片没炒熟……下回请厨师大人一定要炒熟啊！,0,train,waimai_review
汤都撒了，怎么伴着吃啊？,0,test,waimai_review
吃完闹肚子、真糟糕,0,train,waimai_review
非常好吃~送餐小哥好早就到了~,1,train,waimai_review
一次买了40个哈哈。好吃,1,test,waimai_review
饭菜质量一般般，可选的饮料种类也少,0,test,waimai_review
里面有蘑菇。总体不错啦,1,test,waimai_review
太慢！骨肉相连估计总共也就一串，全是洋葱,0,train,waimai_review
好实在，还会来,1,val,waimai_review
服务很好！还送了吸吸冻！哈哈,1,train,waimai_review
送餐时间竟然80分钟，比美团慢太多，从没这么慢的！！！！,0,train,waimai_review
送餐速度有点慢,0,train,waimai_review
送的太慢了！！！！,0,train,waimai_review
猪蹄太好吃了！煎饼也不错。可惜蘑菇是油炸的。,1,val,waimai_review
敢送餐具吗？敢送餐具吗？用手抓着吃吗？我还问了是不是齐全了，硬气的回答我齐全了。不给餐巾纸不说什么，不给勺也不说什么，中国人都使用的筷子呢？我们是在中国好吗？！顿时无语…,0,train,waimai_review
配送太慢，等了近两小时，十一点半订餐，一点四十才到,0,train,waimai_review
我去，点了藕片，里面压根就没有好么？,0,train,waimai_review
点的中卷，比之前点的小很多，还慢，一个半小时，都凉了,0,val,waimai_review
我等了两个小时，好郁闷,0,train,waimai_review
送货很快，汤包好吃。,1,val,waimai_review
"不知道为啥连袋子都没有，端的我一手油，牛肉的味道可以就是师傅的刀功能再好点么,大的太大小的太小。白菜太油了,建议青菜少放点油，有汤都可以",1,val,waimai_review
凉拌山竹笋特别好吃。,1,train,waimai_review
谢谢快递师傅，辛苦啦,1,val,waimai_review
很早以前就听说过宇宙卷饼，但是一直没时间吃到。不得不说宇宙卷饼包装让人眼前一亮，顿时觉得逼格提高了一个档次。土豆肉丝卷饼的吃起来比一般的摊卖的好吃一些，用了满减优惠之后很划算，总的来说挺不错的。,1,train,waimai_review
口味不错。,1,val,waimai_review
收到，很快，包装好精致，还没有吃，闻起来很香,1,train,waimai_review
百度配送没得说非常好，但餐厅真的是无语了，不想说了,0,test,waimai_review
豆浆都是凉的,0,train,waimai_review
每次量都很足哈！超级赞，好吃,1,train,waimai_review
下次记得带够零钱,1,train,waimai_review
咋的跟饿了吗不一样的名，坑爹,0,train,waimai_review
送餐很快～师傅很好～面也好吃,1,test,waimai_review
很喜欢的美食！,1,train,waimai_review
送餐员的态度真的特别特别好！而且这次速度特别快，煎饼的味道就更不用说了,1,val,waimai_review
习惯好评，但今天的卷饼菜太少了，皮感觉有点厚了,1,train,waimai_review
回锅肉肉给的多但超级干所以不好吃，送餐不给餐具,0,train,waimai_review
量很多，就是尖椒豆腐皮的味道差点，不是尖椒，是大海椒，一点辣味都没有呢！,1,train,waimai_review
140分钟才送到，饼也不好吃，也没有酱，干死了,0,train,waimai_review
好吃又便宜,1,val,waimai_review
肉夹馍不错，但是凉皮味道真不怎么样…南瓜饼也不错,0,train,waimai_review
还没吃，送了一个小时，速度有点慢,1,train,waimai_review
速度真快！饭菜好！我喜欢！,1,train,waimai_review
东西很好吃,1,train,waimai_review
菜品两分，不能再多，肉菜卷真没见着肉,0,val,waimai_review
等的花儿都谢了,0,train,waimai_review
超级实惠，就是有点肥,1,test,waimai_review
非常好吃……披萨味道正,1,train,waimai_review
菜还是不错的，就是实在是太慢！！十一点半点的，等到一点才送！！而且明明点了烤肠也没送,0,train,waimai_review
魚香油太多，有點不好收拾,1,train,waimai_review
味道一如既往的好，说好的微辣呢，感觉比普通还辣，但盖不过眉州的美味，好评,1,val,waimai_review
超好吃，包装也很精致,1,val,waimai_review
"最喜欢麻辣烫了,好吃~~",1,train,waimai_review
我发现这家分店的炒菜全是汤很多，一般,0,train,waimai_review
味道不错，送餐速度快！很不错大赞,1,train,waimai_review
"送餐速度不错,冷面有点妥了。。",0,val,waimai_review
原来，石锅拌饭的外卖就不能用石锅了对不？所以拌饭还是要堂食，不过速度蛮快。就是从没人在意我“不要餐具”的要求，不高兴！,0,train,waimai_review
"南瓜粥味道很好,但是竟然迟到刷碗的小铁丝,焖面油油的,干干的味道不好",0,test,waimai_review
"好吃,快递很快,健康放心",1,train,waimai_review
点的是商务套餐，不过换成鳕鱼了,0,train,waimai_review
好吃，天气冷叫外卖很方便,1,train,waimai_review
特别好吃，下次继续！,1,train,waimai_review
快递小哥很速度，辛苦啦！,1,train,waimai_review
写的是12点送，11点就给我打电话说到了，在上课取不了，12多点又来的，之前订的外卖都能送上楼，这个不给送，下课到楼下取的，肉卷的味道倒是可以！,0,train,waimai_review
"还有比差评更差的评吗,小迂腐这名儿起的贴切,近两个小时不送,店家还失联,送来了打开一看一度以为送错了,红烧排骨套餐有一块排骨吗,这样的店还有存在的必要吗",0,val,waimai_review
"味道还可以,送餐速度超级快",0,train,waimai_review
二十分钟送到！神速！,1,train,waimai_review
寿司难到爆！！！寿司里面的鱼，是熟鱼的还那么腥！都是把鱼剔除，才吃得下，第一口差点吐了！！！,0,val,waimai_review
差点饿死我了,0,train,waimai_review
不错，没想到宇宙卷饼是这个样子的，粥还是热的！！！,1,test,waimai_review
粥坏了还送过来，一股酸味。真受不了...,0,train,waimai_review
"快递员整整迟到一个小时,面全托了,没法吃",0,val,waimai_review
骑士辛苦了。app还是评价不了，很麻烦,1,test,waimai_review
感觉太清淡，而且最好叫店家帮你拌好饭,1,val,waimai_review
就是不辣，辣椒酱啊,0,test,waimai_review
还行吧～味道不太能适应,0,test,waimai_review
湄洲的饭菜还是比较好的,1,train,waimai_review
蔬菜不好吃,1,test,waimai_review
送的真快，在快点都能当晚饭吃了！！！,0,train,waimai_review
就是快递慢了点,1,test,waimai_review
师傅送货很快，宫保鸡丁和川式腊味拼味道不错,1,test,waimai_review
"菜量极少，只有正常菜量1/3,只见白菜了，就一点点肉，还都是肥肉，极差!",0,train,waimai_review
不错的一家小店噢，以后会经常光顾的，推荐黄焖鸡～,1,train,waimai_review
"非常非常快,服务好,大赞",1,train,waimai_review
肉夹馍简直太腻了。都是肥肉，吃一个能恶心好长时间。,0,train,waimai_review
"分量很大。对于食量小的妹纸是可以俩人吃一份的…。味道也不错,送的又快。非常赞！",1,test,waimai_review
菜很难吃！非常难吃，而且还特别咸，我是北方人都吃不下，以后不会再来了。唯一欣慰就是配送小哥还不错，态度很好。,0,train,waimai_review
很差的餐厅配送。真的不能再差了,0,train,waimai_review
服务好速度快100分,1,train,waimai_review
土豆丝很难吃,0,val,waimai_review
订的是12点15，结果11点45就送来了，芝士焗面里肉酱好少，味道淡淡的，适合我这种口轻的人,0,train,waimai_review
"凉菜的盒子竖着放,凉菜都洒到包装袋里面了",0,test,waimai_review
煎饼越来越咸了,0,train,waimai_review
快递大哥态度很好，送餐也快。味道不错,1,val,waimai_review
以前吃这家挺好吃的，今天吃了下完全没有以前好吃了，这是为什么呢？你家厨师失恋了吗？,0,test,waimai_review
还好吧，披萨不会再要这个了，可以试试其它的,1,train,waimai_review
全是肉。有点干,1,test,waimai_review
习惯好评，味道对我来说，很一般，豆腐脑太淡了，煎饼明明要的是薄脆的，结果送来的还是油条的，哎,1,train,waimai_review
宫保鸡丁只剩黄瓜了，比以前垃圾多了，不再爱了,0,train,waimai_review
很给力！便宜好吃,1,train,waimai_review
唔，为什么要滴皇家煎饼，却给滴薄脆煎饼哇。。。不应该是夹油条嘛，伤心,1,val,waimai_review
薯条皮了，奶酪棒没味道,1,train,waimai_review
特别不好吃，而且不新鲜，扔了,0,train,waimai_review
太慢了！差三分钟就半价了，刚送到,0,train,waimai_review
还行，就是速度好慢，一个多小时,1,train,waimai_review
送餐越来越慢，饺子越来越凉，肉里面肥肉，肉头越来越多，感觉肉不咋地，这是我最后一次订了。,0,train,waimai_review
装粥的盒子质量太差，直接裂开，导致全部洒在了袋子里，没法吃了,0,train,waimai_review
"赞！超级好吃！,配送,保温,全部高大上！",1,train,waimai_review
就那么回事吧，两个菜都油乎乎的。每点一个菜还要收餐盒费,0,test,waimai_review
"比上面提醒的时间早很多。,速度挺快的",1,test,waimai_review
很好吃，货真价实。送货快。,1,train,waimai_review
一直买他家的香脆鸡肉披萨，喜欢,1,val,waimai_review
送餐时间耽误好久，都凉了！很难吃,0,test,waimai_review
"排骨是臭的,再也不吃了",0,train,waimai_review
配送太太太慢了,0,train,waimai_review
感谢百度骑士，天冷了注意保暖，辛苦了,1,train,waimai_review
眉州东坡，真心不错,1,train,waimai_review
11点半定的餐，13点10分才送到，打电话催单，答复是配送员不熟悉道儿，吃的整个是冷餐，不知道留电话是干什么用的，配送员还把收的钱放在我的餐袋里，与餐巾纸放在一起，可见卫生意识太差了。,0,train,waimai_review
菠萝包不给黄油是几个意思,0,train,waimai_review
"我要的蜜酱烤肠,给我送的是田园",0,train,waimai_review
等了2个小时没送来，上班了才送来，退款很慢,0,train,waimai_review
我的午餐首选品牌…,1,train,waimai_review
"冰太多,味道淡,质量一般,希望改进",0,train,waimai_review
备注了放辣椒结果也没放，煎饼口味很奇怪，是甜的,0,test,waimai_review
真的佩服的五体投地什么人吧,0,train,waimai_review
"小哥不错,最后给送上来了",1,train,waimai_review
惊呆了，刚付完钱十五分钟就送到了，买了多次了，好吃，干净，营养。,1,train,waimai_review
几乎没怎么等，就到了！包装严实，服务完美！亟待二次消费，哈哈！,1,test,waimai_review
鱼可以，豆腐这次好像没盐。主要是送餐太慢。要啊饿死了。,0,test,waimai_review
我的两个中奖瓶盖拿走后就没有下文了，4元可乐居然是灌装的！！！！,0,train,waimai_review
"没评价,等它来都饿的不行了,小俩小时,呵呵了",0,train,waimai_review
味道不错，可是没有发票！没有发票！没有发票！,1,train,waimai_review
还是有点吃不惯意面,0,train,waimai_review
"好吃,好吃,真好吃",1,train,waimai_review
送餐速度比蜗牛还慢，100分钟才送到，而且要求不要放的蔬菜也往里面放，态度也不好,0,test,waimai_review
谢谢外送人员。在雨天的家里还能喝到快乐柠檬,1,train,waimai_review
送的有点慢，其他都挺好,1,train,waimai_review
傻逼一样，跟1楼告诉我等电梯上不来，墨迹了40分钟，最后还是我下去取得，sb店关了吧,0,train,waimai_review
嗯，好吃，黄焖鸡真是吃一家一个味，我喜欢这个味道，棒棒哒,1,val,waimai_review
十一点半下单，显示十二点四十送达，结果一点半才送到！！,0,train,waimai_review
好好吃～～,1,train,waimai_review
味道很正点！餐具很好用！送餐速度快！,1,train,waimai_review
味道不错，骑士速度也超快！,1,train,waimai_review
"辣子鸡越来越少了。,！！",1,train,waimai_review
九点多顶的，预计11点送达，结果催单了11点才给送，12点半才送过来,0,val,waimai_review
盖饭的味道一般,1,train,waimai_review
今天第一次吃黄太吉的煎饼，不得不说，黄太吉的煎饼确实很好吃，让人回味无穷，你吃过一次就知道知道我说的了，而且店家很用心，服务很好的，下次还想吃！,1,train,waimai_review
"皮厚,菜少粥不满",0,train,waimai_review
味道不错，速度还可以。,1,train,waimai_review
不好吃，不会再定,0,train,waimai_review
卷饼的量太小了，，,0,test,waimai_review
菜品不好，咖啡难喝，送餐太慢了,0,train,waimai_review
不好以后不回来了,0,train,waimai_review
狗屎餐厅，送餐3个小时，还没咖啡，一杯咖啡送了3天，客服电话打了6个以上，餐厅电话一个没打通，老板什么态度，一杯咖啡就不给送了，住店家早些倒闭，谢谢。,0,train,waimai_review
宝宝很爱吃荷兰豆，甜甜的,1,train,waimai_review
不咋好吃，快递服务不错,0,train,waimai_review
等了一个小时40分钟,0,train,waimai_review
好吃，真的是大肘子肉,1,test,waimai_review
看着不错，饭量也还可以。,1,train,waimai_review
这么晚了辛苦大姐了，谢谢,1,train,waimai_review
"灌汤酥肉套餐,也许是我的味蕾坏了",0,train,waimai_review
配送员人很好,1,train,waimai_review
都不容易全五分吧,1,train,waimai_review
真的优惠！！送的不慢！！,1,train,waimai_review
外送员很赞，商家能不能仔细看订单啊！点的干拌面送来的是汤面，说了粉汤羊血要多加辣椒送来的一点儿辣没有！！,0,test,waimai_review
一切都好好，味道也不错，只是点了肘子的送过来两个鸡腿肉的，因为太晚了也不折腾了，只是没吃到肘子的卷饼好遗憾呢，另外南瓜粥也没有改的王老吉…太晚点餐就是不好啊,1,train,waimai_review
不错，就是披萨有些小,1,test,waimai_review
太恶心难吃了，明明是馅饼，说是什么西餐,0,val,waimai_review
米饭很硬，送到也不太热。口味很一般。,0,train,waimai_review
"等了一个多小时还没到，就打电话催单，我说等了一个小时，接电话的服务员还说，哪到一个小时了！我有必要说谎么？定外卖多送的慢我可以理解，但是接电话的服务员的态度让我很不爽，又查了一下电脑证明我真的等了一个小时才说，送外卖的已经出去了。,还有三明治，料明显不足，不知是受减钱的影响还是受人多的影响。下订单时说多带一包番茄酱也没有带。",0,train,waimai_review
我只能说，皇太吉太不要脸了，7点下单，8点50送到。还自己确认物流在7点40送达。奇差无比,0,val,waimai_review
肉不新鲜，吃完就拉肚子了！,0,test,waimai_review
二十多块钱一小盒，心真黑,0,train,waimai_review
"杏鲍菇肠坑啊！,就是门口2块一根的烤肠",1,val,waimai_review
送餐慢，店家电话永远打不通，虽然味道很好，但是以后也不会再来了,0,train,waimai_review
就是太慢了，对方送错地方了，无语,1,train,waimai_review
"汤挺好喝的,就是米线没有米线味",0,train,waimai_review
味道不错，送餐人员也很负责，必须赞，,1,train,waimai_review
分量有点少，鸡腿肉不好吃，八宝菜原来是咸菜。。。,1,test,waimai_review
味道好，送的也不慢，就是包装不严实，一个纸袋子也不封口,0,val,waimai_review
大赞蒜苗肉丝和干炸丸子，确实好吃。,1,train,waimai_review
很有创意的煎饼,1,train,waimai_review
经常订他家的卷饼吃,1,train,waimai_review
神速，服务态度很好。菜品味道不错。,1,train,waimai_review
送货很快，经常吃他家的，很棒,1,test,waimai_review
"卡着点儿送,路线上都把中国地图画出来了，咖啡凉了,还洒了出来,！送到了什么习惯？眼睛一直往屋里瞄来瞄去！百度外卖再见！",0,val,waimai_review
特殊要求写了砂锅豆腐不放海米，最后还是放了,0,train,waimai_review
很快好开心,1,test,waimai_review
弄错地址了还让我取消订单，我还饿着呢。能走点心吗,0,train,waimai_review
八宝菜竟然是咸菜。。。太坑,0,train,waimai_review
好吃，送餐员很尽职。,1,train,waimai_review
"牛肉粥肉有点少,而且盒子到的时候都压扁l",0,train,waimai_review
"非常好,非常快",1,val,waimai_review
东西很不错，就是没有开发票，说是改天再给开。,1,train,waimai_review
非常好，越来越好,1,train,waimai_review
我以为付款那个留言备注就是摆摆样子呢，即使不摆样子，餐厅备菜人员也不会在意！于是在备注栏里颤颤巍巍地提了自己不喝可乐，已经存了好几杯黄太吉的软软了，不知道软软能否换成豆浆？确认，发送！结果，果真见证奇迹的时刻发生了！是豆浆，没错的！送来的是豆浆！以至于我激动得忍着饿冒着随时饿昏的危险非要在吃前来评论！,1,train,waimai_review
"送货态度非常好，提前了20多分钟，送得非常快，百度配送，靠谱！,奶茶一如既往的好喝，棒棒哒～",1,train,waimai_review
迟到20分钟,0,train,waimai_review
骑士送货非常快！很满意,1,train,waimai_review
土豆丝素材卷期待改良……真心不如薄脆煎饼,1,train,waimai_review
带脆饼的煎饼好吃,1,train,waimai_review
"送了好久才送到,看着办吧",0,val,waimai_review
"都很好吃,可是沙拉里面有一颗肉虫,差点就吃进去了…,希望店家洗菜注意",1,val,waimai_review
超级快就送到了，谢谢骑士很快，感谢骑士这种天气还在工作！,1,train,waimai_review
送餐员让我自己下去取的，天气热，疲惫可以理解，但是拌饭缩水了略失望,0,val,waimai_review
很棒，也很快，快递小哥很有礼貌,1,train,waimai_review
有點慢呀…,1,train,waimai_review
"太慢了,百荣到南站用了一个小时,而且送餐的说,你们这里给三百的钱都没人送！而且巨难吃！",0,train,waimai_review
挺快，味道一般,0,train,waimai_review
大酱汤全撒了！饭里，就连芥末里都是……一口没喝上……快递小哥递到手就走了……,0,train,waimai_review
很快，没有撒，必须赞,1,test,waimai_review
好吃，清淡不油腻,1,train,waimai_review
坑！等了两个小时！催单三次，打电话过去N次，一直通话中！都没法取消！我都不想骂人了,0,val,waimai_review
酸辣粉还好！凉皮一股发霉的味道，没吃，再也不买他家的了！,0,test,waimai_review
过节送餐人手紧，可以理解,0,train,waimai_review
巨慢无比，我催单，店家态度还很恶劣,0,val,waimai_review
蛋糕质量和味道不错，送货很准时,1,train,waimai_review
很好吃。送货很准时！非常喜欢。赞赞赞,1,train,waimai_review
竹筒饭太少了，没图也不标下重量，买了结果竹筒太小了，两口就没了。商家应该改进一下不然买了吃还饿肚子。,0,train,waimai_review
太慢。。。1个半小时才送到。,0,train,waimai_review
太慢，以后不会定了！,0,train,waimai_review
久久鸭的口味偏颇，辣味不是很浓。总体而言还行。但是没有餐具，虽然我的单里说明要餐具了，这是一个遗憾！不过送餐速度很快！,0,train,waimai_review
5点多定的，8点半我下班还没送到，什么玩意，还没给我退钱,0,train,waimai_review
大盘鸡又不是没吃过，叫的外卖差太多了吧，量少青菜少，太能糊弄了,0,train,waimai_review
我这是第一次订餐，也是最后一次了，送餐用了一个半小时,0,test,waimai_review
小炒肉不错，还得说一句他家宫爆鸡丁太难吃，甜的齁死人,0,test,waimai_review
鸡都没有半只，太坑了！,0,train,waimai_review
不错，挺准时,1,val,waimai_review
不错，挺快的,1,val,waimai_review
送了热汤，但是用普通塑料袋装的，不能喝啊，塑化剂了就！其他的不错,0,train,waimai_review
东西还好，餐送的很慢,0,test,waimai_review
一般般，而且那个打包盒也太low了,0,train,waimai_review
两个猪肉韭菜结果送来一份另一份变成猪肉白菜了！！妈个鸡吃饺子没有醋吃你妹啊！！！差评！！！,0,train,waimai_review
送了快2个小时。。。,0,train,waimai_review
这饭太给力，吃不完都,1,val,waimai_review
"骑士配送很快,下次继续",1,val,waimai_review
很棒！下次还来！,1,train,waimai_review
"我昨天中午11:34下的订单，下午一点还没到不说，只要打电话,就说就在附近，到了两点，餐点还没到，我说取消，一直取消到今天！我根本都没收到餐点,怎么订单就结束了？口口声声说给我取消,今天一看，嘿，订单结束了？！",0,train,waimai_review
好吃！速度快！,1,val,waimai_review
送餐帅哥服务超好。。,1,train,waimai_review
点了个套餐，豆腐脑没勺子、饮品没吸管～你叫我怎么吃？,0,test,waimai_review
总买，嘎嘎好,1,train,waimai_review
记得点了萝卜片，可是吃的时候没有吃到！,1,train,waimai_review
口味还不错，猪肉的稍稍有些甜了，快递速度超快,1,train,waimai_review
非常好非常好非常好送的快，态度好！,1,val,waimai_review
我还以为有多大呢。,1,train,waimai_review
送餐快！好吃，肉多,1,train,waimai_review
没有在店里吃好吃，萝卜太多了,0,train,waimai_review
继续努力，刚才真的没注意查收，10几分就送到了，我还误解了店家，对不起啊，经常订所以追加好评算是道歉啊，谢谢,1,train,waimai_review
骑士很辛苦，很负责任，送的很及时,1,train,waimai_review
好吃到停不下来...好评！！！,1,test,waimai_review
速度有点慢,1,train,waimai_review
送餐速度太慢了，比蜗牛还慢。没有皮蛋瘦肉粥给我换了一个可乐，还没给我补差价,0,train,waimai_review
"还不错就是皮蛋粥,不好喝",1,test,waimai_review
在约定时间的一个小时后才送到，真的是太慢了，虽然包装好味道棒，但是选择送餐服务，在饥肠辘辘的中午能够准时送到才是最重要的，因为饿了之后味道什么的都是其次，马上吃上饭才是好评的关键,0,train,waimai_review
品质不错，希望一如既往地坚持！,1,train,waimai_review
"建议再出款浓情可可，与岩岩的区别一下。,总体很满意啦！百度我支持你哟！雾霾天百度小哥辛苦你啦！百度公司一定要发给他们口罩哦，太不容易了！",1,train,waimai_review
太度很好送货及时！^_^,1,train,waimai_review
快递小哥效率很高哦！谢谢了,1,train,waimai_review
"汤的味道还行,就是送餐小哥第一次来这边,用了很长时间",0,test,waimai_review
又快又好，量足，经常吃,1,train,waimai_review
火烧夹肉好咸啊！没法吃。其他还行,1,val,waimai_review
很好吃，方便,1,train,waimai_review
差一个菜没送,0,train,waimai_review
地点不好找，快递很好。各种菜品不如上次吃的，失望。,0,train,waimai_review
煎饼很给力,1,train,waimai_review
整体还不错。速度如果再快点就更完美了,1,train,waimai_review
"鸡丁根本没有用油过，而且上的浆太稠了*失败！,鱼块基本是鱼尾部做的，味道一般★失败！,他家还是红烧肉好吃(*^﹏^*)。。。。下次就订红烧肉吃╮(╯▽╰)╭还是比较靠谱！,大五星评论(๑•ั็ω•็ั๑)哟！",0,train,waimai_review
"毛血旺图上有鱿鱼虾仁,实物送来一个也没有啊,失望,这么糊弄人,以后还想点吗？",0,train,waimai_review
太咸了。。。,0,train,waimai_review
"四喜丸子一点也不好吃,鸡蛋西红柿太咸",0,train,waimai_review
原来一直用的百度糯米下单没评价功能，今天下了个专用客户端，把评价补上。这个确实不咋好吃,1,train,waimai_review
不明白，实际未在要求时间内送达并且延迟十分钟以上，系统却显示已在要求时间送达。实际菜品与订单不符，要的是招牌辣酱面与葱油拌面各一份，结果来了俩葱油拌面。,0,val,waimai_review
很好喜欢极力推荐噢,1,train,waimai_review
送不到就不要接单好了，上午十点半下单下午一点半才送到，打电话店员态度不应该诚恳点？你还有理了？卷饼味道一般，凉的，像是剩菜。,0,train,waimai_review
"棒棒哒棒棒哒棒棒哒,师傅辛苦",1,val,waimai_review
时间太长，等了一个半小时，外卖都漏了，全是油,0,train,waimai_review
好多肥肉。。肯定不是肘子肉！,0,train,waimai_review
等了接近两个小时，太慢了,0,test,waimai_review
和这个价位差的太多了,0,train,waimai_review
挺好吃，送餐快。,0,train,waimai_review
蛋糕忌廉奶茶和原味奶茶有什么区别？不带这么糊弄人的吧，又不是没喝过你们家的蛋糕忌廉奶茶，难道蛋糕化了？,0,val,waimai_review
扁豆焖面超级干！排骨分量超级少，一块就一口的大小。太不值了！！！,0,train,waimai_review
"真心不怎么样,虽然有满减但还是感觉不值那个价,说是海鲜炒乌冬面,但是总共就见着一个小虾,好像还有一小个鱿鱼的小爪爪什么的,其他都木有看到,味道也不怎么样,总之比不上其他的,早知道不要这个了",0,train,waimai_review
"去你大爷,送的晚,电话不接,接了屁用没有,做毛服务业",0,test,waimai_review
少了南瓜粥,0,val,waimai_review
煎饺还不错，冷面一般,0,train,waimai_review
我要的是夏日麻酱牛筋面，结果送的凉皮。。,0,val,waimai_review
快递很不错。饭没啥味道！！太淡了！！,0,train,waimai_review
周末八点半的早餐都送成午餐。以后不会再定黄太吉了,0,train,waimai_review
米饭再软点就更好了,0,train,waimai_review
送餐服务很差,0,train,waimai_review
美中不足就是没有保温箱，显得略微不太专业，夏天还好冬天就容易凉了。其他都不错。,0,val,waimai_review
准时，好吃～,1,train,waimai_review
每次好像选了要发票，总是给自动取消,0,train,waimai_review
外卖哥太棒了，给三十二个赞。,1,train,waimai_review
"点了两份粥，咸死了！喝了两口就扔了！为什么弄这么咸！！,配送服务还可以，就是粥太咸太闲太闲！！",0,test,waimai_review
每天都会买上几杯，快递非常棒,1,train,waimai_review
小清新完全是重口味。。。吃一半可以腻死。。。套餐里的橙汁是业界良心，甜到忧伤。。。,0,train,waimai_review
不错，送餐小哥对不起了，打电话不知道怎么了没响～,1,train,waimai_review
肉很多，味道不错，配送也很快,1,train,waimai_review
饼的味道还不错，但是南瓜粥如果真是六块买的话我觉得不太值，活动满减还不错,1,train,waimai_review
好喝～不用去外面买了～,1,test,waimai_review
还不错，就是稍微咸了点,1,train,waimai_review
没有酱怎么吃啊,0,train,waimai_review
"卷饼里面吃出红色塑胶线,！！",0,test,waimai_review
"实惠,送餐快",1,val,waimai_review
"虽然时间长了些但是很准时。下次记得给些番茄酱就更好了。,一个人吃足够了。好好吃",1,test,waimai_review
还行吧，因为送来时有点凉了，等的有点久,0,train,waimai_review
备注加奶油也没加，骑士服务很好,0,train,waimai_review
真好吃!!,1,train,waimai_review
稍微有点咸了,0,test,waimai_review
这一单不错，完全满足需求,1,test,waimai_review
菜汤全洒了出来，全是油,0,test,waimai_review
东西有点硬，不及别的地方吃的松软,1,train,waimai_review
外卖小哥态度超好！辛苦了！,1,test,waimai_review
黄太吉一如既往的好吃，还得点近的地方,1,train,waimai_review
好大一个煎饼,1,train,waimai_review
菜凉了就忽略不计了，最搓火的是辣椒都柴了好像都没有炒熟。真是痛苦的订餐经历！！！,0,train,waimai_review
送了2个小时，不给饮料。,0,train,waimai_review
"稍微慢了一点,总体还是不错",1,train,waimai_review
怎么说呢，最满意的是包装，哈哈，味道和想象的差好远，饼好硬，哎╮(╯▽╰)╭，不过挺便宜的,0,train,waimai_review
送餐很准时，饭菜也很好，值得购买。。。。,1,train,waimai_review
不给番茄酱，怎么吃！特意说的居然给忘了！,0,train,waimai_review
点的配菜一样都没有，不知道商家是怎么回事，一点诚信都没有,0,test,waimai_review
很棒。。很快。。很好吃,1,train,waimai_review
等了一个半小时，最后还是自取的！,0,test,waimai_review
不错，很满意,1,train,waimai_review
不错，希望品质如初！,0,train,waimai_review
"包装超好,饼也很实惠！",1,test,waimai_review
"粥一般,饼不错",1,train,waimai_review
超级推荐香菇肉丝～～凉拌木耳味道不错～～～,1,train,waimai_review
谢谢师傅～送餐很快～辛苦您了～,1,val,waimai_review
好慢。。。而且送过来的时候洒的不成样子。。。,0,train,waimai_review
原味鸡能不能差不多点订了六块、基本上都是一样的、上次订也是这样问题,0,train,waimai_review
"师傅人很好,，送的速度也很快。",1,train,waimai_review
咖啡都洒了……明显量少了…太郁闷了,0,train,waimai_review
大家都说送的慢，弄得我不敢选他家的，但是我点了一次，超级快就送到了啊,1,train,waimai_review
很棒！太快了,1,train,waimai_review
试过了大大小小的品种，煎饼品质比较统一，基本都好吃。凉面真的不好吃，抄手的汤太咸，因为外卖路上耽搁，整盒抄手已经全被酱汁泡成深色，非常咸。这两样品质配合15和18的价格让人感觉贵的不值得，严重不推荐。外卖路上会有颠簸可能会流出汤汁，但这次点的有点夸张，抄手的红油酱汁流得袋子里全是，纸巾全湿透，勺子和湿纸巾外包装上也都挂了辣油。如果有客人在外面用餐周围没有东西擦拭，一定会很影响用餐。建议配送环节再优化。,0,train,waimai_review
百度送餐太快了，店家准备菜品也是速度。小炒藕片每次必点，还有干锅花菜。炸馒头片很香。宫保鸡丁太甜了，总体感觉非常好,1,train,waimai_review
不到半个小时就送到了，超快,1,train,waimai_review
如果你刚吃完，点这家没错的。如果你已经感觉到饿了，那换一家吧，我怕你撑不到餐来。。。,0,test,waimai_review
没有第一次吃的好吃,1,train,waimai_review
快递员很给力，很快就送到了，谢谢，辛苦啦快递员,1,train,waimai_review
快递到家非常快，快递小哥服务也不错，今后会继续关注百度外卖,1,train,waimai_review
"很快很快,但是南瓜羹很难喝",1,test,waimai_review
真烂，送的还晚,0,train,waimai_review
肉不烂，吃起来很难吃，唯一比较好的就是包装很不错,0,train,waimai_review
让送辣椒也不送,0,test,waimai_review
我这么平时因为现在的订单两个多小时了还没到，你们可以试试,0,train,waimai_review
"很一般,送到家凉了",0,train,waimai_review
米饭好丰满，吃不了，超实惠,1,train,waimai_review
肘子肉的很好，素的基本没有菜，只放了酱。送货速度还可以。不到一小时就到了。,1,val,waimai_review
香菇鸡肉不太好吃，果汁也太袖珍了吧…不过速度巨快,0,val,waimai_review
发票打错字了，如何报销？,0,train,waimai_review
太久了。。。饭都凉了,0,train,waimai_review
粉都断的不成样,0,test,waimai_review
"喜欢吃,但是量少",1,train,waimai_review
"超级恶心,取了半个小时,送了45分钟,不给打电话还不给送呢,张嘴就瞎话,说在楼底下了,出去等半天也没人,还差3分钟就半价了,早知道不尼玛给你打电话了,直接半价拉倒,星冰乐一点冰都没有了,奶油也全泡没了,咖啡也洒了点,最快一次一人13分钟送来了,你TM送了1个半小时,人比人得死,货比货得仍啊",0,train,waimai_review
味道一般。,0,train,waimai_review
两个多小时餐才到，上次也是一个多小时。服了,0,train,waimai_review
经常买你家的饭，但是这次饭不是现做的，青椒是隔夜的，颜色都变那样了，要是在店里，你们敢上这样的菜给客人？？？,0,val,waimai_review
好，肉多！但价位稍高,1,train,waimai_review
大冷天的百度骑士真是辛苦了～,1,val,waimai_review
量简直一个少!米饭只有一口!,0,train,waimai_review
别的不说，就这速度也是醉了！做不到一小时就别写嘛！幸好不是等着救命的药！,0,val,waimai_review
很环保的袋子，这个点赞！饼小一个不够吃，面皮不够有韧性。香菇鸡肉盖饭挺好吃的！,1,train,waimai_review
一般，量挺足，味道一般,0,test,waimai_review
头一次用百度外卖，晚了近一个小时。,0,train,waimai_review
鸡肉非常多，棒棒达。,1,test,waimai_review
恩还不错，就是订餐的时候系统匹配错误。打电话调节了一下，从新下单才订上,1,train,waimai_review
填写了发票信息，但是没有给开发票,0,train,waimai_review
下单一个小时！！！还没有人接单！！而且取消订单非得要打电话！！！！什么傻逼规矩！！,0,val,waimai_review
百度骑士人好速度快！,1,train,waimai_review
量大，味道差,0,train,waimai_review
经过上次晚了2小时，这次超级快，20分钟就送到了……,1,val,waimai_review
送餐迟到，餐具不全！下单留言你们看吗？为什么每次都有问题？？？,0,val,waimai_review
送餐非常的快，价钱给力,1,train,waimai_review
真心不好吃，面是坨的，肉夹馍没味道，凉皮油了吧唧，再也不定了,0,train,waimai_review
"拌饭不怎么好吃,可能我吃不惯吧,鸡块还挺好吃的",0,train,waimai_review
不错，经常订哈哈哈哈,1,train,waimai_review
"饭一般,但是配送很快",0,train,waimai_review
在这样寒冷大风的天气里，等了一下午的奶茶终于到了，已经从热的变成凉的了。但仍感谢骑士的敬业精神！,1,train,waimai_review
下次记得给我带肘子里的醋,1,train,waimai_review
卷饼一般，就是送的太慢，都晚半个多小时了！,0,train,waimai_review
"一定不要点炒面,2小时终于坨成了石头",0,test,waimai_review
送餐不错！只是送饺子怎么没送调料啊？,0,train,waimai_review
量不大，吃不饱。。,0,train,waimai_review
我明明买的其中的是那个披萨套餐，送来的却只有披萨，没有套餐里的鸡翅，买个外卖也被骗,0,test,waimai_review
大冷天的也真是辛苦送餐师傅了，谢谢您,1,train,waimai_review
"肉太少,没有在店里感觉多",0,train,waimai_review
饭到的很快，服务非常好。,1,test,waimai_review
"颜色重,太油腻,吃不出香味",0,train,waimai_review
时间略慢，其它方面不错，努力,1,train,waimai_review
葱花饼不好吃,1,train,waimai_review
师傅人很好，服务很好，送得快~好评,1,test,waimai_review
芝士薯蓉烤过火了,1,train,waimai_review
还蛮好吃的呢！辣白菜有点儿咸,1,train,waimai_review
快递员的服务态度特别好，还主动问有没有垃圾帮您带下去。真心不错。,1,train,waimai_review
"没有勺子,配送好慢,手套少一只,恩",0,val,waimai_review
"点餐之后。打来电话。这个菜没有了。那个没材料了的。什么都没有。你还开着个什么劲儿。,披萨送来都凉了。难吃到爆",0,train,waimai_review
晚了半个小时，严重不靠谱，电话催了一次。,0,train,waimai_review
炒饭略咸了，味道还是不错的，银耳汤还是那么好喝,1,test,waimai_review
太麻了，青笋有点小，米饭给的也不多，土豆片都碎了，找不到了,1,train,waimai_review
点了酸辣粉，送到家已经都粘在一起没有一点水份了！,0,train,waimai_review
肉还没在微波炉里打热就送来了，还粘在一起呢。东西也确实不好吃…,0,train,waimai_review
外卖小哥和店家都很好,1,test,waimai_review
卷饼味道真的很一般,0,train,waimai_review
确实不错，肘子比鸡肉好吃，中号就够了，量足！,1,train,waimai_review
油菜可以少一点,0,test,waimai_review
"12点40多分才收到,可能还说早了,要的鸡排饭,鸡肉又老又腥....再也不点这家了.",0,train,waimai_review
速度很快。味道也很不错。,1,train,waimai_review
工作人员很速度，服务好，赞一个！,1,train,waimai_review
老板你要我骂人是吧？！预定的七点一刻，你六点打电话来问我送不送，说了七点再送，你就直接把六点做好的送来是吧？！饭都是凉的！做不好外卖就别做！,0,train,waimai_review
很不错哦包装很好,1,test,waimai_review
"味道可以,加上优惠比较划算,原价买的话就有点贵",1,train,waimai_review
"口味还可以,就是送的有点慢...",0,train,waimai_review
搞不懂送的是米饭还是稀饭,0,train,waimai_review
骑士笑容好温暖。。。各种风驰电掣的送到了。。。,1,train,waimai_review
送餐很快，菜像剩的，食材感觉用的都是边角料。,0,test,waimai_review
速度很快。而且我找不到钥匙也耐心等。还安慰我说不着急。人很好。东西很好喝。下次还会买,1,train,waimai_review
特别快!味道也好,1,train,waimai_review
不送饮料了。,0,train,waimai_review
饭还行，催单的时候接电话人态度不咋地。,0,val,waimai_review
非常好，送货也快,1,train,waimai_review
"味道好一般哦,配料不丰富",0,train,waimai_review
骑士太棒了，服务态度极好，地址好像写错了，非常抱歉，辛苦啦,1,test,waimai_review
晚到，不认识路的送餐员,0,test,waimai_review
送餐太慢了，垃圾,0,test,waimai_review
"青椒猪肉馅儿:,猪肉不新鲜了，有味儿，差评",0,val,waimai_review
送来时肥牛已经凉了，米饭也坨了，口感味道受到了很多影响,0,val,waimai_review
送的有点慢…酱香卷还是很好吃的,1,test,waimai_review
还行，就是吃不饱，下次订大份,1,val,waimai_review
太慢！三个多小时,0,val,waimai_review
太差劲了~送餐晚了就算了，还让人自己去取餐，是你送外卖还是我送的，自己下去，还订餐做什么！,0,train,waimai_review
非常不错，喜欢在百度外卖买吃的，速度快，服务好,1,train,waimai_review
东西好吃，但是要等好久！好久！好久！！！！店里电话打不通，好容易打通了，要了送餐小哥电话，结果是个空号！！真的无语了！！！！,0,train,waimai_review
配送员送货及时，糕点质量好,1,train,waimai_review
"等了两个小时,你们随意感受一下",0,test,waimai_review
感觉味道没有去实体店好吃,1,train,waimai_review
鱿鱼炒饭比鱿鱼石锅拌饭好吃,1,test,waimai_review
餐送的很快，就是太难吃了，别定他家的,0,train,waimai_review
"土豆泥量够大,吃了半份快饱了,披萨芝士够足",1,train,waimai_review
送餐及时，菜量不小，足够饱。,0,val,waimai_review
量大味道好，送餐师傅都很好,1,train,waimai_review
饺子到了都烂了,0,train,waimai_review
送来的晚了点，味道还是很赞！,1,train,waimai_review
"连续两天要的鱼香肉丝,但是今天一半都是青椒...很差劲",0,train,waimai_review
很快很好！,1,train,waimai_review
大哥很热情！不错!好评,1,train,waimai_review
菜好吃，但是百度外卖速度差到两小时才去取菜,0,val,waimai_review
送药的人态度很差，还让我去门口取，根本不送进来，还不带零钱，问他怎么处理（找不开我零钱）他说那你退货吧！这送东西的是有毛病吗！态度太次了,0,train,waimai_review
这个卷饼的套餐配的很好，没有粥来冲淡一下的话，就又甜又咸又腻,1,test,waimai_review
味道很好，就是面没有拌均匀，坨了。,1,train,waimai_review
"一直很喜欢他家的东西,味好,便宜",1,val,waimai_review
吃好几次了挺好的,1,train,waimai_review
不怎么样！配菜都不齐，等了俩小时！,0,train,waimai_review
路边摊买的我吃不完，皇太极买的吃完一个还觉得不饱！第一次也是最后一次……,1,train,waimai_review
太慢太慢，等了一个小时啊,0,train,waimai_review
菜有点少，饼有点干,1,train,waimai_review
"吃出来一根头发丝,太恶心了,卷饼太油,都漏出来了",0,train,waimai_review
汤直接装塑料袋里了，我想问问我该如何倒进盆里？,0,train,waimai_review
"这个非常的不行啊,，，，我说的12点15送到,结果11送到的,公司的人都在工作,影响非常的不好啊",0,test,waimai_review
番茄贡丸豆花米线以后请叫番茄贡丸米线，好吧？！想给零分差评！！！,0,train,waimai_review
"送餐小哥特别可爱,小跑着就把煎饼送来了,还一直说抱歉,送晚了,上次送错的这次也补上了,豆腐脑好吃,煎饼还是脆的好吃,其他的都不是北京的口味",1,train,waimai_review
像是青菜炒肉,0,train,waimai_review
很棒哦，冷天吃到好吃的热饭菜，感谢～,1,train,waimai_review
这蔬菜拌饭有点,0,val,waimai_review
真心不错哦，特别好。,1,val,waimai_review
南瓜羹撒了满口袋，煎饼已经惨不忍睹,1,train,waimai_review
挺好吃的，就是慢了点，煎饼不脆了,1,train,waimai_review
订单备注写的很清楚四点半点送餐，三点商家就把面做出来了，面都坨了，感谢百度外卖师傅！,0,train,waimai_review
拌面有点坨，味道很好,1,train,waimai_review
送餐大哥神速啊。一定要,1,train,waimai_review
少送了个盐酥鸡～说稍后联系我～连个屁也不放了～真恶心～,0,val,waimai_review
好吃好吃.顶顶,1,train,waimai_review
"送餐太快了吧,飞一样的速度,给送餐员点个赞",1,train,waimai_review
送货挺快，但味道不如以前的好吃了！,0,train,waimai_review
"啥也不说了,等了两个半小时",0,test,waimai_review
外送小伙儿很逗,1,val,waimai_review
人好速度快，好评好评好评！！,1,test,waimai_review
"给商家打电话直接问怎么没减5元,说不归他们管,直接给我挂了，，之后再打根本就不接，，什么玩意！！！什么服务态度！！！！",0,train,waimai_review
不错，不错，家里有人住院，用百度外卖太方便啦！,1,train,waimai_review
好快，下雨天送餐师傅辛苦了,1,train,waimai_review
"石锅拌饭量太少了,太少",0,val,waimai_review
12：20订单的，13：38餐才到。等的都不想要了,0,train,waimai_review
提前说了不要香菜和辣，结果送来都有！餐品一般，包装不错，实话说还没路边煎饼好吃，不太好，属于不会再定下一次类,0,train,waimai_review
买的饼和粥！！！粥居然不给送！！没见过这样的！,0,train,waimai_review
快递小哥态度特别好…辛苦啦谢谢,1,train,waimai_review
我的卤蛋没给。已经不是第一次少给东西了,0,train,waimai_review
"实在是太失望了,这个店刚开业的时候吃过一次,觉得特别好吃,今天送来后我都怀疑是不是点错店了,怎么反差这么大啊,外面的饼皮就和一团生面一样",0,train,waimai_review
好好，不错,1,train,waimai_review
店长说话很气人直接告诉送不了叫我退了！,0,train,waimai_review
"一般,不好吃",0,train,waimai_review
"很好，速度很快,味道也不错",1,train,waimai_review
不好，都已经凉了。...,0,test,waimai_review
今天的商务套餐太差了！全是大肥肉！,0,val,waimai_review
10点下单，12点还不到，打电话催了5次，说是送丢了，最后下午1点送到的,0,test,waimai_review
天气寒冷，送餐小哥辛苦了,1,train,waimai_review
很好吃，满减时买价格也合适~~,1,train,waimai_review
"送到菜和饭都凉了,哎",0,train,waimai_review
点了薯条没送过来，又跑了一趟才送到。可是时间太长不想吃了。送过来的汉堡都压扁了,0,train,waimai_review
谢谢师傅，非常准时，态度超级好，绝对好评！,1,train,waimai_review
送餐挺快的，送餐员态度很好，谢谢这么凉的下雨天给送餐，菜也都挺好吃的，热呼呼的，下次再定,1,train,waimai_review
总体很好，不过满百送的可乐呢？怎么没见到？,1,train,waimai_review
特别合适，好吃,1,train,waimai_review
服务特别好，包装也特别好！,1,train,waimai_review
菜里面发现头发了→_→,0,val,waimai_review
空心菜份量少了点，汤不错,1,train,waimai_review
粥还不错，饼太油，都散了,0,train,waimai_review
超时！但是态度挺好。说是第一天上班，勉强给个三星。,0,train,waimai_review
面皮好吃。,1,train,waimai_review
味道还好。服务态度真的很好～！,1,train,waimai_review
我要求抹茶拿铁不加糖，为什么还是加糖！,0,train,waimai_review
很好，很不错，速度超快，超好吃。。吃了一个月了还想吃,1,train,waimai_review
面皮感觉是生的？？怎么理解这个软趴趴的口感？里面挺辣的，味道给个个人不喜欢，牛肉咬不动直接咽下去，蔬菜是一些豆芽,1,train,waimai_review
非常不满！！！！搞笑吗？？？汤送过来的时候全都撒掉了，剩下一口不到。仔细看了下，盖子根本就没盖紧，跟快递员没关系，明显是商家打包的时候没盖好盖子，严重不满，气死了！！！！,0,val,waimai_review
岩盐芝士的也好喝,1,val,waimai_review
花生不好吃！肉少油多,0,train,waimai_review
快递小哥很给力，取到餐就立马送来了，但是餐厅晚了好久才做出来，导致晚了好久才吃到饭,1,train,waimai_review
一个半小时，太慢了！！！,0,train,waimai_review
饼有点硬，不好吃。,0,test,waimai_review
早送到了，忘记点确认了，对不起小哥和店家,1,val,waimai_review
好吃，评晚了。,1,val,waimai_review
"米线给的太多了,吃不完",0,train,waimai_review
点了三种煎饼觉得都好吃，鸡柳的里面有菜有沙拉酱。送餐时间45分钟。,1,train,waimai_review
很好很强大,1,train,waimai_review
下雨天，感谢辛勤的送餐者！,1,val,waimai_review
挺干净，就是有点清淡，特别强调配送员特别有耐心,0,val,waimai_review
猪蹄太大了，切小点才好，而且有点肥腻，到时配的海带丝挺好吃的,0,train,waimai_review
送餐很准时,0,train,waimai_review
每次都不看备注吗？说了去冰！还带冰！,0,train,waimai_review
非常不错！！！味道很好，很快,1,train,waimai_review
东西非常好，还是热的，辛苦了！,1,train,waimai_review
"送餐太慢了,等了一个半小时",0,val,waimai_review
"快递员服务非常好,食品也不错",1,train,waimai_review
退了，呵呵,0,test,waimai_review
还可以吧，和平时差不多,1,test,waimai_review
飘香肘子卷饼里全是肥肉而且猪皮上还有毛。,0,train,waimai_review
10.30下的单，11.20多到，发现没带餐，再次送来餐已经是12.50，还没带餐具，纸巾。饿的我呀，无语了，只能差评，没办法。,0,train,waimai_review
都订过好多次了……超级棒,1,train,waimai_review
定的是超大杯拿铁，给的却是超大杯摩卡，什么情况要求更换，到现在还没回话,0,val,waimai_review
怀疑送餐员是跳着过来的吗？那杯子洒的惨不忍睹，有1/4都在路上了吧。送餐的很不负责。,0,train,waimai_review
这个好吃，大赞,1,train,waimai_review
菜不是很好吃,0,val,waimai_review
等了整整一个小时，都凉透了。变得好难吃,0,test,waimai_review
我吃过真难吃的没吃过这么难吃的。,0,train,waimai_review
"都说了不要辣的,还给我来个辣的",0,train,waimai_review
两个小时才送来，都是凉的了,0,train,waimai_review
"等两个小时多,差点没饿死",1,train,waimai_review
好好！快递辛苦啦！,1,test,waimai_review
我很少评价，但这个我想评价下，整体包装是纸质包装，肉卷是锡箔纸，感觉挺干净，但是饭我真的是不喜欢吃～以后不会点了,0,train,waimai_review
卷饼很好吃，粥还热。,1,train,waimai_review
卷饼真的不错！拌饭也还可以,1,train,waimai_review
提醒之后确实没放我不爱吃的东西....良心推荐,1,train,waimai_review
确实不错，肘子的比较好吃,1,train,waimai_review
虽然等了一个多小时，但确实因为天气热，外卖小哥送不过来，辛苦辛苦，好评,1,val,waimai_review
送餐很快，4:30分提前送到，分量很足,1,train,waimai_review
不好吃、都是肥肉,0,train,waimai_review
速度还可以，味道好,1,train,waimai_review
不错，还挺好的。百度送餐员态度挺好的,1,train,waimai_review
太差劲了！！！,0,train,waimai_review
总体来说，不错，最起码价格便宜，花了四块钱，吃了一个肘子肉卷饼,1,train,waimai_review
晚了将近一个小时,0,test,waimai_review
味道不错，就是送餐速度慢到了无法接受的地步,0,train,waimai_review
"私自挑动菜品,,不好吃也。,比较坑。",0,train,waimai_review
"很好吃,包装也很高大上,惊喜",1,train,waimai_review
真她娘的慢，要等两个小时才送到，人都饿死了,0,test,waimai_review
"感觉还可以吧,味道一般",0,train,waimai_review
特别特别好，外面马上就要下雨，小哥快马加鞭的来了～～神速～^_^,1,test,waimai_review
超快就送到了，喜欢百度外卖，真心赞！,1,train,waimai_review
送的这么慢还请假啥。,0,train,waimai_review
为什么会有一股冲天的腐臭味!那么多好评是水军刷出来的吗,0,val,waimai_review
来时都凉了,0,val,waimai_review
比预计时间快了好多，又快又好，好评！！,1,val,waimai_review
数量太小。都没吃饱,0,val,waimai_review
味道棒棒嗒,1,train,waimai_review
"说实话肉卷很好吃,就是送餐速度太慢了,不是一般的慢,希望送餐速度有待提高",1,test,waimai_review
年糕好辣，不是微辣，果汁是苹果汁，送过来的没有石榴汁，好像快过期了，沙拉怎么好多水,1,val,waimai_review
速度真快，20分钟就到了，而且味道不错呢,1,train,waimai_review
还好吧就是这个时间啊！两个半小时！也就1.5公里距离！这个时间1我走着来回两次都够了,1,train,waimai_review
喜欢多年。非常好。,1,train,waimai_review
百度骑士很快，从取餐到送达15分钟，商家忘了配送鸭饼，派自己人送，从第一个电话到送达用时一小时二十分钟，期间通话五六次，送达时鸭饼已冰凉，鸭子当然也凉，很失败的晚餐，商家管理有待加强。,0,val,waimai_review
配送太慢，比预计的时间晚了一个小时才送到,0,train,waimai_review
送的超快！！,1,train,waimai_review
"太快了,11点就到了",1,train,waimai_review
很快，也好吃,1,test,waimai_review
"实在是。,太慢了",0,train,waimai_review
我订的鸡丝面没给送筷子,1,train,waimai_review
非常好，一元吃上高端卷饼，太霸气,1,train,waimai_review
四个人吃得很饱，要是能选择尺寸就更好了,1,test,waimai_review
服务态度特别好,1,test,waimai_review
送餐比之前快了不少呀，是只有我这么想么。味道很赞。,1,train,waimai_review
感觉比在店里吃的时候粗糙很多,0,train,waimai_review
送来东西都已经凉了，凉了味道就不好了，太不靠谱,0,test,waimai_review
还行。就是有点凉了,0,test,waimai_review
太难吃了，再也不订蜀湘饭了。,0,train,waimai_review
"一般,偏贵",0,val,waimai_review
味道不错，就是好辣啊！把辣椒拿出去又觉得有点腻，能吃辣的可以试试看！,1,val,waimai_review
送餐好快啊,1,train,waimai_review
好吃实惠速度！,1,train,waimai_review
"挺好的,主要是送餐快！",1,val,waimai_review
"咖啡撒了一兜子,还是凉的,服了",0,val,waimai_review
定的卤蛋都没送，然后土豆豆角里都生着的！送餐速度特别慢，送餐的还和我吵了半天非说给我打了半个小时电话，可是我刚刚接到电话！,0,train,waimai_review
给力给力！,1,test,waimai_review
"差评！等了一个多小时,凉面都热了,不怎么样！！！！？？",0,train,waimai_review
整体来说不错,1,train,waimai_review
我和朋友两个人晚上吃完，第二天都拉肚子了，而且我们两个那天晚上只吃了这个卷饼，真是怕了。送餐倒是挺快的，味道也还可以，但是拉肚子实在是受不了啊。。。,0,val,waimai_review
服务很到位，及时联系客户,1,val,waimai_review
价格不贵，肉也够足，要是再加点葱什么的提提味就更好了,1,train,waimai_review
点很多次了，都很好～～～,1,train,waimai_review
就是有点咸了，其他还好吧,1,test,waimai_review
盖饭好难吃…粥还可以,0,train,waimai_review
不好吃，还是他家米线地道,0,test,waimai_review
太慢了。挺好啊,1,train,waimai_review
10:10下订单付款完毕、要求11:30送到，商家来电说会晚点儿，将在11:50送到。但后来经过了无数电话催单，午餐最终在12:45才送到，已经上班了，没时间吃了，最失败的一次订餐，真是醉了……,0,train,waimai_review
非常喜欢味道不错，辛苦了！,1,train,waimai_review
煎饼味道一般，没觉得有多好，也许是期望值高了。,1,train,waimai_review
不值。没有20元的感觉,0,train,waimai_review
比较好，非常准时,1,train,waimai_review
连筷子都没放，菜很少,0,train,waimai_review
肘子拌饭竟然是辣的,1,val,waimai_review
汇源果汁怎搞是苦汁？其他还不错，肘子卷是小块肥肉与瘦肉吧！总体不错，推荐购买！！,1,train,waimai_review
速度快快快，饭菜热乎,1,test,waimai_review
很快。。卷饼味道一般但是很值。。。,1,test,waimai_review
粥又酸又辣不知道是不是坏掉了，料全部都是生的放在里面，而且不是百度送的，很慢。没有物流信息,0,train,waimai_review
牛肉、大肠稍微有点少。,1,train,waimai_review
送单很快，菜也不错赞,1,train,waimai_review
服务很好，准时送到，菜品也很好,1,test,waimai_review
所有菜品偏甜，但口感还不错，值得推荐,1,train,waimai_review
很不愉快的一次点餐,0,train,waimai_review
没拿吸管，对业务不熟悉,0,train,waimai_review
超级好吃的牛肉面，真的好吃,1,train,waimai_review
相当好！送餐快，一大盒子超好吃！,1,train,waimai_review
味道很不好，都凉了，饼都没有熟，肉也没有味道，跟在店里吃的差远了,0,train,waimai_review
送餐超级慢啊，味道很好,1,train,waimai_review
10点40点的立即，快一点才到,0,test,waimai_review
10点下的单，要求11:45送过来，结果12:45才送到，中间催单两次没反应，打400也打不通。快递小哥很朴实，12点多才拿到饭，然后风风火火爬步行梯到15层送过来，辛苦了，但餐厅做饭也太晚了吧！！！粥和肉卷味道都非常一般，等的快饿死了,0,train,waimai_review
太垃圾了，根本没给送货，还显示14点14完成订单，还不知道什么时候才能退款，太气愤了，百度客服也敷衍了事,0,val,waimai_review
今天这个送餐的让我太无语了，电话接通就喊“出来拿外卖”。我30秒不到走出去就没人了，一看外卖在楼道内垃圾桶上放着。永远不会再订这家了，太差劲！！！,0,train,waimai_review
12点47进的家门。52就赔50%这是掐着点来的吧。快递员给的理由是上一家忘送一样东西，所以要先给别人送。。。。这就可以给我们晚送。。。,0,train,waimai_review
"不错，常客了，肘子的好吃,送货也快",1,train,waimai_review
男同志有的吃不饱，女同志有的吃不了倒掉，建议调节一下，给备注多加米饭的多一些米饭。,0,train,waimai_review
大叔特别面善！饭食用料很好！,1,train,waimai_review
"送餐奇快啊,就是手撕包菜花椒多了点",1,train,waimai_review
味道很不错。一般饭量一个中份卷饼就够吃了。,1,train,waimai_review
不好吃，饼跟面皮似的，肉太干,0,train,waimai_review
"送个餐90分钟,呵呵,竟然送餐不知道坐电梯去B2,呵呵,我自己去拿的,呵呵,没心情吃,呵呵",0,train,waimai_review
送餐送的真他妈慢,0,train,waimai_review
买多了，肉夹馍没吃，好大一碗面,1,val,waimai_review
"点了三次了,很好喝,送的也很快",1,train,waimai_review
送货员送错了一份餐，也没有给发票,0,test,waimai_review
红烧牛肉套餐基本上都是土豆，一般，送餐时间那是个超慢啊,0,train,waimai_review
粉送來的時候已經「斷」完了，跟米飯一樣，唉，有些失望⋯,0,train,waimai_review
病人吃啊，挂面哈拉味，汤也腥。,0,val,waimai_review
送货很快哦,1,train,waimai_review
百度的服务还是很不错的，辣牛肉汤味道也不错，可惜送达的时间实在是太晚了，我都是冰冰凉吃的，唉，非常委屈,0,train,waimai_review
酸梅汤是小时候的味道,1,train,waimai_review
味道特别棒！,1,test,waimai_review
点了5串羊肉串，量少的可怜。和在店里吃的不一样,0,test,waimai_review
配料太多，味道一般,0,val,waimai_review
这次挺好的,1,train,waimai_review
"一直都挺满意的~,骑士也很棒~",1,val,waimai_review
花蛤里全是沙子,0,train,waimai_review
速度非常快，很好很好,1,val,waimai_review
菜没熟，蒜台、青椒没熟。好难吃。,0,train,waimai_review
味道一般，而且少到可怜。,0,test,waimai_review
好服务，就是习惯百度外卖的快速,1,train,waimai_review
已经不是第一次买了，这次是感受最差的一次，等了很长时间，咖啡到了还是撒了的，都快凉了，特殊要求也没看！感受极差！本来一颗星都不想给，可是不给星不能评价，所以给了一个星！,0,train,waimai_review
京酱肉丝卷刚做出来的好吃,1,train,waimai_review
太慢啦，八点半下的单，说是九点半送到。十点二十才送来。服了,0,train,waimai_review
"好评给百度的送餐小哥。,但是麻辣香锅实在是..反正以后不会再点了，特别少而且还不好吃！！",0,train,waimai_review
送餐快，味道可以。如果有满减就更好了。,1,train,waimai_review
我要的是大份蔬菜牛肉扮饭，送过来和同事中分的一样的饭盒，贵了那么多，但分量根本没多多少，太坑了，还有，我要的是牛肉，吃不出来牛肉味，也没有回民，否则让尝尝是不是牛肉。。不说了，也没办法上图，大家自己点一次就知道了，以后这个饭进入黑名单了～感觉太坑～,0,val,waimai_review
之前送的很快，今天不知道为什么特别慢，送餐的还不认识路，就在他家馆子门口……,0,train,waimai_review
从取餐到送到花的时间太长，关键只有两公里的路，送到面都不能吃了。,0,val,waimai_review
快递师傅很好，很负责！饭菜也还可以。就是鸡腿有点淡了！,1,train,waimai_review
便宜好吃特来推荐,1,train,waimai_review
态度好，人热情，没电梯爬楼送来的。,1,train,waimai_review
"好吃。速度快,哈哈",1,train,waimai_review
速度很快，就是他家菜量太小了,1,train,waimai_review
"十点就定了,怕中午人多,没想到24分钟就到了,送餐员态度特别好,大冷天的辛苦啦,湄州的菜很不错",1,val,waimai_review
"特别实惠,一个都吃不了,在线支付优惠大大的",1,train,waimai_review
好快，味道真的很棒，还不贵,1,train,waimai_review
超级大一个土豆丝卷饼！吃完晚上都不用吃饭啦！,1,train,waimai_review
非常的快、有温馨提示！,1,train,waimai_review
希望大卷的饼能厚一点～因为饼皮太薄内容太多了的话会包不住啊、而且感觉只在吃菜没有饼《,1,train,waimai_review
配送员说饭馆做错菜所以晚了，期间没人和我联系过,0,train,waimai_review
少一盒米饭，只送了三盒米饭，我要了四盒,1,train,waimai_review
送餐慢，超级超级难吃，一点味道都没有,0,train,waimai_review
味道一般，但是看着比较干净健康,0,test,waimai_review
就是有点小,1,val,waimai_review
很好，百度骑士师傅很好，很快速的送到，大赞,1,test,waimai_review
包子都不想说啥了,0,train,waimai_review
越来越小了。。。,0,val,waimai_review
总是很晚送到,0,train,waimai_review
非常好吃，包装很严密,1,train,waimai_review
还行，配菜改成包菜了，差评！！！,0,test,waimai_review
速度快，态度好,0,train,waimai_review
肘子太腻了,0,val,waimai_review
非常美味！！！！,1,train,waimai_review
"土豆粉的汤都没了⋯⋯⋯⋯都在袋子里哈哈哈,请下次注意哦～",1,train,waimai_review
下午都开始上班了，才送到手里，你说我吃还是不吃？！,0,train,waimai_review
12:21下单13:01到达！等了70分钟！！！怎么安排的送单？？,0,train,waimai_review
我订的是套餐，怎么只给我送单点的？,1,val,waimai_review
简直难吃，糖醋里脊做的最难吃的一家,0,train,waimai_review
味道还可以，就是量少…,0,train,waimai_review
"送餐时间还可以,不过菜品不对,！,我点的饭,送的是意大利面！,差评",0,train,waimai_review
送的快，下单没多久就到了,1,train,waimai_review
刚开始挺好吃，后面我发现鸡皮上还带毛，我就恶心了，真恶心了，前面吃下的啥，我就难受了，早知道就吃肉丝得了。,0,train,waimai_review
"太慢了,那么近要一个小时才送来",0,train,waimai_review
锅仔酸菜炖腔骨怎么没见酸菜啊？只有青笋和腔骨，青笋也不是酸的。,1,train,waimai_review
眉洲的除了有些辣以外还是很好吃的,1,train,waimai_review
"备注都说了不吃猪肉，包菜卷粉丝里面有肉末为什么不说呢？浪费了,根本吃不了",0,val,waimai_review
千万别吃这个菜，真不值这个钱，血和泪的教训,0,test,waimai_review
为都是肥肉！,0,train,waimai_review
"三个菜给俩筷子,怎么吃啊,二百五",0,train,waimai_review
好吃好吃，有好吃又便宜，爱你家的卷饼，而且纸袋很高大上哦！,1,test,waimai_review
服务态度很好，服务态度很好,1,train,waimai_review
一包番茄酱都没有,0,train,waimai_review
外卖速度太慢，由店家自己送的，而非通过百度外卖。送到的时候煎饼都凉了，而且也疲塌了，耗时90分钟，该店距离我家不到1公里，送餐速度慢成这样。也吃不出煎饼有多好吃。也就是百度卖外的活动还算优惠，其他没什么好的。以后不再买了。,0,train,waimai_review
"差评！！！,送餐巨慢，味道很差，卷饼太厚，部分还没有熟，里面的肉根本没味道，酱很少。强烈推荐不吃！,南瓜粥也差，粥跟南瓜汁基本是分开的，对就是南瓜子泡在白粥的感觉，难吃。",0,val,waimai_review
昨天少给我送一个肉夹馍，9块钱没了,0,train,waimai_review
在于我们朝着目标的重要指示的方向,0,train,waimai_review
不好，看不到图片定不出想吃的那种烤翅,0,train,waimai_review
"定位出了点问题超出了配送范围,但是快递人员还是耐心问路给送了,好评",1,train,waimai_review
我觉得量很少，不怎么好吃！,0,train,waimai_review
"时间太长了。,餐到后都要凉了",0,val,waimai_review
还行，不错，快递也非常的快,1,train,waimai_review
量足，好吃，送餐也快,1,train,waimai_review
不错，第二次吃了,1,train,waimai_review
很好吃的煎饼,1,train,waimai_review
好吃，准时,1,val,waimai_review
"配送员辛苦啦,服务很好",1,train,waimai_review
点少了，没吃饱，哈哈！不错！,1,train,waimai_review
难吃到无以复加，以后都会绕道，全是洋葱很少肉，太过分了吧,0,train,waimai_review
整体不错，只是速度慢了一些，土豆卷略清淡,1,train,waimai_review
包装好，味道也不错，就是粥有点凉，但卷饼太好吃了！,1,train,waimai_review
挺好滴，外卖师傅很可爱：）,1,test,waimai_review
"等了一个半钟头,垃圾",0,train,waimai_review
晚了快一个小时，太过分了吧,0,train,waimai_review
味道还行，锡纸包着，还能加热。皮蛋瘦肉粥做的很好比嘉和一品好吃。包装很精致。还有一次性手套，很用心了。百度外卖不能传照片。。。,1,train,waimai_review
"哎，过了12点订送的就很慢了。。。差点把我饿死。。。不过看在送饭的是个妹子的份上还是好评吧-,-。。。",1,val,waimai_review
谢谢送餐师傅，饭菜也比较可口。。。,1,val,waimai_review
对于不吃鸡皮和鸡骨头的人，这款真不适合,0,train,waimai_review
挺不错的，加油吧，我,1,val,waimai_review
特别好。味道也好，送餐很快。,1,train,waimai_review
大冷天辛苦快递大哥了。,1,val,waimai_review
"关东煮太尼玛的难吃的,不是给人吃的，,我艹他们大爷，坑人啊，艹,！！！,水煮鱼饭挺好吃的！！！",0,train,waimai_review
商家真的很在意备注留言，米饭给的很多，不要辣椒一点辣椒都没放。小黄鱼也没给炸干。就是觉得这次油不太好,1,train,waimai_review
老公说太好吃了,1,train,waimai_review
外卖小哥送的很及时，服务态度很好。给个赞！,1,train,waimai_review
很好，很快，稻香村的东西就是好，百度骑士也很快很棒……,1,train,waimai_review
都没送怎么就叫订单完成了？,0,val,waimai_review
"没有满减,不定了哼哼哼",1,test,waimai_review
师傅很辛苦啊，找了一个小时才找到地儿，结果已经到下午了，吃不了了。辛苦师傅了,1,train,waimai_review
难吃到爆！这家店的菜品完全有失牛炖的水准，如果由于地址的限制只能在这家点餐，那么将义无反顾放弃牛炖！,0,train,waimai_review
没有满减！,0,train,waimai_review
"菜品味道好,配送员态度好",1,train,waimai_review
两个小时，也是醉了,0,train,waimai_review
虽然送晚了，但是商家的太度还是可以的,0,train,waimai_review
比较远，不过还可以了,1,train,waimai_review
配送速度有点慢,0,train,waimai_review
速度快，态度好，不错不错。,1,train,waimai_review
满意，不错,1,train,waimai_review
"听闻不错,亲自品尝,面的味道确实可以",1,train,waimai_review
很好，也很快不错,1,train,waimai_review
辣五花石锅拌饭一般，韩式㳂菜汤還可以,0,train,waimai_review
送餐很快，卷饼里面感觉再多点酱汁比较好,1,train,waimai_review
特别实在，实惠，量大，良心餐厅。味道也不错,1,train,waimai_review
勺子筷子都没给～让我用手抓着吃啊,0,train,waimai_review
还不错！这次点的是饭，没有立减的话，那就不值二十元这个价！,1,val,waimai_review
分量够，味道可以，送一次性手套和餐巾纸,1,train,waimai_review
说得再好也是假的，尝了就知道了,1,test,waimai_review
味道不错，外卖小哥速度快，态度好,1,train,waimai_review
不给筷子，咸菜难道要用手抓着吃……,1,train,waimai_review
"下着雨,送餐很及时,孙师傅很认真,敬业,非常好,！",1,train,waimai_review
外卖小哥很可爱。饭少。zz,1,train,waimai_review
味道还行，就是送餐太慢了……,0,train,waimai_review
不说自己送的慢，闲我下去的慢，三电话，我能不着急去取餐吗？送餐人员太少了。卷饼一般般，谈不上多好吃。吃完愣是没吃饱，感觉像早餐。,0,val,waimai_review
要是菜再多些就更好了,1,test,waimai_review
咬不动，给的肉还是挺多的，都是肥肉，再也不订了额,0,train,waimai_review
"根本没减单啊,没有优惠啊",0,train,waimai_review
端午节还送粽子。业界良心啊！很棒,1,train,waimai_review
红油抄手贵，但味道确实不错,1,train,waimai_review
"送过来的时候最底下的粥都压扁了,全洒了,送餐员也不看一眼,一坨就给我了,无力吐槽",0,train,waimai_review
晚了半个小时，饭都凉了,0,val,waimai_review
不错，菜品选择再多一些就好了,1,test,waimai_review
"晚了一小时,要求赔偿,给我回电",0,train,waimai_review
骑着毛驴来送餐的，神一样的速度！！！！,1,train,waimai_review
"真的醉了,鸡丝凉面好几块生的不说还咬不动,面巨硬,基本没吃就扔了,皮蛋瘦肉粥特咸,我真是醉醉的",0,train,waimai_review
非常满意！量足味儿好！,1,test,waimai_review
n南瓜粥不够甜，卷饼很好吃，饮料有点小，包装很干净，卫生不错，送餐准时,1,train,waimai_review
太慢了，送了90分钟。,0,train,waimai_review
"送的太慢了,到了都已经完全凉了",0,train,waimai_review
说好的黄瓜呢，里面是青椒,1,val,waimai_review
太好了！！！,1,train,waimai_review
送外卖的啥态度？打电话五分钟下楼拿他就走了，然后再打说让我再等十分钟,0,train,waimai_review
感谢送餐小兄弟，几年前天天在他家吃炒面现在还是这个味，量足很好吃很满意，祝店生意兴隆,1,test,waimai_review
配送速度很快，服务态度很好,1,train,waimai_review
很快就送来了，棒棒哒，满意。,1,train,waimai_review
第一次吃！很不错！,1,train,waimai_review
3次了，就不给餐具的？！,0,train,waimai_review
麻辣香锅很地道，送餐及时，好评,1,train,waimai_review
第二次下单，很不错。,1,train,waimai_review
好多肥肉。。？？,0,val,waimai_review
我的豆浆没给啊,0,train,waimai_review
"有效率,非常好",1,test,waimai_review
"卤肉饭不要这么好吃好吗！！！分开放我很喜欢,盒子也很大,配菜真心很全面,酸萝卜胡萝卜紫菜花,泡脚。凉粉不是很辣,以后就翻你家牌牌了,哈哈哈",1,train,waimai_review
他们是自己的送餐员，速度且慢了，两个小时！,0,train,waimai_review
很配送员很好，辛苦了，面也很好，很快,1,train,waimai_review
"不错,量多。能吃饱",0,train,waimai_review
除了米饭不好吃其他都还行,0,test,waimai_review
"百度外卖应该叫蜗牛外卖！太慢了！送过来是凉皮里汤水都已经侧漏光啦！南瓜饼压大一圈！,就酱紫。",0,train,waimai_review
还是很好吃的，就是有时候菜品卖光了！,1,train,waimai_review
卖家能仔细点吗？写着不要鸡蛋还是给我煎饼上加鸡蛋，实在让人无语！,0,train,waimai_review
还可以。拌面有点干，油多了。,1,train,waimai_review
希望下次不要换餐了。,0,val,waimai_review
"超时不赔付,还洒了很多",0,train,waimai_review
价格实惠，味道不错。,1,train,waimai_review
下雪天送餐小哥摔了，结果很快又重新送过来一份！,1,train,waimai_review
"味道不错,就是花卷有点小,下回多要几个",1,train,waimai_review
肉有点腻了,1,test,waimai_review
小度骑士，速度很快，服务态度很好。很喜欢点百度外卖。,1,val,waimai_review
今天点了咖喱牛肉饭，我不懂为什么是拌好的。剩的？,0,train,waimai_review
挺快的。菜送来还是热的。,1,train,waimai_review
很好，分量足，好吃，包装严实,1,test,waimai_review
"炒面还好。回锅肉太肥,米饭太硬",0,train,waimai_review
送的太快了！简直惊喜！作为加班饭，受到好评一片,1,train,waimai_review
味道还可以，就是里面有砂子,0,train,waimai_review
这家店芝士泡菜炒饭太咸了！没法吃，芝士还很少,0,val,waimai_review
越来越小了，性价比不高，而且少送饮料，包装也开始糊弄了，不会在吃了,0,train,waimai_review
送餐员态度很好！辛苦啦！奶茶味道棒，谁让我是个奶茶控几乎天天喝…,1,train,waimai_review
今天下雪。天气寒冷。辛苦送餐员了,1,train,waimai_review
一直信赖百度外卖，挺好,1,train,waimai_review
鸡肉卷肉很多呀，味道不错,1,val,waimai_review
"一个小时,已经出发了,两个小时,哦,单子弄错了,没送呢,然后刚要电话取消单子,送餐电话就到了,心想知道弄错之后这么快就到了,然后接到电话,下楼等外卖小哥,等了五分多钟才到,真是等的都不饿了,到了再打电话不行吗,让我还在楼下等那么久,炒饭还行,双皮奶一般",0,train,waimai_review
本来不想说的，可是点的菜关东煮没了改的鸡，送错了也就罢了要的鸡送的串，电话过去态度还不错，送错也难免能理解，可那个错了的什么串吃的我胃疼,0,val,waimai_review
小黄鱼贴饼子根本不是贴饼子，，炸窝头！都黑了！什么玩意！糊弄人呢！！！,1,train,waimai_review
太方便了，味道不错,1,train,waimai_review
一个，送的太慢了。。。。,0,train,waimai_review
很好吃，但是外卖小哥就停在学校门外了，而且态度差一直催,1,train,waimai_review
"东西好吃,送餐小哥给力",1,train,waimai_review
好咸好咸好咸，两份菜下肚估计吃掉了2量油1量盐，虽然盐是属于腊肉的但油是属于肥肉的。不过咸到这个程度我也是醉了。送餐大叔态度很好。,0,train,waimai_review
饮料洒了！鸡柳软了！,0,val,waimai_review
"口有点重,干煸豆角已经有些苦咸苦咸了,你们家的盐是马路捡来的么",0,test,waimai_review
好，味道不错，准时送达。,1,test,waimai_review
等了将近2个小时，说电动车坏了，还待修车...汗,0,val,waimai_review
香肠炒饭太烂了。。。又少香肠不超过3片,0,test,waimai_review
第一次吃，肉食的盛宴，很好，比肯德基的好,1,train,waimai_review
"送饭的人都是脑残吗,能不能找个智商高点的来",0,train,waimai_review
"无语O__O""…问苍天",0,val,waimai_review
米饭里十来厘米的长头发，这是能看的到的，真担心他家的卫生问题，以后再也不敢叫他家的外卖了,0,train,waimai_review
"差差差,备注了不要辣,结果还有一盒很辣,孩子根本没法吃,等了那么久,孩子们已经饿坏了",0,train,waimai_review
10:22订餐的，12:10才送到，而且送来的饭菜都凉了，很不满意，要求商家给我回复电话！！！！,0,val,waimai_review
涨价了，越来越不值得,0,val,waimai_review
好吃，小哥每次都给爬楼梯，很赞,1,train,waimai_review
好吃，就是送的太快了，没有按照预订的时间送达,1,train,waimai_review
外卖员名字跟我们家名字一样,1,train,waimai_review
少送了米饭，还拒不补送，投诉后才补送，可已经是很久之后了，店家态度极差！,0,train,waimai_review
真难吃，哪有五花肉啊?光是白菜和萝卜丝，这东西还好意思拿出来卖,0,train,waimai_review
豆腐脑再多点香菜就好了,1,val,waimai_review
"真棒，,这速度，,送餐在疯狂奔跑中,跑了俩小时。",0,test,waimai_review
又忘了开发票。。。一_一|,1,train,waimai_review
配送好慢啊，已经取消的订单还是给送了，生生的被订餐了,0,train,waimai_review
点了2份单个狮子头，送来就1个。而且还是放在单点的米饭里。好吧，这个混放其实无所谓...然而少一个。,0,train,waimai_review
越来越差，越来越差，虽然写了也没人在乎没人看但还是要写，等了一个多小时，订单莫名其妙就被完成了，可是我的饭呢？饭呢？饭呢？？？受不了？搞个毛线互联网+啊，送餐员也是叼着烟一副屌样，呸,0,train,waimai_review
送单小哥的电动车没电了，送餐时间差一分钟就超时了，希望后续不要出现类似的问题哈,1,train,waimai_review
包装好用心呀，点赞！,1,train,waimai_review
面不知道是什么时候做的，送过来整个一坨面块，能吃么？！,0,train,waimai_review
味道一般吧，我让十二点半送来的，结果十一点半就送来了，我也是醉了。,0,val,waimai_review
"差差！！！,先给差评再吃饭,送餐送到2个多小时,东西还不怎么热了,简直服了",0,train,waimai_review
"饺子不错,服务到位,因为急要,所以店家还帮忙送了过来,点个赞",1,test,waimai_review
好喝，大雪天的非常感谢,1,train,waimai_review
好极了，超值！！,1,train,waimai_review
"猪蹄每次大小不一致而且太肥过于油腻,配菜应该是海带丝,所以整体一般希望改进",0,test,waimai_review
好多肉啊，又便宜，很不错哦,1,train,waimai_review
牛腩和牛肉饭根本分不清，店家解释什么块大块小的事，就是胡说！太坑人了！,0,val,waimai_review
送餐挺快的，送餐员也不错，不过感觉饭没有卷饼好吃。,1,train,waimai_review
好喝哦，但今晚我们作死点的无糖，感觉好酸，友情提示减肥的朋友点半糖,1,train,waimai_review
给我配错了，中午的饭，等到晚上才给我解决，中间打了4次电话投诉都无效，差,0,test,waimai_review
菜给的不多,0,train,waimai_review
鸭卷不好吃,0,train,waimai_review
味道不错，还会再来！,1,train,waimai_review
额，卷饼好吃⊙▽⊙，但是送餐速度←_←的确有像向宇宙来的,1,test,waimai_review
不错就是洋葱没熟太辣,1,train,waimai_review
送的挺快的,0,train,waimai_review
不错，外卖小哥挺好玩的，东西不错，我觉得肘子的好吃！就是粥吧，有一根很短的头发。,1,val,waimai_review
送餐时间太慢，送餐人员想让消费者从19层楼下一楼自取，服务态度欠缺,0,train,waimai_review
又少给了烤肠无语,0,test,waimai_review
路程就30米，要的是立刻送。却让我等了60分钟，你蜗牛呀！,0,train,waimai_review
快递小伙真不错，菜的辣味十足,1,train,waimai_review
太糟糕了，大份的薯条只装了包装的不到一半。汉堡都像是儿童餐！,0,test,waimai_review
送来的时候煎饼洗净湿的不行了。请注意包装,0,train,waimai_review
菜还行就是油有点大。送餐小哥不错萌萌哒.,1,val,waimai_review
美味，送餐人员态度很不错。,1,train,waimai_review
太可恶了，不送还接单，催了几百遍都不理客户，从没碰到过这么恩劣的商家,0,train,waimai_review
很好吃！干煸豆角非常推荐！牛肉烧卖也是棒棒哒,1,val,waimai_review
配送很快！点赞，凑够十个字,1,train,waimai_review
赞一个。很快的,1,train,waimai_review
不会再吃了,0,test,waimai_review
"辣死了,但是送餐速度好快",0,test,waimai_review
挺好吃的，也干净，小炒肉很解馋,1,train,waimai_review
没有沙拉番茄,0,train,waimai_review
小笼包不错，下回还会点,1,train,waimai_review
味道还可以，就是送错了，京酱肉丝变成了香菇鸡肉,1,train,waimai_review
"挺好。,就是备注不吃辣，还是放了辣椒。",1,train,waimai_review
8点50下单，10点50才到，真的真的太慢了！,0,train,waimai_review
中午十一点定的餐，下午四点才送到……点的西红柿鸡蛋面，面和汤分开装的，送过来面全坨了，汤全撒了，彻底无语,0,val,waimai_review
肉再多一点儿就更好了~,1,test,waimai_review
味道真心不错啊，像家里做的感觉～,1,train,waimai_review
还不错，就是买回来面有一点陀,1,test,waimai_review
请卖家看备注啊…已经第二次给我做岔了。多等一个小时会饿死人。,0,train,waimai_review
前几年去他家店里吃特别正宗。这次外卖点的酸豆角肉末和小炒牛肉居然配菜都一样！！配菜都是酸豆角和蒜苔，太难吃了，肉末酸豆角居然放蒜苔。牛肉又小又少。两个菜一个味！！望改进。,0,test,waimai_review
很满意，味道好，量也多,1,train,waimai_review
送餐速度还可以，饼很好吃,1,train,waimai_review
大份的麻辣烫还这么这么这么少！好意思么！！！18和22的也没区别吖！！,0,train,waimai_review
"超时半个小时，还送错东西，并且还少了两杯豆浆，最后打了十几次客服电话竟然一直没人接,呵呵",0,test,waimai_review
要求11:45送到，提前了45分钟，饮料翻的一塌糊涂，而且订的摩卡，送的是巧克力,0,train,waimai_review
洒的很厉害，然后两杯咖啡不给杯示，根本分不清啊，卡布的奶泡本来应该很多，都洒了，跟拿铁一样了，囧,0,train,waimai_review
外卖的米粉量有点小,1,test,waimai_review
又快又好！热腾腾，好吃好吃,1,test,waimai_review
南瓜粥有点儿凉了但是也很好吃～酱香鸡腿肉卷饼很好吃～一个女生吃可以吃饱～男生可能就要大份咯～,1,train,waimai_review
两个多小时才送到，电话也打不通，而且私自换了菜品，都没有通知,0,train,waimai_review
太辣了，而且几乎没有肉。。。,0,train,waimai_review
速度快，服务好，非常赞,1,test,waimai_review
味道相当不错！一直认准这家店，也经常堂食。今天天气不好，可送餐小哥依然那么快，送来饭非常热，感谢有你们！,1,train,waimai_review
"少送了一份粥,还联系不到店家",0,train,waimai_review
经济实惠还好吃,1,test,waimai_review
送餐及时，包装看起来高大上,1,val,waimai_review
黑三剁炒饭就一丁丁辣椒，一丁丁鸡蛋，一丁丁酱油，5块钱不能再多了，太坑了！！强烈抗议！！！！,0,val,waimai_review
"吃的挺好的,以后还会点别的",1,train,waimai_review
点错了！菜没有按时送达，到现在还没有送到,0,train,waimai_review
很难吃，吃完胃疼,0,train,waimai_review
配送时间稍微晚了几分钟，但没关系，送餐的叔叔人很好，卷饼用锡纸包装，同事还以为是韩国快餐店的紫菜包饭，饼皮很筋斗，香菇鸡肉的夹料也很足，盒饭里面菜少了一些，但味道还不错。一个中号卷饼配一个盒饭，我觉得正好，,1,test,waimai_review
只能说很一般……肉给的太少了，蛋也太小了……跟描述完全不符,0,train,waimai_review
好吃好吃。,1,train,waimai_review
足不出户享受清凉，快递小哥谢谢啦～,1,train,waimai_review
味道不错，但是送餐第一次十一点45送的，我们定了4份，只送了一份，剩下的三份是12点10分送的,0,val,waimai_review
非常差的速度，等了足足2个多小时，还总骗人说快到了，十分钟等等。还不如改定别家。千万别上当了。,0,train,waimai_review
饺子皮太厚饺子包的有点像包子,0,train,waimai_review
不好吃，挺难吃。,0,test,waimai_review
煎饼送到不脆了，鸡丝凉面味道还成，就是面太少,1,train,waimai_review
以前订过感觉还好，这次订的里面的肉有怪味，不知道是什么肉啊！！,0,train,waimai_review
口味不错，送餐特别快,1,val,waimai_review
超时不少，饿坏了,0,train,waimai_review
跟在店里吃的一样，而且面、料、菜、汤，都是分开装的，很专业，不错哦~~~当然，要是没有运费就更好啦,1,train,waimai_review
特别好，送外卖的大哥服务也特别好！好吃！,1,train,waimai_review
很好吃，经常订,1,train,waimai_review
分量真足，就是微贵,1,train,waimai_review
米饭有点硬，有点凉了。,1,train,waimai_review
一个多小时送到！打开之后发现饭都是凉的！！！差到家了！,0,train,waimai_review
还不错的啊,1,train,waimai_review
一如既往地好吃,1,test,waimai_review
有点偏淡～,1,val,waimai_review
好吃！速度！包装也有品质，不出家门就能吃到餐厅的味道！,1,train,waimai_review
干净卫生个人感觉不错,0,val,waimai_review
食品已经挤烂了。1个半小时送到。,0,train,waimai_review
太慢了……,0,val,waimai_review
不给退，卧槽,0,train,waimai_review
"农家小炒肉,有一点辣了。",1,val,waimai_review
好吃好吃好吃送餐还快！,1,test,waimai_review
我都疯了。这一碗辣椒怎么吃。。。,0,val,waimai_review
送餐太晚了。。。比预计晚了半个小时！！！,0,train,waimai_review
味道依然是不错的，百度骑士很靠谱！,1,train,waimai_review
味道挺赞，配送比预想中的快,1,test,waimai_review
很好吃，送的及时，下回还点,1,val,waimai_review
菜过于油腻，而是前几天直接去店里，对服务很失望！,0,train,waimai_review
服务很到位，土豆丝卷很好吃，中午订不了粥可惜,1,train,waimai_review
鸡汤咸死，无法入囗！,1,train,waimai_review
大雪天，辛苦了百度骑士，赞,1,train,waimai_review
速度很快，奶茶也都封口了就不会撒出来,1,train,waimai_review
非常方便！准时！很好！,1,train,waimai_review
"1:50订的,快五点送到的",0,train,waimai_review
韭菜没熟就送来了啊,0,test,waimai_review
小哥弄洒了奶茶，不过哈哈哈我并没有生气啦，只是故意调戏下～面辣辣的好吃～奶茶太甜了…,1,test,waimai_review
送的面由于送的时间长都不好吃了,0,test,waimai_review
蔬菜的特别辣，土豆丝的里面也有辣椒。总体不错。不能吃辣的一定要记得备注,1,train,waimai_review
百度小哥速度超快提前半小时到，非常感谢，这么冷的天真是不容易，再次感谢,1,test,waimai_review
点心好.送货人员服务态度也非常好.赞一个。,1,val,waimai_review
这次味道不错，下次购买,1,train,waimai_review
味道好，干净，包装精致,1,train,waimai_review
果汁非常好喝，新鲜！瓶身上贴的书籍护封很有趣，“博大的意思包含：大家都很美丽啊”,1,val,waimai_review
吃了几回了，味道很好，实惠，商家考虑很周到，包装好，服务也好，满意，还会再来的哦！谢谢了！,1,train,waimai_review
送错了，我还能说什么呢？,0,train,waimai_review
10点半下的单1点半还没送到，在点催单的时候不小心点到了完成。请退钱,0,train,waimai_review
盖饭没给筷子啊，给了俩手套。。。。,1,train,waimai_review
"好吃,挺快的",1,train,waimai_review
低价，速度快，味道好、服务好。,1,train,waimai_review
连着买了两次同一家的，饭菜量相差很多,0,train,waimai_review
我没有吃到，还已完成,0,val,waimai_review
性价比太低，而且味道一般,0,train,waimai_review
"第一,我说定的是晚上六点半,结果4点多就给我送过来了还忘记给我送粥,第二,我给打电话,服务态度还是不错,但是说多送我一份蔬菜卷结果也没有送就把粥六点多送过来了",0,train,waimai_review
"相比其他家东西少,价格贵,味道一般",0,train,waimai_review
"公司就在他们旁边,所以经常吃，但是今天真的是最不好的一次。,土豆丝不咸不酸什么味道没有，家里也没有醋，简直就是吃原味....,建议店家换个粥的外卖盒子，实在太软了，,我收到的时候盒子已经烫的变形了，不夸张的说撒了有一半...",0,train,waimai_review
味道不错，肉松的稍微油点，土豆丝卷还可以，加强送餐,1,train,waimai_review
感谢配送员，我选错了地址，他也帮我送了，感谢！,1,train,waimai_review
两份一起下的单，结果第一份10分钟就到了，第二份多等了半个多小时，还是打黄太极客服催了之后才配送的…饿shi了,1,train,waimai_review
比预定时间提前40分钟送到，面和汤还没给分开，吃的时候都泡坏了。,0,train,waimai_review
棒棒哒，快递员很贴心，不错,1,val,waimai_review
送餐速度超级快！这次订餐好成功，点的菜都好好吃。服务态度也好，牛蛙不够了给打电话确认加了大虾。,1,train,waimai_review
我记得我是选择下午4点半送的，结果不知道为什么变成了1点多就送到了。鱼香肉丝盖饭好吃，皮蛋粥也好吃，赞赞,1,test,waimai_review
"很好吃,比想象中的分量要大",1,test,waimai_review
送得太慢了～味道很好,1,test,waimai_review
好吃有点贵,1,train,waimai_review
又快又好，态度友好，下次还会用,1,val,waimai_review
真慢，批萨凉了真难吃,0,train,waimai_review
唉！让自己去楼下大厦门口拿餐，没时间去拿，然后就这个点送到了，送到后都上班了,0,train,waimai_review
很不错，速度也很快。,1,train,waimai_review
我只想说以后不会在点了，就不说哪不好了，你们自己点点看看就知道啦！,0,train,waimai_review
快递员，好给力啊，太棒啦,1,val,waimai_review
超快。希望比饼皮能再软一些！,1,train,waimai_review
鸡排少了你敢信？被翻的乱七八糟,0,test,waimai_review
送餐太慢，煎饼都蔫了,0,train,waimai_review
"速度很快,态度很好！赞！",1,train,waimai_review
送餐很慢！送来都冷了，味道也不好，,0,train,waimai_review
鱼送来凉了，有腥味，份量还少，没得吃,0,test,waimai_review
"骑士态度很好啊,小笼包也很不错",1,train,waimai_review
下了两单，第二单慢了点，味道还是不错的,1,test,waimai_review
很好，快递员服务态度很好，速度也快,1,train,waimai_review
很快很好～,1,test,waimai_review
有点慢，番茄酱没给我带,0,val,waimai_review
小哥很帅！人很好！！,1,train,waimai_review
"我马上就要饿死了,跟我说马上就到,马上就到,这马是没吃草吗,下次别放那咸菜了,味道难闻的要死",0,test,waimai_review
鸡肉有点老，味道不错,1,train,waimai_review
时间很快，但是居然没有给筷子！还少送了一盒米饭！,0,test,waimai_review
米条全是洋葱。。。,0,train,waimai_review
非一般的慢,0,train,waimai_review
粥很稀，卷饼厚，内容少，等待时间太漫长，服务态度还不错,0,train,waimai_review
"1、尖椒土豆丝，说好的尖椒呢。。。全是土豆丝。,2、大号的卷饼，有点太大了。。,3、粥不错",1,test,waimai_review
满三十为啥没优惠了。,0,train,waimai_review
"煎饼不错,麻辣拌素简直黑暗料理",1,train,waimai_review
"不好吃,特别特别咸,等了一个半小时",0,test,waimai_review
快递员挺好，速度挺快,0,test,waimai_review
实在不值30元，差评,0,train,waimai_review
配送很好，联系不到我还等了好久,1,val,waimai_review
冷的，米饭硬，吃的肚子不舒服,0,train,waimai_review
还要说十个字！？好好,1,train,waimai_review
饭送到了好凉…,0,train,waimai_review
"超级超级快,好高大上的包装,还会再来哦",1,train,waimai_review
两个小时才送到，失望,0,train,waimai_review
吃正一味，如果你没信心等，那就别点了，86分钟，我快出现幻觉了，以为订的下午茶呢，想想这速度，都醉了。。,0,val,waimai_review
挺好吃的，还给了我4瓶饮料,1,train,waimai_review
面都粘成一大块了,0,train,waimai_review
超级准时，面好辣呀！,1,train,waimai_review
送到的和预定是驴头不对马嘴,0,train,waimai_review
"点了两份,送了一份,没退款啊~",0,val,waimai_review
"配送的又准时又快速。,肘子味道好就是量太少，鸡丁一般。",1,val,waimai_review
感觉没有去店里的好喝,1,train,waimai_review
超!好!吃!没吃过这么好吃的煎饼!,1,train,waimai_review
送歺及时，服务周到，菜品可口,1,test,waimai_review
我去，这米饭也太少了吧！还3元一份！逗我呢！太差了！老子点了三份，加一起都不满包装盒！,0,train,waimai_review
点的果仁菠菜，送过来是木耳，你没有可以提前沟通，说也不说直接扔过来是神么意思？根本就不是正宗山西刀削面，卤蛋、豆腐一点味道没有，炒鸡蛋面就不说了，黏的一塌糊涂。,0,train,waimai_review
还可以，经常订，省事,1,train,waimai_review
好久没吃了，说再吃一次，味道还是那个味道，送餐速度还是那个送餐速度，他妈的2个多小时才送到，蛋挞凉透了，面陀了，有木有，自己送的餐的服务不行，能不能花钱跟百度签个送餐协议，擦。,0,train,waimai_review
东西好吃，送餐人员服务很好,1,train,waimai_review
"非常慢非常慢,打电话,还是不耐烦的口气,很无语",0,train,waimai_review
这种包装盒还敢收那么贵！饭都压瘪了，油太大！不推荐。,0,val,waimai_review
外卖员不进园区,0,val,waimai_review
说好的辣酱呢，我留言了的，居然一点没放，太淡了，能体会只能沾酱油吃的无奈吗？送的饮料也没送，能称赞也就是粥了,0,train,waimai_review
很好吃，忘记拍照了～,1,train,waimai_review
没有以前好吃了，只剩干净卫生,0,val,waimai_review
好吃！量很足！送餐准时！,1,train,waimai_review
优惠很大，味道不错。,1,train,waimai_review
生病在家点的餐，份量很大，味道也不错,1,test,waimai_review
皮蛋瘦肉粥和汇源果汁没送，投诉了也没用哈，然后让我跑18层楼下去拿外卖，是你送还是我送？要不剩下的我都帮你送了吧！,0,train,waimai_review
速度慢，换的汤太难喝了，咸，炒饼还好吧，总之一般般！,0,train,waimai_review
蟑螂还成对儿的啊,0,train,waimai_review
喜欢吃皇太吉的煎饼,1,train,waimai_review
太少，点的中分比上次的小份还小,0,train,waimai_review
京酱肉丝有味道啊。坏了吧。,1,test,waimai_review
注明了不要辣，可还是辣的,0,test,waimai_review
很好吃！很满意！,1,train,waimai_review
很好吃，味道很好，若能有一点青菜就更好了！,1,train,waimai_review
11点半送，12点才送到！,0,test,waimai_review
很不错的卷饼,1,val,waimai_review
一个半小时送到，评价的时候显示的时间比实际送达时间提前了50分钟！糊弄事儿呢？,0,train,waimai_review
两个餐盒为什么收四块？烤鸡翅是剩的么？！,0,train,waimai_review
卷的菜很少，感觉很一般,0,train,waimai_review
太慢了，送了两个小时,0,val,waimai_review
时间1个半小时了才送到，果然去店里吃和外卖东西不太一样啊…还有新奥尔良烤翅就跟没熟似的…但是榴莲披萨味道还是不错的！,1,train,waimai_review
排骨豆角沾卷子超乎想象的好吃！大晚上吃了一份根本停不下来！排骨很新鲜，量很大。,1,val,waimai_review
"太难吃,点了绿豆沙也没给我。。。坑",0,train,waimai_review
他家菜很好吃，有求必应，送餐速度很快，赞,1,train,waimai_review
订了2份石锅拌饭，就给拿了一双筷子，我兄弟用手抓着吃的。哎，长点心行吗？,0,train,waimai_review
快点就更好了~~~~,1,train,waimai_review
量大，第一次吃到这么充足的卷饼。满意,1,val,waimai_review
50分钟才送到…粥洒了一半连句抱歉都没有，还推说因为不好找…不好找不会打电话问吗？订半亩园不是第一次了，以前的送餐骑士都很好，这次真心呵呵。,0,test,waimai_review
送达好快，很偏的地址准确提前送到了。小龙虾特别入味，阿田大虾和在店里吃的一样。量都很足，配菜也多。,1,train,waimai_review
送外卖的呵呵了，不给送到我给的地址，还让我自己走老远去拿，那我还订外卖干嘛。卷饼还是很好吃的。,0,train,waimai_review
太咸了，太咸了，太咸了，重要的事情说三遍！,0,test,waimai_review
"被送餐员弄洒了半杯,滴的到处都是",0,test,waimai_review
薯條倒扣在袋子裏，我也是醉了……,0,train,waimai_review
一般、毕竟价钱不贵,0,train,waimai_review
吃着味道很不错，也很实惠的店铺,1,train,waimai_review
不错就是太慢了,1,train,waimai_review
这是什么鬼！！！石锅拌饭说好的蔬菜呢？一根胡萝卜丝，一块蘑菇么？再也不定了！！,0,train,waimai_review
送的太慢了，一个多小时才送到。还有就是粥和饼太咸了！没法喝，太咸了。,0,train,waimai_review
流沙包很好吃，蔬菜粥里在放些蔬菜就更好了,0,train,waimai_review
简直神速…非常好喝。继续努力,1,test,waimai_review
还不错呢~~提前送到~~~热乎乎的，比想象中好,1,train,waimai_review
"很好吃,棒,就是有点肥肉",1,test,waimai_review
猪肉玉米的一点都不好吃,0,val,waimai_review
太咸了估计是饭少,0,train,waimai_review
非常好吃也很快,1,train,waimai_review
味道一般，干干巴巴的，吃到最后有点想吐。不过包装不错，看起来很精致干净。总体来讲，不值20元钱。,0,train,waimai_review
"11:46下的单，首次送达就是13:34，而且酱香排骨豆花米线仅有菜没有米线。,再次送达米线时已经14:10。,等个饭等了2个多小时。",0,test,waimai_review
虽然时间比较长，但是可以理解，(⊙o⊙)…,1,train,waimai_review
一个凉菜十块钱，就退了七块五，打电话过去，说那边很忙，五分钟以后回过来电话，也没信了！太没诚信了卖家！谁也不差一瓶水钱！没这么办事的知道吗！,0,val,waimai_review
不是一般的慢，1.30才到。再也不会来了,0,train,waimai_review
垃圾，我们在住院，居然不给带餐具,0,test,waimai_review
汤包味道尚可，可惜全都漏了。,1,train,waimai_review
两个半小时才到，问商家说配送员11点出去的，一点才到这是去送全北京的外卖了吗？问起来就各种找理由，又是单子多又是第一个送的我的，我十点半定的也不算晚吧！就不信两个半小时都送不到！,0,train,waimai_review
烧鸡没有了，打电话换了个吊烧鸽子，简直太小一个了！,0,train,waimai_review
那个汤的味道是真心的接受不了，其他的还好，味道比较不错。,1,train,waimai_review
羊腿肉硬的和皮鞋底一样，咬不动，扔掉了，莲藕比什么都多，估计莲藕最便宜了,0,val,waimai_review
粥好喝，卷饼也还可以，非常满意,1,train,waimai_review
送餐实在是太慢了，两个小时!东西不差，就是送餐太慢,0,train,waimai_review
大份的超级大，里面好多大肉块,1,train,waimai_review
经常定，特别好喝，快递给力。,1,train,waimai_review
"能再慢点吗,我10点订的，下午1点多才到？再也不会在你家买了",0,train,waimai_review
味道不错，要是没有优惠，就太不值当了,1,train,waimai_review
送的太早，11点30就送来了公司没有下班！,0,test,waimai_review
依然是那么好吃,1,val,waimai_review
"不错,好吃",1,train,waimai_review
"送餐员很好,多给钱,还跑回来,给我了,很诚实",1,train,waimai_review
菜品很不错，没有油腻感,1,train,waimai_review
特别难吃，真的很难吃，不如街边五块钱的,0,train,waimai_review
等了快两个半小时，商家各种不接电话，,0,train,waimai_review
快递给力，排骨饭和鸡饭全是肉，味道好，汤都拌饭了，一个女生吃不下一份。,1,train,waimai_review
草他吗特别不干净给我吃拉稀了草他妈的，,0,train,waimai_review
"11:23定的餐,1:27打电话告诉我还需要等20分钟,愤怒之下退餐,居然完成了？？？骗了我45块钱,这么垃圾的店,打电话解决,找不到百度,跟他说他说他处理,到现在都没给我退钱,ca,招我我就上你店里要去⋯⋯",0,train,waimai_review
"送的有点早,但是真的很不错,招牌的果然不一般~\(≧▽≦)/~",1,train,waimai_review
口味一般，感觉不是肘子肉,0,train,waimai_review
送餐超快，但是超难吃。。。,0,val,waimai_review
送餐的人很好，但是为什么满五十送鸡条就没有，给这个店差评，极差评，百度的配送绝对好评,0,train,waimai_review
送外卖的大妈一定是上错楼层了，还横的无与伦比，各种吼！太差了,0,train,waimai_review
这一碗米饭，真是可怜，餐盒底都盖不到，还三块一碗，这商家真是扣门到极点，一个盒子里最多半碗，不想再光顾了,0,train,waimai_review
没看时间要求……,0,train,waimai_review
鸡饭一点汤汁都没有，米饭白，鸡肉没味，孩子怎么吃，操作员不专业，没有责任心，别的会怎样，我很生气！,0,val,waimai_review
本来是想省时间的，结果定个外卖花了我两个小时，以后绝对不会再选择这家了，口味一般，送餐还这么慢，还想不想做生意了,0,train,waimai_review
没想到是熏肉，不太喜欢,1,train,waimai_review
不错，配送人员很负责，时间准时一点就更好了,1,val,waimai_review
"味道不错，,就是慢了点儿",1,train,waimai_review
好吃，不过送餐师傅的方向感要加强,1,train,waimai_review
南京盐水鸭不错，鲜肉小笼汤包皮薄很好。,1,val,waimai_review
非常好，外卖大哥谢谢啦！,1,train,waimai_review
煎蛋糊了，口味偏咸！,0,train,waimai_review
味道还是很不错！！速度也还行，包装很不错！,1,test,waimai_review
"说了不要辣的跟没说一样,没法吃要命",0,train,waimai_review
差评.11点12分下单，13点24收到外卖.两个小时呀.菜品油太大.以后不会订了.,0,train,waimai_review
就是时间晚每次都晚,1,train,waimai_review
"好吃,满意",1,test,waimai_review
点了腊八蒜，没给我送过来，饭店陪餐人员马虎，让我感觉不会再爱了,0,train,waimai_review
我以为红烧肉是由而不腻的那种。。结果很硬，不好吃，而且面也很咸。花了3顿的钱等了一个小时吃到觉得很失望,0,train,waimai_review
餐送到门门口，态度很好，包装很棒卷饼用锡纸包着，味道很棒，之后还会买,1,train,waimai_review
"午休时间总共一个小时,送餐迟到了五十分钟",0,train,waimai_review
量有点小，肉也不怎么好吃，主要是酱好,1,val,waimai_review
辛苦了，味道不错，比想象的还要好呢！速度巨快！,1,test,waimai_review
东西不错，就是送的太慢,1,val,waimai_review
还不错的，很快。,1,train,waimai_review
"一般一般,面不是手工削的。不筋道",1,train,waimai_review
很快很不错,1,train,waimai_review
"真心不错,还挺快喔,嘻嘻",1,train,waimai_review
粥没有给勺子，，点的大份但是送成中份了，已和卖家协商好。,1,train,waimai_review
送的时间快，披萨也好吃，,1,train,waimai_review
居然没有任何餐具！而且包装很烂，皮蛋豆腐都烂得哪都是，实在吃不下去了！,0,train,waimai_review
没想到呀，真的好快呀，支持支持！,1,train,waimai_review
好吃，豆腐脑的盒子改良后比原来好多了！,1,test,waimai_review
非常好，非常快！门牌号码没写都能送到，谢谢。,1,train,waimai_review
"等了两小时,还超难吃",0,test,waimai_review
"1：菜品打包后明显比店里吃差好多,2：汤在送达时撒了一半,3：送餐员态度非常不好，首先迟到了没有道歉的意思，菜送少了也觉得很理所应当，我们说少送的要不回去拿，要不减钱，结果人家送餐员同志说没好气的让我们都退了，大哥我们目的是吃饭好么，送晚送少都是你的问题，不但不道歉还要让我们都退了，饿死我们吗？这样的送餐员教育一下吧，不然会得罪很多顾客的。,总之，本次很不满意。",0,train,waimai_review
一直都是给你家好评的，我不知是我昨天订餐的时间不对还是怎么？春卷根本就没炸好吗？？？还有馄饨里面你给我放那么多的胡椒干嘛？？第一次吃这么辣的馄饨。。我两点多订餐的，如果这个时间段都在休息或者不接受订单的话请取消订单，只是别这么糊弄我们好吗？？,0,train,waimai_review
送餐太慢，米饭还得另加2元,0,train,waimai_review
终于吃到闻名已久的站点披萨～味道很好～,1,train,waimai_review
等了有点久,1,train,waimai_review
送菜慢了点，但很好吃，不太喜欢里面的香菇，其他不错,1,train,waimai_review
非常不错，还送饮料了！棒棒哒！,1,val,waimai_review
送餐小哥辛苦了！谢谢啦！,1,train,waimai_review
送餐员非常负责，及时确认订单中特别叮嘱事项！很专业，很用心,1,train,waimai_review
没有肉→_→,0,train,waimai_review
说是米饭牛肉套餐居然没米饭只有菜。。我也是醉了。。。这文字功夫下得可真是足啊。。。欺骗消费者,0,train,waimai_review
卖家态度挺好，只是这蛋糕，我及其不满意，本来女儿过生日，我不在挺愧疚的，订了个蛋糕送她，可是亲戚朋友品尝蛋糕时，所谓的彩虹蛋糕，色素弄在手上洗都洗不掉，这还敢吃麽？结果大家也都是象征性的舔了一下，还感觉味道怪怪的！全部扔掉～唉，女儿也不高兴了，我心里更是愧疚的要命！卖家拜你所赐，绝对没有下一次了！,0,train,waimai_review
送餐员服务很好。很满意，,1,val,waimai_review
好方便，用了代金券比去店里买还划算,1,test,waimai_review
百度师傅人特别好，送餐也很快。菜品味道也不错。满意满意。,1,train,waimai_review
"送餐慢,量小",0,val,waimai_review
特别准时服务态度超级好,1,train,waimai_review
今天很冷，送来的pizza还是热的！谢谢送餐的大哥,1,train,waimai_review
买少了。没吃够。下次多要点。送过来薄脆还是脆的,1,train,waimai_review
汤汁洒干净了,0,train,waimai_review
送餐小哥神速！粥挺好，肉饼超好吃,1,train,waimai_review
送餐有些慢，菜的味道不错,0,train,waimai_review
"挺快的,为啥没有南瓜饼卖啊",1,val,waimai_review
"要了一个牛的一个鸡的,结果送成两个牛的,还有很多肉筋,南瓜粥极其不好喝,这也就算了,约的12点,结果12点45才送到,真是醉了",0,train,waimai_review
百度外卖一直是我的外卖首选,1,val,waimai_review
"实际上用了1个半小时才送了，店里的电话一直打不通，百度的电话打通了没人接，最后直接要求评价，直接不满意！！,送来的饭菜都凉了根本就没法吃！这是最最不满意的一次订餐,没法形容内心的愤怒，质量也不好。要是没钱就别参加外卖好么！！,最最差评给你们家了",0,train,waimai_review
青菜太老，煮的时间太长连菜花都煮飞了！还是不要外送的好。,0,train,waimai_review
朋友说今天的菜不新鲜还吃出了头发,0,train,waimai_review
菜味道一般，南瓜粥好喝,1,train,waimai_review
煎饼里面的油条很好吃，但是薄脆送到家肯定没有现场吃好吃，捂一会儿不太脆了。外卖还是里面放油条的更好,1,val,waimai_review
还不错哦，比较喜欢小渝府的菜，真心不错。。,0,train,waimai_review
"杯子坏了,不过饮料没出来,其他都可以",1,train,waimai_review
订两份送一份，第二份等了四十分钟也没送,0,train,waimai_review
各方面都挺满意，老订不多说。,1,train,waimai_review
老字号！味道好！一如既往的习惯！,1,train,waimai_review
登了100多分钟，送餐用了2个小时,0,test,waimai_review
"餐盒漏了,菜油洒了一袋子",1,test,waimai_review
有了百度外卖以后更好了，要不然这么晚了都吃不到，老顾客了，味道不错，推荐！,1,train,waimai_review
上帝等的都快饿死了！,0,train,waimai_review
味道好，就是忘给我餐具和纸巾了，豆腐脑没法用筷子吃呀,1,train,waimai_review
送的速度很快。外卖的价格合适，门店二十就不买了,1,train,waimai_review
很快很好。,1,val,waimai_review
凉面有些油,1,train,waimai_review
来电话说给撒了。让我取消。客服说联系补送。都过了五个小时了没人来电话。这事怎么解决？！,0,train,waimai_review
挺好的哟。,1,test,waimai_review
"很好,就是不喜欢可乐",1,train,waimai_review
不错，挺好吃的下回再定,1,train,waimai_review
味道还可以，就是送的有点早，没在我写的时间送，到家吃都凉了。,0,test,waimai_review
一点酱汁都没有，鸡肉还有浓浓的焦糊味！,0,val,waimai_review
一个多小时送到，汉堡还送错了。不想追究,0,train,waimai_review
鱼香肉丝盖饭很好吃～～～～,1,train,waimai_review
第一次给差评，凉菜汤洒了半塑料袋，菜全堆饭盒半边，还不够我收拾的，送餐的耍双截棍改行的吧,0,train,waimai_review
卷饼很好吃，送餐也很快！,1,test,waimai_review
只想说这个配送速度简直吊炸天,1,test,waimai_review
不好吃。。。菜太少了。。。。,0,train,waimai_review
配送没问题，但商家没有给发票，请补一下给我,0,val,waimai_review
挺快，就是发票到现在都没有给,0,train,waimai_review
速度太慢了，都快成夜宵了！,0,train,waimai_review
"第一次吃皇太极,创新口味没预想的好",0,train,waimai_review
饭送来都有点凉了,0,val,waimai_review
"超时了十分钟就算了,一杯咖啡洒了小半杯,那洒这么多的钱都我自己来赔对吗！杯子外面全洒满了咖啡！这种服务不要也罢",0,train,waimai_review
好吃！送得很快！不错,1,test,waimai_review
送餐准时，服务到位，非常好。,1,train,waimai_review
味道不错，肉还挺多的,1,test,waimai_review
越来越难吃。,0,train,waimai_review
点了卤肉饭，结果来的是肥肉，超多饭，很干，不好吃，下次不要再叫了!,0,train,waimai_review
一个半小时才到。订外卖是为了节省时间。不过为了等外卖吃饭把时间安排完全打乱了，饭菜量远比去店里面吃少，,0,train,waimai_review
配送员很好,1,test,waimai_review
史上最慢送餐╭(╯ε╰)╮,0,train,waimai_review
土豆都是生的好吗，老板！或者你们用的土豆太水了，吃起来跟生的一样。选淀粉含量高的土豆增加不了多少成本。或者你们挑菜的时候太不认真了。,0,train,waimai_review
配送员像2B一样，少了那么多东西也不看看就送，然后一脸不关我事的样子，真心让人受不了！麻烦招配送员的时候也用点心好吗，这个实在是太气人了，送不来爱少不少，爱吃不吃的样子很想让人抽他！,0,train,waimai_review
很好很强大，速度快，吃的还很热乎，赞！,1,train,waimai_review
"送餐等了1:30小时,真是醉了,味道还行就是没给筷子",0,train,waimai_review
说好的发票呢！,0,train,waimai_review
"系统bug，我把地址修改了，配送员收到的地址还是原来的，幸亏黄太吉送餐小哥辛苦又给送过来，赞一个！,餐很不错，豆腐脑很好吃！",1,train,waimai_review
不吃辣，都给的我们辣,0,train,waimai_review
送到的时候已经凉透了,0,train,waimai_review
菜量挺大的！快递的速度太给力了！,1,train,waimai_review
都说不要甜的啦！,0,train,waimai_review
很不错，送餐很准时,1,train,waimai_review
我点的鸡蛋干为什么送过来是豆皮～不好吃,0,train,waimai_review
宫保鸡丁吃着一般，不太好吃，下次换别的口味！,0,train,waimai_review
"离学校近,很方便",1,train,waimai_review
说好的不放青椒，还是放了，不过还好我同学吃青椒。,0,train,waimai_review
挺实惠的，吃撑了,1,train,waimai_review
"肘子卷饼根本没有肉的香味,不咸不淡不好吃,提前订的,等了2个多小时才到,我打了5个电话催,真是醉了",0,train,waimai_review
好评给快递员！东西一般般……不喜欢，秘制凉皮勉强吃了一半,0,train,waimai_review
很速度，赞，奶茶也好喝。,1,train,waimai_review
好吃，干净,1,train,waimai_review
挺好吃的额，继续加油↖(^ω^)↗,1,train,waimai_review
送餐师傅人不错,1,train,waimai_review
就是量有点少，吃不饱啊,1,train,waimai_review
没吃过这么难吃的水煮牛肉，刚送来吃一口就扔了。有股膻味,0,train,waimai_review
送的很快，也很好吃，但是说了多给一些汤底，还是跟上次去店里买的一样,1,test,waimai_review
"第一次送餐漏送一份,第二次送餐,漏送饮料,送餐时间超级慢",0,train,waimai_review
凉皮里配的面筋已经有异味了,0,train,waimai_review
两个小时才送餐,0,val,waimai_review
送餐严重超时！！,0,train,waimai_review
又快又好又便宜！真心给力！！！,1,train,waimai_review
"正面：卷饼味道确实不错；,负面：送餐很慢，订单标注需要送到房间，外卖员非常不耐烦，上来之后竟然还骂骂咧咧，非常恶劣，以后再也不定了，也不会推荐楼上其他人订。",0,train,waimai_review
非常好！！！,1,train,waimai_review
送餐员态度很好，效率高,1,train,waimai_review
饭菜好吃，环境干净，服务人员态度友好,1,train,waimai_review
差的要死，一点味道都没有！,0,train,waimai_review
小哥很棒，态度很好，才还热着，很好!,1,val,waimai_review
两个半小时才送到，而且真的很难吃！特别咸！！这么难吃，居然还上过天天向上……真是坑爹！！！,0,train,waimai_review
味道一般，不是很正宗。,0,train,waimai_review
"东西略贵,那么一点牛肉26,在超市26能买好大一块酱牛肉",0,train,waimai_review
送来都凉溫了！！！,0,train,waimai_review
这次晚了一个小时……我也是醉了,1,train,waimai_review
送错了，要的热的，送的是凉的，还忘了带吸管…,0,train,waimai_review
派送员只送到楼下，不送餐上楼，可是电话里的语气：“餐到了！到楼下取！”没有半点礼貌，还没等对方说完话，那边电话挂了,0,train,waimai_review
煎饼越来越小越来越小,1,train,waimai_review
好吃挺快的,1,train,waimai_review
不要再用这人了自己送餐有问题还不负责,0,train,waimai_review
紫苏黄瓜油大了点。烧椒皮蛋醋多了辣椒吃起来发酸,1,train,waimai_review
卷饼好大，味道还不错，吃着有点撑,1,train,waimai_review
下单后等了一个半小时，要是平时上班这个送餐速度估计我连饭都吃不上了！,0,train,waimai_review
"very,good~!,只是忘记点套餐了,,哈哈",1,train,waimai_review
还行吧，可以吃,1,train,waimai_review
又贵又不好吃，也不大,0,val,waimai_review
"味道很好,只是最近双拼换了餐盒,参合不大好,送餐及时,送餐小哥认真负责,态度很好",1,train,waimai_review
米饭是剩的，热过之后很难吃，真垃圾，这么大的店,0,train,waimai_review
"外卖小哥,大赞",1,test,waimai_review
用这么多次百度外卖这次最不满意！点的南瓜粥，洒的一塌糊涂，米粉汤干脆都没了，肉夹馍直接泡发了，凉皮盒子整个已经裂了，看这残样真没食欲了…看在大热天的都不容易的份上，算了…,0,val,waimai_review
拌面真心好吃，煎饼口味有点吃不惯,1,train,waimai_review
根本就没有送黄飞红花生啊，坑人的吧，广告打的那么大,0,train,waimai_review
饭挺软和的，三份饭，两份菜没放盐是的,0,train,waimai_review
没有想象的多,0,train,waimai_review
面很好吃，送餐也很快，谢谢送餐小哥,1,test,waimai_review
"好吧,没说加热,就冷的送过来,差评！！那买培根的也不给加热吗？？让人生吃吗？？无语！！",0,train,waimai_review
咸水鸭太少味道一般！,1,train,waimai_review
菜品味道好，师傅送货快,1,train,waimai_review
我天。。。速度太慢了。。。十点半下的单，十二点半才送到，艾玛,1,train,waimai_review
送餐快，包装安全放心，味道好。,1,train,waimai_review
唯一美中不足的，就是一点儿甜味儿都没有。,1,val,waimai_review
我约了11-45送餐，也不知道你们怎么看的十点多配送员就去了餐厅，我打电话说11-45送到，结果11点配送员取了餐满大街的跑送别的，坚持到了11-35给我送来了，我想说饭都凉的没法吃了！还特别难吃,0,train,waimai_review
非常方便！很好！,1,train,waimai_review
"百度骑士超酷,速度很快",1,train,waimai_review
配送员特别好！很快！感谢配送员,1,train,waimai_review
豆腐脑淡了,1,train,waimai_review
晚了半小时，咖啡洒了，没送奶球和糖,0,val,waimai_review
下雨天等了两个小时我还算可以理解，但是没有给我筷子，还有就是凉皮不知道是不是忘了放盐了，我不是重口味的人，但是凉皮一点咸味没有，吃着辣条把凉皮吃了一半，剩下的就扔掉了，下次不会再来了。,0,train,waimai_review
味道还不错，点了两份套餐，说的是有豆腐脑，送来发现没有豆腐脑，电话咨询，对方还说是按单送送餐，我有特意看了下，我的单子上确实有豆腐脑！,0,train,waimai_review
都泡发了。没醋味，实在难吃,0,train,waimai_review
突然收配送费了，不习惯,0,train,waimai_review
并不是太好吃,0,train,waimai_review
送的超慢，煎饼这东西时间一长肯定难吃，豆腐脑还可以。,0,train,waimai_review
好吃！送的也快～,1,val,waimai_review
没给我开发票。。呜呜,0,test,waimai_review
卷饼很不错，就是粥太淡了，应该咸一点。。。可能是我个人的口味。。。,1,test,waimai_review
饺子本来味道不错，也不是第一次订了，但是这次这包装弄成这样太气人了，一种馅的饺子我要了好几份，竟然全都装在了一个盒里挤着，到我这的时候饺子都被挤的分不开了，拿筷子一夹就烂了，倒出来以后就是一个包装盒的形状，分都分不开，就不能多装一个盒子么，本来饺子这种东西就容易陀在一起，这么多饺子还挤在一个盒里，到了我这还能吃么,0,train,waimai_review
态度非常好，速度快，味道好极了!,1,train,waimai_review
"饭太硬饭太硬,吃完胃疼好久。之前订过很多次了，都很满意，为什么这次饭这么硬？",0,train,waimai_review
好吃，挺饱的～,1,test,waimai_review
跟上次的不一样了,0,train,waimai_review
明明点的是土豆红烧肉盖饭送来的却是土豆牛肉盖饭，是店家太忙还是认不清字啊！两个盖饭也不是一个价格多收了我4元钱。,0,test,waimai_review
第一次点，挺好吃的。,1,train,waimai_review
橙子有一个直接是干的没任何水份了！香蕉里面黑了一根！,0,train,waimai_review
"实在味道太差了,太不值得了",0,train,waimai_review
超过39元必胜客就免运费了，配送也是宅急送，可是通过百度下单还要收9元运费，差评,0,train,waimai_review
等太久了，而且漏送了一瓶王老吉~~,0,val,waimai_review
"味道还不错,有点点干",1,train,waimai_review
很好吃，送餐及时！,1,val,waimai_review
一直吃他家湘菜～味道正宗。,1,train,waimai_review
味道真不错,1,train,waimai_review
打电话让快点，还是十一点送到的，，，，,0,train,waimai_review
纯素的太难吃，太淡了，其它不错,1,train,waimai_review
天天吃，会不会长胖,1,train,waimai_review
"味道很好，送餐很快，送餐员冒着大雨给送来的，太感谢了,。价格也不高超划算，下次还在这点外卖,。各种五星好评,。",1,train,waimai_review
很好送货大哥,1,test,waimai_review
送餐太差，送餐人素质太差,0,train,waimai_review
"米饭三元一份,着量着实...",0,train,waimai_review
我点了鱼而不是牛肉/鸡肉,0,test,waimai_review
口味不错，速度挺快，还有手套送，想得很周到！,1,train,waimai_review
一个人吃量有点大，希望有小份的,1,val,waimai_review
配送小哥超级棒！,1,train,waimai_review
这真的是皮蛋瘦肉粥么？！好失望...,1,train,waimai_review
包装精美，味道可以，赞,1,train,waimai_review
送的超级慢，竟然还让我去楼下拿，从来没遇到这样的,0,train,waimai_review
送货挺快的，送货挺快的,1,train,waimai_review
少送个蛋，送货员这态度，2分钟就开始催，到了楼下还使脸色,0,train,waimai_review
"我要换的东西没给换,而且量还比以前少,送餐速度将近俩小时,送来还都凉透了,这是要作甚？",0,val,waimai_review
预计11点24送，现在12点了,0,train,waimai_review
肘子卷真的难吃啊,0,test,waimai_review
肉臭了，态度还十分恶劣，不处理，不要再定这家了,0,val,waimai_review
送餐员给力，披萨好吃！,1,train,waimai_review
写了要发票，没给发票,1,test,waimai_review
人太多就比较慢了，历时两个小时才到,0,val,waimai_review
很值啊！用来订，味道好吃不腻。,1,train,waimai_review
真心服了，11点下单，预计12点28到，现在都1点半了，中午饭吃成下午饭了，,0,train,waimai_review
1送餐时间非常不准，不管是提前送还是迟送，2西红柿鸡蛋太咸，打死卖盐的了，3买炸酱面也不送汤了,0,train,waimai_review
天气不好，辛苦送餐员了,1,train,waimai_review
快！外卖小哥特别棒！,1,train,waimai_review
好辣，豇豆是煮的，这个菜顶多算个盖饭，太贵还不值，再也不会买了，菜太少，加了好多水,0,train,waimai_review
"肯德基,都是一样的,没什么区别",1,train,waimai_review
"1.韭菜盒子…太咸了！不是一般的咸！,2.菜，口味很一般，这样的菜有点不咋滴啊。,3.服务：首先没有小黄鱼，电话通知后换了个牛柳，这没问题。后来送餐员打电话，告诉饭店把准备好的南瓜粥不知放哪了，需要重做，让多等会。又过了一段时间，送餐员打电话，说韭菜盒子我订了俩，只做了一个，赶紧再做一个补上……,这饭店管理怎么如此混乱？",0,train,waimai_review
说好不要蒜的，结果两次都有蒜，简直太过分了！！！~~~以后不准备买了，有也不通知一下。,1,test,waimai_review
卷饼味道很一般，完全不是老北京的大饼卷肘子的味道，感觉就是卷了一盘炒菜，粥还行。,0,train,waimai_review
菜的质量太差了，像是剩菜！,0,train,waimai_review
实际是快8点才送到的，无语,0,train,waimai_review
豆浆不错到手一点没撒而且还是热的！赞快递,1,train,waimai_review
"不错,满意",1,val,waimai_review
筷子都不给拿，什么玩意啊！,0,train,waimai_review
炒米线根本没熟，还是硬的，外卖人员态度特别差,0,test,waimai_review
奉劝订餐的朋友们，如果肚子饿的话一定要提前订餐，否则你会饿的没劲吃的！真的是等了太长时间才等到，中途还打了好几通电话，好在送餐的姐姐态度很好，一直在赔礼道歉，才勉强给2星！不过感到安慰的是正一味的饭真的是好吃，量也足！希望能够想办法提高送餐速度，不要因为这个影响了订餐人的心情，这样吃下去的饭会很不健康的！,0,train,waimai_review
操你妈百度外卖，一会儿满减，一会儿又没有，一会儿又休息中！操你全家死光光！,0,train,waimai_review
真难吃！不是吹的，煎饼卷油条啊，豆腐脑还是凉的，绝对不会再爱了,0,train,waimai_review
每次都有状况，丢餐，厨房漏电，不知道还能有什么花样,0,val,waimai_review
很好～不错,1,train,waimai_review
送的特别快，稻香村的点心真的挺不错的,1,train,waimai_review
"超级难吃，感觉上当了,实物和图片相差太远了",0,train,waimai_review
菜品都不错，就是配送员就跟一……似得，一个多小时才送来一看就是个新手！特别恼怒，比上次那个配送员慢了接近一小时！我就不说别的了！,0,train,waimai_review
真的挺好吃的。。。,1,train,waimai_review
不如肉的好吃,1,train,waimai_review
今天比较慢，幸好同时订了别的，不至于饿着,1,val,waimai_review
非常不错，值得推荐,1,train,waimai_review
1个多小时才到，还没有带酱包……味道还不错,0,test,waimai_review
提拉米苏很好。咖啡包装不严实，拿到后全洒了，杯底已经漏了。差爆了。,0,test,waimai_review
送餐的人什么态度，摆一副臭脸给她妈谁看啊,0,train,waimai_review
好香啊，就是稍微有一点辣,1,train,waimai_review
"帅,够快,对我胃口",1,train,waimai_review
"请不要把硬硬的肥肉块跟嫩嫩的肘子肉混为一谈。谢谢。,简直侮辱了肘子肉。",0,val,waimai_review
一如既往的家乡味道！好,1,train,waimai_review
等了75分钟，我要的星冰乐都变成水了，还有一杯热的焦糖玛奇朵，都变常温了，还撒了好多，真是太次的一次外卖了,0,val,waimai_review
"骑士态度很好，就是菜太难吃,太难吃，再也不来了，味道比全聚德差远了",0,train,waimai_review
买了10个鸭头，送来的时候也没看，吃的时候才发现少了1个。,0,val,waimai_review
新年第一天速度依然超级快,1,train,waimai_review
各种晚啊，要么就提前2小时送，总之完全不看预定时间的,0,train,waimai_review
非常不错，挺好吃的，物美价廉！！,1,train,waimai_review
味道还是很好，会继续使用,1,train,waimai_review
"特别感谢,天这么冷…………",1,val,waimai_review
出门不便，一个订单，非常快就送到了。也就十几分钟。,1,train,waimai_review
还是有点吃不惯肉松煎饼，不过还是很好的,1,train,waimai_review
服务态度很好饮料很棒！,1,val,waimai_review
很好吃，速度也快，小笼包汤汁很多，味道不错,1,val,waimai_review
整体不错，肉少，配菜太多。,0,train,waimai_review
太黑了，居然涨价,0,train,waimai_review
不给筷子跟餐巾纸的。也太省了吧。宫爆鸡丁量还可以。焦溜肉片做得跟锅巴一样硬咋吃啊。就这一会下次绝对不定了。,0,train,waimai_review
土豆丝卷饼好好吃,1,train,waimai_review
绝对不会来你家了，一个面条送了俩小时。送来全部融了，这怎么吃。以前还经常叫，这是最后一次。,0,test,waimai_review
肉越来越少了，说是纯瘦，其实也有肥肉,0,train,waimai_review
不知道怎么打包的，全是锅巴，真锻炼牙口！,0,train,waimai_review
送餐的很努力的在赔付前几分钟把餐送到了。明明点了一小份外加一个排骨，非要分开装赚个餐盒钱。,0,train,waimai_review
送餐很快，只是味道太一般！,0,train,waimai_review
大晚上点KFC就是个错误，第一次吃到口干这么差的汉堡，肉卷也极差。到点的东西该废要废，拿这种东西卖给顾客好意思？掉钱眼里了？总之东西和自己去店买的口感差很多！但是还是要谢谢辛苦送餐的送餐员！,0,train,waimai_review
包装用心，肘子卷饼肉超多，就是有点干，下次点个菜的。,1,test,waimai_review
送的很快，味道不错，不咸,1,test,waimai_review
在做大一点,1,train,waimai_review
"除了慢,其他ok",1,train,waimai_review
太慢了，差评,0,test,waimai_review
"粥跟卷饼都很好,配送也超快,我就想说一点不许就是,真尼玛辣",1,train,waimai_review
味道不错，就是凉的,1,train,waimai_review
送餐速度实在太慢了,0,train,waimai_review
"之前点的味道都很好,本来期望挺高，应为昨天点的原味米线很棒，今天尝试下番茄的米线，超级难吃，严重不推荐，而且还比原味的贵",0,test,waimai_review
粥不错！！！,0,train,waimai_review
有点慢～～～送餐时间不稳定,1,train,waimai_review
没给烧饼啊！落下菜了！,0,val,waimai_review
口味可以，量不大。鸡块一般,0,test,waimai_review
饭菜都已经凉了,0,train,waimai_review
很不错，饭菜量都很足,1,test,waimai_review
"一个卷饼一碗粥,刚刚好",1,train,waimai_review
量少不好吃，其中葱油拌面成一坨了！,0,test,waimai_review
冷面真不好吃啊！真的不好吃…：,0,test,waimai_review
味道还不错，红烧肉更软点就更完美啦！,1,train,waimai_review
焖面量比较小,1,train,waimai_review
"订单是两份大薯条。就给一袋番茄酱,您能再抠点么？点那么多东西就当一个袋子底下的汉堡已经变形压扁。,配送人员素质偏低。有门铃不会按。大力拍门就像报丧的。",0,train,waimai_review
再也不点了～,0,train,waimai_review
"如果是肉片就更好,饼如果能更筋道一些，就太完美了。",1,train,waimai_review
等到菜到凉了……,0,val,waimai_review
等待一个半小时不说，土豆还是生的，此次订餐真是很失望。,0,train,waimai_review
"比店里吃的差远了。少很多，好多好多洋葱。,送达倒是很快。",0,train,waimai_review
非常糟糕的送餐！！nmd送個東西歸龜毛毛的點的餐還來的不其！！！特別糟糕！！,0,test,waimai_review
配送满分，问题出在牛肉石锅里牛肉比咸菜还咸，太饿了为了吃这肉居然吃了2份白饭，搞这么咸是操作失误还是掩盖什么？下次不会点了,0,train,waimai_review
蔬菜特别不新鲜，感觉都要烂了,0,val,waimai_review
还是迟到，晚了30分钟,0,train,waimai_review
一个多小时才送到，已经坨成一整块了你让人怎么吃，我就呵呵,0,train,waimai_review
送餐员很棒很准时，谢谢！,1,val,waimai_review
我从来不给差评，但是今天实在忍不了了，必须要说说。知道今天天热肯定会有很多人叫外面，所以11点20就下单了，等到13:00饭还没来，给和合谷和百度外卖的客服打电话，都没人接或者忙，最后打通了百度外卖的客服，跟我说帮我催一下，一会儿给我打电话，让我手机保持畅通。等了20分钟都没消息，又打了一遍百度外卖，跟我说帮我按照紧急事件处理，有消息跟我联系。等到13：30还没人理我。最后在大众点评上查到了和合谷海龙店的固定电话，终于找到人了。最后到了14:00的时候终于送到了。一共3盒饭，有两盒的汤汁全都洒出来了，全都洒在了袋子里，纸巾筷子一塌糊涂，盒子里面的菜全都挤在一起，简直没法吃，必须差评！！！！一会儿打电话给百度外卖投诉！！！,0,train,waimai_review
超级好吃，特别喜欢肘子卷饼～量的话一个够女生吃，男人不够～,1,train,waimai_review
定了一份酸梅汤，送到的时候洒了一袋，酸梅汤杯口开了一个口子，这也太粗心了！,0,val,waimai_review
果汁不错，还会再来滴,1,train,waimai_review
京酱肉丝卷饼挺好吃的~就是口味偏甜了~不过总体来说还不错的说呦！,1,test,waimai_review
餐厅打包人员少打包一个套餐里的薯条，让配送员跑了两趟才吃上，这顿饭用了一个半小时才全部送达到我手里。,0,train,waimai_review
速度很快，比萨底很脆,1,train,waimai_review
没吃过这么难吃的东西,0,val,waimai_review
妈的。饭都没给我送来，就默认交易成功了。什么玩意,0,train,waimai_review
很好吃，包装很可爱，么么达,1,train,waimai_review
"口味很不错,但是卤蛋真的很坑,建议别点",0,train,waimai_review
发货速度较慢,1,train,waimai_review
还好吧就是肉切的有点大饼不是太好如果是厚面烙饼会好很多，,1,train,waimai_review
太难吃，感觉送来的和店里的比要mini和简陋太多。,0,train,waimai_review
送错了，我要的是肉末炒粉，送来的是宫保鸡丁盖饭，也是醉了,0,val,waimai_review
送餐小哥很不错，很有礼貌啊！,1,train,waimai_review
就是一个字，慢，两个字，太慢,0,train,waimai_review
送餐的人说到了，压根没见到人，还冲我吼吼吼！,0,test,waimai_review
要的皮蛋瘦肉粥全撒了。吃毛线。还慢的要死,0,train,waimai_review
"鸡肉不像鸡肉……,很奇怪",0,train,waimai_review
挺好的，挺不错的，味道不错,1,train,waimai_review
速度很快，32个赞，服务很好,1,test,waimai_review
很不错，菜品物美价廉～～～,1,val,waimai_review
吃这还不错。,1,train,waimai_review
竟然不给餐具！,0,train,waimai_review
不太好，下次不会在吃了，,0,val,waimai_review
"又快又好,小哥态度很好,好评",1,test,waimai_review
11点多下单，下午3点都没送，被迫取消订单，我就奇怪了，怎么就完成订单了？我的钱怎么退？店大欺人吗？,0,train,waimai_review
卷饼不错好吃，粥一般,1,train,waimai_review
没有在店里好吃,1,train,waimai_review
不好吃，凉皮味道怪怪的,0,train,waimai_review
以后送外卖的没到就先打电话让人等半天的我都打一星,0,val,waimai_review
帮同事订的，不错,1,train,waimai_review
上次说错了，培根味道一般、美式密肉的好吃，真的鲜榨果汁！,1,test,waimai_review
好吃，肉很多。就是尖椒有点辣,1,test,waimai_review
除了抄手的汤和饮料撒的一塌糊涂吧,1,train,waimai_review
"送的比较慢,等了一个多小时",0,train,waimai_review
东西没问题，连锁快餐谁做味都差不多，范个懒想吃汉堡了。快递太肉了。。。11点下单一个半小时后才到，又不是高峰，有待改进,0,train,waimai_review
口味还行，送货速度太慢了额，等了一个半小时,0,train,waimai_review
点了200多块吧，整份鱿鱼卷只有3个，土豆片没见到，丝瓜没见到，总之整份比平时半份还少，不建议一次点很多，三种菜品和十几种菜品都是同规格的打包盒，不会再点了。,0,train,waimai_review
"对来送外卖的先生很不好意思,没有零钱，送的非常快，还很热。菜的味道也不错,量不小。",1,test,waimai_review
宇宙卷饼是饶了宇宙一圈才送到的吧，等了2个多小时也是醉了。,0,train,waimai_review
你妹啊，送过来的米饭馊了！！！我吃一口吐了，赚钱也没必要这样吧？我勒个去！,0,train,waimai_review
越来越难吃了，换厨师了吧,0,test,waimai_review
土豆要多煮一下,0,val,waimai_review
非常好的一次外卖订餐，很及时！泡菜好吃！,1,train,waimai_review
开餐具袋的时候，你们餐具袋里锋利的牙签把同事的手都戳出血了，可惜不能上传图片……,0,test,waimai_review
跟下单时承诺的不一样，竟然没有送饮料，不过味道还是不错的,0,train,waimai_review
首先，我要的不是热巧，我要的是咖啡。其次，都已经倒了，咖啡洒了整个袋子，为什么还要拿着过年的噱头让我签收？真心的觉得郁闷。,0,train,waimai_review
太慢了，味道还不错，,0,train,waimai_review
卷饼味道一般，粥难吃,0,train,waimai_review
"赞赞赞,好好好,以后还来",1,train,waimai_review
很好，很好吃量很足～～～,1,train,waimai_review
"一起订的两个,分两次送,行不行啊你们这餐馆",0,train,waimai_review
太慢了太慢了太慢了，饿死了，味道还行！,0,train,waimai_review
菜品很一般，理念好，产品没搞好！,0,train,waimai_review
太棒了，速度快，优惠也大！,1,val,waimai_review
感谢卖家做出这么好吃的千层蛋糕，感谢送餐人员快速到达！辛苦了！,1,train,waimai_review
以后再定是孙子,0,val,waimai_review
"非常准确,送餐员一百个赞",1,test,waimai_review
很好吃，就是提前送啦,1,train,waimai_review
等了一个半小时还不送。电话是空号。呵呵了,0,train,waimai_review
好吃，加热一下就更好吃了,1,val,waimai_review
迟到了一个多小时,0,train,waimai_review
价格实惠，很好，值得购买。,1,train,waimai_review
等了很久才到，最关键是一点不好吃，肘子卷饼甜糊糊，,0,train,waimai_review
披萨非常差，感觉像小作坊做的。而且点的蝴蝶虾结果送来的是鸡翅。关键鸡翅应该也是5只装啊，怎么成2只了。,0,train,waimai_review
就是送餐好慢,1,train,waimai_review
我要的是香草拿铁，但是送来的是拿铁啊…,0,train,waimai_review
锅贴里葱太多了,0,train,waimai_review
味道不错呦,1,val,waimai_review
百度外卖速度快，态度好。,1,train,waimai_review
味道一般，米饭跟菜混在一起，不知道是不是把剩的掺进去了,0,train,waimai_review
"太慢了,我等了一个多小时才送到",0,train,waimai_review
就没送果汁，已跟送餐员说了,1,train,waimai_review
味道还不错！,1,train,waimai_review
蜗牛的速度,0,train,waimai_review
不如上次，没味道，不如店里,0,train,waimai_review
和同事一块下的订单，居然同事的先到了，这份晚了40分钟才到，太久了也,0,train,waimai_review
好吃速度快,1,test,waimai_review
"优惠了很多,很实惠,感觉整体棒棒哒,好吃,包装也好好",1,train,waimai_review
配送员有礼貌，配送速度快！,1,train,waimai_review
送餐超级快，当然也是我定的早~可惜拌菜的没有炒菜的好吃…,1,train,waimai_review
"实话菜色真心一般,丽华好几十年的老牌子了,价格很亲民,包装很讲究~干净卫生。希望以后能提高下饭菜质量！",0,train,waimai_review
嗯，包装的纸袋不错，嗯，就这些了,1,train,waimai_review
别跟我说经典巧克力不用吸管喝！里面没有吸管你让我怎么喝？,0,train,waimai_review
白肉多，腥味重,0,val,waimai_review
快递很好。穿心莲一半都是坏的！一半绿，一半是烂菜叶子的黄色，没法吃！再也不在这里定外卖了！伤心！,0,val,waimai_review
"特别慢,东西一般,没有餐具和番茄酱",0,val,waimai_review
"饺子一份特别少，真的，也就十几个吧，配送挺好的,饺子不行",0,train,waimai_review
卷饼味道一般，肉太干，不会再买,0,train,waimai_review
有点甜...其他都还好。,0,train,waimai_review
"太长时间了,还说饮料没了下次给,也没给",0,train,waimai_review
鱼香肉丝味道一般，南瓜粥太淡了,0,test,waimai_review
美式洒了半杯！星冰乐不给吸管！我怎么喝！,0,val,waimai_review
"没送烤肠和卤蛋,餐厅电话打不通",0,train,waimai_review
小牛肉比萨味道很浓！沙拉量很大！送餐快！,1,test,waimai_review
预计19点25送达，实际20点30才送到。这么久温度就不说了，粥撒了一半在塑料袋里，还真是挺稠的……万幸的是没给我餐具啊！这要给了餐具不都让粥泡了，真贴心,0,test,waimai_review
量还不错，酱汁味道也赞，就是性价比稍微蛋疼了点,1,train,waimai_review
我擦，怎么会有好评的，炒菜还没有食堂一勺的量，抢钱么,0,train,waimai_review
很好吃，在线支付很值,1,train,waimai_review
抄手很难吃，慎点，巧手大拌菜推荐，真的不错,1,train,waimai_review
超快送餐！,1,train,waimai_review
十万个赞！最好喝没有之一！,1,train,waimai_review
包装很高大上～味道一般,1,train,waimai_review
非常好吃。,1,val,waimai_review
"网页上不是写配送费么,怎么还收3块",0,test,waimai_review
感觉没有在店里的好吃，感谢送餐师傅我们家六楼没电梯还得爬楼梯,1,train,waimai_review
"肥肉太多了,真吃不动",0,val,waimai_review
时间很长，送来都是凉的。希望大家以后别在这家买了，百度外卖，我感觉这次是最差的。,0,train,waimai_review
减量了吗，没有咸淡味，菜也很少。,0,train,waimai_review
不新鲜！藕片放很久了难吃的不得了，不好！,0,train,waimai_review
汉堡超小，跟烧饼似的，以前在店里吃的都觉得量很足所以才点的，没想到外卖差这么多。。。千万别买真的好小。。。,0,test,waimai_review
不能加图...差评！反正红茶上已完全无奶盖，逗我？,0,train,waimai_review
鸡蛋羹没有，但是汤里有个煎蛋。水标签写着蓝莓汁但是送了一个mini雪碧。,0,train,waimai_review
菜有点辣，菜量挺好，量大。味道挺好。,1,train,waimai_review
逢年过节不用排队了，好,1,train,waimai_review
这次很慢，送来后袋子都快捂化了,0,val,waimai_review
"东西好好吃,就是速度好慢,说是十一点多送到,结果十二点多才送到",1,train,waimai_review
"基本上就没有肉……全是汤……而且味道也一般,垃圾中的战斗机！还金牌卤肉饭……就一个字差",0,test,waimai_review
太咸了，怎么可以这么咸，一边喝水一边吃煎饼……,0,train,waimai_review
准时，菜做的不错！,1,val,waimai_review
包装精致，送餐快速，味道一般,0,train,waimai_review
弹珠和芋圆小丸子很好吃,1,train,waimai_review
送餐小哥态度特别好！好多肉呀好吃好吃！可我以为是可以选米饭换卷饼的？还在订单里自信地备注了,1,train,waimai_review
点的是套餐送来的是单品，没有小菜和饮料～不知道是商家没给外卖员还是外卖员没给我。第一时间打电话给商家联系了让他们问一下外卖人员，不过之后也没有收到任何反馈。百度外卖做的真的不行，点了两次两次都很失望，第一次等了2个小时打给送餐人员说还要等半小时实在等不起最后无奈取消了，客服电话人员态度恶劣！建议百度要不就好好改进下这个版块，要不就关了吧～一水的差评影响百度声誉～,0,test,waimai_review
"不好吃,全是面",0,train,waimai_review
好评都是刷的吧，送了2小时，粥都变成饭了，卷饼都黏了,0,test,waimai_review
"很好吃,送餐速度快,下次再来",1,train,waimai_review
秒送！太快了！,1,test,waimai_review
很好，就是不喜欢炒生菜,0,test,waimai_review
这饺子皮薄陷大，味道很棒，送过来还热腾腾的，百度骑士风一样速度，感谢店家，感谢骑士！,1,val,waimai_review
不是百度吗，怎么变成了达达。而且包装全是油，我觉得诚信还是很重要吧。,0,val,waimai_review
豆瓣酱太多了吧，好咸,1,train,waimai_review
"量很足,确实够厚,大号的吃不完",1,train,waimai_review
挺快的味道不错，推荐大家选择。,1,train,waimai_review
不错滴，锡纸包住的创意很好，还配了手套，妈妈再也不用担心我吃个卷饼吃的哪哪都是了，送餐小哥的态度也很好，赞一个～,1,train,waimai_review
送餐用了一个多小时。不好吃,0,train,waimai_review
订的12：00送餐，12：50才送到，上班族中午时间有限，请商家以后工作再细心一点。红烧牛肉套餐土豆多可以理解，但牛肉太老了嚼不动，请改进。米饭量挺多的值得表扬。,0,train,waimai_review
牛腩怎么会有那么多肥肉，吃起来还很腻，不太像牛肉,0,train,waimai_review
哇。。还好是满减买的，原价买的要哭死的了。。。一手的面皮肉好少,0,train,waimai_review
送餐小哥到的时候连呼哧带喘的，难道是跑着来的？还好吧。不过送餐真心不应该点面条之类的，幸亏还是点的炒面，也坨了,0,val,waimai_review
送货的骑士比照片瘦多了！大冷天，太辛苦了！最重要的是跟在店里吃品质一样！披萨的馅趴在饼皮上妥妥的！,1,train,waimai_review
送了快两个小时，直接退掉，下次不会再点，打电话也没人接,0,train,waimai_review
"还凑合，第一次吃，从下单到吃到饼花了2小时。太慢。,饼有些凉了，而且酱料有点少。馅料也有点少。",0,test,waimai_review
味道不错，太慢了，2个小时,0,train,waimai_review
送来时菜已凉，12元的一份青斑苦瓜，容量如外面早餐送的小菜，少的可怜,0,train,waimai_review
10点订的餐，12点才送到！与同事前后下单，他的11点多到的，我的12点多才到，配餐的工作方法真是无语！,0,test,waimai_review
送餐的不给送上楼，让自己下楼取,0,train,waimai_review
晚上果然送的更快，要是能把我定的两个一起送来就更好了，支持支持！赞！,1,val,waimai_review
还是不错的,0,train,waimai_review
味道不错，价格合理，很好吃,1,train,waimai_review
太慢了！东西都凉了！起送价还涨了，很多的套餐都不能送因为没有到起送价。,0,train,waimai_review
从来没有订过这么慢的的餐，直线距离不到800米，非下雨天，能给我送近2个小时,0,train,waimai_review
味道不错，就是感觉菜量有点小有点干，多少带点菜汤就好了。,1,train,waimai_review
今天居然吃到了很热乎的！送餐也很快！,1,val,waimai_review
一定要及时吃啊,1,test,waimai_review
很快，但是不如原来好吃了。,0,train,waimai_review
味道不错。速度很快。包装也不错。有创意。,1,val,waimai_review
太差了，送来的饭菜汤都漏出来了，还不承认，太差劲了，饭放这就走了，太垃圾了,0,train,waimai_review
好吃，就是价格有点高量小点,1,train,waimai_review
绝了我竟然吃出个小别针，靠，幸亏口是别针的，要命是咋的，送餐员态度很好，饭菜质量把把关吧,0,train,waimai_review
感觉还不错！配送很及时！刚刚好下班点送到！,1,test,waimai_review
"送错了,很积极的更换了好评",1,train,waimai_review
奶茶很好喝，快递小哥也超给力！赞一个，辛苦了。,1,train,waimai_review
味道不错，值得品尝！！！如果配送再快一些，那就完美了！,1,test,waimai_review
毛血旺好吃，以后还会来,1,val,waimai_review
送餐超级超级超级超级慢，10点30下的单快1点了才收到。。,0,val,waimai_review
口味一般，送餐慢,0,train,waimai_review
虽然送餐很快，可是焖面吃了一口就吃出一只虫子，带翅膀的有蜻蜓那么大。。。,0,val,waimai_review
必须给快递小哥点个赞,1,val,waimai_review
速度快，服务好，必须赞一个,1,train,waimai_review
尖椒土豆丝不好吃，别的都不错,1,test,waimai_review
站点特色比萨，辣味特色薯条，口感都很棒！,1,train,waimai_review
肥肉实在是太恶心了，还不如不放。。。,0,val,waimai_review
写着45分钟送达，结果足足等了90分钟，凉的透透的，没法吃扔掉了，永远不会再点。,0,train,waimai_review
皮蛋瘦肉粥料很足,1,train,waimai_review
"包装好高大上,好吃",1,train,waimai_review
送餐太慢，量也小。不过挺好吃的。,0,train,waimai_review
"很香很美味,下次还会光顾",1,train,waimai_review
不错！很好！不错！,1,train,waimai_review
"纯蔬菜的有些不顶饱,建议要肉的卷卷",1,train,waimai_review
速度超级快呀，很好喝，冰爽,1,train,waimai_review
鸡就跟半份似的，四块肉，四五块香菇，三四个像鱼丸大的小土豆，这菜太坑爹了,0,train,waimai_review
很好，快递特别快快快。,1,val,waimai_review
很方便，很快就送到了。棒,1,train,waimai_review
态度非常好，送晚了主动送了两瓶王老吉,0,train,waimai_review
送餐员把蛋汤给撒了，可能是路程远的缘故，然后米饭都是湿的，排骨的味道还行，第一次订饭，所以给你们没投差评，这次也许也不能全怪你们，希望下次注意就好,0,train,waimai_review
10点半下的11点半的单子，13点05才送到。。。,0,train,waimai_review
百度骑士服务很好，全五分好评,1,test,waimai_review
外卖师傅辛苦了！这么大风，送的很快！,1,train,waimai_review
菜很好吃，百度骑士辛苦了,1,train,waimai_review
小哥还顺便帮忙取了快递！好评好评！,1,train,waimai_review
速度够慢的,0,train,waimai_review
"超级快,准时。希望以后都这位小哥配送",1,train,waimai_review
味道很一般，量特别少，居然没有筷子!,0,train,waimai_review
包子一般，肉汁少点，粥不错,1,train,waimai_review
一个小时才送了，送餐员打电话说到楼下了，结果下去还要等他几分钟，而叫的烧鸡饭，才两三块肉，能不差评吗？！,0,test,waimai_review
"很好吃的。评价晚了。,嘿嘿",1,val,waimai_review
"这次送餐时间有些长,打电话去催,客服服务很好,送餐员服务也很好,菜也是热的,所以还是五星啦！不过土豆肉丝卷基本没有肉",1,test,waimai_review
送餐小哥很负责，很快！！！,1,train,waimai_review
这次点了一个中份和一个大份，大份是第一次点的中份大小，应该是第一次点的中份送成大份了。中份量不大，大份还行。,1,test,waimai_review
香干太多腊肉品质较差，土豆丝火大了面面的无脆干！,0,train,waimai_review
优惠活动很超值,1,train,waimai_review
羊肉串是凉的。,0,train,waimai_review
"好难吃,还太小,南瓜粥还行",0,train,waimai_review
百度骑士夏豪杰特别好，我把地址写错了，他也没有抱怨，态度特别好地帮我送过来，非常赞！,1,train,waimai_review
太慢，送来以后汉堡都快烂了，而且薯条也皮了,0,train,waimai_review
感觉口味重，吃完不消化,0,train,waimai_review
早餐首选，快递小哥准时,1,train,waimai_review
一百多的菜，没什么，有点少。胃口还行吧，麻椒有点多。,0,val,waimai_review
服务好，速度快，赞,1,test,waimai_review
煎饼不适合外卖，时间稍长就软塌了，,1,val,waimai_review
好大一个饼,1,val,waimai_review
态度不好，反应也迟钝。,0,train,waimai_review
离我们远点55分钟送到的，可以理解，饼和粥都不错,1,train,waimai_review
餐品挺好的，就是百度外面快递差点事。,0,test,waimai_review
只能说一般，不怎么好吃，米饭明显感觉不是当天做的，用水泡太久了，,0,test,waimai_review
第一次送的时候少了一份，沟通之后很快送过来了，但是订单的金额和打印的小票金额不符合，再给商家打电话也没人接，还是后来送货小哥帮着解决了,0,train,waimai_review
快递师傅特别好～等了我10分钟,1,test,waimai_review
"有点儿慢阿,八点了才来",1,train,waimai_review
味道不错，还实惠,1,test,waimai_review
挺辣的，吃着还可以吧,1,test,waimai_review
骑手速度很快！人很好！感谢,1,test,waimai_review
虽然是慢了点，可是态度很好的。。,1,train,waimai_review
是有点辣。味道还不错,1,train,waimai_review
喜欢吃，但是骨棒里面，有一点肉都没有，光秃的一个骨棒，我也是醉了…,0,train,waimai_review
经常订餐非常好吃，还很干净。,1,val,waimai_review
差评，接单两个多小时没有送餐，打电话也没人接听，更无法取消订单，至今没有给予回复，这是订宵夜的节奏，送来带着锡纸都凉透了，你们都是只上夜班的吗？骗子！！！,0,test,waimai_review
菜品选择再多一点就好了,1,test,waimai_review
一般般，都没吃，全扔掉啦！,0,train,waimai_review
土豆丝太淡了，没有滋味,1,test,waimai_review
点一份就不给送，每次都是。。,0,train,waimai_review
"配送简直卡着点儿到的,写着13点31不到有一半儿的赔付，我也没有要，但是也太不准时了吧",0,train,waimai_review
"味道不错,就是小点了",1,train,waimai_review
"猴子面包就给那么点奶油,无语了",0,train,waimai_review
真垃圾，如果有负数就好了,0,train,waimai_review
还可以，就是米饭偏硬了点,1,train,waimai_review
什么味没有，不怎么样,0,train,waimai_review
"好吃,大号也太大了,能不能别用铝箔包装,成本高加热也不方便,纸包装就挺好",1,test,waimai_review
把中饭送成下午茶，2个小时，这还能算外卖么，已经没有食欲了,0,train,waimai_review
量小，建议饭量大的吃3份卷饼，味道还是很赞的,1,train,waimai_review
"宫爆鸡丁有异物,希望以后多注意",0,train,waimai_review
付完钱发现没有给我优惠，打电话问客服，说我软件版本过低，我每天都在用，就今天告诉我这个？商家也不给取消订单，付了钱你们就把这钱吃定了？,0,test,waimai_review
"很不错,还放了芝士,棒",1,test,waimai_review
送的太慢了，送餐员连路都不认识。,0,val,waimai_review
等到花都谢了，真心太慢了，希望以后能快点,0,train,waimai_review
外送小哥态度很好，很辛苦。,1,val,waimai_review
奶茶很好喝,1,train,waimai_review
能感觉到店家非常在乎客户的意见，赞一个。,1,train,waimai_review
超级难吃，简单的家常菜都做不好,0,train,waimai_review
"为什么不给餐具？,洒的到处汤汤水水的",0,test,waimai_review
很不错，超值的,0,train,waimai_review
一个多小时才送到，都不好吃了,0,val,waimai_review
美味，及时送达，好评！,1,train,waimai_review
非常好吃的饼,1,test,waimai_review
今天可能因为各种原因晚了40分钟吧，还有代金券为什么默认吞了，不支持卷但是在选项和店面下不要标代金劵,0,train,waimai_review
淡而无味，没有虾的香味,0,val,waimai_review
没吃过这么难吃的冷面，不给拿筷子，冷面汤都温了，而且味道特别差，吃了两口就扔了,0,train,waimai_review
送到的时候彻底冷了，凝固在一块，肉都成脂肪块了。没吃，扔掉了。,0,train,waimai_review
好吃，荤素比例很好,1,train,waimai_review
晚到15分钟，还少送了一个鸡腿。差！,0,train,waimai_review
快递小哥服务好，速度快,1,train,waimai_review
这次很快，不错，赞了！,1,train,waimai_review
明明要的中辣，结果一点辣都没有,0,val,waimai_review
非常好，送货的师傅特别好，谢谢,1,train,waimai_review
"晚到了半个小时,汤都漏出来了",0,train,waimai_review
非常好！第一次用百度外卖，送餐很快，快递小哥也很礼貌。菜品量足，味道不错，下次再来。,1,train,waimai_review
送了快2小时，我打电话，老板说送出来，等了40分钟送餐员到了，问送餐的，送餐的说老板做菜慢。我也是醉了！！,0,train,waimai_review
"太难吃了,海藻巨腥",0,train,waimai_review
挺好吃的，但是再也不买了，超时两个点。,0,train,waimai_review
"特别慢,建议大家早上订晚上的饭,这样大概能准时送达,服务态度极差",0,val,waimai_review
快递小哥很给力！冒雨前来，态度很好！赞！！！！,1,train,waimai_review
粥还不错，饼还没尝，包装挺好，看着不错,1,train,waimai_review
还是不错的,1,train,waimai_review
送餐师傅态度很好，送餐也很快，谢谢师傅的服务。,1,test,waimai_review
谢谢快递哥哥，非常准时，辛苦啦,1,train,waimai_review
鸡蛋沙拉没有沙拉，脆皮香蕉有点油。快递员忘记拿发票了，不高兴。,0,test,waimai_review
量给的太少了，以前都还凑活，今天的菜只有小半盒，连以前一半的量都不到，经常订你家的还这样，要是无法保证质量，以后只能换其他外卖了。,0,train,waimai_review
太咸了，辣椒里面不知道有什么东西，吃了好几次都像石子的东西。,0,train,waimai_review
一勺一口姜，是不是把姜当蒜，放了2遍？,0,test,waimai_review
很实惠，都是肉，还赠送泡菜和皮蛋瘦肉粥,1,val,waimai_review
非常感谢！辛苦陈骑士啦！,1,train,waimai_review
"很好,很快,好吃",1,val,waimai_review
等待了105分钟，还是在投诉的情况下才送餐,0,train,waimai_review
这次速度很快，味道不错。,1,test,waimai_review
饭送到后都凉了,0,train,waimai_review
米饭少了啊，备注中要求加米饭，一点反馈都没有,0,train,waimai_review
奶没那么多了。味道没有第一次喝那么有味道了,0,train,waimai_review
小碗牛肉用盒子放在装菜的盒子上面，送到时，下面的饭盒盖子被压扁了，上面的盒子就那么陷在下面的菜里。小碗牛肉里有头发，恶心的全倒了。,0,train,waimai_review
"送餐不准时,说是12点18送到结果我多等了半个小时还是大了两遍催单电话的结果打电话去投诉说给我回电话就没信了送的餐除了饭还有点余温剩下的都凉了皮皮的没法吃",0,train,waimai_review
不是说好送王老吉吗？为什么没有？这样不好吧……,1,train,waimai_review
太慢了，等了接近80分钟，都凉了,0,train,waimai_review
慢的跟龟一样,0,train,waimai_review
没有收到！电话关机！,0,train,waimai_review
之前晚归晚，至少还能接受，这可好，11点20订，两个多小时才到，送来了都该上班了，都没有时间吃了，下次不敢订了,0,val,waimai_review
菜有点咸，干锅土豆片油炸的太脆，不好吃是硬的,0,val,waimai_review
鸡腿卷没有以前好吃了,0,train,waimai_review
卷饼的皮很硬，肉也不是肘子肉，没有以前好吃了，很失望，近期不会再点了。,0,train,waimai_review
骑士很好！非常负责任，所有的骑士都可以像这个骑士一样就太好了,1,train,waimai_review
"及地很好吃,很特别,微辣",1,train,waimai_review
不错，好吃不贵，送餐速度快,1,train,waimai_review
"下单后1小时54分钟送来的,还让我说啥",0,train,waimai_review
选的立即送餐，结果快一个小时才送到。。。希望下次能很快送到,0,train,waimai_review
点点凉拌金针菇，拿进屋里打开一看是土豆丝，我们娘俩都不吃土豆,0,train,waimai_review
吃出一只蚊子,0,train,waimai_review
点餐了，钱收了没给东西，真够垃圾的，再也不在你们家订餐了,0,train,waimai_review
又快又hao,1,train,waimai_review
味道不错，家里来人吃了两回了，但怎么感觉第二次量没头回多了？,1,val,waimai_review
"预计送达时间是12:18,晚了半个多小时才送来,还跟我说天冷都慢,由于饿,想着外送员也不容易,就把餐领了,回来打开一看,煎饼都凉了不说,鸡肉煎饼里的酱汁流的到处都是,把所有吃的弄的都黏糊糊的,薄脆也都烂掉了化了,打店里电话都没人接,太差劲了,再也不买他家东西了,同时叫的麻辣烫百度提前十分钟送到的还是烫的,差距！！！",0,train,waimai_review
十一点半定的，说十二点半到，我知道我定晚了～我没催你们吧，理解你们吧，结果两点多才到，我吃的是午饭么？！能不能干？不能干别接单！,0,test,waimai_review
百度骑士很快就送到啦！不错,1,train,waimai_review
送餐快，阿田大虾一如既往的好吃,1,train,waimai_review
京酱肉丝还可以,0,val,waimai_review
"就是洒了,其他还行。。",1,train,waimai_review
要求不加辣酱，竟然就一点味道都没有啦,0,train,waimai_review
送餐速度真是太快了！！,1,test,waimai_review
中规中矩。,1,train,waimai_review
送餐时间太晚了,0,train,waimai_review
送餐小哥速度很快～煎饼不错,1,train,waimai_review
"送餐员,太不注意了，海带的汤汁全嗮了，弄的里外都是，筷子也湿了，请下回注意",0,train,waimai_review
说好的发票呢，不是说要补一张送过来么。票没了体谅你们下，但是说好的补票呢。,0,train,waimai_review
"3个小时送到的,呵呵,送餐员脸皮够厚",0,train,waimai_review
写了要发票，结果不提供，东西量少，质量极差！,0,train,waimai_review
"送餐时间推迟了25分钟,太慢",0,val,waimai_review
"第一次定,挺好吃的,就是有点慢,可能距离有些远",1,val,waimai_review
油稍微大点。总体还是不错的,1,train,waimai_review
辛苦送餐师傅。肉夹馍一直都很好吃。,0,test,waimai_review
挺好吃，家乡的味道～～,1,train,waimai_review
火锅店的炒菜。。不敢恭维,0,val,waimai_review
今天特别的慢，可能是下雨的关系，送到的时候汤还撒了一些，不过配送员态度还好，就是悲剧。,0,val,waimai_review
味道不错！,1,train,waimai_review
味道超级棒！鲜香培根的好吃、料也足！炸鸡也都是鸡翅而且个头很大！大赞！,1,train,waimai_review
凯撒沙拉酱都没有、刀叉也没有、怎么吃,0,train,waimai_review
我定的是素三鲜的，打电话让我换，换的是香菇的，本来六个，但是只送了三个。为什么？,0,train,waimai_review
味道美极了，百度骑士的工作态度认真，商家电话不通，骑士亲自去店里说我的需求，真是棒棒嗒！,1,train,waimai_review
"米饭好少啊！对我这女生来说也不太够哪！,水煮牛肉还是很好吃哦！",1,train,waimai_review
量大，好吃，每次点的都够吃两次,1,train,waimai_review
撒的到处是。摩卡只有半杯了。,0,val,waimai_review
太香了，太大了，全是肉，嘴唇都撑裂了,1,train,waimai_review
送餐很快，味道也很不错，量大,1,train,waimai_review
一般，有点咸,0,train,waimai_review
12点不到下的订单，都快两点了才送到，饿死了。。。,0,train,waimai_review
"皮蛋瘦肉粥,我一看还以为是白粥。。。",1,train,waimai_review
麻烦下次送餐能不能确认好再给？自己送错了反倒麻烦我楼上楼下来回跑好几趟，我点的多就应该送错是么？神马鬼理论，1分都不想给,0,test,waimai_review
"吃出一个毛发,和一堆不知道是什么的东西。。",0,train,waimai_review
很快，服务很好,1,train,waimai_review
包装服务都很好～也很正规的一家外卖～就是本人不太喜欢甜面酱的口味～下次不会选这个了,1,train,waimai_review
越来越慢了呢,1,train,waimai_review
"送餐时间太久了,接电话的女店员非常不负责任,我留言了具体送餐地址,并且又打了电话到店里,结果她不告诉送餐员,令人非常郁闷,女店员实在垃圾,这样的女店员在,离关门不远了,差评,大大的差评,垃圾,最失败的一次外卖",0,train,waimai_review
骑士小哥送的很快，态度也超好，点赞！,1,val,waimai_review
送的比较慢,1,train,waimai_review
送的出乎意料的快！！,1,train,waimai_review
"凉皮送来也不帮拌好,都成一坨了,难吃死了！差评",0,train,waimai_review
"不错的,味道可以,就是凉了",1,train,waimai_review
再也不定了。,0,train,waimai_review
骑士速度超快！太赞了,1,train,waimai_review
送餐小哥神速～味道也好～,1,test,waimai_review
太赞了我家没电梯还能送这么快好感动,1,val,waimai_review
"还没有吃,感觉不错",1,test,waimai_review
两个能吃饱，但锡纸包得不合理，很容易咽下去！,1,train,waimai_review
点的饺子非常好吃，送餐也很快。,1,test,waimai_review
不是59免外送费吗？明明收了9块钱外送费！,0,val,waimai_review
差差差！时间太久！,0,test,waimai_review
送餐小哥够速度！满意,1,test,waimai_review
"东西太贵,分量太少,快递太慢",0,train,waimai_review
好吃！并且包装的特别好！梅州东坡棒棒嗒,1,val,waimai_review
肉皮没弄干净，都渣嘴,0,val,waimai_review
真的太慢了，迟到一小时，所有菜都凉透了,0,train,waimai_review
不是一般的慢等了两个多小时，冷面已经成一坨了，夹着一根面整碗都能提起来…,0,train,waimai_review
"不错,送货快,包装好",1,train,waimai_review
除了可乐，其他都差。还送错了，我要的是鸡腿肉，两单都送错！快递也不上楼。,0,train,waimai_review
"首先送的晚,然后我要的脱脂奶不加冰,做的又加奶又加冰！！！！",0,test,waimai_review
服务态度不好！送餐太慢！,0,train,waimai_review
粥一般，卷饼不错,1,train,waimai_review
服务态度不好,0,train,waimai_review
很好吃，大家吃了后都找实体店去吃了,1,train,waimai_review
卷饼味道不错，粥口感好，分量足,1,val,waimai_review
好吃极了，这次送的还比较快。,1,test,waimai_review
我要的精选米饭，你给我送过来一个空盒？？？你TM在逗我吗？？差差评！！,0,train,waimai_review
等了150分钟。哎。,1,train,waimai_review
没有久久鸭店里买的新鲜,0,test,waimai_review
盐酥鸡太不正宗，不好吃，饭不错啊,1,train,waimai_review
梅菜好多，海带味道怪怪的,0,test,waimai_review
在米饭中有苍蝇，情况极其恶劣。,0,train,waimai_review
"味道不错,会继续支持",1,train,waimai_review
好快！配送员特别好～还送了果冻哟,1,train,waimai_review
卷饼特别好吃～,1,train,waimai_review
"店里马上放假人手不足，等了一个半小时，终于送来了。,不过菜做的都比较咸，原来配的圆白菜没有了……换成了类似腐竹细丝但不能确定是什么的东西……还不如圆白菜爽口,红烧鱼块淀粉较多",0,train,waimai_review
"“喂，你的外卖我在门口赶紧出来”,开门之后,塞到我手里就走，定的粥压根没给，",0,train,waimai_review
经济实惠，又好吃，打包的还好,1,train,waimai_review
没吸管，没奶油差评..,0,train,waimai_review
一如既往的又快又好！每周都会在百度外卖买快乐柠檬家奶茶，送餐快，奶茶好喝，棒棒哒，开心～,1,train,waimai_review
土豆肉丝卷有点咸了……,1,train,waimai_review
送餐很给力！上次点餐留言说可乐换豆浆，谁料这次竟记住了这事！不得不再赞一次！同时看到有人抱怨送餐速度的问题，作为一个旁观者而言，我只想说，送餐员不是宇航员，电动车不是火箭，你住在火星非要享受住地球人的用餐待遇，怎么可能？我之所以选这家，首要原因是近，万万没想到，从此停不下来了！竟爱上了这个味！,1,test,waimai_review
因为我手机信号问题送餐员没联系上，于是我联系了店家，店家很nice帮联系了客服，之后送餐员就马上送到啦~面还是很热的~店家和送餐员赞(*￣▽￣)y,1,train,waimai_review
不满意的一次外卖,0,train,waimai_review
吗的百度外卖快倒闭吧，草泥马的每次都要两个多小时。冰粥都热啦,0,train,waimai_review
快递员速度快服务好，辛苦了！,1,test,waimai_review
来说说口味吧。里面酱汁不多也没啥蔬菜，肉倒是不少。但感觉有点点腻而且干啊。不算很好吃,0,train,waimai_review
你妈订单完成了么？？差一份面没送也叫完成？你们饭店这不欺诈消费者么，等了马上两个小时了餐还没到，百度送餐的什么情况？半折怎么领取？？？十二点三十七定的现在两点十五餐还没送到送全还差一碗呢！！！百度送餐和餐厅你们什么情况？,0,train,waimai_review
不错～特别皮蛋瘦肉粥超级好喝～,1,test,waimai_review
蛮好，面稍微有点硬。,1,train,waimai_review
做得很不错，味道，也很好，要的鸡腿卷饼，要是鸡腿能把鸡皮去掉就更好了。,1,train,waimai_review
味道很不错，还送湿纸巾，很细致。点赞。,1,train,waimai_review
"等了快2个小时了,你们就不能提速,多派几个人送吗,差评！",0,train,waimai_review
这么好的店、宫保鸡丁竟然拿土豆充当鸡肉！20多的菜，至于吗？,0,train,waimai_review
好吃，不过粥不好喝,1,train,waimai_review
送过来晚了一个小时饭菜都凉了,0,train,waimai_review
很好吃哦。不错,1,train,waimai_review
为什么肉皮上的毛毛没有弄掉？是不是只要挣钱管他死活？虽然吃不死人，但是看着很恶心的。,0,val,waimai_review
太不靠谱！不是漏发订单就是菜送错了，要不就早送一小时！！！,0,train,waimai_review
外送人员好评，芥蓝差评，太老啦,0,train,waimai_review
"很棒,包装很好",1,train,waimai_review
送到都凉了，味道一般,0,train,waimai_review
在家附近吃了很多年，烤鸭一级棒。,1,train,waimai_review
好喝！快递小哥这么大的雨还送的很快！看他的湿哒哒的了！谢谢你们啦！！！,1,train,waimai_review
差评差评，时间太长，时间将近2个小时,0,val,waimai_review
"没想到是甜的,不喜欢甜带鱼",0,train,waimai_review
难吃得要命！,0,test,waimai_review
八点多下的单十点半才送到，送货员打了N个电话问门牌号是多少，门禁怎么开，送到的煎饼已经皮了，豆浆和豆腐脑也都是温的，绝对差评！！,0,train,waimai_review
菜都没放盐，一点味道也没有，饭太烂了，水水的，还有一股奇怪的味道,0,train,waimai_review
"主菜肥肉太多了没办法吃。。。送餐服务很好,送餐叔叔怕我着急还给打了电话",0,train,waimai_review
香草的里面完全没有咖啡，就是杯奶！,0,train,waimai_review
慢就一个字，饭菜全凉了，所谓的粗粮饭就是白米饭里插了半拉玉没有下次了。米。,0,train,waimai_review
八点点的快10点送到的真是耽误了很多事，打电话催了两次彻底服了,0,train,waimai_review
服务态度差，备注写多要番茄酱，结婚餐到了一个没有,0,train,waimai_review
送的太晚等的着急。,0,test,waimai_review
下单之后接到商家电话，说因为饼没有了，要晚点才能送过来。虽然送到的时候已经比较晚了，但是服务态度还是很好的。另外鸡腿肉卷真的很不错。,1,test,waimai_review
哎，态度挺积极，效率太低,0,train,waimai_review
米饭实在是硬的离谱……,1,train,waimai_review
天气恶劣而且服务态度很好，谢谢,1,train,waimai_review
速度超快。服务好，超预期。,1,train,waimai_review
过节果然不一样，忒快了！建议豆腐脑换成小的沙拉更好了,1,train,waimai_review
菜没味道，米饭也很难吃，,0,train,waimai_review
"味道还行，送餐神速，就是有点贵,如果不减钱是不会吃的",1,test,waimai_review
帮同事订的，很好！,1,train,waimai_review
楼上都懒得送直接给我取消订单也没解释也是醉了，下次不会再定了,0,train,waimai_review
不错，还会购买。,1,train,waimai_review
"好吃,而且很快,送外卖的师傅辛苦了",1,train,waimai_review
很准时，而且这次包装很认真，用券太划算了！,1,test,waimai_review
态度不太好，送的太慢了…,0,train,waimai_review
折扣越来越多少啦,0,val,waimai_review
首先，定的是5点半的，结果4点多就打电话催着拿了。。人都没回来，放那等着凉啊？再者，要求把米线放进去（不放进去味道进不去），拿过来的时候根本很难放进去。。。。PS：送餐员很喜欢挂电话！！！,0,train,waimai_review
送餐小伙子可贴心了，还帮我妈把垃圾随手带下楼了，超级赞！,1,train,waimai_review
好吃，馅料超级足！,1,test,waimai_review
准时，味道也好,1,test,waimai_review
宇宙无敌慢，等了一个小时20分钟。,0,test,waimai_review
"太不好意思了,让师傅大风天等我半小时，手机静音了,太抱歉了。第一次用百度外卖，很好",1,train,waimai_review
酱爆鸡丁的量太少了！,1,train,waimai_review
味道不错，送餐稍慢,1,train,waimai_review
套餐就够一个人吃了，点多了,1,test,waimai_review
黑椒牛柳太咸，咖喱那个时间太久了，胡萝卜都有馊味了！,0,val,waimai_review
太慢啦！80多分钟才送到！,1,val,waimai_review
1星都是多的，提前订了俩小时都没到,0,test,waimai_review
餐袋很好，里面带了一个手套，是方便我们挑肥肉块么，很失望，还不去吃个肉夹馍,0,train,waimai_review
配送速度很快，东西也好吃。,1,train,waimai_review
一般吧，没有期待中的感觉,1,test,waimai_review
这个小炒肉不好吃，我吃过的他家最难吃的菜之一,1,train,waimai_review
菜有点咸；没有带筷子,0,train,waimai_review
品味太一般了！卷饼硬，里面夹的菜品量太小！肘子太肥,0,train,waimai_review
就是配送大哥忘记给我拿吸管了⋯⋯其他都很棒。,1,val,waimai_review
"小清新的饮料太甜了,很不正常那种甜",1,train,waimai_review
蛋挞口味都是错的。奶酪披萨也很难吃..根本就没有奶酪....还晚送了40分钟..,0,train,waimai_review
捡了个便宜，搞活动正好看见了，味道不错，量也大。,1,train,waimai_review
"点的粥不给拿勺,点的包子也不给蘸料",0,val,waimai_review
时间太久，在店里吃的中薯和中可跟外卖送来的不一样，这也太小了，而且送来之后可乐就只剩一半了，另外一半已经漏完了，我也是醉醉的！,0,train,waimai_review
送餐速度快！可惜没有注意我订的是19:00送达，17:30就送到了。19:00还要再跑一趟！送来时眼前一亮，牛皮纸袋比塑料袋显得高了一个档次，订书钉封口自己给自己下降了一个层次。打开拿出用锡纸包裹好的卷饼，感觉干净和保温，还附带一次性手套和餐巾，赞一个。撕开1/3咬了一口，饼的口感很好，没有韧劲比较容易嚼。里面的肉，让我有些失望。我想象的肘子应该是大片的，这里的却是小丁丁。而且酱料不是我喜欢的风格。另外里面的配菜几乎没有，我吃到最后只吃到一条青椒，这样比较腻一些。整体能吃饱，卖20一份有些贵了。,0,train,waimai_review
好吃，就是牛蛙太少了,1,train,waimai_review
"唉,太慢了",0,test,waimai_review
一般都是会订有些名气的，之前也定过别家正一味，但从来没有想到这家会做的那么差~！2小时后才收到。如果不能送可以在订单时告知客户，尽快取消没有什么的，但是。。。。送餐人员也将近送了1个小时。。。很无语,0,train,waimai_review
"送的太快了,不是说好的十二点吗,人和人之间的信任呢",1,train,waimai_review
"建议以后别再出这款海鲜水果披萨了,真心的难吃，真心的奇葩",0,test,waimai_review
送餐速度巨慢，说是餐厅接错订单了，一个地方远的餐厅给送的，送餐小哥态度还不错，不过东西真心难吃额,0,train,waimai_review
非常好，快递非常不错,1,train,waimai_review
送的粥都酸了，你们是昨天前天的粥没卖出去么？这也能往外卖，要是这样子谁还来买？,0,test,waimai_review
有股怪味，吃着没食欲,0,train,waimai_review
首先配送还是一如既往的快，这点值得称赞。锅包肉汁少肉量还行。鱼香肉丝量太少，连半盒都不到，肉丝更是一只手数的过来。捞汁蛰头最差，一整盒黄瓜丝，贴着盖子铺了薄薄一层蛰头，注意就只有一层。想来是生意好了店大欺客，以后,0,train,waimai_review
不好吃还有货到都软了,0,train,waimai_review
"中分饼根本吃不饱，何况不好吃……,送餐太慢……",0,train,waimai_review
味道不错，挺讲究的，私房豆腐很好吃,1,train,waimai_review
不是特别好吃，没什么滋味,0,train,waimai_review
预计下午两点送达，到了三点多联系商家，说已经在送餐路上，四点多接到外送电话，告知刚拿到货准备送餐，五点准备下班货才到，品质也一般，无论是物流还是货品，都让人失望,0,train,waimai_review
好吃，速度也很快！分量刚好,1,train,waimai_review
太慢了，就不要了,0,train,waimai_review
送餐速度很快，味道还可以,1,train,waimai_review
这个贝勒烤肉套餐饭为什么没有米饭？只有菜，太坑爹啦,0,train,waimai_review
特别好特别好特别好,1,test,waimai_review
非常差劲，饼都破了，漏了我一裤子油,0,test,waimai_review
"非常快,服务好,送餐员超温馨,点个赞",1,train,waimai_review
很好吃而且超值,1,train,waimai_review
电话投诉三次没人理！！！百度服务太差！！！系统错误也没个说话，明明点了两份就送一份，半个月了，每次都说尽快回复，至今没接到过百度电话！！！,0,val,waimai_review
大雪天还能送，太赞了！,1,train,waimai_review
"煎饼好吃,外卖速度快",1,test,waimai_review
挺好的，包装环保又有品。,1,train,waimai_review
为什么我的酸辣粉辣么辣,0,train,waimai_review
"味道很好,皮薄有汤汁",1,test,waimai_review
这订餐我也是醉了，这回来的太早了，还没午休呢就到了，,1,train,waimai_review
"很好,凉拌木耳棒棒的,。！！雾霾天多吃有益,。",1,train,waimai_review
餐送晚了，打电话咨询态度很不耐烦说等着吧。味道没有以前好了，太多也越来越差了,0,train,waimai_review
百度骑士态度非常好，速度也非常快的送来，大赞,1,train,waimai_review
已经在手机上评价过了，谢谢商家！,1,train,waimai_review
鸡肉的加了酱汁，味道更好。送餐小哥态度也超级棒。全五分！,1,test,waimai_review
今天外卖的速度真是大失所望！,0,train,waimai_review
大热天的，谢谢配送小哥了,1,train,waimai_review
确定再也不会从网上订餐了,0,train,waimai_review
性价比一般。炒饭不好吃，肉饼还可以,0,train,waimai_review
送餐员速度快，态度好,1,val,waimai_review
"汉堡王给错货，但快递员人超赞,给联系补货,很晚也送过来",0,train,waimai_review
慢慢慢，快三个小时,0,train,waimai_review
快递很靠谱哦～～不错,1,train,waimai_review
海带烧肉真心吃不了，海带居然是酸的，都没吃，其他倒还不错。,0,train,waimai_review
"量巨少,巨少,，再也不点",0,test,waimai_review
不错挺好吃,1,train,waimai_review
可能天热放坏了，吃完晚上拉肚子了。卖相也没有店里的好。,0,train,waimai_review
米饭是有味儿了的………没法吃……扔掉了………,0,train,waimai_review
史上最慢最差的外卖。等了两个小时，不能再差,0,train,waimai_review
太慢了，一个多小时我都上班了才送过来,0,train,waimai_review
确定这是肉夹馍？得用放大镜找肉吧，品质严重下降，不值这个价了，不会再买,0,train,waimai_review
没有想到鸡柳沙拉里面有那么多沙拉酱，我本来就感冒了不想吃太腻的，没想到还是吃了。。。,1,val,waimai_review
今天送的很快。但是，但是，送餐的人把饭盒摔了，粥全洒袋子里面了。不爽,0,train,waimai_review
送的速度挺快的，态度也不错。菜的质量还可以吧，蔬菜不是特别多，但是用了券价钱很合适。,0,train,waimai_review
饭很好吃，不过送餐速度真的很慢，我等了三个小时，疯了,1,test,waimai_review
大哥送快点好么～～,1,test,waimai_review
"一个半小时才到,太慢了",0,train,waimai_review
送餐的小哥非常赞，大冷天的，真辛苦！态度速度都超赞，必须五星！,1,val,waimai_review
"非常快,超级方便,辛苦啦",1,val,waimai_review
炖肉面太难吃了在也不会吃他家的饭了,0,val,waimai_review
"大份才半盒,我也是服了",0,train,waimai_review
米饭很硬很硬！菜比较油，菜量小，米饭多。,0,train,waimai_review
送餐师傅也不容易可以体谅，不过这咖啡撒的也是可以的，白色的星巴克纸杯几乎都撒成咖啡色了，其他师傅送也没有出现这么严重的撒漏，只能是希望师傅以后路上小心一些，毕竟买的就是质量,0,train,waimai_review
"你们的餐是凉的可乐只有一半下次能找个熟门熟路,感觉得不好",0,test,waimai_review
从人大的店来三义庙用了40分钟，但是是中午，店家也道歉了，理解,1,train,waimai_review
太差了，就不能在百度外卖定，一点信誉都没有，,0,val,waimai_review
粥的味道很好,1,train,waimai_review
炒饭很好吃，羊肉有点肥,1,val,waimai_review
也就是几块钱的东西吧，感觉标价明显是提高了的,1,train,waimai_review
"送餐很快,味道很好",1,test,waimai_review
快递很好，朝鲜冷面里面有虫子，没吃,0,train,waimai_review
肉有点少，送达时间慢，味道还可以,0,train,waimai_review
挺好的，速度也不错，以后还来,1,train,waimai_review
很好，热干面有点干了，但是是正常的，好吃。,1,test,waimai_review
实在太慢了，不能忍受了。,0,val,waimai_review
拌饭酱放的太多。难吃。建议这个酱可以做出小包装，客人自己加放。,0,train,waimai_review
送餐速度太差，12点下的单子，下午2点还没有起送！还得我打电话催才给查询是否送餐了。害的我没吃上饭,0,val,waimai_review
京酱肉丝太咸了,1,train,waimai_review
不如昨天的，今天鸡肉太老，饼都干硬了，吃完牙都疼了,0,test,waimai_review
"口味不错，就是,时间有点久了，粉有点碎了，还有原来是一个卤蛋啊，我以为是两个！",0,train,waimai_review
送的特别慢，还要自己去取，不好吃,0,train,waimai_review
酱太多了，口味太重,1,train,waimai_review
经济实惠，两份刚刚好！,0,train,waimai_review
"咖啡凉了,撒的不少,没以前好了",0,test,waimai_review
外卖小哥超好，送的准时，糕点包装的很好。超级棒,1,train,waimai_review
"送餐没有一次在60分钟以下的,为什么每次显示都是四十分钟",0,test,waimai_review
好吃，就是味道有点偏淡。,1,test,waimai_review
建议厨师烤几串肉筋自己尝尝看，看你能嚼的动么。这种边角料肉也能拿出来烤着给人吃？我真怀疑如果有人在店里点了肉筋，发现是边角料肉，不会砸场子？,0,train,waimai_review
好吃，就是送餐慢,1,train,waimai_review
太油腻了，味道一般，包装不错,0,val,waimai_review
好吃快捷！,1,train,waimai_review
订的菜没有了，换了个便宜的菜，说了多退少补，结果没把钱给我退回来。诚信很有问题。锅包肉又硬又粘牙，酸的一B。再也不会点这家了。,0,train,waimai_review
帮朋友订的，听说不错,1,train,waimai_review
"餐厅人员服务态度差，,订餐时多要求带的辣酱酱没有带，打电话确认过，结果也没带",0,train,waimai_review
"豆腐脑洒了一半在袋子里,洒的煎饼上都是,投诉渠道根本打不通,太差了",0,val,waimai_review
建议饭量大的人来2中份,0,val,waimai_review
很好，离得公司近，郭师傅送餐也很快，很满意！,1,train,waimai_review
订的九点送到，十二点才到，呵呵,0,train,waimai_review
小炒肉太辣，其它还行,1,train,waimai_review
凉透了，汉堡王出餐太慢,0,train,waimai_review
"送餐快,态度也特别好,辛苦啦谢谢",1,train,waimai_review
不知怎的，店家地址没显示完整，快递哥把餐送错了，引起了误会，最终餐到了就行,0,train,waimai_review
千万别点鸡块，鸡翅，鸡肉堡，这家店做的又贵又难吃（）。食物送来的时候都散了，里面也没有餐巾纸。唯一好的就是番茄酱给的挺多。,0,train,waimai_review
一个半小时才送到，唉，都凉了，心也凉了,0,train,waimai_review
送错了，送成盖饭了。。,0,train,waimai_review
味道不错，就是送的慢,1,train,waimai_review
"大品牌,名过其实",0,train,waimai_review
还行吧，素炒饼咸了，什锦炒饭淡了，醋溜木须油大了,1,train,waimai_review
评得我都词穷了！买买买！,1,val,waimai_review
外卖的吮指原味鸡盒，意外的不好吃，没腌透的感觉。,1,train,waimai_review
还是一样的好吃，今天还送个王老吉，很不错哦！,1,test,waimai_review
菜品一般。快递不错！,1,train,waimai_review
还不错挺好吃，定了好几次了,1,train,waimai_review
送餐快又准时，非常好吃，两个人竟然没吃完。晚上再煮点面放进去，晚饭都解决了。鸡块很多，味道很好。口味重！值得推荐！,1,train,waimai_review
"耍流氓、、、牛肉呢~,！",0,val,waimai_review
非常好，送的也非常非常快,1,train,waimai_review
这是酸辣粉吗？太难吃了！其他还好！说过的不放醋，还是放了！,0,val,waimai_review
等了100分钟…还不好吃，到手已经快冷了。,0,train,waimai_review
超级快！二十分钟就到了！味道不错,1,train,waimai_review
汉堡里吃出个塑料条的透明带，不知道什么东西，只想说做的时候肯定没好好弄,0,train,waimai_review
麻辣烫送到时不太好了，时间长了,0,train,waimai_review
送餐员人很好，服务不错。速度也挺快,1,train,waimai_review
送餐速度快~只是食物比之前的量少了,1,train,waimai_review
煎饼越来越难吃了，鸡丝凉面是第一次点，绝壁是个失误啊！！！,0,train,waimai_review
味道也就那么回事吧，米线给的量好大，一半都没吃完,0,train,waimai_review
米线汤都洒外面了,0,test,waimai_review
好吃，就是能准时送就好了，早点就早点吧,1,test,waimai_review
这次好快！,1,train,waimai_review
少送一个煎饼，客服电话打半天没人接，送餐的说开发票的不在回去给送回来，回去就不回来了，这么贵的煎饼这样烂的服务，好吗？？,0,train,waimai_review
很快，师傅很好，很快就送到了,1,train,waimai_review
味道不错，很实惠,1,train,waimai_review
不怎么好吃，光好看了，奶油比较差，面包也不咋滴，扔了一大半,0,train,waimai_review
送的很快，就是不好吃，面里菜太少了，就两小片油菜叶子～,0,train,waimai_review
肉很多，自己再配点儿黄瓜吃，棒棒哒！,1,val,waimai_review
外卖的菜品质量实在无法接受,0,train,waimai_review
"很好吃,送餐的很冷",1,train,waimai_review
"很满意！送餐速度挺快的（毕竟近,马路正对面），菜量没有堂食多。",1,train,waimai_review
配送速度很快！幸亏要的中盘鸡，两个人吃绰绰有余，鸡肉很嫩，整个菜也不太辣，很好吃啦,1,train,waimai_review
味道不错，价格便宜，量又足,1,train,waimai_review
有肥肉，很香,1,train,waimai_review
难吃，而且要的酱香的，来的是辣的，味道还难吃，真觉得是假的拿度,0,train,waimai_review
挺好的也挺快，味道不错！送餐小伙态度极好！,1,train,waimai_review
薯条很大很好吃！送餐快！,1,train,waimai_review
"东西很好吃,送餐速度和态度也很棒",1,train,waimai_review
"好吃,干净,肘子的肥肉也不腻。百度活动给力,一百分",1,train,waimai_review
超喜欢吃豆腐脑和煎饼,1,train,waimai_review
网上订单写的31，到地方送餐员非多要我1块钱，太不专业了。然后就在我门口一顿嚷嚷，令人发指！,0,train,waimai_review
"啊吃完一股香菇味久久萦绕无法散去,南瓜粥不甜",1,val,waimai_review
11点半订的餐两点钟到送餐速度太慢。,0,train,waimai_review
"不错,好吃,服务也不错",1,train,waimai_review
夹油条的才是煎饼果子，口味不错，可惜没放香菜，藕盒也还不错,1,train,waimai_review
配送时间太不准了！做的菜我也不做评价了！,0,train,waimai_review
"太差了,麻辣烫就一点点菜,全部都是粉条子",0,test,waimai_review
配送费越来越贵！！！！,1,test,waimai_review
味道很一般，以后不会再定了,0,train,waimai_review
一份炖肉卖20，小的亮瞎眼,0,train,waimai_review
"我希望下次再送的时候,把饭拿稳了,我打开的时候都散了",0,train,waimai_review
不好吃……,0,train,waimai_review
这个很棒，配上青椒肥而不腻，吃过三种口味的啦，还要继续尝试~~,1,train,waimai_review
两个小时还不送过来，最后也不通知我就不送了，没有碰见这么不负责任的商家,0,train,waimai_review
批萨口感好，扎实的料。鸡翅原味最好，奥尔良第二，蒜香炸的老。很好的一次经历，外卖小哥很给力，好评一万,1,train,waimai_review
味道很好也很负责,1,train,waimai_review
"粥的味道还不错,饭也不错,拿纸袋装感觉好有B格,下次还会来的",1,train,waimai_review
第一，这个系统怎么回事？明明12:50才送到，下方黄字系统写的11:52到达。第二，这次包装很不妥，饮料把菜盒压扁，菜汤粘了饮料半罐，送的餐巾纸是用来擦这菜汤的吗？第三，米饭很一般。,0,test,waimai_review
我点的是套餐，是不是应该有饮料？反正我没有。送餐时间太长了，差不多了要40多分钟,0,train,waimai_review
忘说拿蘸料了，下次我得备注,1,train,waimai_review
"口味不错，女生一个人吃完还很饱,包装很不错",1,train,waimai_review
味道还不错！就是有时候速度慢些！,1,val,waimai_review
这南瓜粥真是让人无语,1,train,waimai_review
"味道不错,速度也很快",1,train,waimai_review
花卷不错，汤也挺好的，送货快,1,val,waimai_review
让人崩溃的慢，将近两个小时送到，我真服了，等到都感觉不到饿了呢，这点值得一赞啊，这上边的大约送达时间让人不敢恭维啊，差距有点大,0,val,waimai_review
太慢，别的我就不说什么了，让我等了一个多小时，但是，最后店家也给赔礼道歉，这单也免了，哎～得饶人处且饶人了～,0,val,waimai_review
味道有点儿淡,1,train,waimai_review
"按时到，但是可乐都洒到塑料袋里了，谢谢送餐员没有把洒出来的可乐再回倒入杯子里。,服务太棒了。",0,train,waimai_review
非常好，不错，还会光顾,1,train,waimai_review
送来的太晚，而且备注了不要辣，结果超辣,0,train,waimai_review
鸡肉的有点淡,0,train,waimai_review
真快阿。好吃实惠,1,val,waimai_review
速度很快，服务态度好。,1,train,waimai_review
"昨天,中午给我送的餐盒烂了,说一会给我送，结果到今天,都没有送过来。我的皮带瘦肉粥呢？",0,val,waimai_review
东西不错。送餐的人够呛，店离我几百米，打了好几个电话他在店里待着就是不愿意来，联系百度送餐投诉后才过来。几百米耽误了一个小时,0,train,waimai_review
"汤全撒在袋子里,面都不能吃了",0,train,waimai_review
"很不开心！点的一个包菜粉丝卷和小炒肉卷,tm给我送来的是土豆肉丝卷和土豆丝卷,非常想骂人",0,val,waimai_review
快递人员很尽职，辛苦了！,1,train,waimai_review
神速呀。。订完20分钟就到了。。。果断好评，快递小哥态度很好，赞个,1,train,waimai_review
嗯，还不错。,1,train,waimai_review
不错，味道很好,1,train,waimai_review
不错，很好！！！,1,train,waimai_review
两小时没送来，退订电话没人接，最后没拿到饭也没退成钱，就当钱掉河里了吧。,0,val,waimai_review
希望速度能快些,1,train,waimai_review
主要是速度慢得，没法吐槽了,0,train,waimai_review
味道不错，但送了一小时。今天是周日啊～,1,train,waimai_review
"11点定的餐，13点送到，你们还能再慢吗？？！,送餐人员态度差",0,train,waimai_review
送餐太慢太慢了～菜品还可以～,0,train,waimai_review
经常取消订单无法配送,0,train,waimai_review
肉里夹着一根头发！整盆都黑乎乎的让人看着不敢吃！就是一大盆黑色！打商家电话提示空号……太无语了！,0,val,waimai_review
送餐及时，煎饼还是在店里做完当时吃香。,1,test,waimai_review
疙瘩汤比学校食堂都差，没这么糊弄的！扁豆面，基本都扔了,0,train,waimai_review
送货快，味道好！,1,train,waimai_review
外面下雨还比预计时间早到，速度好评，点的菜也成功，味道不错！,1,train,waimai_review
好吃，服务也好，满足了我的需求,1,train,waimai_review
肥牛有点硬,0,train,waimai_review
还能比这速度更慢吗？,0,test,waimai_review
味道不错。酱香。蘑菇也很鲜,1,train,waimai_review
打电话给商家2次，太慢了。河粉夹不起来了，坨了，一碰就碎。味道也不好。再也不会订了,0,val,waimai_review
饺子本身不错。但真不适合外卖。。。到了全塌了软软的不好吃。外卖特别快,0,val,waimai_review
比预定时间快了20分钟～很好～,1,train,waimai_review
披萨和菠萝派不错。还可以吧,1,train,waimai_review
美味，及时，经常订，希望优惠力度再大些,1,train,waimai_review
送餐员超快～一直吃这家,1,train,waimai_review
太好吃了！…送到也超快！！,1,train,waimai_review
很好吃，量很足,1,train,waimai_review
快递很给力,1,val,waimai_review
外卖很快，饭量跟小,0,val,waimai_review
快递小哥很给力，很快哦,0,test,waimai_review
汤汤水水的，里面啥乱七八糟的都有。还有一个烧烤的啥呢？！,0,val,waimai_review
海带炖肉里都是肥肉,0,train,waimai_review
泡菜特别棒，大赞！,1,val,waimai_review
饭价随百度减免搜搜的涨……,0,train,waimai_review
味道还可以，主要是省事，送餐小哥不错，非常速度,1,train,waimai_review
不错。很迅速,1,test,waimai_review
送了两个小时才到，我也是醉了,0,test,waimai_review
今天菜量很少。快递小哥超级赞，给我们送到了屋里呢！,0,train,waimai_review
菜很好吃，就是真的送了2个小时，还想着错过高峰期10点多一点就点了餐，结果……,0,train,waimai_review
白粥不错，生煎不算正宗，韭菜盒子还可以，总体不错！,0,train,waimai_review
"派送员非常好。,速度快,态度棒棒的",1,train,waimai_review
"有点凉,饭很硬,不会再定",0,train,waimai_review
送餐时间乱写，一个多小时才送到。差劲,0,train,waimai_review
东西太少了，不值30元,0,train,waimai_review
太棒了，速度快，还好吃，只是粥再多一点就好了，希望采纳,1,train,waimai_review
包装很好，纸袋洋气,1,train,waimai_review
和老西安差不多,0,train,waimai_review
真无语了，我写别忘辣酱有什么意义么？,0,train,waimai_review
"饺子太好吃,妈妈的味道",1,train,waimai_review
肥牛一股羊肉味，真是肥，吃恶心了…面基本没味儿！,0,train,waimai_review
送货很快。,1,train,waimai_review
如果加酱汁就好了,1,val,waimai_review
海带只有平时店里量的一半不到,0,val,waimai_review
送餐员态度好，好评,1,test,waimai_review
"不错，第一次订外卖，怕送迟了，特意订11点的，结果十点多就到了，这下放心了，以后订12点的时间！,强烈要求老板给送外卖的大哥加薪，外卖大哥真不错，真心好！下次还来",1,train,waimai_review
很准时，还热着呢，满意,1,val,waimai_review
味道很辣，偏辣的,1,val,waimai_review
不如实体店的好吃,0,test,waimai_review
没什么味道，送来的晚凉了,0,train,waimai_review
小炒肉好失败，都是汤水，粉蒸排骨还凑合,0,train,waimai_review
12点50订的餐，14点50送到。披萨凉的透透的，怎么吃啊？,0,train,waimai_review
很好吃，卷饼首选,1,train,waimai_review
味道没有传说中好,0,train,waimai_review
送餐员辛苦！奶茶味道不错！,1,train,waimai_review
烤韭菜也太少了，也没刷酱，蕨根粉的黄瓜丝切的真牛逼粗的能当筷子,0,val,waimai_review
好喝，百度送的很快，非常感谢,1,train,waimai_review
量大，味道也不错，性价比超高。,1,test,waimai_review
要的微辣，但是涼麵超辣,1,train,waimai_review
超级难吃，速度和包装倒是不错，不知卷饼怎么做成这样,0,val,waimai_review
骑士小哥非常好，菜也很好哦,1,train,waimai_review
酱有点儿多了,1,train,waimai_review
豆花米线不给豆花！！,0,val,waimai_review
粥一般，饼很大，卷的肉不太香，肉皮上还有毛。,0,test,waimai_review
没给我可乐,0,val,waimai_review
果汁很细腻，搭配起来口感超级赞,1,test,waimai_review
"还冒着热气呢,肉末茄子超级棒,尖椒豆皮就不咋好吃啦,不过整体还是不错的",1,train,waimai_review
物有所值，很给力,1,train,waimai_review
"快递很快的,还要凑十个字",1,train,waimai_review
这次送餐时间超快！,1,train,waimai_review
太淡了，也没有酱,0,train,waimai_review
还不错哦~推荐！,1,train,waimai_review
"为啥牛腩变成了牛肉∠(,ᐛ,」∠)＿",1,train,waimai_review
肉不新鲜！跟网评差远了,0,train,waimai_review
饭很多，菜不好吃,0,train,waimai_review
好吃！就是小贵,1,val,waimai_review
"送的太快也不是好事=,=！",1,test,waimai_review
味道还行，配送太慢,0,train,waimai_review
岩盐芝士绿茶每单必点,1,test,waimai_review
撑死我了。就是土豆肉丝没见到肉啊。,1,train,waimai_review
米饭给的不够整盒！半盒都不到！真够孙子的！烤鸭到了以后都没法吃了！唔得太严了！劝大家以后别点了～,0,train,waimai_review
这次不知道怎么了，两个多小时才送到，连个电话也没有，配送员连句抱歉都没有！,0,val,waimai_review
很是不错的送餐体验。,1,train,waimai_review
我还以为是小块排骨，没想到都是肉末，看着就没胃口了。这是我对小渝府唯一一道不满意的菜！,0,train,waimai_review
好大一份！,1,test,waimai_review
你知道多慢是慢么？多难吃是难吃么？,0,val,waimai_review
备注写的很清楚饮料芬达不加冰，结果可乐还是加冰的，还没有管，怎么喝！要的套餐，薯条没有番茄酱，真心无语了！能不能用点心，谢谢！,0,train,waimai_review
两个小时后送来的，鱼早冷了，简直腥哭,0,train,waimai_review
"比想象中好吃,分量很大",1,val,waimai_review
送餐很快。很方便。谢谢,1,train,waimai_review
一个多小时才到，全撒了！！,0,train,waimai_review
等了两小时，送到后，关东煮汤都撒没了,0,train,waimai_review
送餐晚了半个小时，也没报价。东西都洒了。,0,test,waimai_review
猪蹄再烂些就完美了，手套很贴心,1,val,waimai_review
薏米水太甜,1,train,waimai_review
好吃，喜欢,1,train,waimai_review
这家的送餐超慢，没有很好的耐性就不要定他家了,0,train,waimai_review
味道一般为什么没有酱……,1,train,waimai_review
不错，不错，用百度外卖太方便啦！,1,train,waimai_review
"快递员态度好,速度也很快",1,train,waimai_review
"送餐人员智商为0,气死人不偿命啊",0,train,waimai_review
馄饨还可以,0,train,waimai_review
皮蛋瘦肉粥味道很奇怪_(:3」∠)_我吃不惯的那种...,1,train,waimai_review
菜单上的单品根本就没有，餐厅打电话说是江浙沪的菜单，不是北京的！百度可不可以先确定一下菜单呢？,0,train,waimai_review
锅底怎么是13？,1,train,waimai_review
炸酱面变成了一整坨…,0,train,waimai_review
包装高大上，味道不错,1,train,waimai_review
点的肘子卷饼，说实话，挺失望的。首先，全是大块的肉，只有几小块生的青椒，而且肉是整块的瘦肉，根本不是肥肥的肘花，而且饼很硬，肠胃不好的很难消化。作为妹子表示，全是肉吃得非常不开森。再说送餐速度吧，等了一个多小时才送到，真是挺失望的,0,test,waimai_review
不错，方便，挺好吃的,1,train,waimai_review
要了两个煎蛋，只放了一个。。。不过拌饭味道不错。,0,train,waimai_review
外卖小哥态度很好,1,train,waimai_review
挺好，没撒！,1,val,waimai_review
"非常好,相当棒,很快，味道好好",1,test,waimai_review
"饭菜提前1个小时就送来了，而且都凉了，果断取消订单,挂断放弃，再也不会订了，连热饭菜都吃不上",0,test,waimai_review
不错，送餐及时，还会再光顾的,1,train,waimai_review
感觉味道一般,0,train,waimai_review
"不错,略干",1,test,waimai_review
饭菜不错，速度太慢了,1,train,waimai_review
送货时间长，而且洒了不少。,0,train,waimai_review
给力，就是速度慢点，需要早定,1,train,waimai_review
一般般。。。,0,train,waimai_review
"都太难吃了,豆浆并不是现磨的,一吃就很明显是仿料包的那种,凉面的量少的吓人又很咸只够铺层碗底",0,train,waimai_review
味道很一般，不知道哪里怪怪的,0,train,waimai_review
店大了欺客真明白什么意思了,0,test,waimai_review
味道很好，送餐员态度赞,1,val,waimai_review
卷饼一般，粥和小菜不错，包装很精致,1,train,waimai_review
百度骑士非常快，菜品也很不错，好像有所升级,1,train,waimai_review
奇难吃，建议不要订！,0,train,waimai_review
完全不符合传说中的“好吃”，完全凉的，京酱肉丝只有甜味，失望,0,train,waimai_review
太快了。。。。比我定的时间快了一个小时,1,train,waimai_review
谢谢，非常感谢，那么等的天真是麻烦了，虽然等了会，但还是很感谢,1,train,waimai_review
少送了一份南瓜羹，不过后来很快补送了，超爱,1,val,waimai_review
百度骑士很给力！菜品还可以！,1,val,waimai_review
双皮奶全洒出来了，吃饭筷子也没有,0,train,waimai_review
豆腐脑给我换成了水果，没有提前通知，,0,train,waimai_review
菜一般味不够,0,train,waimai_review
菜品味道很一般,0,train,waimai_review
经典组合，一直比较喜欢。,1,train,waimai_review
送餐的骗人，说保安不让进，让我到大门口拿，我眼睁睁看着其他送餐的进来，还给送到四楼，也不是第一次叫外卖了，借口这么劣质，差评！,0,train,waimai_review
量特别大，但味道太一般！,0,train,waimai_review
味道很好，送餐速度也很快。,1,train,waimai_review
非常赞，速度特别快！口感非常好！！！,1,train,waimai_review
速度很快，还行,0,test,waimai_review
送的什么豆包？比冷馒头还硬，第一次到你宏状元这样的东西，你们家菜品质量太差了,0,train,waimai_review
外卖小哥很赞！送的很快养乐多好喝！,1,train,waimai_review
非常好吃！送货又快！推荐,1,train,waimai_review
28块钱的皮蛋瘦肉粥，只有几根干巴巴的肉丝，还比不上早上街边两块五一杯的皮蛋瘦肉粥呢，商家居然好意思拿出来卖，人才。,0,val,waimai_review
"速度很快,味道很好,很赞",1,train,waimai_review
真的很不错，不枉费我等了那么久,1,train,waimai_review
唉，送来都凉了,0,val,waimai_review
味道以及菜品的质量比店内就餐差的太多了,0,train,waimai_review
太辣，备注少辣没用…………,0,val,waimai_review
垃圾服务，耽误送餐时间好几个小时，送餐员态度还极其恶劣，解决问题的态度极其敷衍。简直恶心，不要订购否则只能让你花钱还糟心。,0,train,waimai_review
炒米条很少，两份辣白菜汤都撒得只剩一半了，同事们都没吃饱,0,train,waimai_review
要备注里写的根本没人看得到么……,0,test,waimai_review
老板不错，焖面没有了，换了贵点的牛肉热干面，也没有另收钱，味道不错,1,val,waimai_review
"送餐人服务态度很好,很朴实",1,train,waimai_review
我觉得比在店里吃给的少，预约的12：15分送到，实际11点多点就送到了！,0,train,waimai_review
味道还行，用百度外卖比到店里划算多了,1,test,waimai_review
我下午14点半上班，11点50订餐14点送到。饭菜都是凉的，联系店家人员态度很差。在好吃的东西也不会在光临了、,0,train,waimai_review
送来的咖啡封口开着，洒了好多,0,test,waimai_review
送货很快!老饭馆了，吃着放心，鸡丁好吃。,1,train,waimai_review
整体油腻，砂锅豆腐居然也放那么多油，吃完比饿着还难受,0,train,waimai_review
"牛肉咬不动,其他味道很好喔",1,train,waimai_review
绝对不会再点第二次，包装的锡纸跟烤糊了一样，脏！送餐的逼跟大爷一样，我在阳台凉衣服，第一次没接到这逼电话，第二个电话我接到了，丫跟审孙子一样问我点没点餐，先不说东西好不好吃，就TM这服务态度，等着关门吧！,0,test,waimai_review
"送到的时候布丁洒的袋子里到处都是,好脏,原来是只用保鲜膜盖了一下,汤都流出来了,蓝莓山药和布丁都很难吃,基本吃了几口就扔了",0,train,waimai_review
师傅态度特好，真暖心，赞,1,train,waimai_review
摩卡做的不能再差了，我不知我喝的是摩卡还是稀释的热巧！咖啡，巧克力，奶油，奶泡的比例完全不对。,0,train,waimai_review
我能说可以退餐吗？这个是饭吗？谁吃谁上当啊！？！质量太差了！！,0,val,waimai_review
送餐速度不错，菜品口味很好。,1,train,waimai_review
汤洒了不说，薯条换成了鸡柳，而且还被汤泡烂了，这么多次第一次给我恶心到了,0,train,waimai_review
菜的味道还不错，配的尖椒好吃，分量也比较足，价格很优惠，就是这次送餐等了好久,0,train,waimai_review
忘送饮料了,0,train,waimai_review
味道不错(o^^o)♪粥很香甜,1,train,waimai_review
"历时1个小时40分钟收到餐，而且超级难吃,总言之就是超慢超难吃，谁点谁后悔",1,train,waimai_review
"今天这个貌似不是很新鲜,而且送的有点慢,从订到送用了1个小时,昨天用40分钟,橙汁洒出来不少",1,train,waimai_review
一个小时四十分钟送来的。。怎么招都是太慢了。问题是电话也基本打不通，希望改进吧,0,train,waimai_review
鱼香肉丝好吃,1,train,waimai_review
图片仅供参考,0,test,waimai_review
送的慢了点,1,train,waimai_review
就是不能按预定时间送达..要么晚四十分钟要么早近一个小时..,1,train,waimai_review
鱿鱼是坏的，都臭了，这辈子再也不吃了！！！,0,train,waimai_review
速度快，好！,1,test,waimai_review
送餐现在越来越不靠谱,0,train,waimai_review
为啥网上没有15块钱套餐了。,0,test,waimai_review
"好吃,喜欢,他家的卷饼一向实惠,服务也贴心",1,test,waimai_review
送的可乐呢？？,0,train,waimai_review
还是一样的好吃，全吃掉了！,1,train,waimai_review
买来跟小孩一起吃，结果都拉肚子了，包装这么好，卫生差管什么用！！！如果小孩有问题，我一定找你们算账,0,val,waimai_review
一般吧，还可以,0,train,waimai_review
饺子和盖饭都挺好的。就是酸辣粉不正宗感觉。不知道四不四因为时间长了。,1,test,waimai_review
非常快，很不错，力荐！,1,train,waimai_review
最爱挚爱马铃薯披萨，超好吃,1,train,waimai_review
姜蓉鸡，新菜，味道也不错。,1,train,waimai_review
怎么还没到,0,test,waimai_review
京酱肉丝的肉是臭的，味儿特大！玉林居然会用坏原料，真是意外！以前经常去玉林吃饭，这是第一次发现这么严重的问题！玉林应该严肃查查！,0,train,waimai_review
点了个鸡柳蔬菜煎饼套餐，包括一个煎饼，一碗豆腐脑，一杯豆浆,1,val,waimai_review
本单实际送达时间为82分钟！~！！~~！！~那么问题来了……你们的客服，还直接挂电话……我就不理解了！！~！~,0,test,waimai_review
非常美味可口，还会再来！,1,train,waimai_review
撒的整个袋子里都是,0,train,waimai_review
速度好快！,1,test,waimai_review
等的太久了，送餐时间太长，口味也极其一般，下次不会再定。,0,train,waimai_review
很好！很实惠！,0,train,waimai_review
比预定的时间居然晚了半个小时！！！,0,train,waimai_review
送来倒是准时，可是都凉了！！,0,val,waimai_review
"汤包还是挺好吃的,再次订了",1,val,waimai_review
很快就送到了，20分钟，很不错的，南瓜粥很好喝，谢谢~,1,train,waimai_review
太贵了，不是想象的那么好吃，还可以吧，一般。,1,test,waimai_review
粥有异味，请商家注意卫生,0,train,waimai_review
送菜太慢，过了高峰时段人都走了，一个多小时还没送到，电话取消后，不知怎么退款,0,train,waimai_review
饭菜少的可怜，都不够我五岁儿子吃。,0,test,waimai_review
皮太厚，没有菜太腻,0,train,waimai_review
饭一如既往地难吃！居然一个小时才送到！还没有给开发票！,0,val,waimai_review
速度挺快的！点赞，继续加油？,1,train,waimai_review
还不错！！送餐员很棒,1,val,waimai_review
包装牛逼，送餐速度……咳咳……,0,test,waimai_review
又快又好吃！送餐小哥超棒！！肯定会再来,1,train,waimai_review
带扣的盒子撒了一袋子菜汤，还吃屁啊，跳摇滚送的吗？？？,0,train,waimai_review
饭菜没的说，好吃，但是第一个给我送外卖的那个女的实在让我生气！找不到地方我理解，但是莫名其妙的挂我两回电话我就不能理解了！态度差！,0,val,waimai_review
差评！！一个多小时餐都送不到,0,train,waimai_review
送餐非常快，给快递小哥一个,1,train,waimai_review
配送不错、态度也不错,1,test,waimai_review
送餐速度快，好吃,1,train,waimai_review
"送餐速度一般一小时左右,等待太漫长啊,味道还不错",0,train,waimai_review
经常吃，味觉无法识别了！,0,train,waimai_review
不好吃，速度还慢,0,train,waimai_review
味道不错，可惜量偏少,1,train,waimai_review
面送过来都变成饼，兔腿又做越小。,0,train,waimai_review
"特别快。比美团快多了。以后就百度啦,虽然少了份牛舌饼但是很快送过来了。挺好的",1,train,waimai_review
"很好吃,速递快,下次继续选择",1,train,waimai_review
"每次都很快,一如既往的好吃",1,train,waimai_review
味道不错，饺子馅大皮薄，一份饺子足够一人午餐量了，特别赞他家的饺子送餐盒，超棒，避免饺子粘一块，强烈赞一个！送碗饺汤更美！,1,train,waimai_review
太特么牛逼了，全是肉，卧槽！,1,test,waimai_review
凉皮还可以，就是觉得太辣了,0,train,waimai_review
"实在是等的时间太长太长了，送餐员也不容易，说电动车爆胎了。。。我也很无奈哇~,菜品味道还可以吧，有点儿咸，我喝了一下午的水。。。",0,train,waimai_review
菜不怎么好吃，就是包装盒子看着挺好看,0,train,waimai_review
送的太慢了。味道还可以,0,val,waimai_review
快递小哥太给力了，从下单到送到只用了半个小时，牛肉面都没有坨，只是豆干收了1元的打包盒的钱却只是用塑料袋装的，好在百度在线支付活动给力，省了好多钱，也无所谓了,1,train,waimai_review
在外面晚赶回来十分钟，送餐小哥还在等我态度也很好，以后肯定多来，点赞,1,train,waimai_review
味道很一般，比老车记差远了,0,test,waimai_review
靠。昨天中午的订单我取消了订单的。tmd太慢了。为什么没有退钱给我。我根本没有拿到订单。操。退钱！老板良心做生意啊,0,test,waimai_review
送餐很慢，态度很差，还要自己取！,0,test,waimai_review
突然发现自己定的是红烧牛肉，结果送的是梅菜扣肉，我还在想什么时候牛肉变这样了，自己太蠢Orz,0,train,waimai_review
味道没店里的好。订单少送一个绿豆沙，发票的单子的价格也是错的，懒得再打电话，送了1个小时20分钟才送到，再也不吃他家外卖了,0,test,waimai_review
瓜子皮怎么来的，小炒肉有添加新食材了,0,train,waimai_review
味道不错，份量很足，建议都点小份。红薯超好吃就是太烂了容易碎,1,train,waimai_review
感觉都像半成品，麻酱白菜没拌，锅包肉厚厚一层面，应该不会再订了,0,train,waimai_review
整体不辣，粥的味道也可以，料很足,1,train,waimai_review
群殴第一次买觉得还不错，第二次就又买了，我不过是催单打电话，服务员态度恶略，老子不欠你钱，我是顾客，就这样对我？什么狗屁态度！！！！,0,train,waimai_review
非常好吃实惠,1,train,waimai_review
实在很一般，干死了，不好吃,0,train,waimai_review
"太慢,一个半小时",0,train,waimai_review
特别好，没有之一,1,test,waimai_review
三鲜的就是韭菜鸡蛋的，太坑爹,0,val,waimai_review
订单没有的菜单上就不要显示了！订单失败也不解释就取消让人有点失望！,0,train,waimai_review
蛮好蛮好！,1,val,waimai_review
他家的事物真的很一般只是方便而已,0,test,waimai_review
京酱肉丝给我配的烤鸭饼！,0,train,waimai_review
金枪鱼沙拉里几乎没有青菜...我也是醉了...,0,train,waimai_review
说实话，中份吃不饱，得2个,1,train,waimai_review
好吃，就是慢，也怪我点餐晚,1,test,waimai_review
挺好的，很方便。,1,train,waimai_review
配菜的酸菜很难吃。建议换成茄子，这个味道不错，能吸引不少人。,0,train,waimai_review
稻香村的糕点一直都很好吃,1,train,waimai_review
没有山有花披萨好吃，送餐慢，披萨来了都冷啦,0,train,waimai_review
感觉太干了，不喜欢,0,val,waimai_review
你的肉末酸豆角里面怎么没有一丁点儿肉？？,0,train,waimai_review
小哥态度特别好，送的很快,1,val,waimai_review
提前送到不错。,1,train,waimai_review
没按要求加浓缩，咖啡还洒的乱七八糟……,0,train,waimai_review
非常好非常好非常好～,1,val,waimai_review
送餐很快，但是给我发票抬头开错了..,0,train,waimai_review
味道很好而且很实惠送得也很快,1,val,waimai_review
"味道不错,有点微微辣,可以说不要辣!",1,train,waimai_review
清炒时蔬你们能换一换别的菜吗？菜都是苦的你们自己尝尝好吗？太难吃了！！每次都是这种绿叶菜，每次都扔掉！,0,test,waimai_review
排骨不错，丸子不好吃。很不好吃,1,val,waimai_review
太慢了，等了一个多小时,0,train,waimai_review
太咸了，我要加辣又不是加盐！不好吃,0,train,waimai_review
"东西好吃,送餐超级慢,送来都快死了,昨天挺快的今天慢的要死。。。",1,test,waimai_review
"刚下那个单就给你打电话了,你一分钟就给我做出来了？平时定的时候你怎么没那么快啊,这回顶个单你这么快埋怨我",1,val,waimai_review
超级快！奶茶一如既往的美味！,1,train,waimai_review
辛苦送餐的师傅。好评。,1,train,waimai_review
像是剩菜。而且点了一份钵仔饭，坑爹。少的可怜。,0,val,waimai_review
蛋糕美味，送来的速度超快。,1,train,waimai_review
我等了两个多小时才到，一份饭没放盐，零一分直接泡成面粉了,0,test,waimai_review
一开始以为就是普通手抓饼，拿到后觉得好高大上，牛皮纸袋，锡纸包裹，重要的是肉肉好足，100个赞啊，如果要是再快一些就完美了,1,test,waimai_review
红油抄手送来的时候碗是竖着的。。。不夸张竖着的。。红油汤全在塑料袋里。。。跪了。。。,0,train,waimai_review
给差是因为第二次订餐时拒绝出餐,0,train,waimai_review
菜好淡，没有味。就肠还行,0,train,waimai_review
"好实在的卷饼,够值",1,test,waimai_review
感觉没有一天好吃了，不过还行，凑合凑合一顿午饭呗,0,train,waimai_review
口味一般吧，感觉饼不是很新鲜。吃不太习惯。,0,train,waimai_review
很不错，服务很好,1,val,waimai_review
点过中份感觉有点小小吃不饱，结果点了个大份，没把我撑死，这也太大了吧！！！,1,test,waimai_review
味道没的说，好吃！！！,1,train,waimai_review
太难吃了！！送到都凉了还超慢！！,0,train,waimai_review
"两个小时才送到,送餐态度还特别差",0,train,waimai_review
点个套餐给2个可乐，我的豆腐脑呢是在逗我吗,0,train,waimai_review
灰常一般，快是快，我家本来离餐厅就不远，饭比凉的好一点，就算非用餐高峰期外卖做成这样……拌饭是提前拌好的也不写明，多买了一袋酱←_←,0,val,waimai_review
129分钟送达！,0,train,waimai_review
灰常满意，就是包装漏油了,1,test,waimai_review
点了太多次了，味道很香,1,train,waimai_review
赶时间，联系店家提前送的，超赞,1,train,waimai_review
已经将近一点半了才到,0,train,waimai_review
送的越来越慢~不准时。。。,0,test,waimai_review
芹菜鸡蛋，挺好吃～,1,train,waimai_review
"师傅相当神速啊,好评！",1,val,waimai_review
百度外卖还不错，就是店家说给增黄飞鸿却没给，呵呵。而且还是周黑鸭好吃。,0,train,waimai_review
还凑合，最近套餐都不好吃,0,test,waimai_review
送餐姐姐又神速态度又好，给她32个赞,1,val,waimai_review
差评，送过来晚不说，扯面已经成浆糊了，面条一个小时前做好了没有人送黏了。建议后续商家做饭前和送外卖的提前商量好，再做。保证饭菜质量,0,train,waimai_review
送过来的时候，淘宝没有饮料，沟通也没用，有麻烦派送员送了一趟,0,train,waimai_review
送餐小哥又帅态度又好,1,train,waimai_review
"不好吃，,只吃了一口就扔了",0,train,waimai_review
鱼香肉丝真的很不错，顺便提个建议，京酱肉丝能不能改成20,1,train,waimai_review
送餐很快的，味道也好，就是麻辣香锅里花椒多到和菜纠结的抖不下来，真没法吃。米饭很大一盒。,0,val,waimai_review
送餐时间太长了，公司同事一块订的餐，其他家的12点就到了，就你们家的第三方派送的慢，又是将近两个小时了。。,0,train,waimai_review
京酱肉丝太甜了…送餐人员态度差，用命令的口吻让我下楼取。,0,train,waimai_review
超级好吃。会经常光临的。哈哈,1,train,waimai_review
就是没菜，都是肉有点儿腻,1,train,waimai_review
味道可以，但是配送服务不好，取消订单了也没有电话通知，等了很久,0,train,waimai_review
送餐有点慢,1,train,waimai_review
非常不错，味道也非常好！,1,train,waimai_review
送餐超慢，对店家真是无语了。,0,test,waimai_review
订完餐后，打电话告诉1.5公里之内才给送，很勉强的给送来了，好像消费者欠他的似的，商家太不负责任！为什么不事先在网上告知？！,0,train,waimai_review
奶茶送到有点凉了，披萨好吃,1,train,waimai_review
太难吃了。真的。肉都不是肘子,0,train,waimai_review
来的时候汤洒了！面好吃.牛肉最好在炖的烂一点.,1,test,waimai_review
"送餐的速度超快,传统地道冒血旺味道正宗,吃的过瘾",1,val,waimai_review
外送员打了5次电话，问地址！真是无语,1,val,waimai_review
粥少肉多，哈哈,1,train,waimai_review
口味特别好,1,train,waimai_review
包装好棒啊,1,train,waimai_review
"晚了非常久就不说了，这卷饼如果中间不刷酱的话,你菜单上写什么刷酱啊？一点味都没有",0,train,waimai_review
好快啊。不过里面的肥肉让我头都晕。,1,train,waimai_review
送的非常快，包的也严实，好吃,1,train,waimai_review
包装很精美，卷饼味道很棒！我喜欢！,0,train,waimai_review
送餐太慢太慢了，送来粉都坨了，备注写了不放葱，最后还是放了！,0,train,waimai_review
孩子非常喜欢，尤其是草莓甜饼还会再来,1,train,waimai_review
好慢。。。饿死了,0,train,waimai_review
太差了，饭盒很小，一盒饭就装半盒。,0,train,waimai_review
点过很多次了都不错、今天的我已经等了两个多小时了还没送到、电话打不通、你们是想干什么,0,train,waimai_review
速度很快哟，女儿的岩盐芝士可可有点咸哈哈，我的的大满贯还是比较赞滴！,1,train,waimai_review
订了两个煎蛋，只来了一个,0,train,waimai_review
"很好,很实惠",1,val,waimai_review
慢啊，怕是慢订的人气最旺的套餐，结果还是四十多分钟到,0,train,waimai_review
"太少了,皮蛋瘦肉粥太难吃了,竟然不放盐,吃了一口头晕",0,train,waimai_review
"挺好吃,就是小贵,如果没立减的话",1,train,waimai_review
好吃！很新鲜！送餐小哥也很好,1,test,waimai_review
味道挺好的,0,test,waimai_review
就是量太少了，给同事点的貌似都不满意，请客没讨好哦,0,test,waimai_review
排骨只有三块！两道菜都好苦！,0,train,waimai_review
比较多，女孩子吃不完,0,train,waimai_review
"难吃,还一堆青菜要自己拌",0,train,waimai_review
非常满意，感谢送货员和商家！,1,train,waimai_review
味道好，只不过比预约的时间早了四十多分钟，还好我在,1,train,waimai_review
不是肘子肉吧，而且送来的都是凉,0,train,waimai_review
最近一直订这家的外卖，相当不错，够味儿，快递小哥也是棒棒的！,1,val,waimai_review
客观的说，味道还可以。如果愿意等2.5小时的话，可以试试,0,val,waimai_review
还不错，说好的11点30送，真的是哦，很准时,0,test,waimai_review
一份鱼香肉丝小炒的量还没有盖饭的分量足，根本不够吃！！！！图文不符！！！,0,val,waimai_review
奥尔良烤翅中直接是夹生的，完全没法吃的节奏⋯⋯其他很赞。强烈推荐芝士土豆球和五花肉石锅拌饭！,1,val,waimai_review
好吃，希望素的品种多点啊,1,train,waimai_review
少送了一份海苔汉堡串，打电话给客服也没有解决,0,train,waimai_review
"没有想象中好吃,没味道,可能,鱼香好吃点",1,train,waimai_review
分量很足，就是送餐速度太慢了…,0,val,waimai_review
超级差评！备注了送醋结果一份都没有，投诉也没人回复。,0,train,waimai_review
就是送餐很难，着急的童鞋慎重,1,val,waimai_review
就是很好～～～～,1,train,waimai_review
味道还好，量大肉多，缺点是饭下面都是油，写了不吃辣酱还是辣的,1,train,waimai_review
快递是卡着点来的，还有5分钟就半价了，我也是醉了,0,train,waimai_review
感觉有点辣，味道一般,1,train,waimai_review
超級好吃啊！下次還要吃這家的外賣，啦啦,1,train,waimai_review
"真讨厌,好不容易到的外卖,都快饿死了,没想到拿过来的汤竟然全洒了！真够气人的！,但还好有重新送了一份,但是好心情全被毁了！",0,train,waimai_review
快递不熟悉路线分不清东南西北晚了一点，然后20元的菜居然上面贴着10元的字样，还没有之前的15元的菜丰富！只有4个菜和一点咸菜！太坑了吧！15元套餐是5个菜，刚定一次就取消了，只能定这个，活动参加就办的有样子点啊搞的变贵菜还少了，给的也超级少！,0,train,waimai_review
好吃，送餐快！,1,train,waimai_review
特大杯星冰乐和大杯的拿铁一个杯型，下次要当面确认！,0,train,waimai_review
超级好吃~明天还定~,1,train,waimai_review
锅包肉姐姐很喜欢吃,0,train,waimai_review
番茄酱都不给,0,train,waimai_review
微辣，还不错,1,test,waimai_review
泡菜炒饭实在是太糟糕了，咸的要命还没有香味，我只能用菜饭拌着泡菜炒饭吃，比例还是2:1！,0,train,waimai_review
超好喝，快递小哥很热情，速度很快…,1,train,waimai_review
主题太硬了吧？腐竹还凑合,0,train,waimai_review
今天天气很冷，送餐师傅辛苦啦,1,test,waimai_review
味道很差，鸡排就跟生的似的,0,train,waimai_review
煎饼太一般了…,0,train,waimai_review
"凉皮太辣,吃不下都",0,train,waimai_review
我等了将近2小时，还让我自己去楼下取的，原来最爱的海鲜饭已经变成剩饭了，不好吃！主要是等待的时间！！！累觉不爱了,0,val,waimai_review
由于系统问题，订单上留的电话被搞错了，快递迟到1个小时。东西还比较可口，但少了吸管。,0,train,waimai_review
"服务态度挺不错,菜品质量也好",1,train,waimai_review
送餐员太无语了，晚了45分钟，45分钟啊！！！而且还是10:30前下的单，这是什么速度啊？拿到的餐里面的手套全被饼汁浸了，根本用不了,0,train,waimai_review
很好很速度,1,train,waimai_review
"煎饼都凉了,全压瘪了,豆腐脑也没有店里好吃,薏米水还可以,但是没拿管。。。",0,train,waimai_review
挺好的，不过辣椒酱希望能改成油少一点的,1,train,waimai_review
"好吃,不错",1,val,waimai_review
包装不错，干净卫生，,1,train,waimai_review
"喝了好几年快乐柠檬,第一次喝曲奇奶茶,个人觉得不好喝,本人还是更喜欢茶类冰饮,给配送员赞一个,大冬天的",1,train,waimai_review
味道非常好，原材料很好！,1,train,waimai_review
豆皮还挺好吃的，热干面也还行,1,train,waimai_review
"送餐快,味道还可以,很干净",1,train,waimai_review
"差,还有别的字可以形容吗",0,train,waimai_review
配送很快，师傅态度很赞。非常感谢百度外卖！,1,train,waimai_review
"又好吃,又准时",1,train,waimai_review
配送的人态度太差！投诉！,0,train,waimai_review
可惜不能更改杯型，又所有订单也不齐全,1,val,waimai_review
送餐速度太慢，订餐后两个小时才送达，服务态度极其恶劣，打电话退餐电话总是占线,0,train,waimai_review
买了个王老吉，生产日期是2014年8月份的，僵尸饮料吗？,0,val,waimai_review
等一个多小时，12点半订的餐1点45才送到距离餐厅就走路五六分钟的路程啊，慢死了！看评价全是送餐慢的，以后不会订了,0,train,waimai_review
饭很好吃，一直吃眉州东坡,1,train,waimai_review
少了一个粥,0,train,waimai_review
鸡翅不是奥尔良味道，排骨不新鲜，送餐慢，披萨还凑合,0,test,waimai_review
很好很不错，就是有一点儿淡～,1,train,waimai_review
还行、速度慢,0,train,waimai_review
草泥马，什么玩意这是，是饭么。坑爹呀,0,val,waimai_review
送餐员太辛苦了！在这么冷的天气还能准时送到，点赞,1,train,waimai_review
菜品太差了，和官网订的套餐天壤之别,0,train,waimai_review
还行，如果蔬菜拌饭里能多加些辣椒就更好了,1,train,waimai_review
从没这样的体验，能告诉我辣白菜那股刺鼻的化工原料味道是哪来的？能解释两小时的送餐吗？漏油，弄得办公桌一塌糊涂！,0,train,waimai_review
发票好几次都不给!没有也不给补,0,train,waimai_review
"一个纸盒王老吉定价5块,太黑",0,train,waimai_review
有点凉，吃到几口有淡淡糊味的，其他的都很好。,1,train,waimai_review
京酱肉丝的还可以，肘子的没有酱，太干了,0,train,waimai_review
"送餐员,态度较差",0,train,waimai_review
百度的自送服务不错，能看到行程,1,train,waimai_review
酸味还行，量也不错！！送太久了，都凉了。,0,train,waimai_review
服务态度好，速度快，值得表扬,1,train,waimai_review
这么恶劣的天气真是辛苦外卖小哥了！！！,1,test,waimai_review
"味道很浓郁，速度还行,就是有点油",1,train,waimai_review
米饭少的可怜，汤里没有几根牛肉，还老到嚼不动，剩下的就是豆芽、粉条和蕨菜干，口感可以想到吧，粗纤维绝对够量！太失败了！,0,train,waimai_review
送外卖的人真的太太太慢了，饭店都做好半个小时了，才去取餐，送到后，饺子都已经凉了，而且都粘住了根本没法吃啊！,0,train,waimai_review
有点太甜了。量大,0,val,waimai_review
骑手师傅真心快，服务态度好,1,val,waimai_review
好慢...吃得还不错,0,val,waimai_review
味道不错，送餐速度挺快,1,val,waimai_review
这皮蛋瘦肉粥没放盐，真心难吃呀,0,train,waimai_review
越来越不好吃了,0,train,waimai_review
天这么冷还能准时送到，非常感谢，一百个赞,1,train,waimai_review
送餐及时，可以说很快！大冷的天儿还能保证食物温度真的很感谢配餐小哥儿，更好的是服务还周到,1,test,waimai_review
油撒了很多，袋子里全是油。味道还行。送餐迟了30分钟。,0,train,waimai_review
武昌鱼和疙瘩汤太咸了,0,train,waimai_review
豆腐脑太少，应该5块,0,val,waimai_review
很好吃，就是第一次吃，不知道吃法，好尴尬,1,test,waimai_review
不错，就是餐盒贵,1,train,waimai_review
时间有点久，不过总体都还好,1,train,waimai_review
送餐的没到就打电话，等了两分钟不来。之后问他到了吗，不回答还挂电话，什么态度！,0,test,waimai_review
送餐太慢一个小时才到，而且到了都不热乎了，不好吃,0,train,waimai_review
"订餐一共下了3次单，,下一次店家打一次电话说没货了，要什么没什么！关键还不标注清楚了，你要没货就别上架！然后好不容易订上了，比同事早10分种下单的,一小时后,同事的送来了,吃完了,我们还没来！打电话催了2次才送到！抄手已经烂的加不起个儿了！一坨烂泥一样的！差评！！！！",0,train,waimai_review
还可以、分量也足、但是有点软了,1,train,waimai_review
可以给带吸管吗？不然星冰乐怎么喝…,0,train,waimai_review
很好吃，奶茶还好，天很冷，还没有凉,1,train,waimai_review
送餐速度很快！,1,test,waimai_review
太坑爹了。订完了一直是确认单。但是一直不给我送。二点了我同事去店里给我取说是卖没了。卖没了为什么不及时联系我。而且我的状态也还是确认状态。小俞府你已经坑爹两次了,0,train,waimai_review
"肉没味道,量还可以",0,train,waimai_review
鸡蛋皮还在饭里，鸡肉都没有，就给个鸡爪，真心不好吃,0,train,waimai_review
"京酱肉丝,居然没有葱丝，真恶心！！,恶心！！",0,train,waimai_review
我点的一个扁豆焖面套餐，还单点了一个奶茶，还有一个煎饼，结果只给我了一杯奶茶，套餐的可乐没给我，客服电话还老打不通，送餐师傅也不容易，算了，习惯好评。希望店家能在网页上留下送餐师傅的电话好即时联系。,1,train,waimai_review
味道不错，能看到送餐员的行踪,1,train,waimai_review
太过分了，没听说订餐还得要求一并送筷子的，没要求就没有。没筷子怎么吃啊，真服了，以后再也不定了，真过分！,0,train,waimai_review
饥肠辘辘的等了半天，番茄酱就给了一袋，太抠了吧，让人怎么下咽啊,0,train,waimai_review
都被淋湿了。。。怎么吃啊,0,train,waimai_review
身为东北人真是第一次吃到这么难吃的东北菜啊！得莫利炖鱼里的白菜有一股羊肉膻味，不知道是咋回事，挨着鱼头的地方还带着血，恶心死了，而且鱼头去掉鱼鳃的地方是黑的。压锅排骨油豆角还可以，但是排骨是真心就吃到一块，偶尔有几块大梁骨，味道倒是还可以，中规中矩的。,0,train,waimai_review
出乎意料的好，病人吃着也挺好的！速度还快～下次还点,1,train,waimai_review
这大下雪天的百度骑士非常好非常快的送来了，必须好评大赞,1,train,waimai_review
第二次吃第一次点外卖的时候还挺好的。这次点送的就比较慢。钟水饺的汤料洒了一袋子，燃面里面还特么有头发！！！这特么的怎么吃？！卧槽,0,test,waimai_review
东西真是太垃圾了，那咖啡都没法喝了，,0,train,waimai_review
太贵了，八个饺子大小的包子，几口就没了。,1,test,waimai_review
菜明显是剩菜，跟之前买的完全不一样,0,val,waimai_review
"这是第二次购买魏家凉皮,相对于第一次面皮分量少了，春卷分量远不足第一次。",0,train,waimai_review
速度，好吃。再接再厉！大赞,1,train,waimai_review
好的还可以,1,val,waimai_review
等了快两个小时，还把饼送成了饭，就这样吧,0,val,waimai_review
量挺多的，味道很不怎么样！,0,train,waimai_review
很快，也很好喝，不错,1,val,waimai_review
菜品一直都很美味。百度外卖的送餐师傅们真辛苦，每次送餐还都不忘说一句:祝您用餐愉快。必须给个大大的赞啊！百度外卖会越来越好的(^_^),1,train,waimai_review
"说真的,从不给差品,这回真的气到了,虽然知道这家一向很慢,但今天等了两个小时,以后不会再点了,味道再好也不会找这份气受了",0,train,waimai_review
一个多小时才送到，超级慢，到了东西也凉了，厚厚一层油挂着，根本就没法吃了！！！送餐的人说是不认识路，找了很久，怎么着？地址写得好好的，自己业务不熟路都不认识就成了来晚了的理由了？没天理了，太过分！！再也不会用了！！！,0,val,waimai_review
活动挺好、希望继续保持,1,val,waimai_review
果真是大馅饺子，味道很棒啊！,1,train,waimai_review
"真服了,送到冰凉不说饼都泡烂了,天天订餐第一次差评,还能再慢点吗",0,train,waimai_review
包装很精细，送货很快，送货员态度超好的,1,test,waimai_review
好吃，总点，这么多够五个人吃。送的很快。,1,train,waimai_review
"做的不够精细,凑合吃吃也还好",0,val,waimai_review
最后五分钟订的，卖家特别好接单了，谢谢。,1,train,waimai_review
好吃！包装好高大上的感觉~~~,1,train,waimai_review
店家把水煮肉改良成水煮肥肉了！太恶心了！定了三碗米饭，洒了半盒，有一盒泡在洒了的菜汤里！无语了，店家干的漂亮！加油！,0,test,waimai_review
不爱吃甜口的肘子…尖椒巨给力…,0,train,waimai_review
能不能准时点啊,0,train,waimai_review
量很大但是竟然拌饭酱都要单独买，而且五花肉拌饭只有可怜的两片肉。。。,0,test,waimai_review
"是羊杂粉，一碗就饱了∠(,ᐛ,」∠)＿",1,test,waimai_review
很方便，味道也很好～,1,train,waimai_review
很好！百度骑士送货很快,1,train,waimai_review
很差，很差劲，第一，来的饭冷冰冰的，第二80多的麻辣香锅就几片藕片和几个鱼丸和几个鸡肉还是什么没吃几口就丢垃圾桶里了，你确定这叫麻辣香锅？？？,0,train,waimai_review
送餐速度我真是服了，几分钟的路程，给我送了一个半小时,0,train,waimai_review
我就不明白了~备注里写的清清楚楚~是不认识字~还是不放辣椒不会做？就吃了一口就给家里老人辣着了~妈的~脑残么,0,val,waimai_review
超赞。10点多就到了，味道不错的,1,train,waimai_review
"元旦节晚上9点还在送真的让我感动,一直喜欢柠檬小子.蛋糕珍珠特别好喝,盐岩芝士加了珍珠很棒",1,val,waimai_review
大哥。。。我要的两份黄焖鸡。怎么有个一碗辣椒的东西。。。怎么吃。。。。送准一点啊！,0,train,waimai_review
太差了，一股地沟油的味道，太恶心了,0,train,waimai_review
米饭就薄薄一层，太坑爹了,0,train,waimai_review
好小啊，味道也不是我喜欢的。,0,train,waimai_review
很好吃，还会订,1,test,waimai_review
卷饼非常好吃！,1,val,waimai_review
卤鸡蛋怎么没有，是忘了吗？,0,train,waimai_review
"送得慢。。下午一兩點定的也等了一個多小時,不過味道真的不錯,包裝的看起來很貼心！正能量卷餅~",1,train,waimai_review
。送餐员特好的说话。。,1,val,waimai_review
"太难吃了,..",0,test,waimai_review
送餐非常快，味道也很好吃，薏米水有味道不甜不淡，夏天多喝除湿，正好～,1,train,waimai_review
经常买，汤包很好吃，蒸饺也不错。,1,train,waimai_review
那个小黄鱼全都黏在一起了，也没给餐具，玉米饼子不是新做的，中间都咬不动,0,val,waimai_review
油都溢出来了,0,val,waimai_review
"送的太慢了,下次不点了",0,train,waimai_review
还是很准时的,1,train,waimai_review
不错，推荐,1,train,waimai_review
送的太晚了！,0,train,waimai_review
"送来的时候还超级热,馒头片还脆脆的,味道也还不错,包装时候汤汁和食材是分开的,一点都没撒,不错不错",1,train,waimai_review
价格给力！,1,train,waimai_review
嘿嘿，第一家按照我选的时间送餐。好吃不贵，赞,1,train,waimai_review
"饭菜都凉了,而且给的特别少还不好吃",0,train,waimai_review
"震惊了,京香肉丝只有黄瓜,没有肉,卧槽",0,train,waimai_review
"虽然比不上湖南当地的但在北京来说味道算不错啦,老板湖南人吧",1,train,waimai_review
菜还行，送餐的路不熟，一个小时才到,1,train,waimai_review
服务好速度快，100分,1,train,waimai_review
来的倒是相当快，但是。。卷饼里没有酱吗？我是第一次吃。。感觉这样的饼怪怪的。。加点甜面酱会更好吃吧？两边的饼很硬，很干。。。肉太少了。。辣椒味道有点生。。。,1,train,waimai_review
定了两份奶油蘑菇汤，收到货发现撒在袋子里一份，本想投诉的。牛肉炒饭贵，您就货真价实呗，结果配菜少，牛肉可以安粒数，全是米饭。,0,train,waimai_review
好评，服务好，态度好，味道也很好！,1,train,waimai_review
卷饼的面粘牙，粥还不错,1,val,waimai_review
谢谢师傅，辛苦了！非常准时！,1,train,waimai_review
由于外出没及时赶回家，快递小哥在寒风等了快十分钟，为了把披萨放在他随身的保温箱里，满满都是感动啊♥️,1,train,waimai_review
点的套餐，结果只送过来一个汤，还洒的都没有了，打电话过去说补发过来，结果等了半个多小时再打电话过去说还没人去取，那就退钱吧，说不会操作，要等百度骑士有空的时候过去取，然后给我送过来。这午餐吃的真是愉快。百度骑士撒了汤的确他的错，但是下错单总是店家的错，没必要把错推来推去的，谁也不傻。,0,train,waimai_review
很香，也很好吃～只不过排骨里面的碎骨头有点多。,1,train,waimai_review
超级好喝的奶茶。。。,1,train,waimai_review
"给男朋友订的,份量超足,味道超棒",1,train,waimai_review
加盟店吧，太难吃了，城里的魏家凉皮都超好吃，回龙观店是否可以学学再卖，不要毁了招牌,0,train,waimai_review
"好~,小笼包也不错~",1,test,waimai_review
11点的餐，1点多才到手里。这都上班了，怎么吃？,0,train,waimai_review
卖相和图片相差甚远,0,test,waimai_review
去人大店吃过一次，服务很好,1,test,waimai_review
"凤梨太生，不甜。,蜜桔，一点都不甜。",0,train,waimai_review
周到贴心～细致热情,1,test,waimai_review
非常好，特别快，感谢送餐小哥,1,train,waimai_review
"收到煎饼余温都没有,都塌了,真是不能再慢了",1,train,waimai_review
送来时有些凉了，感觉缺少了一些香味。餐盒路上坏了，吃时面里的汤没有了。,1,test,waimai_review
送货神速，多谢吕师傅,1,train,waimai_review
米饭也太少了吧,0,train,waimai_review
图片供参考,1,test,waimai_review
汉堡王的东西真的不好吃。。。为送餐大哥点赞,0,train,waimai_review
看评价吧，哎，失望,0,train,waimai_review
"忘了备注不要皮蛋瘦肉粥,还是喜欢南瓜粥一些",1,train,waimai_review
雾霾爆表。快递辛苦啦,1,train,waimai_review
送过来的时候汤全洒了,0,train,waimai_review
全撒了，撒了一身，让快递更换，也不管，要求退了，也不能退，非让我联系客服，投诉投诉。有照片,0,test,waimai_review
热情！速度快！,1,test,waimai_review
"特别快,感觉定完没几分钟就来了,送餐小哥很细心,赞一个",1,test,waimai_review
不错，就是吃不惯那个饼,1,test,waimai_review
粥里有钢丝球的小茬π_π不是第一次了,1,train,waimai_review
这哪是呛炒圆白菜啊简直就是水煮啊！怎么菜全是软踏踏的啊什么做法啊这是???可惜了我一份菜的钱这道菜如果店里也是这样的话简直没法吃!,0,train,waimai_review
一个半小时，可以,0,train,waimai_review
太差劲了，送来时纸袋底儿漏了，粥都扣了，一个饼外包装开了也是掉过地上的。我们说剩下这么点我们两个人怎么够吃，送餐员态度无语了，说：你再点呗我有什么办法！,0,train,waimai_review
垃圾的无话可说了，昨天定的，没有送，打电话没人接，第二天打电话也联系不上,0,train,waimai_review
不好吃，可能我比较挑,0,train,waimai_review
非常不高兴，多花了6元被百度吞了,0,train,waimai_review
11:10分定的，快1点才送到晚了差不多1个小时，菜饭凉了,0,val,waimai_review
订单被取消了两次,0,train,waimai_review
神速啊！挺好吃的！,1,test,waimai_review
"送餐简直是坐火箭来的,太快啦。送餐小哥很热情。非常满意",1,test,waimai_review
比在店里买方便，东西特别好！包的很规整，百度骑士态度也特别好。赞,1,train,waimai_review
"等了俩小时,太tm慢了,卷饼倒还行",0,val,waimai_review
第三次点了，送餐小哥这次送的很快，好像是店里的人，终于不是达达了，味道还是那么棒，希望每次都这么快，加油，好评,1,train,waimai_review
首次尝试，挺好的。味道不错，包装新颖；不过量有点少，一个卷好像吃不饱啊……,1,train,waimai_review
餐盒好看，菜量也多，但是吃完后下午反胃，应该不会再订了,0,train,waimai_review
辛苦送餐员，填错了地址又白走了一趟，辛苦了！服务态度很好！,1,train,waimai_review
非常棒，量小点，胃口大的不够。,1,train,waimai_review
鱿鱼超级难吃,0,train,waimai_review
样样都喜欢，快递人员速度超快，及时吃到了。,1,train,waimai_review
少送了饮料,0,train,waimai_review
"味道还不错,喜欢虾和四季豆,快递小哥儿很给力～",1,val,waimai_review
"11:30,的餐，下午三点才送到.,还是打百度投诉的结婚！",0,train,waimai_review
味道很赞，到家是热滴,1,val,waimai_review
送餐太慢了！！！,0,train,waimai_review
味道一般。不出彩,0,train,waimai_review
非常好吃！！！！推荐推荐！！包装也特别好！,1,train,waimai_review
送的挺快的,1,train,waimai_review
卡布奇诺真的不知道怎么评价。根本送来的就不是我订的,0,test,waimai_review
已经点过很多次了，每次都还挺好的，速度快，菜量足，能吃饱，全满分好评！！！,1,train,waimai_review
非常非常好！服务超级赞！,1,train,waimai_review
饼边走点硬，味道还不错，希望下次改进。,1,train,waimai_review
送餐小哥辛苦了，大冷天的,1,val,waimai_review
团购超值，很方便，味道也不错，女生吃有点多,1,train,waimai_review
说了不要辣还是放了辣椒..蔬菜牛肉卷饼没有蔬菜只有土豆丝豆牙辣椒..,0,train,waimai_review
配送时间过长，主要离得很近～,0,test,waimai_review
太快了，都不饿了。,0,train,waimai_review
很好吃很超值,1,train,waimai_review
永远都差在效率上，11点订餐，要求12:15送到，结果13:00才到！,0,test,waimai_review
要了粥，没勺子怎么喝？,0,train,waimai_review
全是肉啊。,1,train,waimai_review
不错，不错，用了券比自己去店里买便宜。,1,train,waimai_review
比预计送餐时间晚了40分钟，餐食也凉了，吃的不舒服。关键是师傅送的第一单地址离我这儿很近只有几百米，但是他选择无视，直接略过，在望京兜了一大圈直到我和客服联系催餐之后才送来。知道中午订单多，送餐师傅辛苦。但是合理规划路径很重要啊！！！,0,train,waimai_review
真心不好吃！,0,train,waimai_review
这是我吃过最难吃的石锅拌饭了，真不知道说好吃的都是什么味觉，非常客观的评价，希望你看到能换家餐厅！,0,train,waimai_review
太慢了太慢了太慢了……,0,train,waimai_review
送餐的只送到楼下，不送上楼，下次不订了。,0,train,waimai_review
"太慢,太慢,太慢,不好吃",0,train,waimai_review
很好，送餐也及时。,1,train,waimai_review
还不错，辣椒很好吃,1,train,waimai_review
外卖等了两个半小时才送到，给客服打电话让商家回电也不回，最后外卖小哥说电动自行车爆胎了，不如说实话，忘了就忘了呗，卷饼还是好吃的，希望以后不要忘单了。,0,train,waimai_review
送餐太慢了12点29点的餐，预计13点16送到。14点才收到。等了90多分钟。和合谷是快餐又不是现做怎么这么慢呀。而且这个店距离我家也不远撑死了最慢30分钟也就到了。中途我给店里打电话他们一直就是快了10分钟就到。我都等了多少个10分钟了！！！不能因为我把钱已经支付了就这样慢吧。希望有个可以监督的制度，这样能很好的督促店家。,0,val,waimai_review
吃不了羊肉要了十个烤尖椒很好吃,1,test,waimai_review
最难吃的一家,0,train,waimai_review
沙拉忘了酱,1,train,waimai_review
我是吃完了饭来评价的！好像完了！1点10分就送到了！非常快！,1,train,waimai_review
送餐严重迟到，饮料没有吸管，煎饼已经凉了,0,test,waimai_review
服务很好，昨天吃的，今天补单的。,1,train,waimai_review
快递小哥辛苦了！下雨天的真是辛苦您了！给你点赞！,1,test,waimai_review
没以前好吃了,0,train,waimai_review
鸡柳里面的酱吃到后面有点腻,1,train,waimai_review
百度小哥太有礼貌了！约17:30送餐，敲家门的时候一分不差！绝对32个赞,1,train,waimai_review
8点定的单子，店长11点才联系，也是醉了,0,train,waimai_review
送餐真的不快，鱼香肉丝的不错～,1,train,waimai_review
不要总是弄一些华而不实的东西，送来的餐都是凉的。扁豆都不熟，不知道扁豆不熟会有毒吗！！套餐里写的是姜枣茶，送来的却是豆浆！,0,train,waimai_review
把上次少送的给补上了，还给了小惊喜，很上心。,1,train,waimai_review
非常快，服务很好，好,1,test,waimai_review
送餐服务有待提高！！！味道不用说！晚了半小时！,0,train,waimai_review
"不是我想说没货了，就不能马上停止接单嘛？两个小时才送到，饿到胃痛不说，都已经上班了很耽误事。饼还凉了，你说能好吃吗？,另外，我真服了百度外卖的办事效率，退款要15天，今天都第16天了还没有收到退款。不在乎那点钱，就是感觉很不爽，以前还觉得百度外卖挺好的，几乎每天都用。",0,train,waimai_review
忍无可忍，在中国电子大厦送这么久,0,train,waimai_review
速度很快，味道也不错,1,test,waimai_review
难吃，快递脾气很大,0,train,waimai_review
太慢了，都凉了,0,train,waimai_review
"味道很正，很好吃！！不油腻，棒！！,服务也非常好！",1,val,waimai_review
等了一个半小时，收到时已经饿晕了，关键点的香菇鸡肉卷还不好吃。。,0,val,waimai_review
比卷饼差多了,0,train,waimai_review
明明是午饭，迟到1个多小时，只能留着晚上用了。饿死了。,0,val,waimai_review
"大下雨天送来的,辛苦了",1,train,waimai_review
外卖员不送上来，店员亲子送上来，十分感谢,1,train,waimai_review
真的是很慢很慢，120分钟才到呀，已饿晕好么。。。,0,val,waimai_review
今天送餐时间还不错。就是小炒肉没几片肉，尖椒辣得没法吃。以后再也不订这家外卖了！,0,train,waimai_review
味道不错，好吃,1,val,waimai_review
客服态度恶劣，打电话催单我还不乐意呢！这速度简直了！,0,train,waimai_review
订了一个小时后，才打电话告诉我点的餐有的没有货，极度差，,0,train,waimai_review
完全送错，没有一个菜是一样的，我也真是服了。送餐员在还没有送到的情况下就确认完成，这都是怎么找的人啊,0,train,waimai_review
排骨不错！,1,train,waimai_review
都好，就是量少了点，不够吃。,1,train,waimai_review
"世界上最难吃的,羊肉泡馍,卖盐的欠他们家钱。肯定打死的。",0,train,waimai_review
大雪天，很快送到了，态度很好。百度骑士很专业！,1,train,waimai_review
小哥态度很好，两种饮料都很好喝,1,val,waimai_review
嗯嗯，可以吧。,0,val,waimai_review
"不错,很值",1,test,waimai_review
很方便，送餐师傅辛苦了,1,train,waimai_review
超级好吃，由于上一单送餐员走错路还送了个小果盘，喜欢,1,train,waimai_review
"第一次点你家的菜,太好吃了,尤其是鱼香肉丝。特别好吃,以后就是你家的常客了",1,val,waimai_review
好棒！一直支持！如果有盖饭就更完美了,1,val,waimai_review
还不错，量挺大。,1,train,waimai_review
还可以，送的时间算快的了，半小时吧～,1,test,waimai_review
都说啦不要甜的,0,train,waimai_review
大过年的辛苦了,1,test,waimai_review
送了快两个钟头才到……,0,val,waimai_review
送的非常快超级给力下次继续买不用去店里了,1,train,waimai_review
番茄有机花菜没盖严，汤洒了一兜子，所有菜饭全部都是菜汤，一袋子油轰轰的，打包能不能认真点？,0,val,waimai_review
和老公吃完双双拉肚子,0,val,waimai_review
好吃，送餐慢,1,train,waimai_review
很好！师傅辛苦了！,1,train,waimai_review
回锅肉分量很足！很不错！,1,train,waimai_review
"真他妈无语,11点定的,12点45还没送,打电话催就说送了送了,我靠,你家是蜗牛啊",0,train,waimai_review
好吃得不得了！懒得出门了哈哈哈,1,train,waimai_review
"太好吃了这家,还干净,量也够,棒呆",1,train,waimai_review
怎么觉得没以前好吃了呢,1,test,waimai_review
请问您给我一根筷子怎么用啊,0,test,waimai_review
一般，煎饼更适合现做现吃吧,1,train,waimai_review
就是一点凉了,1,val,waimai_review
估计是太远，不过味道倒是令人惊喜啊,1,train,waimai_review
送餐小哥服务非常好(✪▽✪)!,1,train,waimai_review
"特别棒,好吃",1,train,waimai_review
很好的，外卖小哥很好很快的，一会儿就送到了，赞,1,train,waimai_review
菜场好，挺好吃的,1,train,waimai_review
服务好棒，太帅了好嘛,1,train,waimai_review
"卷饼是很好吃的,可惜让送餐的毁了心情,餐到了,让我下去取,说是餐多不给送上楼,那也就算了,我理解你,下去了以后发现没人,打电话一问,竟然不在我们楼下!",0,train,waimai_review
送餐很快，肉很好吃，量还可以,1,val,waimai_review
两个小时的配送时间，真是服了,0,train,waimai_review
"味道还不错,送餐师傅很不错,牛杂略咸",1,val,waimai_review
热干面不好吃。。鹌鹑皮蛋调料汁味道好怪，其它的还挺好，派送员服务很好！,1,train,waimai_review
连着几天吃不腻，赞店家的诚信经营理念，分量还是足足的，味道还是那个味儿，这次的骑士哥赞一下，还是住附近的，很高兴选择了这家美食，订餐那么多天，从没有超过三次的，吃得满意，吃得放心,1,train,waimai_review
太差了，外卖骑上是骑蜗牛来的吗？,0,train,waimai_review
做的比较精致，就是卷的外包装名称写清楚了，不然不知是什么口味,1,val,waimai_review
蛋挞稀的，没烤好全洒在塑料包装上了,0,val,waimai_review
留言说了不要胡萝卜，还是放了好多。。。挑了半天才能吃，心塞~~,0,train,waimai_review
我的最爱枣花酥，包装非常好，一点都没有碎。。味道一如既往的好,1,train,waimai_review
挺好吃的，比较实惠。,1,val,waimai_review
十点多定的到了十二点多还没送到！我也真是无语了！！直到我要打电话说要投诉才马上送的！！无语到极点了！,0,train,waimai_review
没见过这么慢的。十点下单，11点半才开始送餐。12点送到已经冷了。简直是花钱买罪受。,0,train,waimai_review
蔬菜稍微有点咸。。,1,train,waimai_review
快递哥雨天送外卖很辛苦。麻辣烫一般，,0,train,waimai_review
味道一般吧，菜给的少，送的时间太长了，包装到是不错,0,train,waimai_review
速度挺快，感谢送货大姐！,1,test,waimai_review
青椒好生…送餐好慢…,0,train,waimai_review
我把地址弄错了，骑士二话没说就马上给我送了过来，服务棒棒哒！给一个大大的赞,1,train,waimai_review
味道好，配送快～,1,train,waimai_review
连取消都取消不了，电话也不接，是店家垃圾还是百度服务跟不上？人家美团投诉了还有个回复，你们呢？垃圾啊店家更是垃圾中的垃圾，大家不要订了，等待不起啊,0,train,waimai_review
配送就是掐着点送的……超过2点55要五折…结果52送到……点的套餐该给的饮料也没有给不满意,0,test,waimai_review
所有菜都有辣椒，有点受不了,0,train,waimai_review
沙拉的密封膜竟然已经撕开了！要是普通餐盒的塑料盖也就不追究了！菜撒出来一半！绝对不能吃了，谁知道中途发生了什么？！,0,train,waimai_review
感谢送餐小哥，态度非常好,1,train,waimai_review
每次点餐就是图快～店家每次都很快～味道还可以，但豆豉鲮鱼油麦菜居然是辣的，吃的有点辛苦！,1,train,waimai_review
"赞赞赞,很好吃,小哥送餐也很快",1,test,waimai_review
"放屁39分钟送达,不到1点下订单2点才吃上,百度的智商,卧槽了",0,train,waimai_review
好吃～不错～速度快！,0,train,waimai_review
非常地道，就是口有点重，略咸,1,train,waimai_review
大满贯奶茶！超大杯！,1,val,waimai_review
"难吃,而且很慢",0,train,waimai_review
好难吃的秋葵菜,0,train,waimai_review
送餐慢了点，餐还可以,1,test,waimai_review
华清家园距离清华科技园就这么近，我也看你们店里说明了，要早点订，10点40多就订餐了，你们店里写的11点送餐，竟然两个多小时才给送来。这太说不过去！,0,val,waimai_review
味道很好，鸡肉很嫩，下次还会来,1,train,waimai_review
宇宙卷饼非常棒,1,test,waimai_review
好好好，很不错，下次还会再好,1,val,waimai_review
"大哥,吸管没有，番茄酱没有",0,train,waimai_review
"非常满意的餐品,玩了几分钟还是情有可原的。快递小哥辛苦了下雨天不容易",1,train,waimai_review
味道还好，就是量少,0,test,waimai_review
看看送餐时间,0,train,waimai_review
味道不错，下次再订。,1,train,waimai_review
从地图上看到已经在这个小区了，又转到上一个小区。不过外面夏日炎炎，送餐不容易，总算还是吃到了。,0,test,waimai_review
点了霸王鸡条根本没给，番茄酱也没配，什么玩意！操！,0,val,waimai_review
速度很快，外送员辛苦了,1,test,waimai_review
我就搞不明白了，我要了一份皮蛋瘦肉粥商家为什么不给勺子？,0,train,waimai_review
不错…还挺快…还吃,1,test,waimai_review
2个小时送到的，气都不想生了，自己看着办吧,0,test,waimai_review
超级好喝，快递小哥非常给力。,1,test,waimai_review
"蘑菇和南瓜太少了,薄脆煎饼一个不够吃",1,train,waimai_review
"第一次吃速度很快而且也很不错,以后会继续支持",1,train,waimai_review
非常不错，谢谢送餐的师傅,1,train,waimai_review
很好吃，推荐他家的土豆丝卷饼！,1,train,waimai_review
价格合适，味道鲜美。我们公司每天订他们家饭,1,train,waimai_review
方便快捷，态度相当好，继续支持百度外卖！！,1,train,waimai_review
都化了，不好喝了，想退了,0,train,waimai_review
还不错，挺好吃的，下次再尝试下煎饼,1,train,waimai_review
送餐小哥十分热情，服务超赞，一定要表扬这个送餐小哥,1,train,waimai_review
好吃，没有想象中的大，建议点两个,1,train,waimai_review
要么就别搞减价，减价就给我减东西，汤都喝完了都没有看见一块肉，也是醉了,0,train,waimai_review
很好很喜欢送餐的小美女态度很好,1,train,waimai_review
辛苦骑士了，距离那么远送过来餐还是热的，做的很好吃,1,train,waimai_review
好吃，送货迅速，大冷天送货，送货员辛苦了。,1,val,waimai_review
"太慢，都快饿坏啦！,实在无语。",0,train,waimai_review
送餐太慢。。。，我觉得是太饿了，才感觉好吃。,1,val,waimai_review
好吃，点了好几次了,1,val,waimai_review
热干面没什么味，油太重！豆皮味道还可以，豆干比较多，糯米和肉丁少。,0,train,waimai_review
"1，时间太久了。八十多分钟才送达。,2，我拿到后开吃，是冷的。面饼冷下来，口感很差，里边卷的馅料是什么飘香肘子卷（套餐），不说飘香了，一粒粒冷猪肉直往下掉。,3，我勒个去。第一次点，上了个当。",0,val,waimai_review
挺好，掌握订餐的时间点还是很快的。,1,test,waimai_review
味道好速度快包装严,1,val,waimai_review
两小时送到简直没谁了,0,test,waimai_review
肘子还是比土豆好吃，坚持吃肉,1,val,waimai_review
以前的优惠已不再,0,test,waimai_review
味道真的很好，送货员人也特别好，总之一切都特别满意！！！,1,val,waimai_review
百度骑士最牛x！！,1,train,waimai_review
显示11：20送到，12:10都没动静！！物流太发指了,0,train,waimai_review
速度还可以！下着雨呢,1,test,waimai_review
赠品没有送来！！已经是第三次没送赠品了,0,train,waimai_review
"真特么慢,cao",0,train,waimai_review
"就是好吃,量还够。速度也快",1,val,waimai_review
没那么地道,0,val,waimai_review
"点的俩菜都不好吃,还挺贵一共96",0,train,waimai_review
1点下单，3点送到，百度外卖改名叫饿死了得了，客服态度恶劣,0,train,waimai_review
很好吃，以后快餐就它了,1,val,waimai_review
棒棒哒，美味,1,train,waimai_review
饭是冷的辣白菜汤撒的到处都是。发票已经污损。,0,val,waimai_review
太爱吃了，经常定，速度特快,1,train,waimai_review
等了1个半小时，送餐员态度极差！,0,train,waimai_review
看着就特别有食欲，送餐员也很敬业，这么冷的天，辛苦。,1,train,waimai_review
煎饼挺好的，就是龙抄手真心太少了，而且一碗要大十几块钱，有点不值。,1,train,waimai_review
饺子可以，可是24块钱一份的酱牛肉只给不到十个薄片，略坑，难道是百度优惠了所以就这样了,0,train,waimai_review
南瓜粥一般，没有南瓜的香甜味道！,1,test,waimai_review
京酱肉丝和软炸鲜蘑整个是两道咸菜，没少喝水！,0,test,waimai_review
师傅人特别好！送货超认真,1,test,waimai_review
"粥里有头发,就没吃,剩下都好吃",1,test,waimai_review
好！虽然很小，但是很好吃。送的也快,1,train,waimai_review
很好，送餐小哥服务不错，态度很好，准时，饭菜也不错，大冷天，赞一个,1,val,waimai_review
"没有发票，我还要公司报销呢。。,菜有辣味，好吃,就是量少了点",0,train,waimai_review
吃多了有点腻，粥还不错,1,val,waimai_review
快递师傅人超好，汤也好喝，送的快,1,test,waimai_review
送餐有慢，但品质不错,1,train,waimai_review
不错，味道挺好的,1,train,waimai_review
做的太咸了。根本没法吃，,0,train,waimai_review
第一次觉得非常不错，后面肉给的爆少啊，根本挑不出来,0,train,waimai_review
外卖速度太慢了！,0,train,waimai_review
菜量比在店里吃的少很多，大家注意吧，谨慎下单！,0,train,waimai_review
量太少，肉就几片，全是辣椒，排骨全是骨头，怀疑被剔过。,0,train,waimai_review
很好吃，刚开始想着大份会很大，结果想多了,1,train,waimai_review
今天来的很快，赞一个。,1,train,waimai_review
味道不错，饼里面肉可以少点，菜多点！,1,train,waimai_review
为什么我先订餐，同学后二三十分钟订餐，他还能先收到，你们这个是不是搞错了,0,train,waimai_review
饺子送过来都凉了，就吃了两口==,0,test,waimai_review
"原来有牛肉-,-就是混土豆里太少了没看见。。",0,test,waimai_review
经典巧克力没给奶油,0,train,waimai_review
大家千万别在这家买,0,train,waimai_review
味道相当的不错呀，锡纸包装也很大气，下次还来买~~,1,train,waimai_review
压根没送达，送餐员东南西北都不分，要退款,0,train,waimai_review
味道一般（纯素蔬菜卷）,0,train,waimai_review
送菜速度很快，很好，谢谢师傅,1,train,waimai_review
"每次都买珍珠奶茶,很好喝,送餐速度也快！推荐购买",1,train,waimai_review
汤汁洒的都没食欲了。,0,test,waimai_review
"卷饼不错,就是有肘子有点肥",1,train,waimai_review
卷饼到处流油，从锡纸里剥出来也很麻烦,1,train,waimai_review
"还可以,有点干。",1,test,waimai_review
送餐早一点就好了。,1,test,waimai_review
很失望，不好吃。,0,train,waimai_review
口味还行，菜和米饭太少，送来的时候都是凉的,0,train,waimai_review
不错啊，这是第二次点香菇鸡肉卷了，依旧美味。棒棒的，还有皮蛋瘦肉粥，两个组合，价格非常便宜哈。,1,train,waimai_review
卷饼一直不错，可是那粥实在是太差了。比稀饭还不如，以后还是不要卖粥了吧，拉低了菜品质量。,0,val,waimai_review
超实惠，好吃,1,train,waimai_review
全部超五星！！菜品和送餐速度全都棒棒哒！！！,1,test,waimai_review
骑士精神~非常好！又快！！！,1,train,waimai_review
"用了这么长时间百度外卖，很少认真写评论，这家店真的让我有惊喜，所以认真写一个。一开始选择这家店有点纠结，20,30多一个卷饼感觉有点贵，看评论说30多的吃不了，所以就觉得20的会不会太小吃不饱。但算上满减的话，20的也就5块钱，试试吧。下单后20分钟就送到了，超级快，包着一个纸袋，卷饼被锡纸包着，应该是早就做好放着的，里面还送了一个塑料手套。卷饼相当不错，肉很多，当晚饭吃绝对够了。,很满意，下回还会买",1,train,waimai_review
快一小时了，饭呢,0,train,waimai_review
意面好难吃,0,test,waimai_review
很不错的~,1,train,waimai_review
油菜怎么变成了水煮白菜还很难吃,0,val,waimai_review
"11点31下单,12点51送到。这速度太慢了",0,test,waimai_review
我这人很少打5星,1,train,waimai_review
"百度外卖，赞。,菜不错就是请注意包装。",1,train,waimai_review
肉的好吃。,1,test,waimai_review
一杯咖啡送到了洒了三分之一,0,test,waimai_review
送餐很快，满意！,1,train,waimai_review
肉皮冻全是猪毛！恶心,0,train,waimai_review
"牛蛙是58元一块,跟青岛的龙虾一样！百度外卖要火啦！",0,train,waimai_review
"啊啊,饿死了,才送到,打了15个电话都没人接,这服务也太衰了吧",0,train,waimai_review
味道好，送餐较快，包装扎实，服务好,1,train,waimai_review
"妈蛋,米饭里有块儿石头,发现的早,要不牙非碎掉了",0,train,waimai_review
第二次点，这次送的速冲咖啡。,1,train,waimai_review
饭不怎么样....,0,train,waimai_review
吃过好几次了，又便宜又好吃送货又快，真心不错,1,val,waimai_review
这次的菜不一样，都是我不能吃的,0,test,waimai_review
定的汤圆一份就俩个，相当无奈！,1,train,waimai_review
很满意，送餐时间很快！,1,train,waimai_review
味道一般，量有点少！,0,val,waimai_review
"吃着有一点臭臭的味道,难道是就这个味道么……吃着挺好吃的",1,train,waimai_review
东西少不说，说好的赠送花生呢？,0,test,waimai_review
"冰糖雪梨粥,连米都没有,就是个甜汤,凉拌木耳里面怎么还有一根黄瓜丝,一根豆腐丝",0,train,waimai_review
垃圾别吃吃了就后悔难吃,0,val,waimai_review
第三次购买了,1,train,waimai_review
对外卖员的态度很不满，而且送餐连餐具都没有，一饭一汤拿手喝啊,0,train,waimai_review
"挺不错的,味道好,也干净",1,val,waimai_review
不如卷饼好吃,1,train,waimai_review
早早就下单了，早早送来,1,train,waimai_review
送餐员态度恶劣，延迟送饭。导致披萨凉透，而且只提供一套餐具，不核对餐品是否齐全调头就走。,0,val,waimai_review
卷饼很好吃，名字很霸气，就是粥有点凉了，送的很快,1,train,waimai_review
"很好,赞！",1,test,waimai_review
最爱吃的两样，而且送餐超快！,1,val,waimai_review
每次都中午点饭，下午3点送到,0,val,waimai_review
"送餐时间很准时，但“酸豆角焖肉饭”名字有点误导人，其实就是＂酸豆角炒肉末＂，根本不是""焖肉""啊。这次的米饭也不是他家常给的粗粮饭，就是白米饭",0,train,waimai_review
"这个订单根本就没有送到,让我们等到1点多，信誉太差了，之前还一直在他家订饭。",0,val,waimai_review
此次肉相对以前很少,0,val,waimai_review
我要的是酸豆角肉末不是蒜薹肉末，里面几乎全是蒜薹,0,train,waimai_review
配送小哥辛苦了，之所以差评，是因为饭里居然有头发！！！受不了！！！,0,train,waimai_review
这破天气我也理解，但是这速度真的都凉了。。。味道一般,0,train,waimai_review
不要辣。怎么吃着有辣呢,1,val,waimai_review
我现在修改一下。就在下午6点8分，我接到了小鱼府客服的电话，她通知我因为今天已经下过一次单了，所以无法再次享受减免活动。在我做出取消订单的决定之后，她说了一句，好，那你今天别吃饭了。我几乎很少给差评。但是这件事不好意思，接下来我要向百度投诉。请小鱼府注意查收,0,train,waimai_review
师傅辛苦，很准时，点赞！,1,test,waimai_review
很难很难吃，很慢，服了气了,0,train,waimai_review
"卷饼,有有点油,味道还好,皮蛋瘦肉粥,很好吃",1,train,waimai_review
鸡蛋太少都是酸豆角,0,train,waimai_review
菜非常非常咸，看来他家只能喝粥……10点半订的，11点40多才送到，要不是看在送餐员比较辛苦的份上肯定给差评了，点的状元一品鸭和王府烤肉，都不推荐，非常不好吃，鸭肉都没切开，一块块肉都是连着的，排骨扁豆闷卷子味道倒是还凑和就是齁咸，我这么口重的都吃不了……,0,train,waimai_review
有点辣，送来时有点凉了，其他还好,1,train,waimai_review
不错，喜欢,1,train,waimai_review
你们就这么着吧，等着让饿了么抢生意吧，快等俩钟头了，好不容易送到了发现少一可乐，所有的东西都挤在一块，都特么挤烂了，给一星我都觉得多余凸(｀0´)凸,0,train,waimai_review
这次订单为啥有上次订单的备注消息？,1,train,waimai_review
东西很好吃，送餐速度也非常快，只是窝蛋牛肉饭上边写带汤，可是没给~~不知道是不是忘记了~,1,train,waimai_review
豆浆挺好的,1,train,waimai_review
每天都在吃，就是外卖小哥有点慢，老板能不能让你们外卖小哥把速度提升一点呢？,1,train,waimai_review
口感真心一般，下次不买了,0,train,waimai_review
送餐速度真的是太慢了，太太太慢啦，将送餐时间提前到11:15后，等到12:57才送到……,0,val,waimai_review
面送过来就会坨了软了，口感不好，其他还可以。,0,train,waimai_review
手机停机了！我还以为是送餐太迟。。。。都是我的错。。最后托同学带上来了。抱歉抱歉,1,val,waimai_review
北菇滑鸡饭稍微有些咸,1,val,waimai_review
"味道很好吃,送餐速度快,下次还会再买的",1,train,waimai_review
米条咸死人，不好吃,0,train,waimai_review
可能是第一次来，送的比较慢，还好。,1,train,waimai_review
饭好难吃啊,0,test,waimai_review
太TM差了，点餐到收餐等了俩小时，饭量还少，还有，店主没吃过辣白菜吧？不会做我教你啊。。,0,val,waimai_review
"味道和以前一样的,棒棒。",1,train,waimai_review
送餐慢，13:40才送到，点的两样菜都不值得推荐,0,test,waimai_review
"第二天接着你家菜单，一如既往的好，量足，实惠，店家诚实守信，要求什么做什么，虽然今天的锅仔鸡蛋豆腐好像给我送错了，还是做错了，送来的是西红柿豆腐吧，这,可以接受，骑士哥是真的扫了今天的胃口，订餐那么多天头一次遇到这样什么都不懂的骑士哥，居然打电话问我详细地址，几环，标志性建筑，最后还要我发地址信息，实在忍无可忍回应他，我在百度订餐留的哪里就是哪里，真的是倒胃口",1,train,waimai_review
希望辣白菜改善口味。,1,train,waimai_review
非常好，还有很多赠送的，结果我们一家三口都没有吃完。,1,train,waimai_review
送餐很快，很热情，很好,1,train,waimai_review
定的辣牛肉汤套餐，那么冷的天·两个小时才到，汤只剩下余温了·我也饿的不行了·太慢太慢太慢了！！！！味道感觉也太不咋地了·,0,train,waimai_review
还可以！就是,1,train,waimai_review
好久没吃到这么难吃的香锅了。,0,val,waimai_review
太low，吃不下去，差评差评，好难吃，,0,train,waimai_review
土豆肉丝卷，根本没有土豆，全是尖椒，辣死了！真差劲,0,train,waimai_review
热干面有点油,1,val,waimai_review
百度骑士冒雨前来，送餐及时，非常感谢,1,train,waimai_review
南瓜粥没我送！送的太慢了,1,train,waimai_review
菜少，送餐快。,0,train,waimai_review
看着很干净,1,train,waimai_review
时间太久，面条都软了，没有劲道，很难吃,0,train,waimai_review
送餐速度快点就完美了,1,train,waimai_review
快递员很辛苦，赞一个,1,val,waimai_review
配送速度日了动物园了，快3小时了,0,train,waimai_review
超级差，南瓜粥已变质，馊了,0,train,waimai_review
"真难吃,真是太难吃了",0,val,waimai_review
便捷，送餐速度也很快，非常满意，从此外卖不是问题了,1,val,waimai_review
味道不错，就是量挺少的,1,train,waimai_review
送达时间是下午一点,1,train,waimai_review
选的送达时间：11:45，结果10点58就给我送来了。那我选择送达时间还有什么意义。饭还是一如既往的好吃，干净卫生,0,train,waimai_review
"太恶心了....什么玩意好难吃啊,送的还巨慢",0,train,waimai_review
中份太少了!大份又贵的太多了!不过味道不错!,1,val,waimai_review
总的来说没有第一次吃的香了,1,train,waimai_review
今天太慢了,1,train,waimai_review
"分量很小,,拌饭还是凉的",0,val,waimai_review
葱油拌面比较好吃，不过每次送过来都有点儿陀了，影响口感,1,train,waimai_review
鸡翅一咬里面全是血。玉米还是不错的，其他都一般,0,train,waimai_review
特别好吃，味道赞赞哒,1,train,waimai_review
"味道不错！皮有点厚,继续努力",1,train,waimai_review
东西很少，像半分每次都是这样失望,0,train,waimai_review
红红火火恍恍惚惚何厚铧,1,train,waimai_review
服务态度非常恶劣，生了一肚子气，一个大老爷们儿跟个娘们似的。,0,train,waimai_review
不错啊好吃,1,train,waimai_review
"一点味道都没有，简直就是白水煮过的蔬菜和肉，点了一个牛肉卷饼，吃着根本不像牛肉，整体味道不如街上的煎饼，皮蛋瘦肉粥就是一小碗粥加了一两块皮蛋，说好的瘦肉呢？？？简直无语！！,差评！！",0,train,waimai_review
附近最好吃的麻辣香锅，不开玩笑的,1,val,waimai_review
10点20下单，1点半还没有送到，只能取消订单。,0,train,waimai_review
就吃这一次吧，不过送餐员很好。,0,train,waimai_review
大冷天的辛苦快递师傅了～,1,test,waimai_review
不很好吃，微辣就是一点都不辣,1,train,waimai_review
饭都凉透了，味道特别难吃,0,val,waimai_review
好吃，就是稍微有点凉了,1,train,waimai_review
送的特别快，味道棒棒哒,1,train,waimai_review
速度挺快，东西很不错,1,train,waimai_review
挺好，速度快,1,train,waimai_review
十一点订的餐，一点送到，这是龟速吗？十二点第一次给餐厅打电话催单，餐厅说饭已经装好了，送餐员没来让我催催，两分钟后我给送餐员打电话，他说他已经在餐厅取餐了，十分钟后我又给他打电话，他还说他已经到了，在取餐，撒谎！！十分钟餐还没取完，也是够可以了，差差评。,0,train,waimai_review
海鲜豆腐汤，全是豆腐，现在想起豆腐都害怕了,0,test,waimai_review
送来的拌饭竟然是拌过的，然后上面又加了一层，怎么感觉像被吃剩下的，以前也没这样啊，越想越恶心,0,train,waimai_review
配送非常快，10分钟就送到啦～,1,train,waimai_review
下单时说43分钟，外卖人员告诉我2个多小时，最后米饭交了钱没给我带，电联咨询外卖人员详情，最后给我在小饭店买的米饭，也就白灼芥兰好吃，剩下的那个个菜垃圾死了，要不看外卖人员那么辛苦为难，我绝不会支付一分钱,0,val,waimai_review
很好吃！送餐速度快！品质好！,1,test,waimai_review
准时送达，味道非常鲜美,1,train,waimai_review
当时我们点的饭跟汤送达时都已经凉了，其他还好，就是送的时间长。,0,test,waimai_review
好吃，相同尺寸比别家个儿大，时间略长，有些凉了。,1,train,waimai_review
17:15订餐结束，18:30接到电话说送餐车被盗，问及多久可以送到，答曰20分钟，19点送餐完成。车辆被盗无法避免，但在第一时间电话告知，或通知其他送餐人员不是首要做的么？在报警且处理完事件后的18:30才给予催单回复，这送餐可真是…呵呵了,0,train,waimai_review
"快递给力,煎饼给力,会一直点餐",1,val,waimai_review
"到现在还没送来,还没人接电话",0,test,waimai_review
这个味道一般，不喜欢,1,val,waimai_review
非常好的服务，跟鞋你们,1,train,waimai_review
味道不错，但送餐时间也太长了吧！！等了一个多小时,0,train,waimai_review
包装不好，导致粥都撒了。因为送餐员放下就走，打开看才知道不能吃了，因为忙也没有让重新送，就这样吧,0,train,waimai_review
味道还行~豆腐脑的卤淀粉可能多了,1,test,waimai_review
送的挺快，就是加多宝变成可口可乐了→_→,1,train,waimai_review
2小时后送达，订餐需谨慎,0,train,waimai_review
现在的送餐速度是越来越慢,1,train,waimai_review
送错了还不给换，垃圾！,0,train,waimai_review
真快！还省了15元,1,train,waimai_review
麦香！味道棒棒滴！速度很给力！给老板个赞，给快递小哥个赞！,1,train,waimai_review
准时送到，辛苦辛苦，谢谢！,1,train,waimai_review
快递很快，态度好，赞,1,test,waimai_review
酱再多点薄脆蓬点就好了,1,train,waimai_review
挺好的，挺快的,1,train,waimai_review
等了五十分钟，受不了的龟速,0,test,waimai_review
微波炉又热了一遍…,0,train,waimai_review
味道很正宗，量也很大,1,val,waimai_review
除了肉夹馍好吃其它一般了，他们为了节省餐盒吧，打包羊肉泡馍过来汤一点都没有了。,0,train,waimai_review
味道挺不错,1,train,waimai_review
速度比预计快很多，菜品不错,1,train,waimai_review
"速度很快,谢谢送餐员,辛苦",1,train,waimai_review
"配送员很好,包子也可以",1,train,waimai_review
"送餐到门口,在接递过程中餐掉到地上,里面汤从碗里洒了出来,结果送餐员告我没事,也不是留外面,餐费34给他100,应该找66,他找我61,把餐打开后,汤已经流到塑料外面,把餐巾纸都泡了,真是对服务特别无语,从始至终完全没感觉到抱歉",0,val,waimai_review
到的时候饭饭热乎的呢！又快又好，大冷天的真辛苦，感谢！,1,train,waimai_review
粥是馊的，不能吃了；发票没开,0,train,waimai_review
"送来的瞬间我就不想吃了,送餐员身上的味道太大了,唉,我都不好意思说",0,train,waimai_review
一如既往，今天的状况理解,1,val,waimai_review
好吃，很清淡,1,test,waimai_review
第三次下单，前两次很快很新鲜！今天又慢，质量又差！好的品质要保持才好,0,train,waimai_review
才发现没有送小果粒橙,0,train,waimai_review
百度外卖大骗子...骗人下单...,0,train,waimai_review
"比一般好一点,比好一点一般",0,train,waimai_review
送的很快，给的挺多，就是微咸了，包装很有心意，感谢,1,train,waimai_review
送餐花了一个半小时……无语了,0,train,waimai_review
送餐很快，大熱天，辛苦配送師傅了,1,train,waimai_review
咖喱鸡肉！确实鸡肉，只是凉的熟鸡肉放在咖喱里就算咖喱鸡肉么？并且鸡肉还是黑椒鸡肉！我从来不知道咖喱鸡肉是如此做法，难吃到极点！水了吧唧，没滋淡味，全部扔掉了！,0,train,waimai_review
木耳的味道真的不错,1,train,waimai_review
红豆布丁奶茶太甜。烤珍珠一直美味,1,train,waimai_review
好吃！卫生！周到！,1,train,waimai_review
好慢好慢好慢,0,train,waimai_review
迟到80多分钟,0,val,waimai_review
很赞哟，小哥辛苦啦这么冷的天,1,train,waimai_review
吃个饭等了一个半小时,0,train,waimai_review
宫爆鸡丁没放辣椒，简直了，也就因为家里有小朋友不能吃辣，不然就直接倒了，太难吃了,1,val,waimai_review
垃圾食品吃完中毒啦！！,0,train,waimai_review
希望下次尽量按时送，不要太早了,1,train,waimai_review
"挺好的,辛苦了",1,train,waimai_review
"有点慢,别的没什么",1,train,waimai_review
这家店我去店里面也吃过，真心越来越一般。,0,train,waimai_review
相当好，味道正宗，送餐快，下次再来！,1,train,waimai_review
酱有点多，速度挺快的,0,train,waimai_review
"饼好吃,送餐师傅也特好,送餐师傅辛苦啦",1,train,waimai_review
送餐小哥很给力，大赞。,1,train,waimai_review
肉好多，实在，送餐没法进北医校门,1,train,waimai_review
没有放辣椒，吃着不是很爽,1,val,waimai_review
海藻跟没洗似的，咸的要死，除了咸没有任何味道，担担面也咸的要死，还是坨的，根本没法吃，全扔了！,0,train,waimai_review
纯素的，不是很好，感觉菜上撒的酱,1,train,waimai_review
"太实惠了,味道好,好好好好",1,test,waimai_review
超慢两个小时才送到,0,train,waimai_review
"骑士辛苦了,不是我吃的不知道",1,train,waimai_review
就是送的太慢，但服务不错,1,test,waimai_review
"配送速度很快,每个品种分开装纸袋而且包的很好,喜欢吃",1,train,waimai_review
上次少的粥我在备注里写了，果真送到了。,1,val,waimai_review
很满意，送的挺快，味道又好,1,test,waimai_review
"鱼香肉丝卷味道不错,南瓜粥还行",1,train,waimai_review
很好～很方便,1,train,waimai_review
"都洒了,还超时,不好",0,train,waimai_review
小炒肉真心不是湖南小炒肉，坦白讲肉炒太老了，不推荐。鸭头不错,1,test,waimai_review
11点20就送到了给我打电话没接到陪笑去拿餐埃顿熊我去我不能每天坐着等您送餐吧我要上班上班要开会开会不能带手机的好不好！能不能让人好好的吃饭了！现在百度外卖的服务态度真是不敢恭维,0,test,waimai_review
时间太长，面都坨了,0,val,waimai_review
夫妻肺片很腥，吃过的最难吃的夫妻肺片,0,test,waimai_review
挺好的，速度也快。凑满十个字,1,test,waimai_review
梅菜一般，肉还行。配菜凉拌黄瓜还行～,0,val,waimai_review
粥特别实惠，还有卷饼,1,val,waimai_review
果真还是少了根肠，还我2.5元,0,val,waimai_review
太慢了，能换个送餐员吗？来了饭都凉了，本来就胃疼，说喝个粥，还是凉的！还有那个拌饭！送错了！大哥！！！！总之，很慢！！！！除了卷饼，剩下的没有好吃的！,0,train,waimai_review
"送餐时间,有点长",0,test,waimai_review
肥牛➕番茄西红柿套餐变成了西红柿➕肥牛套餐，连勺都没有？,0,train,waimai_review
满意，速度也非常快。,1,train,waimai_review
都好吃，经常点他家的外卖(^_^),1,train,waimai_review
与店里味道不一致,0,train,waimai_review
肉特别软，感觉肉质巨差,0,val,waimai_review
不太好吃。不如以前做得好吃了,0,train,waimai_review
吃完第二天拉肚子～,1,train,waimai_review
送的太早了也不好,0,train,waimai_review
礼拜六居然能等一个小时我也是醉了！,0,val,waimai_review
"很快,菜分量足,超赞",1,train,waimai_review
快递非常给力！！,1,test,waimai_review
凉菜味道还不错，热菜一般。,0,train,waimai_review
送来的很晚，都化了！,0,train,waimai_review
"就这送餐速度,还有脸做外卖",0,val,waimai_review
迟到了快半小时,0,train,waimai_review
不值，饼和菜都不行,0,train,waimai_review
肉松送成鸡柳了，赚到了,1,train,waimai_review
配送时间真无法保证,0,train,waimai_review
大冷天，快递小哥微笑服务，手动赞一个,1,train,waimai_review
买的红柚，送来的确是白柚,0,train,waimai_review
西红柿汤还行，就是感觉米线不是太精到！米线有待提升.,0,train,waimai_review
羊肉的好吃，牛肉的一般，如果肉里有点酱油就好了,1,train,waimai_review
大肉卷好吃！在便宜一些就好了,1,train,waimai_review
今天忙到忘了给我半糖，下次希望别忘。,1,train,waimai_review
定很多次啦！菜很好吃！也很及时！,1,train,waimai_review
辣炒花蛤和蛏子的味道都是劣质的地沟油渣炒的，呈现出酱炒的卖相，；麻婆豆腐用的是筷子夹不起来的南豆腐；小炒有机菜花一开盖就一股坏油味道。总的来说是，四个菜我没一个敢吃，送餐的比他们约定的时间晚了近一小时多。。。我劝大家就不要再上当了！！,0,train,waimai_review
"终于吃到好吃的鱼香肉丝了,虽然有点慢",1,train,waimai_review
再送小哥超帅！！！！,1,val,waimai_review
奶茶好喝！送餐准时，到的时候还是热乎乎的！,1,train,waimai_review
等了一个小时零三十五分钟。多次打店家电话，不是没人接就是占线。我们公司中午吃饭时间就一个小时，等送到的时候我们下午已经上班了。而且饭都凉了。,0,train,waimai_review
速度很快，送了蘸酱，但是上次电话订餐没有送。孩子喜欢吃马盏糕和小笼包,1,train,waimai_review
豆浆没有送，希望下次检查好再派送,1,train,waimai_review
不电话告诉你们不放辣了么？怎么还放？,0,train,waimai_review
天热！饭、肉、菜凉。,0,train,waimai_review
大哥，你知道你送的这是披萨吗？拖成一坨让我怎么吃？,0,val,waimai_review
神速啊。特么完了快一个小时，真牛逼,0,val,waimai_review
"非常好,下次还来订",1,train,waimai_review
味道不错……,1,train,waimai_review
。。。还能说什么呢。。。,0,train,waimai_review
翻得一塌糊涂，备注要的东西一样都没给,0,test,waimai_review
今天的菜感觉都是剩菜呢,0,train,waimai_review
"非常好喝,一直喜欢,布丁好吃",1,train,waimai_review
都说了菜不要加汤里，还加，而且菜也没有写的那么多，汤好油，加了韭菜，满碗的汤都是绿的。,0,val,waimai_review
爽口菜吃出了烟头,0,train,waimai_review
特别好！很快送达…,1,test,waimai_review
吃的很好，味道不错。但是第一个配送员实在太差了，比我预定的时间早到了一个小时，我不在家没法领取，对方居然态度恶劣，还挂了电话,1,train,waimai_review
袋子简直是传递正能量的天使啊～要是能送得再快一点就好了～饿的下巴要掉了～,1,train,waimai_review
包装好漂亮！,1,train,waimai_review
太特么难吃了，豆干里的俺村蛋都硬的,0,test,waimai_review
红油抄手不错,1,train,waimai_review
配送员神速！点心也很新鲜！好！,1,train,waimai_review
速度很难，味道还不错,1,train,waimai_review
"量太大了,还算准时,喜欢黄太吉",1,train,waimai_review
"味道不错,味道不错。。",1,test,waimai_review
下完单才发现离自己很近，所以自提的。备注了不吃辣，结果煎饼里还是放辣椒了，这样不好。,0,val,waimai_review
皮蛋瘦肉粥好像胡椒放多了，有点辣。鱼香肉丝的卷饼味道不错，但是甜味偏重吃多了有点腻，分量很足,1,train,waimai_review
除了南瓜羹有点酸，其它都挺好的，还会再点的，除了南瓜羹。,1,train,waimai_review
虽然送达晚了一点，但是快递员提前打电话告知了缘由，态度非常好，我们也非常理解，雾霾天快递员小哥们不容易哦！表示感谢！好评！,1,train,waimai_review
迫不及待的打开，没有让我失望哦！真的太好吃了！送餐人员服务态度特别好，赞一个！满意！,1,train,waimai_review
不是很慢，下雨天还很快,1,test,waimai_review
送餐速度不快，味道还行。,0,train,waimai_review
送餐很慢，商家电话打不通，服务真的很差,0,val,waimai_review
前俩天会很快。第三天么。。,0,test,waimai_review
时间长了，筷子也没给,0,train,waimai_review
"为什么不能用代金券,为什么没有满减,下次不定了",1,test,waimai_review
可惜不能发照片，不然我一定会让别人看看筷子和纸在菜里的照片,0,test,waimai_review
送外卖的脑残，说好了南门，送到东门，害我等半天等不到人，打电话让他送回东门，居然说找不到，路都分不清你还送啥外卖，更何况你是人，不会问吗？难道你是猪吗？,0,train,waimai_review
"挺好吃,送得太快了！",1,train,waimai_review
菜还真心不错，米饭真心抠啊，老板逃荒过啊,0,train,waimai_review
可能中午点单人多，等的有点久,1,train,waimai_review
经常在这里订，味道棒棒的，继续努力，为我刚才的失误道歉了,1,val,waimai_review
"真他妈恶心，送的粥跟猪吃的一样，5元的王老吉就是袋装的，超市1.5元的那个，还卖,你妈5块，送餐跟死了娘一样，半天才来",0,train,waimai_review
不错，非常好,1,test,waimai_review
外卖漏了加多宝，等了将近3个小时才补送过来，当时已经很晚了，就要求拿回去退掉。结果第二天发现订单已经结束了，也没有退钱。,0,train,waimai_review
快递很赞，食品质量一般,0,test,waimai_review
很棒的骑士！！,1,train,waimai_review
太慢了，等了两个小时,0,val,waimai_review
两个小时才送到，还说路上堵车，骑电动车哪来的堵车,0,train,waimai_review
外卖人员服务态度特别好！大风天气那么冷，外卖准时送达而且也保证了餐的温度！,1,val,waimai_review
小渝府，不再爱了！,0,train,waimai_review
和之前吃的完全不一样，豆芽和汤多其他的量明显减少了,0,train,waimai_review
好吃不贵还可以送到楼上，绝对好评,1,train,waimai_review
方便，快捷，味道可口，快递给力,1,train,waimai_review
非常负责的快递员，很快很快…,1,train,waimai_review
感觉一般般，不是,0,train,waimai_review
服务态度特别差，还发脾气,0,val,waimai_review
"很方便,！但是就是太慢了！都超时了！但是送餐员态度还是很好的！提前打电话联系。",0,test,waimai_review
超好吃，送餐也很快！,1,train,waimai_review
味道不错啊！,1,train,waimai_review
猪蹄有点腻！没有那么香，不是很好！,0,train,waimai_review
"点的时间比较早,店里给送了一份蔬菜不错",1,val,waimai_review
味道不错连着好几天了都在喝！,1,train,waimai_review
骑士速度特别快赞,1,val,waimai_review
好速度啊！宇宙卷饼棒棒的！谢谢骑士,1,train,waimai_review
"我要的是酱香,这个是辣的,不是酱香的那辣",0,train,waimai_review
粥还可以，饼真不好吃，就是肉块，口感不好，不好吃。,1,train,waimai_review
很好吃，菜品味道很好，有要求都很爽快满足，赞,1,train,waimai_review
非常不错，送餐快菜量足味道好,1,train,waimai_review
送货员很赞，很到位，在单位都送到房间,1,test,waimai_review
特别好吃，超赞,1,train,waimai_review
都凉的！没怎么吃,0,train,waimai_review
久仰大名，到望京了，我觉得打折过后非常不错,1,train,waimai_review
味道不怎么样,0,train,waimai_review
"哈哈哈,好吃",1,train,waimai_review
肥肠超级多！量很足！一直很喜欢他家的菜品,1,train,waimai_review
五十分钟送来面都妥了，第一次订餐半小时送到了，后来就不给力了,0,train,waimai_review
"挺好,有优惠合适",1,train,waimai_review
量好小啊。,0,test,waimai_review
还好吧，在家能吃到爱吃的早点，比较卫生，就是时间长了些，味道不那么好了，不过店家多送了一杯豆浆,1,train,waimai_review
满一百没送可乐，差评。,0,train,waimai_review
还不错，肥牛有点干。,1,test,waimai_review
那虾像死虾，虾肉像面一样！味道还可以！就是虾不好！,0,train,waimai_review
骑士菜品一样的棒，感谢,1,train,waimai_review
这次的排骨极其不新鲜！,0,train,waimai_review
木有办法，喜欢吃的手撕包菜还是在店里好吃一些，放餐盒吾的一般。,1,train,waimai_review
五花肉泡菜饭里一片五花肉都没有，不知道是厨师忘了放了还是怎么着。太坑了！,0,train,waimai_review
"可能是由于中午点餐人多,等了1小时20分钟（11:38下单,外卖12:57才到）才送到,送到时,汉堡全部都凉了,已经用百度外卖好几次了,这次最心塞",0,train,waimai_review
不好吃，酸,0,train,waimai_review
主菜很失败！！！,0,test,waimai_review
好咸的酱香鸡腿啊！,1,train,waimai_review
饼还是挺袖珍的，味道不错,1,train,waimai_review
吃起来就知道很干净，入口很干净的外卖不错,1,train,waimai_review
"非常差,最差的一次,首先订餐过了1个半小时也没显示送餐,电话去问无论正一味还是百度外卖客服都一问三不知,要求客服回电至今未回,另外正一味的饭也是半生不熟非常差,和上次点的汉拿山的差远了,伤了心了,对百度外卖,我要投诉",0,test,waimai_review
略慢，不过很好吃，五星好评，点个赞。,1,train,waimai_review
餐厅不给送餐，付完款了告诉没看见，再说不认识地址，明明过马路就到，协商后还是不给送，服务差，最后是百度物流送的餐,0,train,waimai_review
送餐送了2小时…电话催了无数次…送来还少了一个…崩溃,0,train,waimai_review
量特别大但是超级难吃，一分价钱一分货,0,train,waimai_review
送的太慢了，太慢了，太慢了，服务真糟糕,0,train,waimai_review
十一点定的，快两点送到，中间饿的不行自己去吃了，要求取消订单，老板答应的挺好，实际还是没给取消。真是服了。,0,train,waimai_review
呵呵。。。等了两个小时。。。菜的味道不错，但是太慢了，打了好几个电话一直占线，好不容易打通了告诉我5分钟送到，结果又等了40分钟。附近上班族午休时间有限还是不要点了，人家工作你在那吃东西太尴尬了。以后不会点了。,0,train,waimai_review
1、太辣。2、有花椒，不喜欢吃。3、粉条用筷子夹容易碎，用勺子又太长了。4、如果送一包醋，味道会好一些。,0,train,waimai_review
要的煎饼套餐送的油条套餐,0,train,waimai_review
很好，很快就送来了，谢谢,1,train,waimai_review
吃出了一只虫子…不会再光顾了,0,train,waimai_review
小哥长得帅态度还好，好评,1,train,waimai_review
味道还是那么好，服务也很好，就是速度再快点就更好了,1,train,waimai_review
送餐很快，这么冷的天气辛苦了,1,val,waimai_review
米饭有点馊了，红烧肉也不好吃，差评,0,train,waimai_review
晚到一小时,0,train,waimai_review
和之前网友待遇一样：送餐慢；煎饼软塌不能吃；饮料外撒。,0,test,waimai_review
味道不错，速度快，大雪天的，超级棒,1,train,waimai_review
买三样送错两样也就算了！面里竟然有钢丝球！真受不了了！再也不吃！差评差评差评！！！,0,train,waimai_review
"很好吃,忘给筷子啦",1,train,waimai_review
很棒的哦，第二次订餐了,1,train,waimai_review
配送员态度真差，好像欠他钱一样，不过，菜品还是可以，,0,train,waimai_review
莴笋和烟笋什么区别？我点的是绿色的那种青笋怎么给我送个黑色的请问哪个菜名是砂锅里绿色的青笋,1,train,waimai_review
东北乱炖不是正宗的，而且油特大，只能吃半盒其余的全扔了,0,test,waimai_review
大酱汤，太难吃，和店里不一样！特稀！菜少！清汤淡水的！,0,train,waimai_review
非常好吃！冰花很脆！,1,val,waimai_review
"非常好,辛苦送餐员",1,val,waimai_review
天这么冷，送餐师傅很不容易，赞！,1,train,waimai_review
一般般，速度太慢，太辣,0,train,waimai_review
套餐里的可乐送到都洒了，有半杯在塑料带里，真是够了！都泡了！,0,test,waimai_review
最后送到的～都变软了,0,train,waimai_review
送餐没准！！！想送就送，不想送就不送,0,test,waimai_review
服务真的太棒了！万分感谢快递员,1,train,waimai_review
本来挺好的星冰乐，都化了，52送到的，送餐员都说超过了半小时，百度外卖系统显示50送到的，神马玩意啊。,0,train,waimai_review
点了乌冬面送来撒了，完全没包装好,0,train,waimai_review
不错不错，快递师傅也给力,1,train,waimai_review
第一次尝试，不好吃，没有鳕鱼好吃,0,test,waimai_review
真是傻缺的一个卖家,1,train,waimai_review
难吃到爆~真心服了,0,test,waimai_review
粥的盒子都碎了，没法吃。,0,train,waimai_review
非常满意！！！,1,train,waimai_review
真的不错！快递小哥也更不错！,1,test,waimai_review
送餐太慢！！！,0,train,waimai_review
菜味道很棒！送餐很及时！,1,train,waimai_review
太可怕了，不好吃啊，送餐倒是很快,0,train,waimai_review
我要投诉。奶茶里有虫子,0,train,waimai_review
这个时候我等得睡着了，做了个梦：餐到了,0,train,waimai_review
不好吃，肉不好，饼很硬，差评！,0,train,waimai_review
"送餐2个半小时,而且这个米线根本不值28,太不值了",0,train,waimai_review
第一我想说的是送餐：不知道是什么原因全都撒了。第二：我想问问这个就是一切以实物为准吗？（与照片及其不符）警告后面订餐的朋友，请慎重。,0,train,waimai_review
今天没放勾芡还不错！但是份量感觉一天比一天少啊,0,train,waimai_review
真不错，送货速度超快的哥们,1,train,waimai_review
挺好的，油稍微有点多。,1,train,waimai_review
不好吃，等了快一个半小时，饭都不热了，难吃！明明走着送也就十分钟的路程，却这么久！,0,val,waimai_review
很好，很满意，但是这次为什么没有送王老吉呢？昨天还送的,1,val,waimai_review
时间太特妈的不准时了,0,train,waimai_review
"好吃,就是慢",1,train,waimai_review
"一般吧,凑合",0,train,waimai_review
炸酱面有点坨了。。干煸豆角一如既往的好,1,train,waimai_review
盖饭很有诚意，米饭压的特别瓷实！味道也不错！,1,train,waimai_review
饭的味道太一般了，不推荐,0,train,waimai_review
订了两单，还分别送到了两个地方,0,train,waimai_review
土豆不错，肉丝太少,1,train,waimai_review
送到有点晚。虽然没有超过赔付时间，但超过了预计到达时间。不过雾霾锁京，还是要谢谢送餐师傅的辛苦付出,1,val,waimai_review
不错，吃一个就很饱,1,train,waimai_review
配送速度太太太慢了。,0,train,waimai_review
"NextDay推：“浮生若梦，恋恋风尘.人生总是一日难，一日佳.”,-,端午快乐！",1,train,waimai_review
"4个钟头,大家自己想想吧,这样的店",0,train,waimai_review
特别难吃，有点搜了，再不订他家的饭了,0,train,waimai_review
"沙拉变海带,等了108分钟,不是百度的外卖,是商家的,也不提前说明,没有订单跟踪,打了若干客服,电话没有一次有人接听",0,train,waimai_review
外送很快，给赞一个～,1,train,waimai_review
服务态度好，送餐速度快，非常好～,1,train,waimai_review
东西不错，挺好吃的。,1,train,waimai_review
拌饭味道确实需要改进,0,train,waimai_review
快递还让我下去接，还说找不到，语气不善，吃东西都没心情了，我要的混沌，给我一份饺子这是搞什么啊,0,train,waimai_review
"本单由,百度,配送并提供售后服务",1,test,waimai_review
外卖员不给送到地方，让自己出去拿，态度恶劣,0,test,waimai_review
送的挺快的，然而并没有想象中的那么好吃,1,val,waimai_review
想吃万年青点的，整整晚了一个多小时，真是醉了，葱油拌面还行，就是送来已经坨成石头了。,0,val,waimai_review
味道很好的，就是今天店家太不小心，菜品送错了，还有面里都没加花生，唉,1,train,waimai_review
"味道一般,唯一好处,量大,送餐慢",0,test,waimai_review
根本就没给我送到，让我等一下午。,0,train,waimai_review
配送还算快，两个多小时送到，挺好吃的朋友们都喜欢,1,train,waimai_review
时间过长，最后也没有得到5折优惠啊！,0,train,waimai_review
好快的速度，赞,1,train,waimai_review
速度很赞，服务很好，不错,1,train,waimai_review
很好吃……送餐很快……推荐,1,test,waimai_review
我去，，4、5个小时你猜来！！！真可以！！！都别来他家买了。,0,val,waimai_review
饭还行，就是送的太慢,0,train,waimai_review
送有很快，东西一般吧,1,val,waimai_review
味道不错，送货按时，很好。,1,train,waimai_review
送的太快了，师傅很辛苦，谢谢了。,1,test,waimai_review
晚了也没多长时间，差2分钟一个小时吧,1,train,waimai_review
木须肉不干净,0,test,waimai_review
肉夹馍没送来，告诉我十分钟内送到，可是二十分钟了还没到,0,train,waimai_review
饭菜味道不错，就是不能网上支付，只好退货，囧。,0,val,waimai_review
催了一次单，商家送了一个可乐和水果盒东西非常好，快递员态度也好,1,val,waimai_review
送餐员态度特别好，嗯嗯,1,train,waimai_review
菜很少，量将将够我一女的吃的，估计男的吃不饱,0,val,waimai_review
今天有点慢哦,0,train,waimai_review
炒菜需时间较长，配送小伙提前电话提示，细心！赞一个！,1,val,waimai_review
很油味道一般,0,train,waimai_review
汤撒了，不知是一开始就没盖好还是后来晃的，另外没有餐具，这个肯定是一开始就没放,0,val,waimai_review
"点了两个米饭,只给了一个",0,train,waimai_review
超级快，超级快！！！,1,train,waimai_review
还好味道不错量大,1,train,waimai_review
不错，很好吃，送货快,1,val,waimai_review
肥肉太多...,0,train,waimai_review
微辣一点都不辣啊,1,train,waimai_review
送餐很快、很好吃，干净卫生,0,train,waimai_review
"送的太慢了,2小时,菜都冷了",0,train,waimai_review
味道还可以，只是送过来有点干,0,train,waimai_review
很一般，卷饼是死面的，较厚，吃不惯,0,val,waimai_review
感觉太油了,1,train,waimai_review
送餐送错了，送来三种不同口味总计19个小笼包，也是醉了,1,train,waimai_review
送餐非常慢！但是卷饼确实很好吃哈，包装也好！,1,train,waimai_review
非常好吃，肉特多，连着吃了两次,1,train,waimai_review
定的饺子没有了，换了别的也没退差价。订的两人份，特意叮嘱多放点醋，结果只给了一人份的量,0,train,waimai_review
非常方便早餐到家。快递小哥很好。,1,train,waimai_review
好吃，但是少给我一个香菜干丝，后来外卖员给我退钱了！,0,train,waimai_review
东西不错，就是慢点,1,val,waimai_review
怎么送的，菜都被压出来了,0,val,waimai_review
有没有搞错，迟到一个多小时，这还有什么信誉可言。送来的饭菜全是凉的，简直糟透了！！再不信任百度外卖了，更别提正一味！！！,0,test,waimai_review
还没吃，包的挺好的，就是木有礼盒了,1,train,waimai_review
餐盒收费4元，能告诉我怎么收费的吗。真实买的没有卖的精啊。那破餐盒收费4元发票呢？,0,train,waimai_review
大份薯条只装了盒子的一半！,0,train,waimai_review
送的很慢送来的时候凉了,0,test,waimai_review
花卷每次斗一定要买特别好吃,1,train,waimai_review
送的非常快，包装好！谢谢师傅！,1,train,waimai_review
本来是常客了，可是在肉夹馍里吃到了一根黑毛貌似是鼻毛，什么都不想吃了，以后还敢定谁家外卖。。,0,test,waimai_review
送餐时间特别长，2个多小时。。。自己想吧,0,val,waimai_review
丸子很嫩，拔丝山药还给配了一袋水，呵呵，好贴心,1,train,waimai_review
还不错啊！很便宜！下次还买,1,test,waimai_review
"张银平外卖员简直就是脑子有病！！！！买了3杯,纸袋子都已经全湿了,下半截都烂了2个大洞了！送到我手里啥也不说转头就走！！！里面都洒了半杯了！！！还没给奶包！简直了！没见过这样的外卖员！！百度是不是该找点有素质的外卖！！！",0,train,waimai_review
很好吃，特别是很准时，量足味美，还会再买,1,val,waimai_review
漏送了，最后补送了。皮蛋粥真心有些不好。,0,val,waimai_review
"送个北科大，500米,送了半年,够牛逼的",0,train,waimai_review
菜肉馄饨和汤分别包装，这一点很赞！,1,train,waimai_review
很好，超值,1,val,waimai_review
说好的豆瓣酱哪去了，忘了吗？,1,train,waimai_review
"速度很快,质量很好",0,train,waimai_review
今天有点点小雨，送餐真的慢。吃起来口味一般吧，可能是黄焖鸡就要特别热的吃才好吃。,0,test,waimai_review
"很好吃,就是粥撒了点,等了一个多小时",1,train,waimai_review
粥还行，拌饭的米粘糊糊的,0,val,waimai_review
个人感觉味道不是很好吃,0,train,waimai_review
2小时到的....,0,train,waimai_review
量多味美，送餐大叔还给送上楼了，以后还来，好评,1,train,waimai_review
"好吃诶,好大一根卷饼,好多肉,真划算,下次还点,辛苦师傅了",1,train,waimai_review
宇宙卷饼，不是盖的,1,val,waimai_review
快递师傅特别好，大冷天真不容易,1,train,waimai_review
不错啊很好吃哦！送的好快态度很好,1,train,waimai_review
点汤不送米饭，之前在店里吃的时候都是有米饭的，外卖却没有，打电话过去问，服务员态度也极差,0,train,waimai_review
味道还不错，性价比较高,1,train,waimai_review
师傅辛苦了，认真负责，找了半天,1,train,waimai_review
"很好,配送员也很好",1,train,waimai_review
点的饮料和粥都没送到,0,test,waimai_review
送外卖小伙服务真棒，很尽责！,1,test,waimai_review
便宜，实惠,1,test,waimai_review
不错不错？，服务很好，点赞,1,val,waimai_review
很感谢赵小哥，不到半小时就送到了，这么大风的天气，很辛苦。,1,train,waimai_review
好好好！！！,1,train,waimai_review
"送餐很快,态度也很好,谢谢",1,train,waimai_review
说了不要辣的就是看不见,0,val,waimai_review
离着近自取的，百度外卖合适。好吃。,1,train,waimai_review
很好哦，很好很好。。。。,1,train,waimai_review
鸡肉卷饼挺好吃，肘子肉的不好吃，没有肘子就是小炖肉加青椒。木耳不太好吃，味道怪怪的。,0,train,waimai_review
挺好吃的~,1,train,waimai_review
不说别的这次速度满分，希望加大量吧。,1,train,waimai_review
送餐太慢了！！,1,val,waimai_review
非常慢，其中催单也没人理会,0,train,waimai_review
肉好多！好吃！,1,train,waimai_review
不错，送的速度也很快，点赞,1,train,waimai_review
真真墨迹，服务态度太查了,0,train,waimai_review
送餐员的表现比餐本身要赞,1,train,waimai_review
送的超级慢，连勺子都没有，焦糖布丁还洒了根本没法吃了！,0,train,waimai_review
都挺好的^ω^再优惠点。,0,train,waimai_review
1.口味难以下咽。2.饭里有头发。3.少送一份饮料。4.送饭非常慢.5.饭都是冷的。6.百度客服很负责，多次跟进。但是餐厅售后特别差，都快一个星期了才打电话说给你再做一份，问能不能退，餐厅只会说什么时候再做一份给你？哎，难吃又脏的饭，想起来都吃不下去饭。7.点的石锅拌饭，其实跟盖饭差不多，饭都没有用石锅煲过，酱非常难吃，北化北中医北服的学子们，千万不要吃这一家的饭，吐血的建议。,0,val,waimai_review
今天的米饭坏了，都有味了，老顾客了，希望下次注意吧！菜做的还是不错的！,0,train,waimai_review
好吃，要是多放些菜就更好了,1,train,waimai_review
味道不错，就是送晚了半个多小时,1,train,waimai_review
❀⚘送༵来༵不༵是༵很༵凉༵了༵但༵味༵道༵还༵是༵不༵错༵的༵⚘❀,1,train,waimai_review
一份蝉蛹，八只，太少了吧，好晕啊,0,val,waimai_review
送餐太慢了，等了一个半小时,0,val,waimai_review
服务热情！点单时忘了一杯，给快递小哥打电话，有帮忙捎了一杯！,1,train,waimai_review
为啥每次都不要辣的，每次都是辣的,0,test,waimai_review
"很好吃,外卖包装赞",1,train,waimai_review
感觉不怎么样！配送不守时，不过辛苦送货员了,0,val,waimai_review
蒜香鸡翅太坑爹了。果仁菠菜巨难吃,0,test,waimai_review
一个多小时才送到，也太慢了,0,train,waimai_review
肘子卷饼肉很足。就是我口味重不够咸,1,train,waimai_review
很准时，菜品不错,1,val,waimai_review
巨油！感觉就是在喝油,0,train,waimai_review
很快送到，态度也很好。全五星。,1,train,waimai_review
太快了，送的！,1,train,waimai_review
送错了，店家重新补送了一份，不错~,1,train,waimai_review
"味道不错,配送速度比预计快",1,train,waimai_review
棒，是不是考虑办个会员卡呢,1,test,waimai_review
好吃～～～还不贵～～～还比预计的时间早～～～,1,val,waimai_review
我要的是肘子的结果送来的是鸡肉的。。不过都挺好吃的，希望店家下次注意。,1,train,waimai_review
"饭送来都凉勒，一点都不好吃，,而且牛肉咖喱里面竟然有羊肉，我也是呵呵哒了",0,val,waimai_review
晚了一个半小时才送到，但看到送餐大叔辛苦的样子，还是好评吧，大热天的也不容易,1,train,waimai_review
配送能不能快点呢？,0,train,waimai_review
一点十五才送到…,0,train,waimai_review
汇源果汁没送啊,0,train,waimai_review
饭菜香质量好，服务好，送饭快。,1,train,waimai_review
一直在订餐还不错好评,1,train,waimai_review
粥不好喝！饼不错！加油,1,train,waimai_review
生生把中午饭送到了下午，将近2个小时，而且不止一两次，每次给机会，每次都如此，走路过去不到十分钟的事！等电梯的2分钟都要打电话催，一碗汤不如叫一口汤好了。差评，以后再也不订了。,0,test,waimai_review
包装的是不错的，但是这个肘子卷味道是真的不敢恭维。下次不会来了。,1,train,waimai_review
发票为什么少了30元,1,train,waimai_review
都挺满意，送餐的师傅也很细心。,1,train,waimai_review
"百度骑士很快,餐送过来时还冒着热气,赞一个",1,test,waimai_review
硬生生等了90分钟，呵呵，不会在这家订餐了，而且味道更不值。,0,test,waimai_review
速度很快，用了不到20分钟就到了，东西也很不错，赞一个！,1,train,waimai_review
"太咸了，盐不要钱么,,",0,val,waimai_review
说好的不要海鲜呢！！海带不算吗？！,0,val,waimai_review
很快。。布丁奶茶贼好喝,1,train,waimai_review
非常热情的大哥，速度快服务好,1,train,waimai_review
味道一般，送餐时间太长了。,0,train,waimai_review
"味道一如既往的好,就是粥碗变小了,米也少了说好11:15送达,结果12:30左右才收到",1,test,waimai_review
今天送的还挺快，就是让下楼拿不太爽,1,train,waimai_review
为了送货上门，他为了节省时间，小炒肉都是辣椒，我宁愿你都是芹菜！比第一次吃差远了！,0,train,waimai_review
吃个凉拌土豆丝我还吃出个小虫子,0,train,waimai_review
非常好，快递小哥很辛苦，赞一个！,1,train,waimai_review
"里面不是京酱肉丝的肉丝……肥,腻",1,train,waimai_review
宇宙最慢的卷饼,0,train,waimai_review
量太少了，不够吃，都能数过来,0,train,waimai_review
"没给发票啊,几个意思啊",0,train,waimai_review
酱太少了，没有味道，菜也比从前少。,0,train,waimai_review
一共买了3个芒果，两个是生的。,0,train,waimai_review
一个半小时才送到，图片上的饮料也没有，一点也不值21元。以后没有优惠卷活动了肯定不吃了。,0,test,waimai_review
烤串基本没盐味,0,train,waimai_review
味道和包装都不错,1,val,waimai_review
东西好吃，就是只点了两份面还送错了一份！订的是牛杂面送了份牛肉面，价格也有差别呀！,1,test,waimai_review
"慢慢慢,。都想退了。做的倒是还不错",0,train,waimai_review
"第二次吃了,很好,送餐也很快态度非常好",1,train,waimai_review
"10:25点的。13点10分之后到。,中间电话都打不通。最后我直接不要了",0,train,waimai_review
"不错，肉确实够多,够实在！饼再薄点就好了",1,train,waimai_review
我就见过这样的！这是外卖么！送错地方，我要的可可碎片也点错了！能退么！一星评价都不想给！,0,val,waimai_review
第一送餐人员不叫敲门，用脚踹门。第二我吃完1小时后开始闹肚子。疑似菜品不干净。菜送来已经凉了！失望！,0,train,waimai_review
"好吃,速度快！",1,test,waimai_review
很用心！纯素蔬菜卷都是洋葱味。南瓜粥不错。下次我要选个别的卷,1,train,waimai_review
送餐较慢、需提前一个半小时订餐、卷饼菜少、全是饼、粥也一般、但有优惠价格很实惠、也值了,1,test,waimai_review
价格偏高，不过倒是蛮好吃的。,1,train,waimai_review
送餐少送了一份，打了电话又送一次，还赠送了果醋和粽子，没多少钱的东西让人家跑了两趟也挺不好意思！,1,train,waimai_review
送餐太慢，服务态度差,0,train,waimai_review
"灰常好～,经常点～",1,val,waimai_review
"在这种天气里感谢送餐员的辛苦服务,谢谢啦",1,train,waimai_review
菜品味道还都不错，快递也很快！,1,train,waimai_review
很好吃，肉很多，料足,1,train,waimai_review
冷面不好吃，但送餐速度很快，还不错，以后换别的吃试试,0,train,waimai_review
味道超级棒！送餐员大冷天的也很辛苦！超赞！,1,test,waimai_review
几乎每天都吃了，爱吃，送餐也快,1,test,waimai_review
味道不错～优惠力度好大,1,train,waimai_review
"很慢,肉不少,饼不好吃",0,train,waimai_review
"要的梅菜扣肉给的猪蹄子,囧",0,train,waimai_review
麻婆豆腐口味绝对需要提高！肉饼和茄条好次，扳回。送餐很快！,0,train,waimai_review
金枪鱼送来都变形了！,0,train,waimai_review
本来要不加葱花的，结果两份里面都有！,1,val,waimai_review
"冷面太甜了,有点吃不惯",0,val,waimai_review
木耳太不新鲜，吃完拉肚子了,0,test,waimai_review
服务很不错，送到的很快，半小时不到就送来了,1,train,waimai_review
快递阿姨很好，速度快！,1,train,waimai_review
送餐很快，菜品不错。,1,train,waimai_review
太难吃了，没有蔬菜，滑蛋炒肉量又小又难吃，就米饭还凑活，这开在居民楼里要不要回头客？,0,train,waimai_review
"八宝茶太太太...咸了,木耳和南瓜粥不错",1,train,waimai_review
都很满意！服务产品都没问题，稻香村外卖就是产品再丰富点吧。,1,val,waimai_review
真特么难吃,0,train,waimai_review
真实在。菜有点少。肉很多,1,train,waimai_review
味道不错很棒!,1,train,waimai_review
豆腐脑不够嫩但是煎饼和炸蘑菇很好吃…没吃够…,1,train,waimai_review
油都漏出来了…而且跟之前吃的不一样，，豆芽太多了…,1,train,waimai_review
很难吃的饼,0,train,waimai_review
飘香肘子，其中肘子没味道，送餐时间太长，还没带发票,0,train,waimai_review
两个小时才送到，十二点半下单，两点半才送到。味道极其难吃，饼很厚，而且很多层粘在一起，基本咬不动。饼本身基本占到了一半体积。肉有一多半是全肥的，难以下咽，几乎没有配菜。里面几乎没有酱汁，又干又恶心。吃了一半就扔了。粥又少又凉，不提也罢。这样的店，没尝试过的人真是幸运，不如买包泡面充饥！,0,train,waimai_review
不错口味清单，老人孩子吃都可以,1,test,waimai_review
饭送来是纯凉的，而且是拌好的…看着没食欲,0,train,waimai_review
口感好其他的不能比我喜欢,1,train,waimai_review
"送餐特别快,态度也好,辛苦啦",1,train,waimai_review
送菜及时！好吃！百度骑士辛苦！,1,train,waimai_review
"就是怕送来晚,11点20就叫单了,12点40才送来,我能说什么,我只能呵呵了,饭菜没问题,就是这速度真心慢啊",0,train,waimai_review
快递小伙儿特别热情.很好！,1,train,waimai_review
送餐两小时才送到。期间百度客服电话长时间占线。两次拨通以后到了投诉选项被自动挂断。手机客服等待半小时还在排队。第一次使用，也是最后一次使用,0,test,waimai_review
"送餐有点慢,鸡肉有点腥,没吃完,量大",0,train,waimai_review
肉有一股刷锅水的味道，希望下次注意,0,val,waimai_review
要的醋没给带！,0,train,waimai_review
好喝。。速度快。。。,1,val,waimai_review
预定时12：40好像是，写13：33送达，快3点了我还没见到饭，也没人给我打电话。最后一姑娘敲门说这是你的餐吧，好像送错了送我那去了。我好无语啊！,0,train,waimai_review
一个煎饼果子加上品牌价格就飙升好几倍,0,train,waimai_review
一个多小时才送到，菜汤还都撒了，只给送到楼下,0,train,waimai_review
"送餐员差评,投诉,超次",0,test,waimai_review
迟到，到了以后告诉我黑椒牛柳没有了，只能换了个排骨的。送餐组织得很差。,0,train,waimai_review
相当快的配送！威武！,1,train,waimai_review
"送来时都坨了,没一点汤了",0,test,waimai_review
这湖南大白菜还参合一些别的白菜，这好意思？这腊肉是湘西腊肉？还是北方熏肉？坑谁呢？,0,val,waimai_review
很好，速度飞快，炸鸡有点火大,1,val,waimai_review
薯格很好吃。pizza还可以把,1,val,waimai_review
"很好吃量也很大都吃不完,赞一个",1,train,waimai_review
"很不满意的一次！肯定是做了好长时间配送人员才去拿！要么就晚点做、要么就早点拿！拿到手里奶油全部化了！备注里特意强调半糖,还是非常的甜！！",0,train,waimai_review
"很快哦,继续保持～",1,train,waimai_review
这大冷天的辛苦骑士了！谢谢您！饭很好吃！,1,train,waimai_review
煲仔饭一如既往的好吃，但是鸡煲味道一般!,0,train,waimai_review
送的超级快，我收到还是滚烫的,1,train,waimai_review
眉州东坡的菜名不虚传！好吃！,1,train,waimai_review
送餐两个半小时，别的不说了,0,train,waimai_review
非常方便。希望日后选择会越来越多。,1,train,waimai_review
"虽然百度团购便宜，但是真的不差几块钱！经常定各种外面，头一次是自己下楼取餐，那既然出门了就不如饭店吃了，为什么要定外卖？,出门取餐前还以为配送餐多，不方便上楼，自己就从六楼下去了，结果就我这一份外买，第一次经历这样的外卖。不省心不省时不省力，不知道店家是怎样理解外卖的宗旨的。",0,train,waimai_review
都撒了，感觉脏兮兮的,0,train,waimai_review
点了锅包肉和地三鲜，油油油啊！全是油，感觉在店里吃没有这么多的油啊，吃了几口实在吃不下了，太油腻！送餐速度也是偏慢，这家店离我家很近的，唉,0,train,waimai_review
这次虾饺里面居然全是淀粉都没有虾！,0,train,waimai_review
"皮蛋排骨,送成皮蛋瘦肉",0,train,waimai_review
挺好的，都是瘦肉，就是感觉里面多加点蔬菜就好了，都是肉，有点腻！,1,test,waimai_review
"真不错，肉馅很鲜，调味也不错,像家里包的一样，陷大，好吃，吃的挺舒",1,train,waimai_review
味道不错很好水煮肉很香，送餐也很快,1,val,waimai_review
"包装好有喜感~满满的都是肉~除了有点干,其他都OK~",1,val,waimai_review
"我的套餐里的水呢水呢水呢…,不打算买了,上次就缺东西,这次还是！",0,val,waimai_review
送餐太慢了，等了1个半小时；味道还行。,0,train,waimai_review
送餐人员很给力，直接送到门口,1,val,waimai_review
送餐时间太长快一小时了,0,train,waimai_review
就冲等了108分钟就要打差评....电话也占线..,0,test,waimai_review
速度快，服务好，菜品更佳,1,train,waimai_review
腻了点，推荐鸡肉,1,train,waimai_review
最好喝的奶茶，最给力的快递小哥。,1,train,waimai_review
非常正宗的湖南菜,1,train,waimai_review
商务十点半左右定的餐，到下午两点了还没送到。打电话取消订单了，为什么是“订单已完成”而且没退钱？,0,train,waimai_review
态度很好，效率很高，给十分赞,1,train,waimai_review
送餐员态度非常不好，自己找不到态度也很不好，两份米线一双筷子,0,train,waimai_review
一般，丸子不错，就是鸡翅糊了，味道很一般,0,val,waimai_review
凉面送来的时候有些软～但还是很好吃,1,train,waimai_review
"很好吃,是家乡的味道,有人说面有点硬,就是这种味道,碱面",1,train,waimai_review
炒饭有点儿油，不过菜还是很好的,1,train,waimai_review
送货真的很快。。,1,train,waimai_review
太坑了吧，看图片以为很大份的，结果小的可怜，而且里面很多肥肉，根本不是肘子,0,train,waimai_review
外卖版的没啥菜，只有一点点豆芽泡菜和西葫芦,0,train,waimai_review
一直钟爱宏状元家的皮蛋瘦肉粥，今天在医院输液人不舒服，突然想喝粥，虽然就10分钟的路程，却去不了店里，毫不犹豫下了单。结果真是大跌眼镜、大失所望，11:20下单，商家接单预计12:20送达，等啊等，等了又等，终于在13:15送到。过程中多次催单，商家毫不理会，联系百度客服却又不让取消订单，就这么让一个病人等了足足2小时，才喝上一碗温突突的粥，真是心都凉了，只能差评！,0,train,waimai_review
"送餐师傅帅爆了,赛晓明超霆锋",1,test,waimai_review
点过三次，三次菜都不重样，但都是一样的不好吃。打死卖盐的。,0,train,waimai_review
"1.百度外卖快递小哥是OK的！,2.麻辣烫是大大缩水的，点了一份鹌鹑蛋，3元只有一个！只有一个！只有一个！重要的话说三遍，我擦，三元一个鹌鹑蛋！,3.强烈推荐别点这家的外卖了！！！",0,train,waimai_review
很好吃，粥是精品，凉菜也很好吃。,1,train,waimai_review
送饭大叔一级棒！,1,train,waimai_review
味道很好，吃起来也方便～,1,val,waimai_review
送餐超级慢，送餐员态度也不好，打客服催单也没人理，取消订单也取消不了，总之是超级差劲,0,test,waimai_review
精致，给了手套和餐巾纸，味道还好！！,1,train,waimai_review
卷饼太地道了，好吃！粥很清淡，不错,1,test,waimai_review
我想给零个星，可以没有呀！！太慢了，2个小时了！！打了好几个电话催，每次都是再等10分钟，不如自己出去吃哇，这么慢，等什么外卖！！我自己去店里都能打四五个来回了好嘛！！我十一点多就定了，还要多早呀！！等到现在已经一点半了！！幸好没有急事！！！已经没有心情了！,0,train,waimai_review
速度好快，送餐小哥态度超级好,1,train,waimai_review
和想像的有挺大差距。,0,train,waimai_review
挺好吃的送的也比较快,1,train,waimai_review
等了2个半小时这也就罢了，想取消订单的时候商家竟然还关机。派送的大叔冒雨送来我也是觉得很辛苦，据说派送大叔不是商家自己的人，我看他的app上显示13:24接到商家发出的我的单子，可是，我11点19下单的啊！如果以上我说的这些都不叫事的话，那我收到的鸡腿肉卷里为什么是猪肉的？呵呵嗒，订餐受99点打击，再也不来了,0,train,waimai_review
非常好！送货非常快！比美团和饿了吗好多了，以后就在这买了！,1,train,waimai_review
饭菜质量很好，服务好。送饭速度快。,1,train,waimai_review
"味道很赞，鸡肉很嫩很很有嚼劲，重点是送餐太快了，哈哈，喜欢。,手动100个赞。",1,val,waimai_review
挺好吃的，满意，速度真快,1,test,waimai_review
分量太小了,0,train,waimai_review
就是有点少,1,train,waimai_review
"一直很好喝,这个很好喝",1,train,waimai_review
鸡丁有异味，,0,train,waimai_review
就是太慢了，我12：44才收到，晚了一个小时，饭都凉了。,0,train,waimai_review
太慢了啊、,0,train,waimai_review
订餐后一小时还没送，给黄太吉400打电话也一直忙线，最后是给百度外卖的400打电话才给催了,0,test,waimai_review
非常好，现在每天都喝，下午一杯柠檬绿茶提神醒脑,1,train,waimai_review
"雾霾天气,还下雨了,非常快,辛苦啦",1,train,waimai_review
今天的大肘子好腻啊，肥肉多，没以前的好吃了,0,train,waimai_review
"不错,很好吃。。。",1,train,waimai_review
很好吃，不错,1,train,waimai_review
很好吃而且有优惠买完9块钱一个。超值。,1,val,waimai_review
还是挺快的，四十分钟吧,1,train,waimai_review
"份量缩小,买的猪排都没有薯条",0,train,waimai_review
不错很好吃,1,train,waimai_review
很快味道很好,1,test,waimai_review
还蛮快的，味道也还不错，我喜欢~,1,train,waimai_review
味道还不错，比想象中小..感觉不是很值,1,train,waimai_review
非常好！包装！和味道！快递也很赞，EMS能这么快，哈哈,1,train,waimai_review
饭是冷的，郁闷,0,train,waimai_review
说微辣，结果辣死了！,0,train,waimai_review
说好的是鸡蛋，结果送过来的是香肠！而且都是冷的！！！严重差评，也就1公里不到的距离，送了那么久。。。,0,val,waimai_review
"百度骑士很敬业,给100个赞",1,train,waimai_review
迟到四十五分钟。。。别的不用再说了应该。。。至于商品质量，只能说凉煎饼能多好吃。。。,0,train,waimai_review
今天太心酸了，这是我原来印象中的宇宙卷饼么，三口下去全是皮啊！哪起来手感就很差，不饱满，没想到全是皮啊，我的馅呢，肉呢？是换大厨了么？不给好好做了？,0,val,waimai_review
味道好，送餐快！,1,train,waimai_review
不错好吃，就是最后有点油,1,train,waimai_review
鸡肉是生的菜都炒不熟，还干开饭馆，太奇葩了，太恶心,0,val,waimai_review
要的套餐（套餐含饭和饮料），就给送饭了，打电话过去说给补送，现在也没送来，差评！,0,train,waimai_review
提前订，还是挺快的！送餐师傅人很好！,1,train,waimai_review
大份确实挺大的，吃不完,1,train,waimai_review
"速度很快，味道不错,，送餐小哥态度也不错~",1,test,waimai_review
这大雪天的，快递员给力！辛苦快递员了,1,train,waimai_review
"麻辣鸡丝凉拌面没有鸡丝,除了白面条和调味料没有任何别的了,调味也不好吃,太油了,不知道这次咋回事,及第肉松煎饼是辣的,还是传统和鸡柳的好吃",0,train,waimai_review
红豆软饼串味了，一股超级恶心的味道，就是没在店里，在店里我必定要你们的厨师尝尝这什么玩意。,0,train,waimai_review
太慢，晚了四十多分钟,0,train,waimai_review
太好吃了，每周一次！送餐速度很快！,1,train,waimai_review
有点远速度还行,1,train,waimai_review
稻香村的点心自然不必多说了，就是好吃！外卖小哥服务也非常好～赞\(≧▽≦)/！,1,train,waimai_review
很喜欢吃酸菜。汤也很鲜。。。,1,train,waimai_review
阿邦半年好好咯哦不急,1,train,waimai_review
超级聪明超级赞！！一万个好评，今天特别冷，送餐小哥辛苦了,1,train,waimai_review
今天比平时慢了,1,train,waimai_review
"非常好,赞一个,下次还订",1,train,waimai_review
味道一般～,0,val,waimai_review
没啥烹饪技术，不太好吃。。。是辣的，也没提示。。。营销做得好并没用。。。,0,train,waimai_review
感觉没有之前好吃了！还是因为不是一个店的缘故,0,train,waimai_review
"饭菜质量很好，送货速,度快，。服务好。",1,train,waimai_review
味道很好~,1,train,waimai_review
送餐很慢很慢，定的很早了还送了一个半小时。定的粥没给送，说给退钱也没给退，一点诚信都没有，同时也遇到过同样状况，不会再来了,0,val,waimai_review
"点的薯条全都撒了,装餐的工作人员怎么放的。。。",0,train,waimai_review
把多点的单份米饭倒在一个另一个人的盖饭里，造成我们先后轮班吃饭的人没法吃，我想请问您怎么不把一个订单中的6份饭倒一个桶里拎过来？像喂猪倒甘水一样多省事啊！,0,train,waimai_review
呵呵，我11点40下的单，送的时已经13点20，送来的米线也软了，我真醉了,0,val,waimai_review
不太好吃！,0,train,waimai_review
送来时候都凉了..,0,train,waimai_review
"东西不错,又把发票忘了",0,train,waimai_review
汤面类还是不要点吧，送来味道大打折扣。其他都不错。,1,test,waimai_review
5块钱藕片4片老板说分薄后来决定的，第一次听过,0,train,waimai_review
撒得一塌糊涂，味道不错。,1,train,waimai_review
"1.,十一点订的餐,一点三十才到,2.,12点催单，就说配送中了。,一点二十催单,还配送中。,我单位就在边上走路五分钟的地方,3.,给商家打电话,关机。,4.,送过来之后饼凉了,餐凉了,5.,肘子肉全是大肥肉和青椒,量也小的可怜。,口感我就不说啥了。千万别定",0,test,waimai_review
失误难免，，以后请注意。。,0,test,waimai_review
菜品质量很好，吃货几次了，都还不错,1,train,waimai_review
"太多肥肉了,口味一般",0,train,waimai_review
送餐员取餐之后辗转多地，才把我定的餐送过来，薯条，鸡块还有鸡米条都已经不脆了，汉堡的纸袋子也已经被水蒸气透湿了。要了两份中暑套餐，还有几份小食，总共就给了两包番茄酱，可乐也都洒了,0,test,waimai_review
太慢了！等了2个半小时，6点多下的单、快睡觉的时候才来！居然说订单弄丢了！太过分！,0,train,waimai_review
今天慢了一些，其他都还好,0,train,waimai_review
香香哒粥～～～喝完暖暖哒～～～美味哒卷卷～～～还有美味哒菜与饭～～～好吃！！！,1,train,waimai_review
太慢了，尤其是晚上，三四个小时真是捉急,0,train,waimai_review
"师傅很辛苦,下雨还这么快送来",1,val,waimai_review
少收一家钱就直说.还尼玛说都没给钱.放下东西就走了.你当人都是傻逼呢是么.现在百度外卖真心不能用了.要么给假钱.现在又想多收钱.你是没见过钱么.,0,val,waimai_review
赞，这次送的特快，小哥辛苦,1,train,waimai_review
千万不要定粥，坑,1,train,waimai_review
请务必给送餐小哥涨工资,1,train,waimai_review
app订餐都显示制作中了，电话说要收30块钱车费，百度外卖减8块的活动也不参与。不参与就别跟百度外卖合作啊,0,train,waimai_review
女友很喜欢,1,train,waimai_review
量大，味好，速度佳,1,val,waimai_review
"好吃,但是量小",1,train,waimai_review
好！希望一直这么好,1,test,waimai_review
太快送到啦！意外啊！赞一个,1,train,waimai_review
又没加浓缩，备注里面写的很清楚，为什么十次有八次都没加浓缩！！！百度外卖真的服务这么差吗？是星巴克问题还是百度外卖问题？？？,0,train,waimai_review
泡菜炒饭，少了芝士啊！,0,val,waimai_review
这么大的风，快递还很快，而且菜味道不错！,1,train,waimai_review
11.30定餐，1.00送到，中有打了4次电话催，生气。。。永不再来。,0,train,waimai_review
速度也太慢了，两个半小时才送到,0,train,waimai_review
神速，继续支持。！！！,1,train,waimai_review
神速啊！餐还是热的呢,1,train,waimai_review
提前送到了，赞一个。味道同堂食基本上一样。,1,train,waimai_review
味道不错，就是送餐速度慢了点儿~,0,train,waimai_review
等了俩小时，还能说啥,0,train,waimai_review
价格实惠，味道也不错。,1,train,waimai_review
肘子的那个吃后拉肚子了，孜然肌肉的还不错,0,train,waimai_review
大风天，骑士辛苦！好评！,1,train,waimai_review
如果送达准时些就好了。店家给了手套，很赞，包装牛皮纸，卷饼外裹锡纸，很健康卫生，,1,train,waimai_review
第一天迟到了20分钟第二天迟到了40分钟,0,val,waimai_review
耗时太长！单点的辣酱，原本带的就不送了！,0,train,waimai_review
一接电话就下楼。说我下楼慢,1,train,waimai_review
"大酱汤超级难喝，有股腐烂的味道=。=,感觉食材都好不新鲜啊,东西也不便宜。。。快递小哥人还是不错的,态度也挺好,其他炸鸡还凑合,米饭一般",0,train,waimai_review
这个比那个肘子味道好多了,1,train,waimai_review
薯泥太湿了，口感很怪，味道不好，提拉米苏少了一角，被惊到了~望以后注意,0,train,waimai_review
味道很好就是送餐太慢,1,test,waimai_review
一如既往的好,1,train,waimai_review
纸袋包装，好高大上的感觉。分量一个女生吃正合适。味道也不错。第一次点没经验，下次会搭配汤品一起,1,train,waimai_review
什么玩意，清汤寡水的！,0,train,waimai_review
真是烧饼啊……上面啥都没，怪不得没配图呢！！！,0,train,waimai_review
我点的菜打印出来显示81.5却收了我102。送餐的说是给他们的价格。感觉不好。,0,train,waimai_review
"菜不错,送餐慢得可怕！",0,train,waimai_review
送货很快，最好吃的是牛蛙，鱼香肉丝的红萝卜太多了，能多点木耳就好了，其他都不错，谢谢～,1,train,waimai_review
速度慢，都凉了。,0,test,waimai_review
"好吃，就是吃多了,有点腻,感觉有点淡",1,train,waimai_review
挺好的，大卷饼！,1,val,waimai_review
"要的香草拿铁,给我的拿铁",0,train,waimai_review
"等了好久好心塞,味道也不怎么样,卷饼不好吃,粥太淡了,卷饼里还有头发丝",0,train,waimai_review
第一，送来时候已经凉了。第二，青椒鸡丁完全没熟啊。炒时间太短了。,0,train,waimai_review
"麻辣烫特次,份量特少,就一点菜,其余全是粉条,配送时间慢",0,test,waimai_review
"送餐慢,鱼香肉丝的太油了,不好吃,腻",0,train,waimai_review
味道很好，就是手滑点成冰的了，悲剧,1,train,waimai_review
送的有点儿慢，不过还是挺好吃的。,0,train,waimai_review
菠萝冻过甜，柠檬冰冻也不太好，但大满贯一如既往的好,1,test,waimai_review
"土豆肉丝很好吃，稍咸，少点盐健康点。,京酱肉丝酱太多了，一般般",1,train,waimai_review
菜太油，不好吃，下次再不点了,0,train,waimai_review
烤肠都没送！,0,val,waimai_review
略太甜，腻,1,val,waimai_review
煎饼难吃死了。冒菜一点不辣巨麻，全都是花椒。也巨难吃。以后绝对不会吃了。,0,test,waimai_review
不错，速度也必将快！,1,train,waimai_review
太慢了呀。。。,0,train,waimai_review
压根儿没送到！！！,0,train,waimai_review
很不错的味道,1,train,waimai_review
等了一个多小时，确实不好吃,0,train,waimai_review
酱肉酱包蛮小的，不过给了五个，味道很不错，第二次订了~,1,train,waimai_review
卷饼好吃，送货也很快，非常好，非常喜欢的一家店,1,val,waimai_review
送餐很快很好吃,1,train,waimai_review
牛肉烧卖非常好吃，酱油炒饭还有酸辣汤也很好。份量非常足。青城也送外卖太开心了！,1,val,waimai_review
第一送的时间太晚了，第二里面的肥牛根本不是肥牛，明明是猪肉，不像石锅拌饭，就是蒸好的饭上面放一些菜，唉,0,train,waimai_review
非常好，还发了朋友圈推荐给朋友们,1,train,waimai_review
不错方便好吃,1,train,waimai_review
一直喜欢一直很满意,1,train,waimai_review
小炒肉饼太辣了，配送慢，还没给带发票,0,train,waimai_review
"餅沒嚼勁,味道太單薄",0,train,waimai_review
送餐速度慢，不给开发票，餐具没有，要的菠萝鸡丁结果还做错了。真不知道你家现在干什么吃的！再也不点！,0,train,waimai_review
速度快，又好吃。,1,train,waimai_review
土豆丝不错，鸡腿肉和饼都不够新鲜。,0,train,waimai_review
昨天草莓汁没有送来，让补结果打了三个电话都没有送来，今天定的草莓汁居然送的是酸梅汁真是无语了,0,train,waimai_review
送餐速度特别慢，其他的都还不错,0,train,waimai_review
饭全部冷了,0,test,waimai_review
没收到餐~~11:45分送，13:20还没送来，退了,0,val,waimai_review
都洒了，不单小菜洒了，饭也弄得乱七八糟的，而且等了一个半小时！,0,val,waimai_review
不好吃，下次不会买了，就包装还不错,0,val,waimai_review
"还挺快的～,味道也不错。赞",1,train,waimai_review
卷饼铝箔把嘴唇划破了，郁闷,0,train,waimai_review
速度很快，服务态度也好。,1,train,waimai_review
等了整整153分钟!期间30个电话都死活不接，各种撒谎!我们四个同事一起订的，坑死了好吗？百度外卖客服也打不通!坑爹!再订你家我是你孙子好吗？,0,train,waimai_review
"速度很快,赞一个快的小哥",1,train,waimai_review
送餐时间有点长,0,train,waimai_review
辣，饭冷啦，都两三小时才送来慢,0,train,waimai_review
微甜，本人不太爱吃,1,val,waimai_review
太让我恶心了，奶油蘑菇汤里有只小蟑螂，希望看到评论后给我个解释,0,train,waimai_review
第二次点了，量大，很不错,1,test,waimai_review
买的套餐没给饮料,0,train,waimai_review
"快递小哥很赞,这么冷的天辛苦了",1,train,waimai_review
菜为什么这么少,0,train,waimai_review
用大众点评直接订餐50多块，说无法送餐，退款，用百度外卖优惠完29块就送到家了，我啥也不说了，开心啊！,1,train,waimai_review
骑士蛮好，温馨提示我汤菜是分离的。吃过不止一次了，但是下次能给我拿双筷子么………,1,val,waimai_review
除了慢，其他还错,0,test,waimai_review
"送来都凉了,真难下咽,下次不会再定了,两个多小时呀",0,train,waimai_review
"可以用垃圾来形容了，能把土豆丝做的这么难吃,厨师也是很不容易啊！",0,train,waimai_review
还可以吧！！！送餐很快,1,train,waimai_review
说好了开发票，结果没开，说好下午送过来也没送，打电话催说第二天送过来，也没送。就为了省那点税金偷税漏税！绝对给你差评,0,train,waimai_review
量少了些，配送时间稍微长了一些。,0,train,waimai_review
竟然把榴莲班戟放在两个热菜中间，送到家奶油化成水了。真是气死了,0,train,waimai_review
好吃就是太慢了,1,train,waimai_review
用料十足，很好吃！,1,val,waimai_review
点了两次，不太爱吃。偏咸,1,train,waimai_review
"不好吃,太腻了,饼还很厚,皮蛋粥就是白粥,等了一个多小时",0,train,waimai_review
肘子卷饼不好吃还贵,0,test,waimai_review
"送来的凉皮拌料都洒了,满袋子全是,饭都凉了,肉夹馍也没有以前肉多了,再也不会吃了",0,train,waimai_review
"没有送,也没有退款,呵呵",0,train,waimai_review
好吃又美味,1,train,waimai_review
挺好，就是薯蓉太干了,1,train,waimai_review
披萨没熟！！！大差评！！！,0,train,waimai_review
"很喜欢,家常饭",1,train,waimai_review
挺好的，粥碗破了，粥全洒了，和客服说后立马补送了,1,train,waimai_review
快递态度好，速度快,1,test,waimai_review
速度挺快的东西也挺好的给赞~,1,test,waimai_review
"等吃的时候,已经没汤了,都干了",0,train,waimai_review
雪天赠了两碗暖暖的酸辣汤，外送员及时送到，辛苦！好吃！,1,train,waimai_review
就是量特别少，味道一般吧。,1,train,waimai_review
真心没什么优点可说的。,0,test,waimai_review
还可以吃着。,1,train,waimai_review
这次送餐慢了好多，建议加强,0,val,waimai_review
送得特别特别快！嗖一下出现在我面前，哈哈,1,train,waimai_review
稻香村不愧是经典，赞一下百度快递小哥，哈哈哈哈，好有喜感,1,val,waimai_review
"味道不错,送的挺快",1,val,waimai_review
披萨很好，但是希望电话通知,0,train,waimai_review
喜欢京酱肉丝卷，飘香肘子卷肉再烂些就好了，土豆肉丝卷是辣味的,1,train,waimai_review
今天真是见识了，如此好的天气，送餐竟然能用了一个半小时。菜品也一般，皮蛋粥太咸了，鸡肉卷里一堆鸡皮，太令人失望了。,0,train,waimai_review
服务没问题，但是不好吃…,0,train,waimai_review
有点辣，送餐慢！,0,val,waimai_review
给的超级少，那么大一个盒子装了不到一半，连牛肉的影子都没看见，再也不来了,0,train,waimai_review
要的番茄味送的其他口味，真是吃的不开心！,0,train,waimai_review
不错啊。快递很快，奶茶也还行。,1,train,waimai_review
"没给吸管,怎么喝奶茶",0,train,waimai_review
外卖哥最棒最棒最棒。。。。,1,train,waimai_review
一如既往。不错哦。！！！！,1,test,waimai_review
"感觉里面的蛋糕,不是好蛋糕,不嫩。",0,test,waimai_review
"奶茶虽然有点洒,但送餐小哥速度很快,面也不错,给个好评吧",1,test,waimai_review
不会再叫了，等了两小时,0,val,waimai_review
骑士服务很好，商品质量也可。,1,train,waimai_review
真的很好吃！感谢百度骑士，大冷天，快过节了，还这么辛苦送餐！,1,train,waimai_review
服务热情周到，菜品可口,1,train,waimai_review
太差劲了，13:30才送到，晚了2个小时。谁这个点吃午饭啊？直接让他走人，以后再也不定这家了。,0,train,waimai_review
我点的是酱香排骨面，竟然给我送的是香辣排骨面！把我辣的不行！很失败的一次服务，送餐！,0,train,waimai_review
毛血旺里火腿差，肥肠颜色偏重，毛肚牙碜，料还是很足的，味道还可以，其他都不错，米饭给的特多，好,0,train,waimai_review
"包装很漂亮,可惜味道偏甜不合口味",1,train,waimai_review
"7点半下单,9点送到,今天天冷可以理解,外送态度也非常好,虽然等了很久,但是还是好评吧",1,val,waimai_review
口味质量俱佳，送餐小伙很不错,1,train,waimai_review
"味道还行，但是送餐太慢了！！！,饭菜全凉了",0,train,waimai_review
非常赞。棒棒的。赞赞赞,1,train,waimai_review
"挺不错,老想吃,贵也吃,第一次吃就吃好了",1,val,waimai_review
少一个卤蛋,0,train,waimai_review
第一次订餐10点半订的，12点35才送到，还少一样，我确实很无语。,0,val,waimai_review
"2个小时才送来。,豆腐都臭了,不知道是送的太晚闷坏了。还是本来就坏了",0,val,waimai_review
"东西不错,很好吃,配送很快！",1,train,waimai_review
快递师傅很好，饭也不错，味道不错，尤其量也足，那米饭给的，都吃不了，太少见了,1,train,waimai_review
粥尚可，饼一般,0,train,waimai_review
面条就几根、即使小份也不会那么少吧、出餐还那么慢,0,val,waimai_review
昨天忘了送鸡蛋，今天提醒了还是忘了,0,val,waimai_review
活生生的等了一个多小时，这速度也是醉了，,0,train,waimai_review
不错，就是豆浆橙汁都不好喝,1,test,waimai_review
"换成了酥肉套餐,不好吃。。都是肥肉",0,train,waimai_review
下订单后一直不送，一小时后显示订单已完成！可是根本没有送啊。,0,test,waimai_review
东西还可以但是送餐速度太慢了,1,val,waimai_review
为什么麻辣子鸡要和宫保鸡丁搭配。。。全是鸡肉。。。,0,train,waimai_review
味道还行，量不大够。,1,train,waimai_review
等了仨小时，，，外卖不靠谱。,0,val,waimai_review
喜欢哦，每天都在喝，就是昨天忘了给我半糖了,1,train,waimai_review
不错，就是送餐有些慢,1,val,waimai_review
准时，好吃，超级好。,1,train,waimai_review
"味道不是特别好,黑胡椒加多了",1,train,waimai_review
师傅速度快，服务态度好，菜好吃！,1,val,waimai_review
味道不错，超值的,0,train,waimai_review
第二次吃，味道非常好。开始想买20张馅饼带回家，但是系统默认两个馅饼一个餐盒，想想要来10个餐盒有点恐惧只能作罢。请系统升级一下使包装可选。谢谢！,1,val,waimai_review
今天送来的茄子就跟别人吃剩下打包的一样，少的可怜！鸡丁甜的跟吃蜂蜜一样！太差劲了简直！以前总在这家买！怎么变成这样了？！！！,0,train,waimai_review
千万不要买，不好吃而且服务太差，送餐速度三小时，最失败的一次购买,0,train,waimai_review
发票打错字了没办法报销,0,train,waimai_review
"披萨很好吃,但还是最爱熔化金枪鱼的,送餐师傅辛苦啦",1,val,waimai_review
"番茄酱没有,鸡块蘸酱也没有给,吸管也没有给,这次差评（︶︿︶）,！",0,test,waimai_review
中国版肉卷，赞,1,train,waimai_review
送餐很及时，态度也很好,1,train,waimai_review
口味不错，值得推荐。,1,val,waimai_review
"很慢,丢单",0,train,waimai_review
"鱼很腥。豆角也没上次好吃，很老,不会再来了",0,train,waimai_review
送货人员服务很好，迅速及时，菜品口味很好,1,train,waimai_review
每一样的很喜欢！会继续光顾哒,1,test,waimai_review
第三次购买了，配送师傅很客气还送我小礼物，好评。,1,train,waimai_review
辛苦了，速度快~~~,1,test,waimai_review
东西挺好，有点儿辣有点儿咸。送餐速度慢哭了。。,0,train,waimai_review
很好吃的煎饼！薄脆很脆～油条也不是很油！推荐～肉松的也很好吃！,1,train,waimai_review
"一般般吧,没味道,说了多刷酱,还是那么抠",0,train,waimai_review
把那个送外卖的废了吧，这么懒找借口不送到楼下，什么态度么,0,test,waimai_review
还不错、不过还是喜欢可口可乐,1,train,waimai_review
"还可以,但是饼还是烙出来的好,这种摊出来的,面饼,黏黏糊糊,不如那个好吃",1,train,waimai_review
每次都直接送到办公室，而且速度很快～,1,train,waimai_review
"飞速,南瓜粥没了换了皮蛋瘦肉也ok吧",1,train,waimai_review
没给果汁榨菜，筷子也没拿。,0,train,waimai_review
"送餐速度太慢了,用了快2个小时才送到。每次都这样，没法用",0,train,waimai_review
晚上快9点送到的。还好老公在味多美买了个蛋糕。不然我就呵呵了。我觉得大家要定的话提前一天下单比较好。不然等死你。呵呵,0,train,waimai_review
配送太牛了最牛的配送师傅我定了30份快递师傅都想办法送来辛苦！商家也送了汤最满意的一次外卖,1,train,waimai_review
饺子皮太硬，有种没熟的感觉；厥根粉太甜；干煸四季豆放了那么多辣椒，一点辣味都没有；尖叫豆皮太咸，真是很不满意。,0,test,waimai_review
肉还挺多的，就是送的慢了有点凉，热乎的就更好吃了,1,train,waimai_review
"很方便,离学校很近",1,val,waimai_review
牛肉粉儿好吃好吃！,1,val,waimai_review
订歺后2小时才到,0,test,waimai_review
"点的烧烤,特意电话告诉要微微辣,结果还是很辣,尤其是牛板筋,辣的没法吃",0,train,waimai_review
还是很好，而且是非常热乎滴,1,train,waimai_review
太好吃了，好吃哭了，太感动了。色香味俱全，爸妈很喜欢。,1,test,waimai_review
南瓜粥一如继往地好喝~,1,train,waimai_review
挺好的，不过麻烦包装的严密点，漏汤真的很烦人,1,val,waimai_review
送餐员，热情，服务好！,1,val,waimai_review
不愧是宇宙卷饼，送餐慢到宇宙外了，商家电话永远在通话中和关机中间，好不容易打通一次，结果给挂断了，差评！强烈要求这样的商家撤出百度外卖！,0,test,waimai_review
快递小哥以后继续加速啊，加油,1,test,waimai_review
不错！肉好多，能再夹点菜就好了,1,train,waimai_review
味道挺好的，就是鸡肉比较少～,1,train,waimai_review
好就一个字,1,test,waimai_review
"快递速度给力,煎饼一如既往的好,给赞",1,train,waimai_review
咖啡星冰乐分明点的是瓶装的，但是送来是塑料装的,0,train,waimai_review
卷饼没有想象中的大，但肉很多，就是送餐有点慢,0,train,waimai_review
"送餐速度特别快,果断好评",1,train,waimai_review
真的是太好吃了太帅了吃的我美美的送餐也很快以后外卖就百度这家餐厅了,1,train,waimai_review
酸辣土豆丝为何放那么多生姜！,0,train,waimai_review
速度快好多！,1,test,waimai_review
"只想说一句，做不起外卖就不要做外卖。我北科的，就问离这么近.你哪次1个小时之内送到过？打电话催单故意把电话不放好打不通电话一直转什么破小秘书，取消订单更是别谈.等尼玛送来都不饿了。干不起就不要来坑学生好吗？,配送时间超慢超慢，千万不要来这家",0,val,waimai_review
速度品质都很好,1,train,waimai_review
"要了4份，特别少不说，鸭脖就跟没有躲过一样特别大块。客服电话打了,根本没人接",0,train,waimai_review
点的岩盐芝士可可和奥利奥奶茶，送来的两个全错了！,0,train,waimai_review
还算不错吧，一般般,0,val,waimai_review
包装赞，送的也算快了。味道也很不错。,1,test,waimai_review
鱼豆腐有异味儿，有点腻。,1,train,waimai_review
超时了20分钟了太不满意,0,val,waimai_review
说了要醋要蒜一样没给送，要两个卤蛋给了两根肠，也不打电话说一声，太不上心了吧？！,0,train,waimai_review
饭居然是夹生的！！！,0,val,waimai_review
很好吃，量大。快递小哥，服务一流。,1,train,waimai_review
谢谢咯，辛苦了。,1,train,waimai_review
差评，粥全撒了，而且还弄得卷饼没法拿,0,train,waimai_review
好吃得不行！,1,train,waimai_review
配送服务极其慢，从订餐到吃到东西，几乎用了2个小时，什么破玩意，再也不吃了！！！！,0,test,waimai_review
味道太不咋的了,0,train,waimai_review
今天太快了，满意！,1,train,waimai_review
"很准时,服务好,就是这份南瓜粥,有点奇怪的味道",1,val,waimai_review
送餐好慢好慢好慢,1,train,waimai_review
"送药小哥态度很差,很不耐烦,怀疑是老板送的货,你们能别让老板干这活么？？",0,train,waimai_review
"餐厅点汤带饭，,我点辣牛肉汤,怎么只送来汤",0,val,waimai_review
菜总送错，能行不了，没长脑袋么！,0,val,waimai_review
看了菜单没有芹菜的，连续两次都有芹菜，坑死我了,0,train,waimai_review
本来想给一颗星的，但是看在pizza挺好吃的份上，给两颗星了。需要说的额是，送餐慢了30分钟左右，这还能忍，不能忍的是，现在活动期有三种住方式，我选的是在线支付。和折扣率最高的百度钱包貌似出票方式不同，不知道是餐厅和送餐员说的还是送餐员自己理解的，居然说我还未支付。如果不是支付宝有扣款短信，我估计还真以为我未支付的，傻不愣登的再交一分钱。。。最后夸下，她家pizza味道不错。有耐心的人值得购买。。。,0,train,waimai_review
好好好！赞赞赞！态度好速度快！,1,test,waimai_review
好吃不错，有点辣,1,train,waimai_review
飘香肘子没吃着，鸡肉蔬菜没吃着，小哥不知道把谁的给了我们吃了俩土豆丝的大热天的也没追究，饼不错，其他不知道！对了，谁吃了我们的肘子和鸡肉？,0,train,waimai_review
好吃还有优惠,1,train,waimai_review
味道好，包装好，送餐及时，不错,1,train,waimai_review
从来不给人家差评不是撒麻酱就是要俩给一个。今天麻酱都给撒了,0,test,waimai_review
菜里有虫子。。最后全扔了。真恶心,0,train,waimai_review
送餐很及时,1,test,waimai_review
辣么大的盒子，米饭一点点。好坑人,0,train,waimai_review
太辣了，不然味道还是不错的。,0,val,waimai_review
好服务，好菜品，非常好！就是一荤一素里面的蔬菜比期望的少一点，另外，送餐费太高、能否降一降,1,train,waimai_review
提拉米苏同之前相比只有半个～而且还晚了45分钟～,0,test,waimai_review
发票没带，派送太慢，不过蛋糕还是挻好吃的！发票咋办?,0,train,waimai_review
粥洒了很多，味道一般,0,train,waimai_review
炒饭油，咸，鸡丁也炒咸了，放在饭盒里，应该淡一些,1,train,waimai_review
4个小时。。呵呵了,0,val,waimai_review
"和店家讲了，辣一点,结果没拿辣椒",0,train,waimai_review
味道还不错，稍微淡一点，下次还是选京酱肉丝吧,1,test,waimai_review
挺好的！下次还定！辛苦送餐小哥,1,train,waimai_review
下雨了，感谢送餐员,1,train,waimai_review
没有见过这么差的服务！！很气愤！,0,val,waimai_review
点了石锅拌饭和肥牛石锅拌饭，全都是拌好的饭，感觉象剩饭，里面基本没菜，太难吃了！！绝不再点正一味！太差了！！,0,train,waimai_review
真心的觉得这个虾不好，都想吐了。虾肉不新鲜，虾肉一拔，虾肉就变成泥，肉质非常不好,0,test,waimai_review
下单写了配送时间，工作人员弄错了时间，当天就送了。真是无语了。,0,train,waimai_review
早就听说过黄太吉煎饼，期待值挺高的，不过吃了之后脚的还没有路边煎饼摊加包辣条好吃呢；豆腐脑不咸，没味儿；,0,train,waimai_review
确实挺好吃！就是送的有点儿慢！,1,val,waimai_review
很好吃，就是送餐较慢,0,train,waimai_review
牛肉面吃到了小蟑螂！无语！以后不能定了,0,train,waimai_review
味道不是太好,0,val,waimai_review
量很少，还可以,0,train,waimai_review
"最后吃的时候凉了,然后也不能热",0,train,waimai_review
麻辣香锅做的真好吃，,1,train,waimai_review
一直吃黄太吉，忠实粉丝，今天算是缘尽了！麻痹的12块钱的水果盘，13粒葡萄，6粒西红柿。还他么的没洗干净！,0,val,waimai_review
一般，送餐态度不错,0,val,waimai_review
吃的一般般,0,val,waimai_review
送的还算快，但是肥肉太多，吃得有点恶心。皮蛋瘦肉粥一般般。总体一般般。,0,test,waimai_review
"第一次点的时候,送餐慢，服务态度不好，隔了好久，在看评论都说送餐慢，我也很犹豫，不过抱着侥幸赌运气的成分在里面，试着又点了一次，没想到送餐速度跟我预定的时间刚好，菜也好吃。完美。满分。",1,test,waimai_review
非常快，态度好。,1,train,waimai_review
吃了两次了，卷饼可满意，其他的一般,1,train,waimai_review
什锦蘑菇有些腻，饭量挺大的…,1,val,waimai_review
非常快，方便。没有碎的。都很好。1个月前生产的。。。还能接受。,1,val,waimai_review
为什么每次都送这么慢呢？还有这个水瓶已经被开过了是几个意思,0,train,waimai_review
感觉非常棒，虽然有一点凉了，不过味道很棒！,1,train,waimai_review
还行吧，比刚开业时差了一些,0,train,waimai_review
味道很好，本人味口小，剩了一些第二天吃了，还那么劲道。,1,test,waimai_review
又快又好棒呆了哈哈,1,train,waimai_review
甜了点，速度还是挺快的,0,train,waimai_review
送餐园挺哼,0,train,waimai_review
汤是那种汤包的，最好别点，咖喱饭味道太淡，龙珠是鸡肉和鱼虾之类的做的，感觉质量一般，另外包装不环保，还不支持在线付。。。。,0,train,waimai_review
好难吃啊，鸡块的油味道好大，面坨了，很难吃，就把煎蛋吃了，其他都扔了,0,test,waimai_review
居然没有吸管，请问要怎么喝,0,val,waimai_review
说了多放辣多放辣，结果一点都没放服了,0,train,waimai_review
这鱼头也太难吃了！米饭就装了半个盒子，是有多抠门？,0,test,waimai_review
两个小时才送到，饿死了,0,train,waimai_review
送餐难倒是黑社会老大？太牛逼了,0,test,waimai_review
速度确实不是一般的慢，菜品我很喜欢～赞一个吧,0,val,waimai_review
"到现在了还送不来,电话也没人接,我是在评论8月14日的订单",0,train,waimai_review
又一次晚送,0,train,waimai_review
没有及第好吃，话说也太慢了，等了快俩小时。,1,train,waimai_review
菜很好吃啊，速度很快啊，饭给很多啊，就是忘了送可乐了。一定是太忙，呵呵，没关系了。,1,val,waimai_review
还不错，就是太慢,1,val,waimai_review
好吃，送餐还快,1,train,waimai_review
10：30订的，12：40才到啊。两个小时啊，害的我午休时间都没了。鸡肉老，整体味道勉强及格。太失望,0,train,waimai_review
菜太咸啦！,0,test,waimai_review
米豆腐好吃，下饭啊～～,1,val,waimai_review
包装太精致了，很高大上。肉也很多，但是饼有点生，不太熟。,1,train,waimai_review
鱿鱼饭送错了，送来的是辣白菜五花肉,0,test,waimai_review
这次的双拼饭太差了，尤其是里面的肥牛，没有洋葱，量也好少,0,train,waimai_review
送的太慢了，菜都凉了。,0,test,waimai_review
干煸四季豆特别好吃，豆腐太嫩！,1,train,waimai_review
"这是红烧豆角啊,还红烧肉呢,什么啊",0,test,waimai_review
牛肉太老了,0,test,waimai_review
不错很快～,1,train,waimai_review
"我是个女瘦子。觉得菜量少的可怜,粥也不够喝，价格也不便宜。送餐倒是快。",0,train,waimai_review
要是快点就好了,1,val,waimai_review
靠，什么情况？等了两个小时没有等到餐，现在显示已完成订单？？,0,val,waimai_review
完全没有性价比，千年不换的几样东菜,0,val,waimai_review
第一次见服务态度这么差的，点了一份套餐和一根烤肠，烤肠居然直接就没有送过来，送到的时候饭菜都凉了，也是我吃过的最难吃的梅菜扣肉，再也不订他家的了！！！,0,train,waimai_review
很快，而且送了番茄酱和纸巾,1,train,waimai_review
"鸡排很咸,还糊,意面油太大,不怎么好吃,重点是吃意面给筷子,我的叉子呢",0,train,waimai_review
"多收了2块钱,不知道为什么？",1,train,waimai_review
量足，味道不错，就是速度慢点,1,train,waimai_review
味道不错，就是送餐慢了点。下面那个叶良晨网络看多了吧，幼稚儿童一枚,1,val,waimai_review
简直太好吃，不过我弄了一裤子油TAT皮蛋瘦肉粥棒棒哒！,1,train,waimai_review
凑活吧，随便吃吃，比合利屋好一百倍！,0,train,waimai_review
送来的一个菜不是我点的，说没了换个菠菜结果来了一个不知道什么菜。鸡胗也很难吃，辣的很不正常，吃完今天晚上一直在拉肚子。,0,train,waimai_review
送餐慢'菜和粥都咸,0,test,waimai_review
订单取消，一直不给退钱，太差了，打了n次电话，这么差的店再不会来,0,train,waimai_review
送了三个多小时才送到，拆开之后披萨完全塌掉啦,0,train,waimai_review
依旧那么好吃。,1,val,waimai_review
等的花儿都谢了。,0,train,waimai_review
吃了很多次,1,test,waimai_review
以前几乎天天吃，现在调料什么都不放，,0,test,waimai_review
按配送时间送的，而且有发票，挺好的。,1,train,waimai_review
味道有点淡,1,test,waimai_review
拌饭咋没有鸡蛋呢，严重怀疑给我少送了，不爽,0,train,waimai_review
宿舍信号不好，耽误了你的时间,1,train,waimai_review
卷饼真心好吃啊！！粥和小菜也很好，送餐及时～包装严实整洁～～百度外卖免运费再减8元很给力啊！,1,train,waimai_review
非常好，很满意。好好好好哈。,1,train,waimai_review
菜太少了吧,0,train,waimai_review
速度很快，态度很好，赞一个,1,train,waimai_review
肉松的相对好吃一点,1,val,waimai_review
汉堡王都一个味就不说了！我足足等了68分钟才收到！！预计13：15我13：48才收到！！快递真牛逼！还两分钟超时半价时候送来了！比西天取经还困难！这种速度凭什么送餐要收5块钱？？,0,train,waimai_review
很快，很方便，下次继续支持百度外卖,1,train,waimai_review
"分量足,味道好,就是有点凉了……不过很不错的呀",1,train,waimai_review
味道还不错，就是份量太小啦！,1,train,waimai_review
经常订他家饭很好吃，,1,train,waimai_review
太慢了，俩小时连个解释也没有,0,train,waimai_review
土豆肉丝并没有看到肉丝。。。,0,train,waimai_review
米饭忘记，餐具只给一套。极其不认真，辛苦快递员！,0,test,waimai_review
皮蛋瘦肉粥不是熬出来的粥，是白粥上撒料，美味。葱油面没什么味道，就肥肠米粉还可以，不太满意。,0,train,waimai_review
美团不能送，果断换百度，很快就到了，师傅辛苦，谢谢。,1,train,waimai_review
"找不着地儿啊,那个大哥",1,train,waimai_review
一般般，也就顶多值优惠过的价格！,0,val,waimai_review
非常非常差，时间太长，味道不好，吃了第二天早上蹲了一上午厕所，食物中毒。,0,train,waimai_review
味道真不错，送餐师傅辛苦了，这大雾霾天气还很快的送来了美味，谢谢,1,train,waimai_review
已是他家老客户，味道正宗，饺子料包齐全，以后最好能出台一个单份饺子套餐更好,1,test,waimai_review
最近迷恋金桔柠檬茶啊！,1,test,waimai_review
味道很像必胜客的味道，外送也很专业,1,train,waimai_review
外送员非常迅速呀，态度也好，菜也好吃，好评！,1,train,waimai_review
10:26下单，13点才到，定了5份只送来4个……菜太咸，总之服务太差,0,val,waimai_review
"口味适合比较清淡的人,南瓜粥还好,就是没放糖,喜欢甜的需要和卖家说",1,test,waimai_review
"商家电话打不通，拿到餐后，菜汁洒了一袋子，您告诉我这还怎么吃呀呀！我十点下的单，要求十一点配送到,你这晚了多久。",0,train,waimai_review
味道一般，送的太晚,0,train,waimai_review
送餐人员素质太差劲，上来一顿吵吵，态度恶劣。下次绝不再订。,0,train,waimai_review
茄丁还不错，毛血旺不是很新鲜，拉了好几天肚子。,0,val,waimai_review
很好吃，也不油腻，值得推荐,1,train,waimai_review
第一次出现这样的情况，打包的小哥给我只装了三份薯条就送过来了，根本没管后面的。,0,train,waimai_review
餐品未按照要求去制作，里面包的肉也非常少，比在店里买的产品质量低,0,train,waimai_review
1.号称已送达，订单完成。但我没收到？？2.客服电话还没人接听。好吧，隔了十来分钟送到了，不过鉴于不正确的订单状态，维持差评。,0,train,waimai_review
本来迟到了还自己点！！！,0,train,waimai_review
很好吃，送餐速度也很快。,1,train,waimai_review
少，皮厚，果然只值一块,0,test,waimai_review
宇宙的味道，很好吃！,1,train,waimai_review
极烂！！不要订他们家的，送餐员不务正业大风天还躲着避风，导致晚了3个小时才送到，饭菜都凉了，味道也不咋地,0,train,waimai_review
东西少了西兰花，菜花，鸡蛋。我写了微麻微辣，结果是超麻超辣。,0,train,waimai_review
不怎么好吃,1,val,waimai_review
这次的凉了，很难吃，短期内不会再点,0,train,waimai_review
送餐很快，菜很好，羊杂味道不错,1,val,waimai_review
好吃！给力！,1,test,waimai_review
第一次订，提前送到，吃了下才来评价，味道不错，好评,1,train,waimai_review
"不好吃，没有店里好吃。,后悔死了",0,val,waimai_review
粥没有，送饮料还价格一样，坑,0,train,waimai_review
就是煎饼已经软了,1,train,waimai_review
又慢又难吃,0,train,waimai_review
"少送一份拌海带丝，,补送或者退掉都可以。",0,train,waimai_review
比预定时间晚了半小时,0,test,waimai_review
今天的丸子怎么那么难吃，哎,1,train,waimai_review
还好，没有什么油水.。。。,1,train,waimai_review
冷面兜黏糊了,0,train,waimai_review
"土豆肉丝,没见肉在哪",0,train,waimai_review
看来是没传达我的注解，说了少辣结果几乎除了辣椒没多少菜了。之前给我高分，这次3星已经够诚意了，算是意见吧,0,train,waimai_review
一个小时送到的，很好吃，但是点了平菇怎么没给,1,train,waimai_review
吃了牛肉，鸡肉和肘子，最后结论还是肘子好吃～,1,test,waimai_review
还是不要用百度配送的了，餐都弄洒了。,0,train,waimai_review
特别好吃还会来!!,1,train,waimai_review
喜欢宇宙卷饼，送餐也很快，就是凉了没有那么好吃了,1,train,waimai_review
小笼包挺好吃的，甜香，拌面也还可以，整体不错~,1,train,waimai_review
"难吃不说,外包装的锡纸把嘴喇破了流血了,都不敢笑了,发誓以后跟这个正能量饼说拜拜…[",1,val,waimai_review
送的稍微有些慢，一个小时将近10分钟才到，已经有些凉了,0,train,waimai_review
潜力股，你懂的,1,train,waimai_review
"难吃死了,特别难吃",0,test,waimai_review
好吃好吃赞赞！,1,test,waimai_review
快递小哥很快就送到了！赞！水煮牛肉肉质鲜嫩，辣的恰到好处，也很入味。不错，挺好吃的！,1,test,waimai_review
我点的20元的牛肉蔬菜卷，送来的是8元的尖椒土豆丝,0,train,waimai_review
味道还可以，速度真是惊人，送了快2个小时,0,train,waimai_review
巨慢，提前2个小时订也这么慢,0,val,waimai_review
没有肉，只有咖喱，汁也很少,0,train,waimai_review
价格略贵，豆浆太少,1,train,waimai_review
猪头肉都是冻的，我还得自己加热,0,train,waimai_review
"汤很好的说,送餐很快,棒棒da",1,train,waimai_review
包装很精致,1,train,waimai_review
很好吃哦！,1,train,waimai_review
送餐很快啦,1,train,waimai_review
good！吃的好。骑士好。都很赞！,1,train,waimai_review
味道不错，刚好适合我的饭量，包装也很贴心。,1,train,waimai_review
送餐小哥服务很好，大虾也很好吃,1,train,waimai_review
"鱼香肉丝卷饼不如纯肉的好吃,有点咸",1,train,waimai_review
强烈建议添加凉菜，肘子肉很多，京酱肉丝稍微有点水,1,train,waimai_review
凉面很赞！值得回购哦！！！,1,train,waimai_review
味道不错，只是等的过程太煎熬……,0,val,waimai_review
配送超快，态度很好！饭菜可口！,1,test,waimai_review
送来饭都不太热了，米饭很硬。口味一般般,0,train,waimai_review
1个小时40分。全都凉了。,0,train,waimai_review
汁儿家的果汁是我喝过最好的，坚持下去哟，外卖小哥很给力，超快的，谢谢啦！,1,train,waimai_review
很好哦，不要米饭给送了沙拉，谢谢,1,train,waimai_review
送餐太慢了，致电餐厅，说做完很久没来取，菜品味道一般，量挺大的,0,val,waimai_review
速度很快，但備註的加辣完全忘了！,0,train,waimai_review
快递小哥送餐快，煎饼味道也不错，好。,1,train,waimai_review
"全都凉了,汉堡都凝固在了一起,难吃",0,val,waimai_review
送错餐了当时，又给送了一份，味道一般,0,train,waimai_review
已经三次了，送到我这就全撒了，光收拾就得10分钟，你们的外卖员能负责点么！！！,0,train,waimai_review
牛肉的筋太多，味道还行，不过价格摆在这里，挺公道的了,0,train,waimai_review
不值，四块肉都是肥肉！根本没法吃！,0,val,waimai_review
速度很快，味道稍咸了一点。水果沙拉不错,1,train,waimai_review
点了西红柿鸡蛋加卤蛋香肠，结果只送来了西红柿鸡蛋饭,0,train,waimai_review
还不错，绿茶还是个人喝不惯。。。奶茶给赞,1,test,waimai_review
照了照片发现没地方发，没发也好，太惨了，就不多说了，也没的说真是够了。,0,train,waimai_review
味道不错，价格实惠，好评,1,val,waimai_review
咖啡撒了些出来,0,val,waimai_review
"超喜欢吃你们家的土豆牛肉，希望每天都有西红柿炒鸡蛋,哈哈那就太好了。。赞一个",1,train,waimai_review
都很好吃而且送的特别快！非常感谢！,1,test,waimai_review
"不怎么样,谁知道吃着怎么样",0,train,waimai_review
"还不错,送货很快味道也还好",1,train,waimai_review
商家服务很好,0,train,waimai_review
"很客气的大叔，卷饼very,good",1,train,waimai_review
要了发票为什么不给？！而且也不怎么好吃！,0,train,waimai_review
这次稍有点慢。,1,val,waimai_review
"番茄醬撒了QAQ,其他nice",1,train,waimai_review
味道一般。来的时候已经有点凉了,0,train,waimai_review
不错。继续努力。,1,train,waimai_review
太差了，曲奇奶茶味道很怪，像粉泡的，大满贯根本没有几粒东西，珍珠奶茶也不好喝。,0,train,waimai_review
说好的套餐里面有可乐，结果没给我，上一次是没给豆腐脑？你们都是怎么配餐的？！,0,train,waimai_review
一直吃你家米线，怎么现在给的菜越来越少了？我点的肥牛的，就只有一片肉吗？千叶豆腐的那份也是只有几块，太让人失望了,0,train,waimai_review
肉夾馍不错，其它一般。,0,train,waimai_review
很好吃的饭跟芝士土豆球。就是速度有点慢。,1,test,waimai_review
"豆腐脑都成果冻了,没吃全扔了",0,train,waimai_review
这大牛逼鸭子做的~能再老点吗~面酱能在混事点么~鸭子没味面酱走味还开个什么啊~早日关门大吉吧~,0,train,waimai_review
非常好吃哈哈哈,1,train,waimai_review
实在是时间太长了，以后还是不能用百度外卖订餐了，每次订餐都得2小时送到,1,train,waimai_review
点的鱼香肉丝饭和秘制凉皮，根本就不是鱼香肉丝好吗？是萝卜条肉丝，凉皮味道也不好，量还少，总之很不满意，30块钱不值，配送小哥速度很快,0,train,waimai_review
"煎蛋，香肠还行。肥牛太老！！菜花难吃！,最sb的可乐是热的，一打开喷的到处都是！,盐酥鸡上面的面太厚太硬！！",0,train,waimai_review
挺好吃的，果汁超级难喝,1,val,waimai_review
汤洒了些，量不错不过洒了弄得袋子有些脏。鸡蛋非常好吃！,1,test,waimai_review
好吃，下次还会在吃的,1,train,waimai_review
两个小时才送到！,0,train,waimai_review
"热干面口淡,皮蛋还不错,送货速度很快",1,train,waimai_review
送餐员态度很好，产品质量也好，满意。,1,train,waimai_review
不错，好吃，两个人没吃完，还会光顾！,1,train,waimai_review
我实在不想差评，11点半点餐到1点半吃上饭，中途打电话经历了关机及联系客服以及想取消的时候一直被告知马上到，菜到了已经凉的确实天气不好也阻挡不了心情实在太差,0,train,waimai_review
很好吃，分量足,1,test,waimai_review
送菜太慢。等了快仨小时，电话打了好几个。饿的不行了。以后打死也不订这家的了。,0,test,waimai_review
送餐时间太慢,0,train,waimai_review
吃了这顿饭，拉了一晚上,0,val,waimai_review
昨天的剁椒鸡蛋太咸了，其他的感觉还可以。,0,train,waimai_review
早饭没的吃选了百度外卖，谢谢张骑士,1,train,waimai_review
送餐速度非常快，服务态度非常好。,1,train,waimai_review
好吃！终于让我吃上了！,1,test,waimai_review
一如既往的的快，好吃。。。。真棒,1,test,waimai_review
希望以后把肉切碎一点，块有点大不好咬,1,train,waimai_review
配菜变成包菜，差评！！,0,train,waimai_review
承诺40分钟的送餐，最终持续了149分钟才到，到了都1点35了，期间还多次电话催促，未果，孩子哭大人嚷，都饿的不行，结果餐送来的时候发票还没带。非常失望的一次订餐，这还是家门口的和合谷，以后再也不在这家订了。,0,train,waimai_review
你家要送不了，趁早包给百度外卖。等了一个多小时。,0,train,waimai_review
素菜做的跟剩菜一样，不如上次好吃了！请及时改善,0,val,waimai_review
菜还不错，米饭有股烟味、糊味,0,test,waimai_review
"鱼香肉丝的最好吃了,四川口味的",1,test,waimai_review
"可乐撒了快一半了,谢谢",1,train,waimai_review
配送竟然只送到1层，什么服务。。。太差了，以后不会再点了,0,train,waimai_review
速度很快，菜的味道也好！不错！,1,train,waimai_review
鸡翅太太太太咸了,0,train,waimai_review
"送餐好慢啊,离得这么近居然送了一个小时！也不太好吃！难吃到嘴！特别油！",0,val,waimai_review
很不错，速度挺快，就是油有点大,1,train,waimai_review
还可以吧。不过最好可以有个标签标明是哪种煎饼，不然不容易分别出来！,1,val,waimai_review
还可以，就是汁少了些,1,train,waimai_review
好吃。一直爱吃他们家的菜,1,train,waimai_review
送货时间太长！！！,0,train,waimai_review
送过来迟了快一个小时，凉透了，而且都露汤了，弄的特别脏,0,train,waimai_review
素什锦为啥会有虾仁！！！,0,train,waimai_review
感觉酱味不太适合老北京人,1,train,waimai_review
好吃！送餐时间准！赞！,1,test,waimai_review
桔梗太难吃了拌饭一般,0,test,waimai_review
担担面外卖过来就是一坨,0,train,waimai_review
红烧牛肉肉不多。都是青笋,0,test,waimai_review
忘装海带丝，投诉！,0,train,waimai_review
今天真是超级快，感觉刚下单就送到啦哈哈哈,1,train,waimai_review
锡铂纸包的，感觉里面面皮没怎么熟，不是多好吃~,0,train,waimai_review
很贴心，汤和馄饨分开装了,1,test,waimai_review
好吃又不贵，就是送的慢,1,train,waimai_review
外卖大哥态度很好，,1,train,waimai_review
服务热情，送餐高效，很满意,1,train,waimai_review
牛肉饭牛肉少的可怜！,0,train,waimai_review
金枪鱼焗饭深得我心,1,test,waimai_review
比别家鸡排小,1,train,waimai_review
"状元粥没什么内容,偏咸",0,train,waimai_review
太太太太慢了！！！2个多小时，十点多下单，1点才到,0,train,waimai_review
我没有收到外卖，但是也不退我钱,0,train,waimai_review
蛋糕好难吃咖啡，咖啡还是卡布好吧,0,val,waimai_review
吃完满满正能量,1,train,waimai_review
我点的凉菜，给我送一盒热的烂白菜,0,val,waimai_review
好难吃。。除了难吃再无别的,0,val,waimai_review
"土豆没做熟,海带没做熟,腐竹没做熟,知道你们忙，但是菜要做熟是基本，不会点你家外卖了",0,val,waimai_review
我能说订你家餐都送餐超时吗？我也是醉了,0,test,waimai_review
量不大，醋都没给带！,0,train,waimai_review
"特别差,送货慢,送到后还漏啦百度这外卖也别做啦,头一次遇到这么差的,打电话给百度快递过啦快20分钟才给送回来,连个抱歉都没有,服务太差",0,train,waimai_review
菜量非常少，是给小孩准备的吗？？,0,test,waimai_review
新品，还贵，不是一般的难吃，全部扔掉。,0,train,waimai_review
"包装很不错,有水准了,卷饼挺好的,可惜里面只有肉和青椒,感觉放些黄瓜啊,酱啊,会不错",1,train,waimai_review
现在的量明显比以前少。不实在了。,0,train,waimai_review
都点好几次了，这次怎么夹生米，没法吃,0,train,waimai_review
还不错，就是送餐比较慢。明明点的汇源果汁，结果送的可口可乐，什么情况？？？,0,train,waimai_review
一级棒，味道和送餐速度都很好。,1,test,waimai_review
"百度外卖,大骗子....欺骗消费者,坑人",0,val,waimai_review
"盛包子的饭盒太小了,而且下次要铺上什么以防包子粘饭盒底,汤包全漏了",1,test,waimai_review
特别好的师傅，冒雨还送得非常快，感谢百度外卖的送货师傅们。,1,train,waimai_review
速度极快，东西也好吃，赞,1,val,waimai_review
快递小哥儿很快就送到了，人不错，很有礼貌!,1,train,waimai_review
11点下单，1点多才到，等两个多小时，本来想不要了，但是看送餐的人太可怜，勉强收下了。下次还等这么久绝对拒收！差评！！！,0,val,waimai_review
不只是不好吃，是不会炒菜！虾酱整块整块出现在鸡蛋中间都没炒开，咸死！虎皮椒整块糊，酸汤肥牛味道也很糟糕。这家店特别不推荐。,0,train,waimai_review
非常准时！！！鸡肉的很好吃,1,test,waimai_review
真心太慢了，11点订饭，快1点送来~饭全凉透了。,0,val,waimai_review
送餐速度快，师傅态度真好,1,train,waimai_review
"没有方糖,而且也没有按备注配置,有问题没有电话沟通就直接凑活送了",0,train,waimai_review
特别快！很满意的一次购物,1,val,waimai_review
菜的味道还行，不过肉不是新鲜的。隔夜肉！其次米饭是前一天的，有变质味！,0,train,waimai_review
口味不错服务态度好感谢你们,1,train,waimai_review
"我朋友一起定了两份,因为不吃韭菜，就定一份回信鸡蛋一份白菜鸡蛋,送来后发现是一份白菜和一份韭菜,只能两个人吃一份,联系客服后商家补偿一份,但说由于重新包、重新煮、重新配送,不确定什么时候送的！！我了个去！,结果重订单到收到最后一份饺子,一个多小时,这饭吃点断断续续。。最后都没吃",0,train,waimai_review
都说了不要辣，为什么还有辣？！,0,train,waimai_review
辛苦了，真的很不错，一直支持，在单位在家都点他家卷饼,1,train,waimai_review
宫保鸡丁一般般,0,train,waimai_review
配送速度真的很快，怏送小弟很好,1,train,waimai_review
好慢，差一点就超时能打五折了,0,train,waimai_review
"挺好的,挺好喝的,不错",1,test,waimai_review
坏了，菜都变味了，酸味,0,train,waimai_review
很好吃，很卫生，很满意！！,1,train,waimai_review
送餐快，pizza味道也不错！,1,test,waimai_review
一般，很一般,0,test,waimai_review
非常好量足都没吃完,1,train,waimai_review
太慢了，等了快一个班小时，也不能打电话，投诉也不接。催单催到最后都不给催了，水也没给我。什么玩意。钱也不退。以后再也不订了,0,train,waimai_review
这种口味怎么有信心开店的，不改变就等着倒闭吧,0,test,waimai_review
送的非常快，量足，吃的很饱，灰常不错！,1,train,waimai_review
"有点慢了,希望下次加快",1,train,waimai_review
很不错，好吃，以后还会买,1,train,waimai_review
"土豆肉丝卷有妈妈的味道,而且今天送餐还很快,大赞",1,train,waimai_review
"这次我可要评价了，要了一个牛肉汤,要了一个大酱汤,结果,回来都是半份,气死我了,我还要下楼继续买别的吃的，因为根本不够了。花了54,还吃不饱。垃圾最后一次吃。",0,test,waimai_review
热饮也有大杯就好了，中杯不够喝的,1,val,waimai_review
之前都两盒，这次就给装一盒。还不多，差评。快递小哥辛苦,0,train,waimai_review
只有肉菜没放酱料，太干。,0,train,waimai_review
感谢外卖哥~不错,1,train,waimai_review
真够大的，味道棒,1,train,waimai_review
很快就送到了。为快递员点赞,1,train,waimai_review
骑士非常快，东西也非常好吃,1,train,waimai_review
超级无敌好吃,1,train,waimai_review
说实话等了一个多小时，收到后尝完第一口就后悔了，菜量少不说，粥也不好喝！,0,train,waimai_review
"为何没有发票,为何不开发票",1,train,waimai_review
5点半下单，接单以后7点半送到，送来的时候整个都凉了。我如果不打商家电话问不知什么时候才能吃上。再这么送餐可能顾客会少一半。希望改正。,0,train,waimai_review
时间差距太大了……吃饭的心情都等没了,0,val,waimai_review
味道不错，价格也可以，但是评价给一星，就是对接线员的服务态度，实在太差了,0,train,waimai_review
鳕鱼少了两块，每次都是五块,0,test,waimai_review
"和同事一起的,别人的都吃完了,我的还没有到",0,train,waimai_review
昨天订单付款，两次都一样，感觉牛肉有些问题，挺饿了，后面那个就吃了，晚上闹肚子，晦气,0,train,waimai_review
味道不错，送餐也快,1,train,waimai_review
能不能0分，定了三样少一样，也没法找回，真垃圾,0,train,waimai_review
又一次没筷子，不过快递员服务很好，只能说店家太不细致了。味道也很一般,0,test,waimai_review
味道还是可以哒，肘子好香，青椒的量也恰到好处。就是送餐太慢了，两个多小时才到。第一次来时我正在上课没有取到，送餐的叔叔下课后又来了，还给我换了热的肘子卷，态度好评。,1,train,waimai_review
快递员很辛苦！给个,1,train,waimai_review
"送餐特别快,送餐员态度也特别好",1,train,waimai_review
"馋嘴蛙太难吃了,想退退不了,根本不是馋嘴蛙的味儿,牛蛙柴死了,肯定是死了",0,train,waimai_review
好吃是好吃，就是牛肉味不浓,1,train,waimai_review
"大肥肉,差评",0,train,waimai_review
稍微有点腻'其他还好,1,train,waimai_review
第一次忘送粥了,0,test,waimai_review
很负责的送餐师傅！,1,train,waimai_review
0星，受不了这app的假状态,0,train,waimai_review
口味不错，很快。很热,0,train,waimai_review
一个半小时才送到，送餐员态度特别恶劣，差评！！！,0,train,waimai_review
"竟然晚了20分钟,三明治是加热过的，送来变得变得又凉又硬，因为装三明治的袋子口是开的,骑士真是让人",0,val,waimai_review
猪蹄上都是猪毛，我都怀疑其他东西干净不！,0,train,waimai_review
送餐比较慢，味道还行,0,test,waimai_review
长豆角注明不要辣，还是有辣。其他的还行,0,test,waimai_review
送餐员辛苦，饭也好吃，继续购买,1,train,waimai_review
希望下次不是2个小时才送到,1,train,waimai_review
凉拌土豆丝没有放醋哦,1,val,waimai_review
送餐师傅很负责任，大冷天的不容易！,1,train,waimai_review
12点订餐，2点准时送到，酸汤扯面一点汤见不到，面都沾到一起了，尼玛呀,0,val,waimai_review
太他妈难吃了，凉的！,0,val,waimai_review
非常好吃，经典，必吃！,1,train,waimai_review
非常好吃，味道也很香，推荐！,1,val,waimai_review
点了一个石锅拌饭真的好难吃,0,train,waimai_review
赞赞！加红豆味道更好！,1,train,waimai_review
第一次点，感觉很不好！以为不会有什么问题，送餐员送完马上就走了，也没有清点菜品。另加了一份花生米和一份白米线。可是送来时只有一碗汤和一袋白米线，不知道另点的白米线是不是装在了一起，感觉不像，因为实在是太少了，就像一份的量。碗里没有花生米，也没有另装一袋。碗里倒有云腿1片，不知道是我花两块钱点的还是原来就应该有的。虽然就几块钱的事情，但是感觉商家不细致，不诚信。,0,val,waimai_review
这是我有史以来吃的最难吃的卷饼，哎，那个八宝菜更是不敢恭维啊，难吃死了，以后再也不来这家订餐了,0,train,waimai_review
今天送的挺早。。,1,val,waimai_review
送的好慢两点多给送到的，，什么事啊,0,train,waimai_review
很好！外卖小哥很给力！！！,1,train,waimai_review
好吃，送餐时间较快，服务态度好，赞。,1,train,waimai_review
"骑士超辛苦,非常好",1,train,waimai_review
4块钱超值的！！！,1,val,waimai_review
肉比较多，不过比较油腻，一个感觉不是太饱,1,train,waimai_review
回家才知道，给家人订的饭，居然送错了！订了两个饭，送的是一份饭和一个沙拉，都不是订单上的，这还真是头一次？以后真得好好核对,0,val,waimai_review
送的比较慢，味道不错，就是凉了！,0,train,waimai_review
很好吃，面皮特别有嚼劲儿，酱料也很好吃,1,val,waimai_review
不是一般的慢啊，快仨小时才到，不过素的卷饼还是挺好吃的，送餐太慢，感觉以后不会来了快～,0,train,waimai_review
价格优惠有内容,1,train,waimai_review
都上班了才送来,1,train,waimai_review
到家进门在百度外卖订餐，一会儿功夫，送货员就送到了热腾腾的饺子，大风下雨的天气，饺子就酒，太美啦,1,test,waimai_review
翻遍了米线也没找到肥牛啊！,0,train,waimai_review
非常美味，下次还会再来！,1,train,waimai_review
总是差很多东西，再也不定了,0,train,waimai_review
一直没送到，打电话问说可能单子丢了！！重新做了送来的,0,train,waimai_review
饭挺好吃的，可是配送太慢了，晚了快一小时，无语，等的花都谢了。。。对配送员态度不大好了，感觉有点小内疚，可是确实好慢啊，等的脾气都上来了,0,train,waimai_review
大份适合男人和极其饿的女汉子吃哈，我没吃完，很干净卫生！,1,train,waimai_review
非常好，速度快，态度好,1,val,waimai_review
送餐小哥赞一个！！！辛苦了,1,train,waimai_review
"玉林草泥马,大骗子",0,train,waimai_review
一盒炒饭两个鸡腿半个煮蛋一盒果汁，炒饭像咸菜，还好鸡腿没什么味儿，可以就着咸菜吃。果汁味道还可以。,0,train,waimai_review
外送的总是跟店里吃差很远，,0,test,waimai_review
很好很满意！,1,test,waimai_review
打死卖糖的油好大又甜不唧唧的难吃死,0,val,waimai_review
还不错，送的很及时，煎饼不错，豆腐脑能加个醋包，辣椒神马的就完美了,1,train,waimai_review
不错，常定，味道还可以吧,1,train,waimai_review
非常快！配送员也特别好……,1,test,waimai_review
第二次叫这家外面，发誓再也不会订第三次；第一次是冬天等了两个小时，饭凉的还特别难吃；这次是等了一个半小时，三盒饭连袋子都没有，全是油…最奇葩的是，筷子沒有任何包裝就在手裡拿著，叫這家外賣的請自行準備筷子！然后再次刷新了难吃纪录，汤里的豆腐是酸的，太难吃了全部扔掉重新叫的别的，两次都这么差，真是绝了这家！,0,train,waimai_review
等了九十分钟才送到，而且实物都洒了，味道还行，就是凉了。,0,val,waimai_review
配送员态度很无语，哎,0,val,waimai_review
"饭很少,要知道就多定两碗了,送餐师傅很棒",1,train,waimai_review
送餐员服务很好，但商家把餐弄错了,1,train,waimai_review
我是11:36下单，13点才到，我打电话催了6次，我无话可说了，希望老板能改进！,0,train,waimai_review
好喝！味道不错！送餐也很快！,1,train,waimai_review
等到快8点，南瓜粥是凉的，卷饼也是凉的！,0,train,waimai_review
吃的我晚上呕吐到11点。肯定有问题。,0,train,waimai_review
"大冷天还按时送到,非常感谢，味道不错，多加了一份芝士味道很赞，就是里面的香肠如果再换换就好了",1,train,waimai_review
太吊，秒送...,1,train,waimai_review
很好吃，百度外卖很实惠,1,train,waimai_review
超好吃！！！特别快就到了，很大一份～～,1,val,waimai_review
味道很好，送餐速度也靠谱！,1,val,waimai_review
很好吃，就是量少了一点，男生可能吃不饱,1,train,waimai_review
"速度达不到40分钟,希望如实描述,。米线油多,倒进全部米线后会溢出饭盒,很不方便,希望换更大更高的饭盒",0,val,waimai_review
送的好慢啊,1,train,waimai_review
什么破海鲜炒饭就放了几块鱿鱼绿豆鸡蛋很难吃一点味道都没有还29元,0,test,waimai_review
七喜送过来就少半杯了！,0,train,waimai_review
量大很足很不错,1,train,waimai_review
味道一般，不是很好吃，送餐时间太长，备注带发票反而没带,0,val,waimai_review
送货小哥儿超级赞，萌萌哒，送货巨快！,1,train,waimai_review
菜品质量先不说，还没吃。十一点零六下单，十二点四十收到，外卖师傅说，单太多，知道吧？真牛，我是不是还得给你磕个头说谢谢你排除万难送到啊，百度外卖投诉真心打不通，行，到这吧,0,train,waimai_review
卷饼看着很小但是很占肚子很好吃,1,train,waimai_review
从下单到送到整整一个半小时。菜都凉了，味道也很一般。,0,train,waimai_review
全都很棒，会继续支持。,1,train,waimai_review
骑士服务态度很好，速度很迅速！,1,val,waimai_review
排骨面很香，小白菜油偏大味道偏淡，灌肠不太好吃。,1,train,waimai_review
太难吃了，不知道怎么搞出来的销量,0,train,waimai_review
送来的时候粥撒了…不过小哥很帅跟客气…,1,train,waimai_review
里面的汤撒了,0,test,waimai_review
总感觉肉有点臭臭的,0,test,waimai_review
味道不错，品质依旧，不错,1,test,waimai_review
煎饼很好吃，豆腐脑一般，没放香菜和辣椒，味道差了一点，炸茄盒里面的肉馅没味道，知道靠着外面一点椒盐的味道，还有改进空间。,0,test,waimai_review
送餐员很礼貌，很快！好评,1,test,waimai_review
经过同意换成蒜苗炒肉了，但是蒜苗炒肉的肉有股馊味。。,0,train,waimai_review
"划算,优惠过的价格才对得起煎饼果子,味道也还行",1,train,waimai_review
麻将怎么没有味道，不太好吃,0,train,waimai_review
配送竟然没经过我同意让别人代收了，我不知道，导致我收到饭比预定时间晚了一个多小时。饭的味道还可以，只是凉了,0,train,waimai_review
"东西挺好吃,就是送的太慢",0,test,waimai_review
"没别的,酱太多,难吃",0,test,waimai_review
"方便快捷,服务好,谢谢",1,train,waimai_review
味道有点怪，可能个人原因，不爱吃,1,train,waimai_review
挺好吃的，好吃不能怕贵，值得,1,train,waimai_review
"多搞活动哦,尖椒土豆丝没有味道。",1,train,waimai_review
卷饼很实在，京酱肉丝都是瘦肉。南瓜粥一般。,1,test,waimai_review
粥很好喝，送餐时间也很快，卷饼内容很棒，但饼皮希望能再烤熟一些就更好了,1,val,waimai_review
差评，差评，差评，我等了一个小时!,0,train,waimai_review
好评~挺快的，粥也足量,1,val,waimai_review
同在五道口就是送得快，不过好像去年买的时候这个价钱可以买套餐了，虽然就差一碗粥,1,train,waimai_review
"经常买。,味道不错,。吃着方便",1,train,waimai_review
"好吃,就是贵",1,test,waimai_review
送的特别慢，服务态度不好,0,test,waimai_review
送的比预计时间迟，也没提前打电话说一声，疯了一个多小时还是我自己打电话催单的，送到了被告知甜点没有，说下午给补送，结果到晚上七点了没信儿了，又打电话过去催，还好以后给补了，可能也是比较忙情有可原，但是服务确实有待提升，食材有问题或者品质不能保证你就别做别销售，让消费者承担你们的失误实在不合适,0,train,waimai_review
"鸡柳这个挺实在的,就是炸的,略腻",1,train,waimai_review
十点半订餐，现在一点半还没送到，打电话不是占线就是不接，最后状态竟然变成已完成状态？,0,val,waimai_review
真的超级慢！晚了有90分钟吧。退单电话也打不通。没办法只能等。本来想拒收的，看送餐的小哥也不容易。哎。,0,val,waimai_review
量实在太少。。。吃不饱,0,val,waimai_review
不错，味道挺好。值得点赞。,1,train,waimai_review
送餐大哥送到门口态度很好～,1,train,waimai_review
好吃，送货快，配送员很好,1,train,waimai_review
订6个面筋你就给我送过来1个，你们咋想的，打电话不接，黑？,0,train,waimai_review
这么多。。。还以为很少呢。。。估计得吃好几天了～～～外卖小哥辛苦了！感谢！,1,train,waimai_review
"我明确写出只有鱼豆腐那份不要米线,结果另外一份鸡肉的也没有给我放米线进去",0,train,waimai_review
送的超级快~~~京酱肉丝卷好好吃,1,train,waimai_review
点的一品锅怎么送的猪手！,0,train,waimai_review
饭好坏暂且不说，我要的果汁没给送，送饭的顺待会给我补，两天了还没补,0,train,waimai_review
卷饼不太好吃哦,1,train,waimai_review
11点半点的餐，12点45送到的！！蜗牛都比你们快！！！不会再定了！,0,train,waimai_review
很好吃，包装也很棒,1,train,waimai_review
等了98分钟，面陀了。,0,train,waimai_review
包装袋好精致，卷饼的味道也很香，就是南瓜粥没味道，可能是不合我口味吧,1,train,waimai_review
很快，好吃，味道足，量大,1,test,waimai_review
送餐速度快，送餐速度快,1,train,waimai_review
"因为很便宜,所以,难吃的要命了。。。",0,train,waimai_review
"送货的小哥服务态度特别好,煎饼真的很好吃,豆腐脑一般,赞赞赞",1,val,waimai_review
"送餐速度神速,刚下单,餐就来了,但不是我点的菜",0,train,waimai_review
很快，还送了礼物,1,val,waimai_review
这送外卖的小哥是在梦游么？每次要么我下去了等了半天也看不到人，要么就是和别人聊天去了。你要到了再给我打电话好么，别每次让我等你！！！！,0,train,waimai_review
"配送很快,就是要了发票但商家没给",1,test,waimai_review
看到来送外卖的大叔疲倦的样子，真是各行各业都不容易，国家何时能让大家共同富裕起来，至少别等级差距这么悬殊。有的人好吃懒做贪污受贿穷凶恶极却位居高位。人民代表代表不了人民。底层社会的真相他们毫不知情。,1,test,waimai_review
眉州就是专业阿,1,train,waimai_review
"外送员，幸苦了,！顶着沙尘暴",1,train,waimai_review
速度很快，味道也好，还赠送了粥，满意,1,train,waimai_review
感觉真不错，看包装就给人干净放心样子，量也很足，不错,1,train,waimai_review
我家离贵店不是很远，送餐大概一小时，菜的口感一般，价格偏贵，米饭很少，性价比一般,0,train,waimai_review
里面有泥块，整个都没法吃了……,0,train,waimai_review
味道比以前有改善！,1,train,waimai_review
第一次用感觉太差了，比在店里吃少了一半的量,0,train,waimai_review
明明三个人吃饭，店员只拿了一双筷子。无语。建议还是去店里吃。,0,train,waimai_review
送餐速度超快，人长得也帅，很棒的服务！感谢让我这么晚还能吃上热的饭菜。,1,train,waimai_review
少给了一根烤肠要的两根只给了一根,0,test,waimai_review
"不是评东西。是评这态度！送餐员自己找不到地方还怪我地址写错，我自己能编出来个地址？从我上班给我地址找地方，人家就这么给的，寄所有东西也都写这个地址。大家怎么都找到了？外卖员这块也混这么久了，找不到地方还外卖什么啊，而且鼻子下的东西干什么用的，不懂问啊。,大哥这脾气这智商，还是干别的吧。",0,train,waimai_review
"非常差！速度差！饼拿来全凉的！！还弄在锡纸里面,你让我跟公司怎么热！！！！送了3个小时!！送餐员说餐多，这是什么他妈屁理由！谁尼玛让你接这么多的!!若是分配给你,你送不了就别送！!路不好走，路不好走是事实,但需要走你妈3个小时吗！！？差评差评！！！媒体曝光！等着的,没完！！！！",0,train,waimai_review
"等了一个半小时,菜都是凉的！",0,val,waimai_review
挺好的，百度小哥很好，菜品也不错。,1,train,waimai_review
卷饼太厚了，不好吃,0,train,waimai_review
还行吧，偶尔吃一下还可以,1,test,waimai_review
"东西真的非常好吃,鸡肉的那个,下次还吃",1,train,waimai_review
"饼比肉都厚,还干的要死,一点汁都没有,配送的人话都说不明白",0,val,waimai_review
肘子肉再炖烂一些就好了,1,train,waimai_review
这家的特点不是菜量大吗……上次给了很多很多…两个餐盒…这次餐盒小了，还就一盒…心情相当不爽,0,test,waimai_review
"特意备注写了不吃辣,。送来一层红油,看来还特意加了辣",0,test,waimai_review
送的挺快，点了一个bbq团餐，一个皇堡，结果送了2个皇堡，说好的bbq呢？着急出门，老公说咱们还是当回好人吧！虽然没去投诉，但我还是要在评价里说一下,0,test,waimai_review
"量少,最主要凉皮要麻酱,已经备注,可是送来根本不是",0,train,waimai_review
速度很快，下雨天师傅辛苦，味道很不错,1,train,waimai_review
"太少了。。。根本没吃饱,20元才12个饺子。。。",0,test,waimai_review
牛肉汉堡超级棒,1,test,waimai_review
很用心的店！支持！,1,train,waimai_review
"猪排中间都没熟,我去",0,train,waimai_review
太快了，你是飞过来送餐的吧…,1,val,waimai_review
还送了两本书！包装也很完好.比在店里买还好！,1,train,waimai_review
送花好快，没有凉，薯条有些过火，其他的好吃,1,train,waimai_review
好吃！以后常订！,1,test,waimai_review
饭是馊的，永不再来,0,train,waimai_review
"不好吃,量又少的可怜,又贵没一点优惠",0,train,waimai_review
很快，还挺好吃的，下回还会买。,1,train,waimai_review
送的还比较快•就是味道没有在店里吃起来好吃•总体不错,1,train,waimai_review
送货速度快，服务不错。就是饭比较难吃,0,train,waimai_review
送错地方，送餐员态度还极其恶劣，总之东西没吃到，真垃圾,0,val,waimai_review
韭菜没洗干净吧，太牙碜,0,train,waimai_review
配送师傅速度很快，态度也好。,1,train,waimai_review
第一等了两个小时，第二真的不好吃，菜量还特别少,0,val,waimai_review
送到之后面基本不能吃了,0,test,waimai_review
配送用了2小时，距离不过300米，差，太差。,0,train,waimai_review
性价比不高，跟图片差很远,0,train,waimai_review
送饭速度太慢,0,val,waimai_review
估计是人太多了吧，很晚才送到。,0,train,waimai_review
送餐太慢等一个半小时,0,test,waimai_review
"虾线不挑，看着太脏,不吃苦瓜，结果里面是苦瓜炒肉,一次失败的订餐",0,train,waimai_review
服务态度很差，让人等将近两小时也就算了，还少送一样，给打电话送少送了，还说让等下次点时一起送，这么差的态度谁还点下次啊。凉拌米线也很难吃，感觉糊弄的态度，简直一个差字都不足以评价了,0,train,waimai_review
很好吃，。送餐准时！！！,1,train,waimai_review
东西不错，但是送餐时间比我预定的晚了居然整整两小时，我已经提前预定了，还那么晚，实在太讨厌了！,0,train,waimai_review
送货超级快，服务超级好，一旦拥有别无所求,1,val,waimai_review
速度很慢！卷饼很难吃，还20块钱，里面全是肥肉，坑死了！,0,val,waimai_review
饼比较硬，肘子卷不错，可是吃不出来是肘子肉,1,train,waimai_review
真的两个多小时！！！！,0,train,waimai_review
量挺大的，送餐也及时，就是同事说肉吃着有些不一样。。。,0,test,waimai_review
第四天了！,1,train,waimai_review
给三星是因为送餐很快，但是美式都已经洒了很多，杯子外面都是咖啡,0,test,waimai_review
奶茶超级好喝，喝了好多次了,1,train,waimai_review
实在太慢，送到的时候凉了，汤还洒出来了，说是量太多。。。。太多。。。。,0,val,waimai_review
"标注不要奶油还放了奶油,，饮料没有吸管",0,train,waimai_review
凉皮很好吃。就是南瓜饼和春卷儿太坑了,0,train,waimai_review
很准时，味道不错，不过还是没有现场吃好吃……送餐师傅辛苦了！,1,test,waimai_review
好吃，这个评价够了吗,1,train,waimai_review
服务好，菜挺好吃的,1,train,waimai_review
肉卷料很足，粥量有点少，送餐较快。,1,test,waimai_review
挺好吃的，京酱肉丝里面全是汁水很不错，肘子也还行，吃了2个和一碗粥，勉强吃饱，感觉有点少，这个中号的有大约5*5*25那么大，大胃的可能2个不太够。,1,train,waimai_review
味道很好！,1,train,waimai_review
串这次不好吃,1,train,waimai_review
等了一个半小时……就算下雨，我的地址距离餐馆可是直线啊！！！！中间无障碍物！！！到的时候，装餐的纸袋子都破了湿了……百度送餐员也太不靠谱了,1,train,waimai_review
焦糖玛奇朵忘了放咖啡了吧,0,train,waimai_review
好吃，送餐时间太早了,1,train,waimai_review
和传说中的一样，就是分店少了点，多开些分店，好在北京大部分地方都能吃到。,1,test,waimai_review
饼不值这个价钱，粥也做的不咋样,0,train,waimai_review
一般，说实话没有我自己做的好吃好评吧,1,val,waimai_review
姜太多了，有些吃不适应。,1,train,waimai_review
专门打去电话改送餐时间，店家也说纪录好了，可是还是11点给我送来了，汗！谁中午饭这么早吃啊！更何况还没下班呢！真郁闷！,1,train,waimai_review
挺不错的！,1,train,waimai_review
太清淡了，没什么胃口，菜饭明显不等量，菜太多，饭太少,0,train,waimai_review
以前很快，不知道这次怎么了，好慢。而且里面没有奥尔良，不知道是没有还是忘记加了，不是很满意。,0,train,waimai_review
不好吃，真心不好吃,0,train,waimai_review
很快很好吃更给力会继续支持的,1,train,waimai_review
真的不好吃，不过按照我的要求做了，谢谢,0,train,waimai_review
还行，挺好吃！,1,train,waimai_review
油豆皮没送,0,train,waimai_review
速度略慢了,1,train,waimai_review
我都是老顾客了，原来特喜欢这样家店，但是今天真心太慢了,0,train,waimai_review
味道还可以，快递很快。,1,train,waimai_review
"菜品美味,服务一流！",1,train,waimai_review
填写了发票信息却没有开发票。负责配送调度的工作人员也不专业，都不清楚是否需要发票抬头。好的是发货快，饭菜性价比还可以,0,train,waimai_review
不怎么样，量比去店里吃少多了，泡菜汤不好吃，辣牛肉粉丝好吃,0,train,waimai_review
我的肘子卷变成了香菇卷。皮蛋粥变成了南瓜粥。。不太合适吧....,0,test,waimai_review
皮蛋瘦肉粥味道太淡了……,1,train,waimai_review
餐到的时候有点冷了，其他方面还可以,0,train,waimai_review
"口味能再重一点吗？大料不用钱买？不喝三杯水,我是吃不下去的",0,val,waimai_review
"送错了,打电话要求补送也不送",0,val,waimai_review
很好吃，就是叫多了,1,train,waimai_review
肘子有点腻,0,train,waimai_review
只有汤没有米饭，没有小菜，汤里有一条牛肉，非常棒的商家！决定的差评！！？,0,train,waimai_review
太难吃了。大米不好蒸的也不好。鸡都是碎的。,0,train,waimai_review
垃圾送了麻痹快两个小时！,0,train,waimai_review
昨天太忙没时间来评语，分量足，味道是我全家喜欢的，价格实惠，赞赞，骑士哥也非常给力。,1,train,waimai_review
还有垫纸，非常贴心。,1,train,waimai_review
味道超级棒,1,train,waimai_review
卷饼很好吃！,1,train,waimai_review
说不要辣椒！还放辣椒！全倒垃圾桶了！,0,train,waimai_review
百度骑士辛苦！送菜及时！菜很好吃！,1,train,waimai_review
味道不错，送餐快,1,train,waimai_review
第一次的配送员打翻了我的面；第二次的配送员态度很差，手机号码是：13051325039.,0,train,waimai_review
个人觉得和汉拿山差多啦！送的时候已经让人觉得没什么胃口了！,0,test,waimai_review
快递很及时，很方便很好,1,train,waimai_review
"送餐磨蹭,菜花腥臭,扔了",0,train,waimai_review
"送餐还是很快的,牛肉有点腻,没有以前的爽口",0,train,waimai_review
菜很好吃，不过最好别吃带汤的，因为送过来时会变软好多，味道还是不错的,1,test,waimai_review
味道一般，而且鸭头没给切开，吃着真费劲，餐具也没给特意标明的,0,val,waimai_review
凉皮里面就一点辣椒，其它什么料也没有，超难吃，油条和鸡翅不像好油炸的，看着没食欲，下次在也不订这家餐了！,0,train,waimai_review
"把我点的菜都给忘了,10.30下的单,12点10才到,我能说什么呢",0,train,waimai_review
饭都凉了，烦躁,0,train,waimai_review
配送速度，大雪天的，师傅很辛苦，就是鸡肉卷有点咸了。。。,1,train,waimai_review
餐具给的不是很全，最后得用筷子吃焗饭,0,train,waimai_review
黄太极骗子，根本没送还确认，垃圾，大家别点。和百度外卖勾结欺骗消费者，这诈骗行为，我要打315投诉！！！,0,train,waimai_review
送的慢1个多小时，卷饼特别干，没有老北京鸡肉卷好吃，因为里面没有酱，而且肉不太好，感觉不一定是肘子肉，不会再吃了,0,train,waimai_review
口味不错、速度也够快，就是量少了点。,0,train,waimai_review
商家因为某个东西售完直接取消了订单，就不能提前打个电话么，白等了半小时。,1,test,waimai_review
最喜欢吃土豆丝炒肉煎饼,1,train,waimai_review
"味道还可以,大酱汤汤多料少,土豆比较多水果沙拉还不错",0,train,waimai_review
以前定过好几次都挺好，今天巨慢不说，菜汤洒的哪里都是，恶心死了,0,train,waimai_review
"还好吧,送餐特别快,花蛤好吃,爪子不好吃",0,train,waimai_review
"太坑了，要了奶黄包,送来两份豆沙包,给客服打电话说补送一份，结果送来还是豆沙包",0,train,waimai_review
送餐晚了，迟到好过不到，只能评价一般吧。,0,train,waimai_review
午餐高峰时段速度很快！,1,train,waimai_review
等了2个多小时，打电话取消了两次，后来又送来了，真是无语了！饼是粘的，不好吃,0,train,waimai_review
披萨太油了，还发现一根头发在上面。,0,train,waimai_review
"很好,只不过吃完拉肚子了",1,train,waimai_review
豆腐脑很好喝，煎饼果子也不错，网上订餐超级便宜,1,train,waimai_review
这顿饭做了两个多小时，而且果粒橙没有了，没送,0,val,waimai_review
很快，快递员很热情。,1,train,waimai_review
汤多些面少些更好。,1,test,waimai_review
这个菜也太难吃了，四季豆老的不行,0,test,waimai_review
送过来披萨还是热的，一如既往的好吃，赞一个,1,val,waimai_review
牛杂很好吃,1,train,waimai_review
两次都超时，饭菜都凉了,0,train,waimai_review
"土豆炖得特别好,适合老人吃,谢谢",1,train,waimai_review
每次送来的筷子都有问题……不是发霉就是有味……,0,train,waimai_review
"无意中看到有特价套餐,味道很好,送餐速度也很快",1,train,waimai_review
买了四次，除了第一次是满意的，第二次还好之外。第三第四次，非常差。第二次我要的重辣没有了，好歹给我打个电话通知一下，换了个口味。第三第四次直接就给换了，而且还不好吃！非常差,0,train,waimai_review
纯肉得，有种肉夹馍的味道,1,train,waimai_review
量大卷，很粗壮虽然送了手套一只很贴心，但吃上还不是很方便留汤儿啊！口感一般没有特别记忆的味道，送餐快态度好外包装牛皮纸袋好！,1,train,waimai_review
"水果沙拉一股子刀味,餐饮做成这样一点都不卫生,不会点它家了",0,train,waimai_review
饭菜送来时还是热的,0,train,waimai_review
肘子肉味道有点淡，肉有点硬，有的带着筋咬不动，面饼不知道为什么发红，感觉没有上次好吃了。,0,val,waimai_review
整整两个小时，快递员才取餐…,0,train,waimai_review
"送餐速度太慢,我将近等了一个小时,下回不会定了",0,val,waimai_review
送外卖的小哥态度太差，没法子忍受！,0,train,waimai_review
太难吃了，吃到最后碗底有蟑螂，恶心死了,0,test,waimai_review
都好喝。烤珍珠尤其好喝,1,test,waimai_review
迟到了30分钟,0,train,waimai_review
又快又好！！！,1,test,waimai_review
忘给筷子了…,0,test,waimai_review
催单过程中，餐厅服务员态度一般！没说完就挂电话！,0,train,waimai_review
系统显示快递已取货，但10分钟后打电话问快递员还在店内没取货，明显有欺骗性质！导致客户在门口等了很久！,0,train,waimai_review
下午1点送到的，面都坨了。没有吃,0,train,waimai_review
送餐慢，送了70多分钟，而且包装简单，拿到之后，到处都是红油，餐巾纸都没有！最后吃完饭，办工桌子就跟一个废墟一样，身上到处都是红油，说了不吃辣椒，结果还是辣椒粉多的要死，我自己因为不够20元，多加了一个小果粒橙汁，然后送给我的盒装饮料取消不送了，简直悲剧。,0,train,waimai_review
东西还是很好吃的，要是速度快点就无敌了,1,train,waimai_review
希望很快送到就好了,1,train,waimai_review
送餐很及时，菜品味道不错！,1,train,waimai_review
量小皮厚不好吃，不会再点了,0,train,waimai_review
别的都没问题，也很快，就是经常忘记给我辣酱包！,0,train,waimai_review
不错不错，速度很快,1,train,waimai_review
里面有两根头发，差评，,0,test,waimai_review
点的抹茶拿铁送的普通拿铁！,0,train,waimai_review
一看就是年轻人搞得，有青春的味道，不过你那尖椒不要都集中在底部,1,train,waimai_review
不是第一次定！正餐时间订都没这么慢过！一个多小时！送来金牌炒饭是给猫吃的呀？饭盒少半盒！佩服！！！,0,train,waimai_review
"服务很好,很到位",1,train,waimai_review
很给力！便宜又好吃,1,train,waimai_review
"饭做的难吃，送外卖的也让人无语，,谎称保安不让进门，让我跑了好远才拿到，当面对质是送外卖的自己不想进，真想骂人！",0,train,waimai_review
比想象的高大上好多啊…很好吃。,1,test,waimai_review
"又一次来,不错的说",1,train,waimai_review
好喝！味道超赞！送餐员也很准时！,1,val,waimai_review
配送员配送很快，粥好吃。,1,train,waimai_review
不好吃，包子还不熟，都硬邦邦的,0,train,waimai_review
凉皮没醋，没盐，不知道怎么吃，从来没吃过甜的凉皮，真难吃,0,train,waimai_review
整整两个小时才收到饭～啥都不说了,0,train,waimai_review
"两个小时才送到,京酱肉丝简直打死卖盐的了,以前很好吃的呀",0,train,waimai_review
买饺子没有醋。打电话问还说只有备注了才有。吃饺子都吃醋还要备注吗！第一次定不知道还都只能白着吃了？花钱买了东西跟欠了他钱是的。什么商家！,0,train,waimai_review
味道好吃，就是这配送真慢，还是给五颗星，配送人员也不容易，请下回注意,1,train,waimai_review
比在店里吃还便宜,1,train,waimai_review
中份感觉男生吃不饱,1,train,waimai_review
特别好喝，经常定，快递小哥非常好。,1,train,waimai_review
送餐很及时，卷饼好吃，量大～,1,train,waimai_review
"这家饭菜很好吃,常常点餐。筷子不够数。现在送餐只到楼下了求了半天才管送过来很麻烦啊。不开心。",0,train,waimai_review
超时三十分钟赔付呢？我不问就不提这事儿了？,0,train,waimai_review
"特别写了酱油炒饭不加蛋了,结果还是加蛋了",0,train,waimai_review
服务态度非常好，谢谢！,1,train,waimai_review
"味道超赞,送的也快提前了半个小时",1,train,waimai_review
套餐不送饮料的么？,0,train,waimai_review
"鸭蛋都没拨壳,什么情况,太无语了,头一次吃鸭黄肉丝粥附赠蛋壳的",0,val,waimai_review
好奇怪的味道,0,train,waimai_review
"速度太慢,不要了",0,val,waimai_review
"好吃,就是太慢,两个小时才送到",1,train,waimai_review
大家都不要买，恶心死了，明明定的是豆浆，送来的确是可乐，还不给退，然后补送来的豆浆一打开里面长长一根头发，太恶心了！！！,0,train,waimai_review
实在是太慢了，等了一个半小时。菜都凉了，锅包肉凉了还能吃吗？,0,test,waimai_review
腊牛肉好吃极了！,1,val,waimai_review
卷饼好吃。外卖小哥服务态度好。各种赞,1,train,waimai_review
饼还不错。就是稍慢了点,1,train,waimai_review
味道很好，分量足，好好吃,1,test,waimai_review
糊了！怎么吃！糊了还给送过来！,0,train,waimai_review
咸死我啦……,0,val,waimai_review
送餐超快！谢谢！给100个赞。,1,train,waimai_review
小炒肉卷饼好辣~,1,test,waimai_review
"价格太划算了,买了三个水果盒,一杯豆浆,两个煎饼,才¥28。食物好吃干净,水果新鲜,葡萄粒粒饱满结实,桂圆大粒,煎饼飘香。,这么大雨,大暴雨啊,真的很感动,谢谢送餐大哥,您辛苦了！！！",1,train,waimai_review
太咸了，建议做淡些，给口重的用户配一小包盐,0,train,waimai_review
80多分钟，饿过头不吃了,0,train,waimai_review
"没送,直接关单",0,train,waimai_review
等了很久，派送员非常有耐心也很有礼貌,1,train,waimai_review
鸡肉还带着皮,0,train,waimai_review
送餐你得给筷子啊。。,0,train,waimai_review
配送服务非常好，稻香村很好吃,1,val,waimai_review
又慢又不好吃。。。谁订坑谁,0,test,waimai_review
还可以！非得写十个字吗？操蛋,1,test,waimai_review
送餐很快，但是太咸了。还是去店里的炖肉套餐好吃，外卖部划算。,0,test,waimai_review
五花肉泡菜饭里有两片肉，剩下都是泡菜，。。。呵呵，再见。。第一次也是最后一次订这家,0,test,waimai_review
"非常好,素拌分量刚好一人吃，奶茶略甜了些，但有普洱味道，挺好喝的。,送餐小哥很有礼貌",1,train,waimai_review
土豆丝可以做的咸点儿吗？,1,train,waimai_review
准时到达，味道也不错。,1,train,waimai_review
还行，豆腐脑味道不行,1,test,waimai_review
"家常土豆丝是我喜欢的口味,榄菜四季豆好次,感谢百度小骑士喔,辛苦辛苦",1,train,waimai_review
牛肉蔬菜拌饭是辣的。不吃辣哎。这家还是宇宙饼最好吃。,1,test,waimai_review
好快。这次肘子卷饼青椒和肥肉好多，好辣,1,train,waimai_review
很不错，味道好，送餐服务好～～～,1,train,waimai_review
非常非常好~~~,1,train,waimai_review
餐盒变形，内外全是菜汤子，影响食欲。,0,train,waimai_review
比预计时间送的还早十分钟，态度很好，点赞！,1,train,waimai_review
感觉不太好吃，价格贵。但是百度外卖的送餐人员态度很好！,0,train,waimai_review
"师傅态度特别好,菜的味道也很好",1,train,waimai_review
"什么叫完美~,订了口口香~优谷你就知道，不是打广告,真的非常棒，味道，菜色，必须赞，足足足！,百度骑士非常给力。服务是想当热情，在楼下非常正式的军姿等待我们取餐，双手端饭送给我们，还祝我们用餐愉快，一双墨镜透着帅气~",1,train,waimai_review
太油了，这哪里是牛肉汤,0,train,waimai_review
第一次尝试，味道还不错,1,train,waimai_review
这家店和百度外卖太配了，炒菜速度也快，送餐速度也快，全家都很满意，点了四个菜，宫保鸡丁、鱼香肉丝、酱茄子、酸辣土豆丝，土豆丝是面的，也挺好吃，其他几个菜品味道都不错，多吃了碗米饭，作为送餐能这样的效果超级知足了！还会再来！,1,test,waimai_review
挺好的，不错,1,val,waimai_review
搜锅包肉，这家卖出份数最多，所以选择了这家，可太失望了，面裹的比肉厚很多，基本里面没有肉，一份锅包肉两盒装，能有一两肉就不错了。糖醋味也不浓，重度怀疑出售数量造假，,0,train,waimai_review
迟到四小时送来，真的是宇宙第一慢，迟到也不打电话说声，什么狗屁卷饼。垃圾商家。,0,train,waimai_review
等了两个半小时,1,train,waimai_review
"好吃又快,要是辣的能标出来就好了",1,train,waimai_review
餐到的挺快的，服务态度也好，卷饼应该也会很好吃~还送了手套，挺值的，卷饼中型的巨大~卷饼好吃……,1,val,waimai_review
送餐师傅很好呦！饮料好大杯！吓死宝宝了！,1,train,waimai_review
饺子送到都凉了,0,val,waimai_review
配送很慢，味道一般一般,0,test,waimai_review
订了三碗粥，三份分量都不一样坑,0,train,waimai_review
好极了！送来还是热的！,1,train,waimai_review
"一盒撒了,小哥又去排队拿了一盒,棒棒哒",1,train,waimai_review
晚上除了麻辣香锅以外没吃任何其他东西，吃了之后两小时就开始上吐下泻，到现在水状腹泻两次，呕吐四次，连胆汁都吐出来了。,0,train,waimai_review
"等了2小时终于送到了。,然后订的青菜黄了，绿豆沙也撒了，汤也冷了，粉硬到拌不开。,有个超时赔付有什么用呢，能吃吗？还不是得倒掉。",0,val,waimai_review
第一次点餐，太惊艳了，在这种雾霾天，下单之后20分钟就送到了，还没品尝，直接全给五星好评，外卖小哥辛苦了，你们要注意身体哦，么么哒,1,train,waimai_review
不油腻，好吃。陪米饭,1,val,waimai_review
蔬菜一起煮汤里就不太好了，味道还是没的说，在这家买过好几次了，很喜欢。,1,val,waimai_review
骑士太给力了，送餐快，直接到门口,1,test,waimai_review
味道有待加强,1,train,waimai_review
商家包装质量太差，汤都没法喝。配送人员服务态度好,0,train,waimai_review
不错。锡纸包装,1,val,waimai_review
不好吃同事都说没店里好吃，瞎凑合，我要的蔬菜沙拉也不新鲜，烂菜叶子。,0,train,waimai_review
好吃，撑！,1,train,waimai_review
味道很好，分量好像比在店吃的少。,0,train,waimai_review
汤包好吃！送得也快，天气很热，送餐员辛苦了！,1,train,waimai_review
包装好，味道好，很满意。,1,train,waimai_review
不错啊，饼很实在，吃得饱~哈哈,1,train,waimai_review
请问菠萝包在哪里！而且点的蜜汁叉烧说没有换烧鸭，我问价钱是不是一样，告诉我一样，结果还是补了差价。,0,train,waimai_review
慢死了，气死了,0,train,waimai_review
配送的太太太慢了，催单根本没用，餐厅电话打不通！,1,val,waimai_review
"时间太长！还少了个汉堡和薯条,最后小哥去店里又取了一趟才吃到",0,train,waimai_review
两个小时才送来，卷饼味道还行，粥还不如早点摊的，没有皮蛋没有瘦肉，粥也没味道。冲着卷饼给两星吧。,0,train,waimai_review
曲奇很好喝,1,train,waimai_review
喜欢他家的土豆肉丝卷，口感偏硬，适合我的好牙口！尖椒土豆丝太油了,1,train,waimai_review
百度骑士很好很快速送到了，这大雪天的百度骑士非常好，必须大赞,1,test,waimai_review
时间太慢了,0,train,waimai_review
送蛋糕很快到家，蛋糕很好吃，赞,1,train,waimai_review
良少，味道一般明显比去店里吃差很远,0,train,waimai_review
速度慢，都是食物真的很棒,1,train,waimai_review
"口味,不错，干净味道好，送货员服务非常好！",1,train,waimai_review
丽华饭量小了点,0,test,waimai_review
挺好的，也很快，好评！,1,test,waimai_review
东西好吃，包装也仔细，送餐很快！,1,test,waimai_review
极差评，百度你们的配送员太垃圾了。,0,test,waimai_review
饭还挺实在给个好评送餐挺快,1,train,waimai_review
美女老板加新菜了→_→,1,train,waimai_review
送餐员时间延误,0,train,waimai_review
"两个多小时都没送过来,联系百度退单了,下次不会再订了",0,train,waimai_review
味道不错速度快,1,train,waimai_review
越来越难吃了，还是口味越来越难伺候？,0,train,waimai_review
披萨非常好吃,1,test,waimai_review
还行，中份不算大，够一个女生吃，油太多了,1,train,waimai_review
"还行把,就是饮料到的时候给挤坏了，都撒了。没喝几口",0,train,waimai_review
送来全洒了,0,test,waimai_review
"天气不好,非常感谢,还是热的,好评！",1,val,waimai_review
这个煎饼也是醉了。。。,0,train,waimai_review
老公说一般,0,train,waimai_review
都很不错，鸡翅略微有点咸，不过还能接受。,1,test,waimai_review
没想到味道这么棒，以后我就多订，请多多关照！,1,train,waimai_review
配送人员服务态度好，菜品太美味了，还会再来，满意！,1,val,waimai_review
蛋糕溶掉了,0,train,waimai_review
挺好的。包装很好,1,val,waimai_review
汤里有虫子，此生不买第二回,0,test,waimai_review
速度很快，百度骑士人也特别好！,1,val,waimai_review
快递恶劣到极点了，还耍小心眼,0,train,waimai_review
很好吃，下回还会买的,1,train,waimai_review
京酱肉丝不错，炒合菜粉丝太细，菜太少了,1,train,waimai_review
外卖员把汤全洒了，菜还是凉的！绝对差评,0,train,waimai_review
订的卷饼送的拌饭，味道还好,0,train,waimai_review
"运输速度快得不行,不满10个字",1,train,waimai_review
菜量有点少,0,train,waimai_review
强烈不推荐回锅肉盖饭！！！真的太难吃了！！！全是大肥肉！！！不能再肥了！！！,0,train,waimai_review
以前都是正一味自己送餐，今天换成了百度外卖送餐，一个距离家走路十分钟的餐馆，从下单到送达用了快两个半小时。送来的餐全是凉的，面也变成了一坨。不能取消订单，没有任何电话通知送不到，送餐服务一颗星都不想给！,0,train,waimai_review
堂食与外卖的菜量难道不一样吗？菜量明显不够啊。,0,train,waimai_review
饼味道一般吧，很少的一碗粥。,1,test,waimai_review
没吃过这么难吃的凉皮………还不如路边摊………,0,train,waimai_review
一份饺子12个，有三个里面带蟑螂，恶心死了，卫生是得多差啊,0,train,waimai_review
很不错，加班餐定点，很好吃,1,train,waimai_review
和送餐师傅关系不大，问题是商家没有装够东西，漏放了大薯条，最后补了一个，感觉不像大薯，应该还是中号薯条。习惯好评。没有给差评的习惯。第一次给三颗星。,0,train,waimai_review
好吃，好吃，好吃，重要的事情说三遍。,1,train,waimai_review
挺快的，就是味道不太好吃，意面没有黑胡椒，没有辣椒，没有洋葱。,0,train,waimai_review
都没吃出什么味道，饿死啦。晚了1小时多。,0,val,waimai_review
好吃！肉多！实在！牛肉豆芽蘑菇洋葱,1,train,waimai_review
今天师傅是不是手抖了，微辣格外辣！,1,val,waimai_review
太烂了，太无语了,0,test,waimai_review
配送速度很快，配送员服务很好，包子一如既往的好，下次还会光顾,1,train,waimai_review
太赞了～宇宙速度～10分钟就送到～,1,test,waimai_review
大牌就是靠谱!,1,test,waimai_review
"别的百度骑士都给送上楼,这个没有给送到楼上,没有就算了,态度也一般,就这样吧,粉吃起来的味道还是可以的,气味稍微有一点怪。。而且并没有见到螺丝,有点失望",0,train,waimai_review
大号卷饼太大。如果胃口比较大。推荐吃两个中。,1,test,waimai_review
取餐后四十分钟送到,0,train,waimai_review
送货快，老字号值得信赖。,1,train,waimai_review
面不够劲道，煮时间偏长？,0,val,waimai_review
很快，好吃,1,train,waimai_review
一个半小时才送到，催单态度还不好！,0,test,waimai_review
"很好,速度也很快,继续努力～～",1,train,waimai_review
我的电话打不通，不知道为什么,0,train,waimai_review
味道好！名店质量有保障！送餐速度也很快！,1,train,waimai_review
"感觉跟说好的不一样，不值这个价钱，石锅拌饭的鸡蛋都变成鸡蛋饼了,而且还没酱",0,val,waimai_review
餐也没收到！真心差,0,test,waimai_review
孜然鸭肉不是很好吃,0,train,waimai_review
很辣、但是很香～吃完一次还想吃哈、送餐速度也很快～,1,train,waimai_review
"一般,不是特别好吃",1,train,waimai_review
百度快递师傅非常好，这么热的天这么快必须赞一个,1,train,waimai_review
百度的自送服务非常好，希望推广到每家店,1,train,waimai_review
太少，太难吃！！！,0,test,waimai_review
量挺大的！,1,train,waimai_review
"送的晚,少送了餐",0,train,waimai_review
多次购买！赞,1,train,waimai_review
很好吃很实惠～但有点不够吃，要是加送点当主食的饼就好了～,1,test,waimai_review
"整整一个小时,送餐状态没有更新,结束后显示12:06送达,实际上12:30才到",0,train,waimai_review
皮蛋瘦肉粥点了两份送了一份。撒的袋子里都是。,0,train,waimai_review
50块买了碗汤和两坨米线，呵呵这钱也是好赚，知道为什么评价这么低了,0,train,waimai_review
挺精致的午餐、百度快递不错、很快！,1,train,waimai_review
以后送饭的能不能到了再打电话？特么每次接到电话下去得等5分钟以上是什么意思？,0,train,waimai_review
送餐速度在快些就好啦！,1,train,waimai_review
下雨天，小哥还提前送过来了，好辛苦，好评,1,val,waimai_review
西安的魏家凉皮。。。才不是这个样子！！,0,train,waimai_review
有点味了都,0,train,waimai_review
送餐速度很快！就是忘了点备注的需要餐具了，以后能不能直接送餐具？,1,val,waimai_review
吃过好几次了，味道挺不错的，外卖送的很快，喜欢,1,train,waimai_review
送的河粉不是肉丝炒河粉加卤蛋，给我改成排骨河粉，有点无语,0,train,waimai_review
少了绿豆沙，最近是怎么了，钱都网上付了可老是少东西，外卖送来的的点菜单上就没打上绿豆沙,0,train,waimai_review
快递员态度好，送餐快，总之都很好。,1,train,waimai_review
送来的有点儿晚了，面条有点儿陀，不过味道真的不错，赞一个！外送小哥态度也很好！,1,train,waimai_review
够快的，送餐小伙子态度很好,1,train,waimai_review
味道还可以，送餐速度，唉，慢了点,1,val,waimai_review
"味道很不错,传统风味",1,train,waimai_review
不喜欢，有股怪味。。扔啦,0,train,waimai_review
真心好吃！！,1,train,waimai_review
送晚了，饿得吃得很香,1,train,waimai_review
速度快……棒棒的,1,train,waimai_review
"鸡翅太坑了,那是小腿肉,好少的,菜量好少",1,train,waimai_review
好呲，但是锡纸不怎么保温的说。。。,1,train,waimai_review
两个半小时。。。,0,val,waimai_review
第一次用，感觉很好！,1,train,waimai_review
菜品偏咸，味道也一般。打开包装里面菜汤全洒了。,0,train,waimai_review
咖啡送错了，晕死，太不靠谱了,0,train,waimai_review
第一次在百度外卖上给差评。两个小时左右才送到。而且不好吃。,0,train,waimai_review
东西好，对川人不合口味,1,train,waimai_review
好，爱吃夹油条的煎饼果子,1,train,waimai_review
"第一次定,居然是这样,少,还花27,坑爹啊,不值",0,train,waimai_review
"吃了这么多次九品，今天竟然吃到小强!!!,心情极差，希望店家改善厨房卫生环境!",0,train,waimai_review
好极了好极了好极了……,1,train,waimai_review
"很好,味道淡淡的,而且很干净",1,train,waimai_review
"锅包肉太甜了。松仁玉米水太多了,感觉没几个松子",0,train,waimai_review
煎饼味道不错，豆腐脑也很赞,1,val,waimai_review
迟到半小时，没有电话。取消订单强行送来,0,train,waimai_review
10分钟之内送到。真快！,1,val,waimai_review
满意，满意，好吃，好吃，味道超级棒棒棒棒！速度快快快。,1,val,waimai_review
"1.前一天有同事在这家订餐，送达时间早了一小时；今天送达时间晚了一个小时。,2.给商家客服打电话，找了一堆理由推脱。,3.打完客服电话后送餐员打过来2个电话，装作找不到路，送达后解释说第一天上班，被前一天订餐的同事认出是同一人。,4.,2.5公里的路程，送餐员步行送餐，送达后所有菜品完全是凉的，没有一点温度。现在北京的天气刚刚过完大寒！,5.第一次遇到这么差的外卖，以后不会再订，劝告商家做不起外卖就不要做。",0,train,waimai_review
菜量太小了,0,train,waimai_review
"就在路对面,送了一个快一个半小时,差评",0,val,waimai_review
"这是我吃过最差的一次外卖,1.外卖盒上裹着厚厚的一层凝固脏油,2.备注单上特意写着两个卤蛋不要送差，结果还是只送了一个,3.卤蛋上还有鸡蛋壳在上面,脏乱差",0,train,waimai_review
餐品少给了我一个，我上楼后才发现。电话送餐员，送餐员也没检查就一口咬定是商家少给了。让我自己沟通商家。结果商家确认确实给了。至今还没送还。,0,train,waimai_review
还算凑合吧，不怎么好吃,0,train,waimai_review
"面太干太硬不好吃，除了面就有两片木耳，差评！,汤水洒的满世界都是",0,train,waimai_review
一般，量小，干净卫生,0,test,waimai_review
之前买过这个菜，鱼和酸菜量都足，吃的很满意，可是这次鱼少不说，酸菜也很少，满碗的辣椒葱姜蒜！全是配料！我买的是酸菜鱼！不是葱姜蒜辣椒汤！太让人失望了！,0,train,waimai_review
送餐小哥很细心,1,test,waimai_review
不能再赞了，我由于饿了让提前送了，居然20分钟就送来了，而且服务态度很好，送餐的打大叔态度也很好。重要的是食物好吃，我非常喜欢。好评全5分,1,test,waimai_review
食物还好，送餐太慢了，而且还给送错了。,0,train,waimai_review
简直太烂了，凉皮连调料都没给，让人怎么吃？,0,train,waimai_review
第一次在这家订，也是最后一次，两个小时才送到，呵呵,0,train,waimai_review
恶意点确认，菜未送到，提前点击确认。,0,val,waimai_review
送的有点慢,0,val,waimai_review
还不错~~包装袋子特别棒！还送的有一次性拼图~,1,train,waimai_review
送的挺快的并且食品还是很好的跟以前一样我喜欢的口味，但是我要的发票没有送来呀,0,val,waimai_review
"速度太慢了,又没小票又没发票的",0,val,waimai_review
配送时间过长，也不能显示实时状态,0,train,waimai_review
这次的丸子做的没有味道！,0,test,waimai_review
米饭都没熟…再也不定了,0,train,waimai_review
面和粉的味道很赞啊，分量足，牛肉肥肠也给得多，豆干好大一块啊,1,train,waimai_review
锅包肉量特别少，还放两个餐盒。一个都装不满。手撕大拌菜都没放盐吧，一点咸味都没有，小西红柿都坏啦。,0,train,waimai_review
好吃，豆腐脑也很好，就是送过来的时候有点凉了，得加热一下,1,train,waimai_review
煎饼还是得现做现吃，豆腐脑非常好吃！,1,train,waimai_review
肘子卷好腻，吃完有点想吐……太油了，肥肉太多，没有太肚饿酱料调和一下,1,train,waimai_review
挺好得。买完了皮蛋瘦肉粥还给我打电话问问要不要南瓜粥。赞,1,train,waimai_review
还可以，就是送的山药卷没给，下次清点清楚再配送吧。,0,val,waimai_review
"第一次点,很好吃,米饭给的很多,菜也特别多,还有可乐,超级值好好好",1,train,waimai_review
速度非常快，味道也挺好，一直喜欢他家的皮蛋粥,1,val,waimai_review
都凉了，不好吃,0,val,waimai_review
热乎乎的，谢谢，送餐员辛苦了，速度很快，谢谢,1,train,waimai_review
"辣炒肥牛没有辣,卤肉饭没有肉",0,train,waimai_review
量大味道不错，配送相当快,1,val,waimai_review
一个半小时才给我送来，送到包子都凉了。,0,test,waimai_review
速度快服务态度好,1,train,waimai_review
味道跟店里吃的完全不是一个样啊，送餐太慢，汤也凉了,0,train,waimai_review
快递师傅很快送到，辛苦啦。,1,train,waimai_review
味道还不错，但是送餐太慢了，等了接近2个小时,0,train,waimai_review
"送餐速度快到令人吃惊,10分钟！！！",1,train,waimai_review
很慢，吃个饭等一个半小时，我就不明白，摊个煎饼五分钟的事要一个半小时？到了都坨了怎么吃，就离店面500米，真是服了,0,train,waimai_review
南瓜粥一般般，卷饼不错,1,train,waimai_review
卷饼味道不错，值班人员服务很好，只是单点的南瓜粥酸了，竟然在热乎的感觉下以为是刚出锅的，喝完后小提了一下，值班人员一尝果然是馊了，退给我了单点的粥的费用，服务很好，只是不知道今晚上会不会拉肚子，好怕。,0,test,waimai_review
等了近两个小时,0,train,waimai_review
送货速度太慢，餐厅距离我家很近，但是却跑到更远的地方去送餐，最后才来给我送餐，时间用了一个小时二十分钟,0,train,waimai_review
送餐慢，披萨巨小！还没餐具！！,0,train,waimai_review
点的馒头片没有送…希望下次能补上…,0,train,waimai_review
肉很多，卷饼很完整，也很好吃,1,val,waimai_review
炒米条撒了一口袋，这是干什么呢？超时前2分钟到了，气人玩呢是么？傻逼玩意,0,test,waimai_review
"凉的,怕拉肚子没吃",0,train,waimai_review
好吃.很棒！！.服务态度也好,1,train,waimai_review
"太慢了,一个小时二十分钟才到",0,val,waimai_review
很热乎，送货超级快，好评,1,train,waimai_review
包装很好，味道也不错，如果再有点菜叶就更好了，都是肉吃到最后有点腻,1,test,waimai_review
这么大的风！骑士送来还是热的！速度真心快！,1,train,waimai_review
下午五点五十五订餐成功，七点半之后才吃上饭，酸奶连影子都没看到，味道也就那么回事，蒜蓉粉丝娃娃菜油特别大，烧二冬都是淀粉，糊嘴都，以后绝对不定这一家了,0,train,waimai_review
碰到最差的店铺！餐点不送上楼。蛋糕没有冰袋，收到已经软化。味道也很糟，丝绒杯用的还是植物奶油。服务差。味道也差…,0,test,waimai_review
"我了个去,只给我送了个肘子卷,我的两碗粥根本都没做,我交得还是所有的钱,坑我呢？,我的粥呢？,打电话也没人接,什么玩意啊",0,train,waimai_review
"很慢,但很好吃",1,train,waimai_review
"下错单了,不过冷面味道不错,但是没有给我小菜",0,train,waimai_review
一直很喜欢他家的菜，全部，擂椒荷包蛋最爱,1,train,waimai_review
"菜品很一般,快递速度快",0,val,waimai_review
不错哦，快递员人很好,1,train,waimai_review
慢，送餐态度我也是醉了,0,train,waimai_review
我去，怎么写了个送达？？？根本,0,train,waimai_review
哈哈，名字都够霸气～,1,train,waimai_review
还不错，，，经常吃,1,train,waimai_review
披萨送到后变成煎饼果子了，包装根本不适合送餐！！！,0,train,waimai_review
菜量很大，味道也不错，师傅速度很快，好评～,1,train,waimai_review
"我备注的醋跟辣椒,辣椒又没有,现在辣椒卖的很贵吗？,为什么每次都没有,送的挺快的,牛肉的饺子没什么味道,以后还是点猪肉的好了",0,train,waimai_review
"不止一次啦,很好哦,爸爸很喜欢呢",1,train,waimai_review
不错，速度快,1,test,waimai_review
烤肠太硬，感觉都放了好几天的,0,train,waimai_review
速度很快，下雪天辛苦了。,1,train,waimai_review
老板态度非常好,1,test,waimai_review
送餐员态度不好，餐送到了还要客户下楼取，你怎么不让客户直接去饭店取。餐品一直很好，请继续保持,0,val,waimai_review
菜里吃到了清洁球！！,0,train,waimai_review
很好吃，送餐的工作人员也很nice,1,train,waimai_review
"卷饼里面建议放点酱之类,那样应该会更好吃",0,train,waimai_review
没勺子没法喝粥,0,test,waimai_review
越来越难吃，竟然有一大块盐在饭盒里，豆腐脑缺没放盐,0,train,waimai_review
自从进入了15年，再也不愿意给他家好评了,0,train,waimai_review
没有很好吃,0,train,waimai_review
送的很及时，好评。。,1,train,waimai_review
调味还不错，牛蛙肉老，米饭不好吃,0,train,waimai_review
第一次，感觉不错，孩子爱吃。,1,train,waimai_review
酸菜味道超棒，送餐速度也很快，辛苦快递师傅了！,1,test,waimai_review
没有以前好吃了，肉都坨在一起，不香，口感也不好。,0,train,waimai_review
100分钟！！等死了,0,train,waimai_review
配送超级慢，垃圾！配送超级慢，垃圾！,0,test,waimai_review
几乎天天都喝,1,train,waimai_review
"送餐师傅棒棒哒,怕我冷,东西送到大厅里,好贴心！！！！",1,train,waimai_review
物美价廉，很好，谢谢。,1,train,waimai_review
腻的很，难吃,0,train,waimai_review
鱼香肉丝饭和肘子卷不错价格便宜,1,train,waimai_review
非常好吃，而且速度特别快,1,train,waimai_review
"没有汤,差评",0,val,waimai_review
超级快就送到了，这么冷的天气骑士们辛苦了。谢谢你们。麻辣香锅依然很好吃。,1,val,waimai_review
"全洒了,昨天朋友的也是，今天我订的也洒了。",0,train,waimai_review
味道还不错啦。,1,train,waimai_review
"真快,味很好,也很方便",1,train,waimai_review
奶茶很好喝，快递员也特别好,1,train,waimai_review
非常棒！好吃,1,test,waimai_review
"送来的时候都凉了,味道一般,鲜果西米露就两口的量,鲜果就是一块西瓜一个西瓜籽",0,val,waimai_review
外卖小哥送的超快！点赞！,1,train,waimai_review
靠谱的一家,1,val,waimai_review
送餐速度慢，口味一般！,0,train,waimai_review
吃起来还不错,1,train,waimai_review
卡超级快就送到了谢谢谢谢,1,train,waimai_review
"我这太慢了吧。百度外卖说给回复,回复哪去了，迟到了2小时。",0,train,waimai_review
"一般吧,不够吃,价格不便宜",0,train,waimai_review
还可以哦，下次会再来的,1,train,waimai_review
很好，还很热！！！！？？,1,train,waimai_review
送餐慢得可以,0,train,waimai_review
慢点儿不过打电话说了,1,val,waimai_review
鸡肉味、牛肉味，不名物~~~,0,train,waimai_review
不好吃，没有其他地方店面做的好吃，鸡腿肉的酱太少了，特别干，一点都不好吃！,1,train,waimai_review
手抓饼很好吃，要免配送费就完美了,1,val,waimai_review
特别贴心的骑士。服务超级赞,1,test,waimai_review
天气不好，师傅辛苦了,1,test,waimai_review
少一份肉末酸豆角，因为上次少个卤蛋，这次多给了个卤蛋,1,val,waimai_review
特别棒，煎饼很好吃。,1,train,waimai_review
"味道很不错,送餐人员态度也很好,很赞,以后还会来",1,train,waimai_review
"我住在北京科技大学里面,不到500米距离送了1个半小时。菜基本凉了,而且洒了一半,弄得我手上,钱包上,桌子上全是油。做的再好吃也是差评",0,test,waimai_review
非常不好吃，韭菜的不熟，西葫芦的也怪坏的，而且基本看不到鸡蛋,0,train,waimai_review
真是把宇宙都卷包没了,0,train,waimai_review
又快又好！一如既往！！❤❤❤,1,train,waimai_review
去你妈的，什么几把玩意，气死我了,0,train,waimai_review
榴莲只有一点，推荐烘焙工坊,0,val,waimai_review
挺好的，就是煎饼吃到尾端都成糊状了。,1,train,waimai_review
百度骑士非常好，赞一个,1,train,waimai_review
稍有点贵哈～其他的不错！,1,train,waimai_review
不是一般的难吃，再也不来。,0,train,waimai_review
真不错，还有活动，超值的,1,train,waimai_review
面竟然没有tuo，有点微辣，好吃,1,train,waimai_review
太差了！以前吃过不是这样的！越来越差了！怎么搭配的啊！这么油腻！都是肥肉！里面一点配菜都没有！肥肉特别腻！差点吃吐！哎！想想以前还是不错的，现在怎么就这么差了呢，惋惜,0,train,waimai_review
13:20多才送到，呵呵嗒，强烈要求自取！！,0,train,waimai_review
肉很足，味道还行，就是送的实在太慢了，等了两个多小时，到的时候菜都凉了。,0,train,waimai_review
菜不错，但送的实在太慢了……,1,train,waimai_review
挺不错的~,1,test,waimai_review
这次的粥一碗太咸啦，另一碗没放盐。。明明买的都是皮蛋粥的说,1,train,waimai_review
备注了不要辣不要辣，结果还是一堆辣椒，胃疼不能吃辣，一整个扔了，里面还有一堆洋葱青椒，肉一点点！差！,0,train,waimai_review
小炒肉整成回锅肉~~、,0,val,waimai_review
可以吃，就是感觉凉点,0,train,waimai_review
难吃到爆！就鱼香肉丝的还好！,0,train,waimai_review
很好吃，送餐也快，赞！！以后会多订这家的！！^_^,1,val,waimai_review
味道棒！配餐快！大冷天喝一碗热腾腾的羊杂超棒！,1,train,waimai_review
味道不错，送来的比较慢,1,train,waimai_review
送餐很快，菜也好吃，值得推荐，就是量在大点就好了(づ｡◕‿‿◕｡)づ,1,val,waimai_review
呵呵。写的30分钟，送了1个多小时，泡菜汤好一般啊,0,train,waimai_review
点烤鸭居然没有鸭饼和甜面酱，而且也没说明。真是醉了,0,train,waimai_review
一直订眉州东坡的外卖，很满意，特别是外送小哥，还帮我把门口的垃圾拿出去到垃圾桶，真得赞一个。,1,train,waimai_review
不错！经济实惠,1,train,waimai_review
送哪去了？到现在都没收到。不知道说什么好了。,0,train,waimai_review
"不好吃,豆腐脑是酸的,豆浆是坏的,都不好吃",0,train,waimai_review
一如既往的干净好吃。,1,val,waimai_review
"太慢了,慢的不行,而且外卖肉少的可怜",0,train,waimai_review
推荐给同事的，同事说很好吃。,1,train,waimai_review
送餐非常快,1,train,waimai_review
送餐小哥帅气，态度好，菜品新鲜，扫光光喽!,1,train,waimai_review
凉皮没放盐，一点味道都没有，不满意的一次外卖,0,train,waimai_review
超级难吃，而且等的时间还长，11订的，1点多才送来，没有下次了，简直无语,0,train,waimai_review
咖喱鸡肉！饭菜全部洒在袋子里恶心到极点，卖家半小时做好饭菜，送餐用时1个多小时还超时20分钟,0,train,waimai_review
锅包肉巨难吃，不知道拿什么做的包粉。甜的发齁还掉渣儿。。。,0,train,waimai_review
送餐骑士太赞啦～送来的太及时啦～赞,1,train,waimai_review
吃习惯了，我们一直都点他家。就是用心做得好。,1,train,waimai_review
熘肝尖儿没有味道…很难吃。菜花备注说少辣、结果辣的要死。,0,train,waimai_review
一不小心点错了，一个小时十五分钟了，还没送到,0,train,waimai_review
大份的就那么一点，然后价格比在别的饭店单点个菜还贵。,0,train,waimai_review
"非常实惠！肘子稍微有点腻,土豆卷很好吃",1,train,waimai_review
第一次用这种玩意，感觉羊都已经被薅秃了,1,train,waimai_review
挺好的，送的也挺快的，米饭再好点就更好了，感谢送的coffee,1,train,waimai_review
百度送餐员的卫生真是堪忧,0,train,waimai_review
南瓜羹不错,1,train,waimai_review
量太少了，干锅牛蛙都是辣椒都没有牛蛙，不值这个价格,0,train,waimai_review
"这次东西没少,但是为什么每次送来的汤都是凉的,昨天是勉强有点温度,今天我的是彻底凉的,你们是把剩的给我送来了么",0,test,waimai_review
等了几乎两个小时，和预估40分钟未免相差甚远？,0,train,waimai_review
配送员服务态度非常差，差，差，弄的没法吃饭，这个配送员店里应该让她走人。很气的，,0,train,waimai_review
好吃，就是饺子坨了，帖在一起,1,val,waimai_review
送餐非常慢，一个多小时，距离只是马路对面而已！而且有两分套餐还是冷的！,0,train,waimai_review
鸡腿肉卷饼肉很足，但有点干,1,train,waimai_review
"味道一般,送餐很慢",0,val,waimai_review
135分钟才送到，让我能说什么呢？,0,train,waimai_review
快递态度很好，大冷天的辛苦了。,1,train,waimai_review
速度很慢，盖饭分量小，两份估计都不够吃，习惯好评,1,train,waimai_review
"慢慢慢！！！！差差差！！！！送来都凉了,第一次点这家，也是最后一次点了！",0,train,waimai_review
这几天都在点，今儿给朋友点了几杯她们都赞不绝口！赞！,1,test,waimai_review
师傅人很好，送的超级快,1,train,waimai_review
好评，味道不错,1,train,waimai_review
鸭子只有一小盒肉，就没收到过肉这么少的烤鸭，半只烤鸭我信，一只我真不信！,0,train,waimai_review
时间太久，等了2小时了,0,train,waimai_review
好吃，但是被烫泡发了,1,train,waimai_review
太慢了等了一个半小时..,0,train,waimai_review
量少，味道不错，微贵,1,train,waimai_review
好吃，棒棒的,1,train,waimai_review
纯净水竟然是开过的我也是醉了,0,train,waimai_review
一直很满意，尤其是配送服务,1,train,waimai_review
味道很好，还会光顾,1,train,waimai_review
味道还可以，就是太少，没有什么特色，不会再买了,1,val,waimai_review
百度送货员非常快就送来了，就是商家不给筷子不太方便！,1,test,waimai_review
很好吃，总爱点他家的饭当工作餐。,1,test,waimai_review
"送餐很准时，包装太高大上了点。。。锡箔纸卷饼，牛皮纸袋打包,。来说说这个肘子卷饼，肥肉太多,我全挑出来了。。。味道还可以的,但感觉不像是肘子上的肉诶,皮蛋瘦肉粥很好喝,就是相比较其他家分量有点少",1,val,waimai_review
这个套餐太值了，从下单到到达，简直是空运的速度,1,val,waimai_review
特别感谢快递师傅！这么大风天气还准时送到！辛苦辛苦…谢谢啦！,1,train,waimai_review
味道还可以，就是稍微淡点，要在咸点就好了。,1,train,waimai_review
快递小哥非得常快！,1,train,waimai_review
11点不到下的单，1点多才送到,0,train,waimai_review
一切都是那么的差，等了两个小时才送到，煎饼都凉了，又硬又难吃，客服电话没人接，送到了还找各种借口，百度外卖上体验最差的一次！,0,train,waimai_review
配送很快！送来还是烫的！很好,1,train,waimai_review
很好喝！天天都喝～～,1,val,waimai_review
好吃，百度骑士非常棒,1,train,waimai_review
大哥赶紧给我送饭吧，我都等了一个多小时了。,1,train,waimai_review
味道还可以，量也挺足，又便宜，好评！！,1,train,waimai_review
"11点下单2点才送到,真特么服了,而且,肘子卷里面根本没肘子肉,就是普通猪肉块",0,train,waimai_review
两个都很好吃，配送大哥人很好,1,train,waimai_review
送的原味鸡米给！不高兴,1,train,waimai_review
很准时！口味很好，大爱可可小丸子,1,test,waimai_review
鸡肉死丁丁的，不好吃,0,train,waimai_review
肉少菜多，菜好像不太新鲜，皮蛋瘦肉粥还可以便宜点，送餐还挺快,0,train,waimai_review
准时，味道也好，餐盒包装好，五星好评,1,train,waimai_review
很快，很好，经常订，谢谢师傅,1,val,waimai_review
送餐员态度还是很好，迟到了一个小时，看在送餐员的份上，才没有计较，下次不会订这个了,0,test,waimai_review
"好喝不贵,红红火火哈哈哈",1,train,waimai_review
非常不好，11点半订的餐，餐厅把餐给错了，又从新送的，由于之前快递师傅已经点了订单完成，所以退不了餐，也不能改为餐没有送到，都1点半了才吃上。餐厅并没有按很生气说明里写的超过预定送餐时间半小时赔付50%的餐费。,0,train,waimai_review
"不错,包装也很好",1,train,waimai_review
点三杯星冰乐都没有给吸管，订单备注的东西也都没有给带来,0,train,waimai_review
没有送筷子，让我手抓啊？,0,val,waimai_review
太慢了，味道还不错,1,val,waimai_review
送餐超时，商家虽然半价，仍对此单的送餐速度非常不满意。,0,val,waimai_review
足足等了將近一個半小時，飯也基本不太熱了，因為網上付款了所以吃飯就不退送餐費，所以你們就任意遲到，我說的有錯嗎,0,val,waimai_review
送餐员服务很到位送餐速度很快，香锅也很好吃,1,train,waimai_review
非常好吃，送餐很快，绝对好评,1,train,waimai_review
配送员和菜品都非常好,1,train,waimai_review
板栗烧鸡很难吃，烧牛肉不错,0,train,waimai_review
送餐速度特快，一个多小时才到，菜的分量很大，夹两口就吃完了，菜的口味非常好，吃一口就不想再吃了。最可恶的地是点了份20的菜，告诉我没这个菜了，餐到了后，快递员竟然只退我18,0,train,waimai_review
菜挺多饭挺多就是牛肉丝质量一般,1,test,waimai_review
太慢了，不想说什么了…,0,test,waimai_review
很快，包装可以，好吃,1,train,waimai_review
猪肉堡里的酱流的哪哪都是，除此以外还算满意，以后不点猪肉堡了,1,train,waimai_review
送餐很快，这么冷的天辛苦了,1,val,waimai_review
百度台太便了，大赞,1,test,waimai_review
挺好吃的，以后有机会还会点，非常实惠！,1,val,waimai_review
第一次点怎么这么与图片不符合呢，鸡蛋没有，饮料没有，赠饮是整个外卖的活动吧，套餐本来的饮料呢,0,train,waimai_review
谢谢骑士谢谢店家谢谢骑士,1,test,waimai_review
好吃，量足,1,train,waimai_review
味道很好！送的也很快！好吃！,1,train,waimai_review
汤横着就送过来了，撒到处都是!,0,val,waimai_review
烤鸭太难吃了，根本咬不动，不过百度外卖很给力，取餐速度超快,0,train,waimai_review
难吃死了不会再来，最差劲的韩餐,0,test,waimai_review
比老家的味道差点，不过还是好评！有时间去店里尝尝,1,train,waimai_review
难吃极了！送的还慢！千万别上当！,0,train,waimai_review
送餐快，不错,1,train,waimai_review
谢谢送餐员！冒着寒冬送餐,1,train,waimai_review
送来的凉透透的了，两小时才来,0,test,waimai_review
菜送到都凉了,0,train,waimai_review
菜品不错，送的太慢，两个小时，菜都凉啦！,0,train,waimai_review
"差评！差评！差评！,完全不按照送餐预约时间送，自己什么时候方便就什么时候来。要是这样送餐还定送餐时间有什么意义吗？,太差了！",0,val,waimai_review
比起煎饼，红油抄手味道棒棒的，就是18一份，抄手能多一点就好啦,1,train,waimai_review
满二十竟然没有给减一分钱不说，送外卖的人态度还非常恶劣。在百度外卖订餐大半年了，头一次遇到这样态度和事件的，差评，太差了,0,train,waimai_review
"送的挺快的,但是吃完发现拿错了怪不得感觉好小,我点的双层,送的是单层",0,train,waimai_review
送餐师傅人挺好，特别客气，菜也很多，量比较大。不错,1,train,waimai_review
肉太少……,0,train,waimai_review
"送餐超快,面不坨,味道好",1,test,waimai_review
"说实话,不太喜欢口味,米线太多,汤料有点酸菜桶面的味道,反正不太喜欢",0,train,waimai_review
太慢了，还能再慢点么！！,0,train,waimai_review
百度外卖服务赞，送餐员很好～,1,train,waimai_review
送餐师傅人不错，不过菜很不好吃，量也不够,0,test,waimai_review
"相对而言,很好了",1,train,waimai_review
好吃，太慢，建议早点下单,0,train,waimai_review
"太他妈差了,饭菜里有牙！！！！太恶心了！",0,train,waimai_review
"特别油不好吃,基本没有牛肉,有几条肉丝,不超过3",0,train,waimai_review
我以为我要等到饿死。结果我又活过来了,1,train,waimai_review
晕了都，让12点送过来，你这10.50多就送过来了，让我情何以堪,0,train,waimai_review
稍微晚了一点。两个菜正好我们三个人吃，米饭的量还挺大的。味道还不错，就是鱼香肉丝里姜放的太多了有点辣,1,val,waimai_review
过了一个钟头，还是没送到,0,val,waimai_review
"挺好味道比较淡,还好给了盒榨菜,还不错",1,val,waimai_review
粥连个勺子都没有，还凉的,0,val,waimai_review
快递师傅很好，可惜饭菜配不上师傅的速度，太难吃，油大，卖相极差，味道也差，绝不再吃。,0,train,waimai_review
"居然在宫保鸡丁里吃出指甲大小的石头…,太恐怖了…,幸好发现及时…,之前一直在这家订，但是菜越来越差。这次油滴滴的袋子就送来了，没有纸巾什么都没有…,好吃出石子…,好恶心!",0,train,waimai_review
好吃，速度也快,1,train,waimai_review
太慢啦！实在难以忍受,0,train,waimai_review
今天菜的味道一般，而且有两道主菜和官网菜单里的不一样,0,train,waimai_review
还可以吧。没有土豆丝的好吃。个人感觉。哈哈,1,train,waimai_review
给商家打电话问下外卖的送递的时间，接电话的那个人太霸道了，吼起来了,0,val,waimai_review
排骨也就六七块，牛肉羹看不见牛肉，搞活动可以吃吃，因为便宜，不搞活动还是算了吧！还不如吃个盖饭,0,train,waimai_review
师傅很好，辛苦啦，这么冷的天,1,test,waimai_review
送餐速度过慢，服务人员甚至弄错了位置。,0,val,waimai_review
"很快，包装也很干净,就是太多汤了，吃的时候好麻烦",1,train,waimai_review
"太慢了,饭都凉了,下次还是去店里吃吧",0,train,waimai_review
实在是太大份了…我点的东西够五个人吃的…味道挺好的…尖椒也很辣…就是拌饭有点咯牙…希望以后更好，谢谢！,1,train,waimai_review
很贴心的包装，食物也很美味，谢谢,1,train,waimai_review
不错！虽然量有点少，但是很干净卫生,1,test,waimai_review
还好吧。肉倒是挺足的，就是皮儿有点干。皮蛋瘦肉粥好喝，但是碗送来的时候裂开了，很多都漏了，可惜。,1,test,waimai_review
百度骑士送餐快！米饭有点硬。麻辣香锅味道很好！,1,train,waimai_review
里面有大块鸡肉和一点生菜，个人感觉不好吃，有点失望啊，饼挺大，不松软,0,test,waimai_review
送的慢而且饮料还没送,0,train,waimai_review
1块钱吃个卷还有肉哼哼哈哈,1,train,waimai_review
太棒了，很新鲜，量也足，我和孩子吃得很过瘾，好吃，送货很快,1,train,waimai_review
价格实惠，值得购买了,1,train,waimai_review
食物很干净，吃着放心,1,train,waimai_review
味道非常不错！只是送餐时间比较久。,1,train,waimai_review
"太慢了,量太少",0,test,waimai_review
慢成狗了，俩小时，也不解释，说取消就取消了，店大欺客啊,0,train,waimai_review
送来的非常快，饮料都非常的不错呦，超级喜欢,1,train,waimai_review
九点半下单，要求十一点半到，结果来太早了，菜都凉了。,0,train,waimai_review
量大，吃了三分之二就饱了！,1,train,waimai_review
"吃到了苍蝇,太恶心了",0,test,waimai_review
很好。这回给的大虾好像要多。谢谢卖家。,1,train,waimai_review
送到还是温的，这大冷天，辛苦骑士了!,1,train,waimai_review
送餐块，肉夹馍还好，南瓜饼和三鲜补好。,0,test,waimai_review
什么情况？不是已经打电话说好了取消订单吗？还给不给退款了？能不能有点信誉,0,test,waimai_review
卷饼味道很好，包装卫生，不过男同学一个中份吃不饱..,1,train,waimai_review
中分太少啦，吃不饱，女生也有好饭量,1,train,waimai_review
拉面煎饼真的吃不习惯……还不如改成辣椒酱……反正不如薄脆煎饼味道好。豆浆一致都不错，挺浓郁的。,1,train,waimai_review
过程很复杂，东西很好吃，商家还送了一次性手套。,1,train,waimai_review
第1，美好的态度让我沉醉！餐哥迈着小碎步态度像一阵风，我这距离本来就远他就迟送了3分钟，送来时一脸抱歉一个劲的问我没迟吧？没迟吧？我心已融化……第二，干净不油腻的包装让我太high！牛皮纸带包装，锡箔纸卷饼，这尼玛干净良心的包装，宇宙卷饼！你们赶紧上市好吗！第三，提一个小小建议，宇宙，你们可以把饼做的辣点嘛！！！我写着辣辣辣！可是还是没有辣嘛！其他一切太美好！明天继续宇宙外卖点起！,1,val,waimai_review
很不错，不过综合起来还是肘子卷更好吃,1,train,waimai_review
挺好的，送的很快，包装很好，肉太多了，吃不了也是醉了,1,train,waimai_review
"味道很好,骑士辛苦了,谢谢",1,train,waimai_review
"凉了些,味道一般,没在店里的好吃",0,val,waimai_review
"很好,就是送货太慢",1,train,waimai_review
挺好吃！就是炸土豆丝写的是10元，不知道为什么结账时就变20元了，后来就没点～,1,test,waimai_review
差评，差评，差评！！都没给送餐，把钱退给我行吗？以后再也不定了！！！,0,val,waimai_review
第一次送来，龙利鱼送错了，点的葱香的，送成酸汤的了，给饭店打电话，那女的没等说完就给我挂了，再打过去，说做完让我去取，她没事儿吧，这种人赶紧开了吧，留着是祸害,0,train,waimai_review
菜量和堂食比实在是太少了！备注让多带2包辣酱也没带！,0,test,waimai_review
"不干净,竟然有个苍蝇在里面,我也是醉了。",0,train,waimai_review
饭没有在店里好吃，差远了,0,test,waimai_review
很好吃，送餐速度非常快,1,train,waimai_review
披萨很不错，薯条放久了没在店里的好吃,1,train,waimai_review
"到达时间晚,因为下雨可以理解,就是收到凉了,自己加热后,食用味道一般,不是很喜欢",0,train,waimai_review
送的太晚了，11点订的餐，一点半才送到，而且没到也一般,0,train,waimai_review
等了半小时，送错餐了…不知道把谁的拿来了…又等了半个多小时才送来对的…都快饿死了！,0,train,waimai_review
送餐太快！也是一种错,1,val,waimai_review
为什么我定的两个鸡蛋，来的时候只有一个，我以为下面有呢，吃完了都没看见，谁偷吃了呢，所以不是满星评价，请商家勿要再犯类似的低级错误！！,1,test,waimai_review
收了我2块钱餐盒费然后，不给我拿餐盒和筷子，什么饭店呀？,0,train,waimai_review
蔬菜卷里全是土豆丝。。。相当于粮食，放很多绿叶蔬菜不是更符合蔬菜卷的名号吗？京酱肉丝一如既往的好吃。如果能吃肉之外摄入真正的蔬菜就好了,1,test,waimai_review
等了一个半小时。上面标价20，其实也就值几块钱，不知道是商家骗百度补助，还是百度联合商家欺骗消费者，反正很不值，以后不会再买了,0,test,waimai_review
"送餐很快,大哥说汤洒了一点儿,我觉得态度还是很好的,不介意。他家这抄手一如既往的好啊",1,val,waimai_review
挺好的，速度很快,0,train,waimai_review
最喜欢吃蘑菇鸡肉的卷了！大爱！,1,train,waimai_review
特别好的外卖小哥，卷饼很好吃，粥也好喝，真心推荐！,1,train,waimai_review
等了2个多小时也是醉了,0,train,waimai_review
菜品做的不好,0,train,waimai_review
"难吃,难吃,难吃。凉了,凉了",1,val,waimai_review
百度骑士很棒，又快又好,1,val,waimai_review
双拼还凑合，东坡饭太差劲了，肉都是肥的，米饭少还没蔬菜，早知不订了,0,val,waimai_review
做饼的油明显不行，吃的下午反胃难受。,0,train,waimai_review
骑士很好，赞一个，很礼貌，辛苦了！,1,train,waimai_review
在SOHO500米外的融科望京苦等三小时之后终于等到了！！！,1,train,waimai_review
特别特别好，谢谢，很好吃,1,test,waimai_review
味道还不错吧，，就是土豆丝少了,1,val,waimai_review
餐呢？就为了不半价，餐没送来就确认了？必须投诉,0,train,waimai_review
骑士接到餐后，先后跑了七八个地儿，1小时后才送到我这里，希望这位骑士再也不要接我的单。咖啡凉了也撒了，真差,0,val,waimai_review
"只要用百度外卖,永远只有大半杯。永远不满杯，不知道该通过什么渠道投诉星巴克。",0,train,waimai_review
感谢快递小哥顶着大风来送货！,1,train,waimai_review
晚上到家，累得不想动，能吃上热乎乎的饺子，赞，配送员热情的服务，必须赞,1,train,waimai_review
味道不错，我天天都会吃一个,1,train,waimai_review
"速度快,性价比超高",1,train,waimai_review
喜欢。明天还会点。！！,1,test,waimai_review
物美价廉！给的量挺大的，味道也不错，好评！(不是说现在手机APP下单送清至口香糖么？为什么这个百度配送人员没给我?,1,val,waimai_review
非常满意！送餐很快！,1,train,waimai_review
总是不能按时到,0,train,waimai_review
这家的卷饼很好吃，但是送餐每次都很慢，要一个半小时的样子。不过还挺值得等的，尤其肘子卷和鸡腿卷。不过土豆肉丝卷一般，肉少。,1,train,waimai_review
无奈的说一下，您要是定这个需要提前更多的时间，否则就会自己尴尬。耽误时间。,0,train,waimai_review
"超级棒哦,吃不腻哦～～～暖暖哒",1,train,waimai_review
火腿鸡蛋饼，看到鸡蛋了，没看到火腿在哪？,0,train,waimai_review
使劲催还一个半小时才送到，煎饼和豆浆都凉了,0,test,waimai_review
太慢了吧，大酱汤都凉的,0,train,waimai_review
送的挺快，不过粥有点凉了。卷饼很不错。,1,train,waimai_review
今天太慢了~,0,train,waimai_review
送的早到了半个小时，味道很棒,1,test,waimai_review
好几个人都说量少味道不好,0,val,waimai_review
百度外卖的袋子挺可爱的，送餐员服务也好。关键稻香村好吃！哈哈哈,1,test,waimai_review
他家不错，挺干净的，小吃还行，就是量少～,1,train,waimai_review
送餐慢，还找不到地方。第二次了,0,train,waimai_review
"妈妈很喜欢他家的泡菜,当宝贝一样",1,val,waimai_review
送来时饭已经凉了，希望下次改进,0,train,waimai_review
晚了一小时，面太辣，没纸巾和小咸菜,0,train,waimai_review
蘑菇鸡肉的超好吃，希望粥能甜点，配送师傅麻烦下次别在电梯间打电话了…根本没信号，建议可以发送短信通知！,1,train,waimai_review
图上有饮料，实际没有！,0,test,waimai_review
挺好的，配送速度非常好,1,val,waimai_review
人多有点慢，有点受不了，一等就是两个半小时。,0,train,waimai_review
请问送到哪里去了？没收到,0,train,waimai_review
送餐很快，可是为啥没餐具呢，用手吃？幸好送餐师傅给了两双百度餐具。,1,train,waimai_review
很棒，除了自己和老妈做的，也就他家的饭菜让我觉得可口了,1,train,waimai_review
豆浆超级不错,0,train,waimai_review
等了2个小时才送来，快递小哥倒是一个劲道歉，然并卵,0,train,waimai_review
这个馋嘴蛙里还有米饭粒呢，太恶心了，我都担心把大家吃坏肚子，大还半生不熟呢，这种质量对消费者能有回头客吗？,0,train,waimai_review
已经点过很多次了，每次都还挺好的，速度快，点两份能吃饱，好评！！！,1,train,waimai_review
见过会挣钱的，没见过这么会赚钱的，塑料袋装做好的鱼，给我那两个空餐盒～这是什么意思～让我留着当碗吗～一这么装钱就没意思了吧～当然是为了赚钱还是为了省事～我不专业，我只知道我买了两个没用的塑料饭盒～,0,train,waimai_review
不错、白度快递小哥速度够快！饭品也OK,1,train,waimai_review
上午10点半订的餐，一点才送到，都凉了，粥连个勺子都没有，怎么喝？南瓜粥淡的要死，皮蛋瘦肉粥跟大米粥差不多。没啥东西。,0,train,waimai_review
挺好吃的不错送的很快,1,train,waimai_review
煎饼非常好吃，个头大，点了两，一个就吃饱了，麻辣鸡丝凉面一般，也许是个人口味问题吧。,1,train,waimai_review
"首先说味道，难吃死了。,其次是，下完定单私自提价，以没有这个菜为由多收两块，网上明明有，下完定单付了钱却说没有。有意思么这么玩？",0,train,waimai_review
送餐将近两个小时，太慢,0,train,waimai_review
没有年前分量多，在走下坡路,0,train,waimai_review
味道不错，就是瘦肉再多点就更完美了,1,train,waimai_review
"饭菜可口,感谢百度配送小哥这么冷的天送过来",1,train,waimai_review
没听说石锅拌饭的辣酱还得单买的！你自己看看哪家辣酱不是自带的！没辣酱点餐的时候也不告诉！怎么想的！,0,train,waimai_review
非常棒，就是这送餐费略贵。这么近,1,train,waimai_review
菜量变小，送餐不送上楼,0,train,waimai_review
速度很快，饭菜都不错，就是不够辣,1,test,waimai_review
订了6样东西，送过来3，下回不定了,0,train,waimai_review
难吃，不值这个价格,0,train,waimai_review
很好！份量很足，香干回锅肉里的萝卜干很好吃，每份饭还送了咖啡，谢谢！,1,test,waimai_review
不知道什么味，特难闻，吃一口就都扔了，和包装袋有关系吧，哎,0,train,waimai_review
味道好！减去13元超值！感谢送货员，辛苦了，态度好，敬业！,1,val,waimai_review
一开始给送错了，要的肘子，给的蔬菜，不过还好，售后做的不错，又给补送了一份，不管味道好不好，起码态度不错，所以必须给个好评！！,1,train,waimai_review
嗯，纸袋比较高大上,1,test,waimai_review
味道不错，内容丰富，肉很多哦，吃的超值,1,train,waimai_review
"排骨不好吃～还都是色素～量少的可怜～58元的菜啊,只有七块排骨～一点味道没有～肉很干～坑死了！还招牌菜呢！真不怕砸了招牌！",0,test,waimai_review
味道不错，就是有小菜没有筷子不是很方便,1,train,waimai_review
味道不错，配送时间有点长,1,train,waimai_review
这三样都是儿子的最爱，太好吃了呀！骑士送货速度非常快，赞一个！,1,train,waimai_review
这百度外卖师傅很好，到了以后没有零钱，还特意跑去换零钱，很诚恳，下次还要订百度外卖，给一万个好评给我这个师傅，棒棒达。,1,train,waimai_review
很好吃，就是粥有点不满意。送外卖的小哥也不错,1,test,waimai_review
"外卖包装需要改进。。。。,。",1,val,waimai_review
"送太慢！粥没一点味道,并也很干,只能说一般！",0,test,waimai_review
巨慢！以后还是别订了,0,val,waimai_review
卷饼不错，量足！就是肉太柴了。,1,train,waimai_review
送的太慢了，真是气死人,0,train,waimai_review
很准时，满意。,1,train,waimai_review
好吃，肉很多，连续两天都吃这个,1,train,waimai_review
"首选是得吐槽一下这家的速度,一个半小时起,然后卷饼包装很不错,酱香鸡肉的比较赞,飘香肘子一般般,只是店家,我强调那么半天一点辣都不要,素卷里还是辣的,先吃了一口觉得你家酱汁太稀,味道淡,然后就直接吃到了红红的辣椒,我刚手术完几天不能吃辣啊,今天注定又是难熬的一天",0,train,waimai_review
真不错，价格便宜实惠，分量足，最满意的一家,1,train,waimai_review
送来的炸鸡？在哪儿？明明是浇汁鸡翅。商家吃过韩国炸鸡么？芝士什么的图片和菜根本不一样。茄汁鸡肉啊这是。我也是醉了……什么玩意啊。难吃死了，吃了一口全倒掉了。,0,val,waimai_review
菜挺好，就是送得速度太慢，面坨了，菜凉了，全家饿得去煮面条。,0,train,waimai_review
一个小时才送到，太慢了,0,train,waimai_review
"经常买,卷都挺好,第一次买八宝菜太难吃了,建议改改",1,train,waimai_review
送餐员态度点32个赞,1,train,waimai_review
菜很好吃，就是炒饭这次给的有点少。,1,train,waimai_review
肉很多，感觉有点干,1,train,waimai_review
怎一个慢字了得,0,test,waimai_review
"太慢了，，，等了两小时,味道还不错",0,train,waimai_review
"很喜欢吃,卷瓶很实惠",1,train,waimai_review
挺满意的，可乐特意用胶带封口，没有洒出来很多，豆腐脑和煎饼我觉得味道都不错,1,train,waimai_review
比预计时间晚了十分钟，还算准时,1,train,waimai_review
"太慢了,等了一个半小时，中号卷饼很大，有点辣，肉给的很多，没有酱？味道一般，南瓜粥没有味道也不甜。",0,train,waimai_review
速度很快，东西也不错，赞一下,1,test,waimai_review
超级慢，等了一个半小时都不止,0,train,waimai_review
"送餐大姐人可好了，特别热情,五星！赞",1,train,waimai_review
全五星好评，好吃啊,1,train,waimai_review
非常的正宗，就是羊杂汤太咸啦,1,train,waimai_review
写给没定过的朋友，一定要先看评价再订餐，我绝对不会再定，味道你懂的。本人订餐从来都是5星好评，这个真的。。。,0,val,waimai_review
非常感谢百度外卖的服务，大哥因为找不到地方饶了大半个圈。,1,val,waimai_review
"难吃,差评,送了,整整两个小时，想发脾气,投诉，送餐员说跟餐厅不是一家，不想要可以,退了，气得人一点脾气都没有，差极了，以后再也不用了,妈蛋！！！！",0,test,waimai_review
送餐很晚，订的是11点送，快12半才到，主要是送餐人员11点才上班，哎没办法，有点咸，不太好吃,0,train,waimai_review
吃第一口不错，越吃越咸，分量还是很足的，肉很多！,1,test,waimai_review
八点半下的早餐订单，10:50才送到！！还让不让人吃早餐了？！体验过慢的，没有体验过这么慢的配送服务！,0,train,waimai_review
今天送得实在比较慢，送到全都凉了…所以豆角整个粘巴巴，而且也超级咸。肉还好，没有很肥～,0,train,waimai_review
少送了辣白菜,0,train,waimai_review
快递很快，量很大，就是有点太咸了,1,val,waimai_review
嗯，口味可以，实惠,1,train,waimai_review
点的吊烧鸡，店家沟通过是吊烧鸽，也很诚实的说肯定没有鸡那么大，我也就嫌麻烦没退，虽然有心理准备但看见实物还是惊呆了，只有拳头那么大，实在不知道该说什么好，价格还是42，觉得有些不舒服，一只烤鸭一盒完全能装下，结果装了两个半盒，葱丝和黄瓜却用袋子装，盒子也是要钱的啊，红莲确乎不是记忆中的红莲了，我从小在南城长大，对红莲有儿时的情节，当年的南城第一炉已不复存在，快递小哥还是很好的，赞一个,0,train,waimai_review
送餐快，我觉得挺好,1,test,waimai_review
速度快，优惠大，味道佳,1,val,waimai_review
味道一般，但是服务和饭菜质量很好！,1,val,waimai_review
送餐相当的快，方便乐很多,1,val,waimai_review
"送餐特别快,态度好,非常感谢",1,train,waimai_review
"超级好,喜欢,送的还很快,喜欢上百度外卖了,啊啊,不要胖啊",1,train,waimai_review
味道还不错，包装也不错，套餐有皮蛋瘦肉粥和老醋花生，但是送餐时间实在是有点不能忍。。。望改进,0,test,waimai_review
味道还可以，但是送到时间也太长啦，十一点二十下的单，到下午一点半才送来，打电话打不通，打通就告诉已经出来啦，打了三四遍电话才给从新做了送过来，气愤呀,0,val,waimai_review
饭还可以，速度太慢了，5分钟的路程，足足等了1个多小时,0,val,waimai_review
基本上是素菜,0,test,waimai_review
我和同事同一时间订的外卖，她都吃饱了，我的还没到，头一次吃饭这么晚!!!,0,train,waimai_review
今天米饭夹生.,0,train,waimai_review
"太难吃了,一定不能选他家",0,test,waimai_review
包装好，送的快，价格合理，希望种类再多点，做的更好吃些,1,val,waimai_review
都没送到，订单自己完成了,0,train,waimai_review
受不了了，17点32下的单，19点15送到，饿晕了，再也不会买了,0,train,waimai_review
很好吃哦，推荐大家尝一尝,1,train,waimai_review
不错呢。。,1,train,waimai_review
我一直喜欢吉吉熊可是昨天的饭里竟然有瓜子壳？我擦！,0,val,waimai_review
味道著實一般送到時候飯涼涼的,0,val,waimai_review
饺子上粘着虫，怎么吃,0,val,waimai_review
要的是微辣的，结果送来麻辣的，不好吃,0,train,waimai_review
没有收到货，该退款的吧,0,train,waimai_review
饭馆离家一站地，俩小时才送来，虽然冬至吃饺子的多，也太慢了。不过百度赔付逾时费了，确实没想到。,1,test,waimai_review
送货超级迅速，服务到位，好评,1,train,waimai_review
下雨，面条送过来陀了。。。,0,train,waimai_review
感谢骑士小哥，这么冷的天,1,train,waimai_review
"饭都是生的！！！,能不能把饭做熟再送来！,全扔了！！,气死人！！",0,test,waimai_review
四喜烤麸没有了，却不更新点菜系统，给我换了一个12元的凉粉，价格不一样而且还不好吃！！,0,train,waimai_review
送餐时间太长，已标注东北拉皮不放辣椒还是放了,0,train,waimai_review
整体不错，密酱烤味道不错,1,train,waimai_review
小菜是从市场随便买的，难吃死了，不忍心浪费吃了几口，结果又拉又吐,0,test,waimai_review
非常难吃啊，非常难吃，特别难吃！,0,train,waimai_review
冷热放一个袋子，冰的全化了，热的也变成凉的了！和朋友都没喝好。,0,train,waimai_review
送来的时候水洒了，汉堡变形了,0,train,waimai_review
东西要什么没什么，,0,train,waimai_review
准时到达，太给力了！,1,val,waimai_review
"送得太快了,快哭了",1,train,waimai_review
卷饼味道很一般很一般，不好吃，但是便宜,0,train,waimai_review
感觉没有原来好吃了，是不是换人了！,0,train,waimai_review
取消订单了。,1,train,waimai_review
配送很快，态度很好，五星好评,1,train,waimai_review
每次都棒哒哒的！超赞！,1,val,waimai_review
口味还不错，挺满意的！,1,train,waimai_review
我就想问问，我定的东西给送到了火星吗？？我现在还饿着肚子，这是什么节奏！！！！根本，完全，彻底的没有送来，还收了我的银子，你们什么情况！！,0,train,waimai_review
吃不饱。。。,0,train,waimai_review
米线都碎了！一股搜了的味道！！！怎么吃？,0,val,waimai_review
眉州东坡的菜品自然是没话说的。,1,val,waimai_review
十分不满意！！送餐员很跩的收了钱连取出快递都懒的做让我自己取！叫了大份沙拉比第一次叫的时候少了很多！！,0,train,waimai_review
还行，肘子吃完有点儿恶心，送餐太慢,1,train,waimai_review
全部都和到点现在买的不一样，基本没有茶味，和白水一样。送餐小哥特别及时！,0,train,waimai_review
蛋花汤都馊了很恶心，土豆丝少的可怜,0,train,waimai_review
很好吃，定了好几次了,1,train,waimai_review
辣死了，辣椒不要钱吗,0,train,waimai_review
很快的速度就过来了,1,test,waimai_review
根本就没送到，距离才1000多米，一个多小时都没有送过来（打电话来），还自己确认收货。。。奸商，百度外卖都没有监管麽。。。,0,train,waimai_review
"好好吃的宇宙卷饼,棒棒哒～送餐速度出乎意料～",1,train,waimai_review
北京大雨，还能提前15分钟送到，煎饼豆浆豆腐脑还是温热的，很好，很感动，会继续回购,1,test,waimai_review
快递员电话说不能进楼，沟通发现根本就没搞清楚在哪儿就让下楼自取，下楼自取和下楼自己买有什么区别，还要叫外卖有什么用。,0,train,waimai_review
"两个小时才送到,我是真苦了",0,train,waimai_review
越来越难吃了，不会再吃了,0,test,waimai_review
一个多小时不说，还打了n个电话才找到，送餐员也太笨了！送过来饭都洒了，流了我一桌子，不给差评都对不起你们，完全没有没食欲了,0,test,waimai_review
"送餐太慢,冷面简直不能吃,汤太少了,面还是一大坨",0,train,waimai_review
很快，特别好,1,train,waimai_review
"配送速度有点慢,奶油上面没加巧克力,直接就是大坨奶油,百度配送服务很到位,还鞠躬什么的,着实被吓到了",0,train,waimai_review
味道还不错，比较实惠,1,train,waimai_review
"好吃,味美,好吃",1,train,waimai_review
非常快，味道好,1,train,waimai_review
送得很快，态度很好，菜量十足，实惠,1,train,waimai_review
最难吃的一次。没有之一。大酱汤没味儿。是不是忘了放盐了？,0,train,waimai_review
服务员态度不好，,0,train,waimai_review
超级好吃！！喜欢！,1,train,waimai_review
跟华茂那家完全不能比,0,train,waimai_review
速度很快啊,0,val,waimai_review
整体不错，不错，不错,1,val,waimai_review
"还不错~,包装非常新颖,非常干净。,看得出来挺用心的,味道也不错~,推荐",1,val,waimai_review
"送货小哥人很好，只是送过来的咖啡我想说你们做的咖啡里是忘记加咖啡了吗？还是巧克力不要钱？完全和热巧克巧一个味道…,真是惨痛的经历。",0,test,waimai_review
和菜量很大。味道也可以。不过锅包肉实在不敢说好。只能说非常一般。完全不是东北菜的感觉,0,train,waimai_review
都不错，宝贝很爱吃，快递小哥辛苦了。,1,train,waimai_review
道菜的味道还可以，配送很好，服务很好。,1,train,waimai_review
非常棒。就是有点少，不够吃。,1,test,waimai_review
第二次搞错了订单，我要的葱油面又被换成了小笼包，结果吃了两份小笼包撑死,1,train,waimai_review
快、好、方便,1,train,waimai_review
点了两个套餐，只给一份薯条,0,test,waimai_review
同样的餐点，不一样的配餐，一个里面有5种菜品，一个只有菠菜。同样的价钱，不一样的菜，备注里特异写了带酱油，结果还是没有带。菜品有汤汁，撒的所料带里全都都，和没有汤差不多。好差，送来的菜品撒的筷子上全是汤超级不好。,0,train,waimai_review
订过一次不想第二次,0,train,waimai_review
几乎没有牛肉，全是蒜苔,0,train,waimai_review
送餐的人非常好，特意打电话提醒我们有优惠,1,val,waimai_review
披萨粘在盒子上了，披萨饼和披萨馅分成两半了！全粘盒子上去了，意大利面味道太淡不好吃，这次必胜客很失败,0,train,waimai_review
送货太慢了，晚了半个小时！玉米太硬，没有味道！,0,train,waimai_review
干净卫生送货快,1,test,waimai_review
配送很快，味道一般,0,val,waimai_review
"草,11点下单,1点送到",0,train,waimai_review
"饭挺好的,送的太慢了11:10等到12:45",0,val,waimai_review
量一般，菜一般。。特别的一般。。,0,train,waimai_review
海带丝着实好吃。送外卖的小哥给洒了。满袋子都是那个汁。那个菌菇汤就是坑。居然是速冲的！还巨难喝。,0,train,waimai_review
很快很好很方便赞赞赞,1,train,waimai_review
真心难吃啊,0,train,waimai_review
都非常好，就是派送费有点贵！,1,val,waimai_review
菜都是凉的，一股腥味，再也不会订了,0,train,waimai_review
配送速度很快，买来作为早点还挺好。,1,val,waimai_review
一个多小时，好漫长，都凉了……,0,test,waimai_review
这绝对是我吃过的最难吃的卷饼，没有之一。而且要多慢有多慢。,0,train,waimai_review
这家的粥是我吃过最好吃的了，用料足味道也一级棒,1,train,waimai_review
元旦美味！刀功细，菜入味！,1,train,waimai_review
送餐师傅服务超好！满意！,1,val,waimai_review
没以前好吃了，还跟乌龟一样慢死了,0,train,waimai_review
没有在店里吃的味道好,0,train,waimai_review
根本没有看我的要求,0,train,waimai_review
辣白菜太酸，卷饼辣椒直接卷进去，味道一般，南瓜粥比较适合口味，下次不再点了,0,test,waimai_review
非常神速，就是有点咸了,1,train,waimai_review
没有第二次,0,train,waimai_review
速度快，量多，很香,1,val,waimai_review
操，送来全洒了不说，大夏天送来全是凉的，一个半小时送到，你们是特么做蜗牛来的吗？破外卖，必须你妈负分。菜品也特么很一般。,0,train,waimai_review
太太慢了，,0,train,waimai_review
味道不错，配送非常及时，好评！,1,train,waimai_review
不太好吃，没味，凉了,0,train,waimai_review
不好吃，饺子不太熟，土豆除了辣味啥都没有，毛血旺更是史无前例的难吃。绝没有第二次了一颗星都不想给，不给无法提交！,0,test,waimai_review
等了两个半小时，客服给处理了半个小时，最后就是默默送过来了，也没给解释一下。为了避免影响好心情，以后是不敢再点了。,0,val,waimai_review
经常上班定这个喝，好喝，送餐员师傅，可好了。,1,train,waimai_review
今天土豆丝一般，没有之前的好吃，估计换厨师了,1,train,waimai_review
不好吃好吗！！粥都冷了！！饼是微波炉加热了吧特别干！！,0,test,waimai_review
饼太油腻了。吃几口就不行了,1,val,waimai_review
"百度外卖,送餐速度快,服务不错",1,train,waimai_review
送餐很快，量足，很好吃，方便，个别菜不是很热，联系送餐时再现做。,1,train,waimai_review
居然弄错收货人了，送餐态度也不好,0,train,waimai_review
"要的粥没有了,没人通知我,收了我的粥钱,给我一个王老吉,。。。发现不对,给客服打电话,客服说是有这个情况，店家会联系我处理。到现在也没有人联系。",0,train,waimai_review
石锅拌饭量太少酱太多，吃着特别咸！,0,test,waimai_review
"下单,你们弄重了害得我买了2份",1,train,waimai_review
"非常好吃,量也大,送餐小哥工作认真负责,棒棒哒~",1,train,waimai_review
快递小哥很帅，很可爱，饭也很好吃！,1,train,waimai_review
不错，口味很好！,1,train,waimai_review
很快，很好吃，就是优惠力度再大点就好了，或者价格在便宜点,1,train,waimai_review
非常好，第二次点了,1,train,waimai_review
打死卖糖的了。写了备注，有用吗？,0,train,waimai_review
好评啊，配送速度超快，这大雾霾天的辛苦啦~,1,train,waimai_review
魔芋结没给我,0,train,waimai_review
菜撒了一半，多用个塑料袋装弄结实点儿没多费劲吧,0,test,waimai_review
配送快很满意就是炒饭将有太多啦,1,test,waimai_review
竟然没有勺子，怎么喝汤？,0,test,waimai_review
已经二小时了还未送到饿坏了。,0,train,waimai_review
送的超级快！,1,train,waimai_review
餐还没有到，到底给不给送了,0,train,waimai_review
一个小时都八点半了才送过来,0,train,waimai_review
难喝，再也不会买了,0,train,waimai_review
"我明明注明不吃辣的，还是放了辣椒。都浪费了,很生气！！！",0,test,waimai_review
"我感觉还不错哦,干净,卫生,就是那个双蘑菇量也有点太少了吧,就一小碗,不过好吃是真的,下次还会继续订,嘎嘎~",1,train,waimai_review
"简直太慢了,史上最慢啊,两公里的路还要打两次电话问在哪里,醉了",0,test,waimai_review
味道不错呀，鸡翅好吃！,1,test,waimai_review
很好，一直吃这家,1,train,waimai_review
粥木有勺子,1,train,waimai_review
味道还可以，就是时间长点，挣钱都不容易，给满分吧,1,train,waimai_review
辣椒放太多了吧,1,train,waimai_review
菜少，口味一般,0,test,waimai_review
味道不错，服务挺好,1,val,waimai_review
这家店的菜吃不腻啊！,1,train,waimai_review
高度评价！,1,train,waimai_review
好吃，就是米饭少了点,1,train,waimai_review
配送速度非常快！好评！,1,train,waimai_review
永远不会光顾这家，点了一份炖牛肉，牛肉的味道真是难以下咽，膻气和臭味混合，恶心死了，炖牛肉里有土豆、尖椒，胡萝卜，完全炒牛肉的样子，跟炖牛肉差十万八千里，恶心完全不会再来，点餐的朋友们小心了,0,train,waimai_review
特别好吃，量特大，而且送餐特别快，特别特别棒,1,train,waimai_review
超级快！还是热的，谢谢～,1,train,waimai_review
下次注意，希望不要再弄错了,0,train,waimai_review
"还好,很大一个",1,train,waimai_review
菜量太少了,0,train,waimai_review
味道不错，出去吹风的时候正好碰上外卖小哥。,1,train,waimai_review
什么叫小葱没有了…只给了一包，白醋也是一包，两个人根本不够好么？为何越来越小气？,0,train,waimai_review
就一点牛肉酱一点味也没有，，太差了,0,test,waimai_review
煎饼很好吃，但焖面太难吃,1,train,waimai_review
味道还可以。,1,test,waimai_review
香脆鸡肉披萨很好吃，这次的料更足，满意,1,train,waimai_review
米饭太硬了，有的还没熟,1,val,waimai_review
土豆丝好吃土豆丝好吃,1,train,waimai_review
经常买这家的饺子，味道棒棒哒！,1,test,waimai_review
"不到十一点下的订单,差不多一点半送到，醉了",0,val,waimai_review
大冷天，送餐员辛苦了,1,val,waimai_review
一直久闻大名，味道还可以吧。,1,train,waimai_review
等了136分钟，催了无数次，要不是脚崴了走不了路我早就不要了。,0,train,waimai_review
"味道很好~送餐员神速（低于预期时间）挽救了饿坏的我~,只是饮料没有吸管..",1,train,waimai_review
快，从下单到吃饭，15分钟。,1,train,waimai_review
物美价廉！,1,train,waimai_review
送的特别快,1,test,waimai_review
今天的土豆丝卷太酸了，以后不敢再点了,1,train,waimai_review
接线员的服务态度差，都不敢打电话咨询了，其他方面很好,0,test,waimai_review
没有想像中好吃,0,test,waimai_review
卷饼还行，粥太难喝，皮蛋瘦肉粥太腥了，还得自己下楼取，勉强好评,1,train,waimai_review
挺速度的，有效率。,1,train,waimai_review
送餐时间不准，超时好久,0,train,waimai_review
超级好吃哦,1,train,waimai_review
第一次给差评，错开高峰期点餐还送这么慢。可乐直接放在装菜的格子里，可乐瓶上全是油，菜也弄脏了没法吃，饭菜也是凉的。无语，真想退了。,0,train,waimai_review
"可乐全洒在袋子里了,怎么喝！",0,train,waimai_review
蕨根粉太硬太难吃,0,val,waimai_review
饼有点硬，不过味道还行,1,train,waimai_review
送餐速度实在太慢！快饿出人命了！,0,train,waimai_review
"不好吃,很不好吃",0,train,waimai_review
量大。味道一般。速度较快,0,train,waimai_review
味道不错，口味偏甜,1,val,waimai_review
肘子就是几块猪肉，光有情怀有啥用~,0,test,waimai_review
写着45分钟，送来了都1个多小时，菜已经凉了,0,train,waimai_review
秘制凉皮怎么那么多油啊。。跟西二旗那家有点不一样。太油腻了。肉夹馍还可以。,0,test,waimai_review
送餐师傅很好，味道好极啦,1,test,waimai_review
速度挺快的。包子挺好吃，凉菜量太少！,1,test,waimai_review
送餐大叔太帅了，速度也挺快，小腿肌肉很发达啊,1,train,waimai_review
好几次十点半定餐，都是一点送到、速度太慢、差评！耽误事、,0,train,waimai_review
已支付订单，等待1小时打电话催单后，商家再（给“本机”）打电话询问，说是没订外卖，呵呵，还说没打错电话。好智能的机器。2小时的外卖，呵呵，外卖小哥还不耐烦催了。,0,train,waimai_review
挺不错的，很快,1,val,waimai_review
菜品一般吧,0,train,waimai_review
我点的是拌饭。饭太少了,0,test,waimai_review
披萨很好，值得推荐，性价比很高，跟店里一样,1,test,waimai_review
真是慢！！！提前订也是这么慢,0,train,waimai_review
好喝，速度也很快，值得赞,1,val,waimai_review
"时间太慢,没胃口",0,train,waimai_review
送餐员态度很好，速度也快。菜品味道好。,1,val,waimai_review
说实话，味道没图片看起来好吃,1,train,waimai_review
一如既往的好吃。。哈哈。。粥也不错,1,train,waimai_review
叫了好几次，真心好喝,1,train,waimai_review
送的很快的态度很好食物也好,1,train,waimai_review
送错餐了，定了两个宫保鸡丁，结果送来的是一个宫保鸡丁，一个西红柿炒鸡蛋。索性西红柿鸡蛋也能吃，就直接吃了，不可能等着再送一份。,0,train,waimai_review
第一次评价外卖，包装好好，饼很好吃，菜也好吃，粥也好喝，大爱❤️,1,train,waimai_review
X了狗了才会点这家,0,train,waimai_review
经常吃他家的饭，很不错，超值,1,train,waimai_review
锅包肉做的一点不好吃,0,test,waimai_review
不好吃...,0,train,waimai_review
"味道不错,就是有点油",1,val,waimai_review
只送来了卷饼但是没送粥，打电话一直占线，最起码打了不下十次了，总算通了又让我打另一个电话，又继续不是占线就没人接，终于打通了才把粥给我补上送来，据我下单已经过去快两个小时了,0,train,waimai_review
非常好。送的也特别快。棒棒哒！,1,val,waimai_review
很好吃，也很快，不错！,1,test,waimai_review
"送餐速度快,东西好吃",1,train,waimai_review
"希望菜是新鲜的，近期的,清炒油菜，油菜就不如之前。而且有次居然用白菜代替了,都是菜帮子。",0,train,waimai_review
送了将近3个小时，差点饿死,0,train,waimai_review
"送餐时间太久,都凉了",0,train,waimai_review
包装很好，味道实在一般，卷饼皮很厚，肘子全是肥肉，带皮的部分还有毛，感觉有点不卫生。,0,train,waimai_review
煎饼很好吃~,1,test,waimai_review
根本不是肥牛，是猪肉,0,train,waimai_review
非常快～辛苦了～很好喝,1,train,waimai_review
虽然晚了点，但是天气这么冷可以理解，师傅很不容易，谢谢啦,1,val,waimai_review
"锅包肉,还好,那个酸菜白肉竟然是大白菜,放了点醋,太难吃了,吃完就拉肚子了",1,train,waimai_review
女生吃刚好，男生可能量有点少,1,train,waimai_review
味道其实是大众水平，但是干净，送餐快，真的好服务,1,train,waimai_review
不错，薯条特别好吃,0,val,waimai_review
"不错,份量很足味道,也不错",1,test,waimai_review
价格合适，面有些硬,1,train,waimai_review
送餐小哥很敬业,1,val,waimai_review
饼快坏了，这次特别不好吃,0,test,waimai_review
还不错，就是打包影响美观。,1,train,waimai_review
包子非常好吃，百度骑士辛苦了，大晚上的,1,train,waimai_review
"还不错,就是一盘京将肉丝",1,val,waimai_review
没有糖包，热巧克力要了只有一半,0,val,waimai_review
棒棒哒！以后还会来滴～～～,1,train,waimai_review
"真是奇葩宇宙卷饼外送服务。说下这家的感受，一共点过三次此家的外卖。第一次点，早上十点半不到下单，下午两点硬是没吃上饭，期间催单无数次，打电话要么不通要么通了就说送餐员一直在路上马上送到，愣是被忽悠一大中午，无语。无奈只好把当天体验在评价里留言给予差评，结果晚上下班接到店家的电话，各种不容易，服务没做好等等道歉，OK咱们也不是蛮不讲理之人，创业做生意谁都不容易，也许当天真是店里忙不过来，你让我把差评删除没问题，也希望能有所改进。第二次点餐服务还是不错的，送餐只用了50分钟而且产品的包装和配送人员都不错.,第三次点餐，也就是今天，早上10:09下单，送餐员中午1:08拿着餐急急火火的进门，一句道歉的话没说，我问了句“你家怎么送餐这么慢，都三个小时了”，送餐小哥一脸不愿意的说中午就是这么忙，那还要不要？遂忿忿离去。我去真牛，感情你送餐晚，送不到怪我喽？送的慢你不知道提前电话沟通下吗，不打电话问你们，就装着没事人一样。得了，对这家也不抱什么希望了，宇宙卷饼就是这么霸气！",0,test,waimai_review
还可以吧。,0,test,waimai_review
都很满意，挺好吃的,1,train,waimai_review
很好吃，送餐大姐人很好，特别准时,1,test,waimai_review
最差的一次外卖体验，第一个订单被取消，第二个订单12：40下单，2点才送到。饺子已经冰冰凉。,0,train,waimai_review
"十一点四十订的,一点零五送到,送餐员一句不好意思都没说。。但是东西,还是一如既往的可以",0,train,waimai_review
等了2个多小时才送来，送来还都是凉的，差评,0,val,waimai_review
饼真心不是我想吃的那样的,1,test,waimai_review
这菜咸的啊。干死一卖盐的。,0,train,waimai_review
送餐小哥特别好，饭也不错,1,test,waimai_review
好吃，希望商家保持,1,train,waimai_review
"洒了好多,手提袋上也洒的都是",0,train,waimai_review
配送人员态度好，速度快！,1,train,waimai_review
压锅鸡，真逗乐你家那明明就是小鸡炖蘑菇，里面都是粉条和蘑菇，汤特咸再也不会点啦，真坑爹！,0,train,waimai_review
"大风天,不容易,非常好",1,train,waimai_review
"有点慢,送来都凉了,而且也不太好吃",0,train,waimai_review
挺好的，豆浆很好喝～～～,1,val,waimai_review
多次买了，但是这连续四五次全都洒的很厉害，送餐人员能不能注意一下,0,train,waimai_review
饭量少不说，还不给筷子，手抓饭都好几回了！,0,train,waimai_review
额。。。很难吃,0,train,waimai_review
全都辣白菜，沒什么味道不好吃,0,train,waimai_review
不错哦，感谢百度骑士！,1,train,waimai_review
太他妈的慢了，早餐送过来吃成了中午饭，真够可以的,0,test,waimai_review
灌汤包很好吃的，不错啦。,1,train,waimai_review
煎饼是我吃过的最好吃的煎饼，大个，重要的是没有一点没糊，油条非常低油，感觉很健康，味道也很好。抄手很够味，但调料稍微偏咸。豆腐脑很赞！很实，卤汁很解渴。椒盐双菇也不错。,1,test,waimai_review
多次买了，很好,1,train,waimai_review
鸡丝凉面太油了，豆腐脑超级好！一小时二十分钟送来,1,val,waimai_review
口感好的很，速度快！,1,train,waimai_review
"要的凉的,偏偏来一杯热的,就两样东西还搞错",0,train,waimai_review
东西还可以，就是速度慢了些。,1,train,waimai_review
人很好，菜也不错。很满意,1,test,waimai_review
我要的二米粥，但是送来的是南瓜粥，而且凉的都冰手，经常在你家订餐，没想到这次这样？你们不知道粥凉了？饺子是很热的，希望卖家联系我，完善售后,0,train,waimai_review
蛋挞太差劲了，怀疑烤熟没有～～披萨只能说凑合吧,0,train,waimai_review
味道不错，就是量不大,1,train,waimai_review
"卷饼还不错,送餐速度跟粑粑一样,近一个半小时,送来都凉了,还得拿微波炉热",0,train,waimai_review
一个字：咸，两个字：很咸，三个字：超级咸。。咸的大排我只吃了一口就吐掉了，，不敢吃了，我在想：厨师是一整包盐放进那一块大排里的？？,0,train,waimai_review
"完全化了,奶油烂糟糟的",0,test,waimai_review
"很好吃,包装很高大上",1,train,waimai_review
非常好，包装很仔细！卷饼用锡纸包着，过了半小时再吃依然热着,1,train,waimai_review
好快！！！味道不错,1,val,waimai_review
要的大瓶雪碧没有送,0,train,waimai_review
面和汤分开装的，很用心，送餐也特别快，20分钟就送到了,1,train,waimai_review
菜量太小米饭太多,0,train,waimai_review
送餐小哥速度很快，态度很好,1,train,waimai_review
味道还行，不过可能今天太忙给漏单了比较心塞…,0,train,waimai_review
难道是过年厨师回家了，替补厨师做的？锅包肉炸老了，咬不动，宫保鸡丁像是回锅的，西兰花切块还能再大一点吗？百度外卖好久，一直都很好，这次实在忍不了了，绝对差评,0,val,waimai_review
早点定的是两份8元煎饼果子套餐，苦等了1个多小时，结果送的是两份油条套餐，重点是说会补送，以为这服务真心不错，结果就杳无音讯了！,0,train,waimai_review
都很好，还有优惠的,1,train,waimai_review
饼硬，不太好吃,1,train,waimai_review
"慢,一次比一次慢,再也不定了",1,test,waimai_review
串串有油臭味，不知道是油的原因，外面那层肉不新鲜。希望提高食材质量。今天买的串都扔了。,0,test,waimai_review
有点辣还行吧，米饭少,1,val,waimai_review
这个太难吃了，还有点味是不是昨天剩的肉！！,0,val,waimai_review
"不错,送饭的哥们很给力",1,test,waimai_review
非常满意，送餐员态度很好,1,train,waimai_review
送餐太慢了，又是90分钟,0,train,waimai_review
百度骑士速度好快啊！而且服务态度超级好～～江山城的饭一直很好吃，走了外卖很方便呢！,1,train,waimai_review
看评论还担心特别晚才能送到，还特意打了客服电话询问，结果半小时就送来了，薄脆还是脆的。味道也不错，就是酱略咸。,1,val,waimai_review
很好，一如既往地快，好吃,1,val,waimai_review
"快递师傅送的很快,给个赞",1,test,waimai_review
晚了足足有20多分钟…不催也没电话,0,train,waimai_review
一如既往的好点心好味道！还送了小礼物，很开心呀！,1,train,waimai_review
卤打的还行，囊质量差了点儿，配送比计划晚了一个多小时，严重不满意。,0,train,waimai_review
"非常干净,味道也合适,满意",1,test,waimai_review
等了两个小时。,1,val,waimai_review
50分钟才送到不说，馅料完全散了，从没见过这样儿的外卖批萨！,0,train,waimai_review
挺好吃的，粥也很稠,1,train,waimai_review
我打神速还不行，非让我凑十个字才能发,1,val,waimai_review
面整个是一坨，没法吃，差不多一个半小时送到,0,train,waimai_review
够爽，好吃，一个人吃有点多,1,test,waimai_review
真的等了挺久的，也不是用餐高峰时段点的，每次反应过来的时候发现等了1个多小时！,0,train,waimai_review
送歺太慢！,0,test,waimai_review
奶盖红茶送成柠檬红茶，给你们打电话后说要给我回话然后等到现在也没有,0,train,waimai_review
订餐这么久，第一次觉得送餐服务差到极点了，哎服了！,0,test,waimai_review
千叶豆腐里吃出一张破纸！！都粘在豆腐上了！恶心死了！,0,test,waimai_review
送餐时间挺快的。味道实在难以下咽。吃了两口就扔了。,0,train,waimai_review
肉有点少哦~~,1,train,waimai_review
"定的11点45送达,这10点半就到了,上班没法吃,一会只能吃凉的了",1,train,waimai_review
小贵，好吃,1,train,waimai_review
太慢了。。。,1,train,waimai_review
很好吃。也很速度。服务态度也很好,1,train,waimai_review
金银馒头不适合外送，金馒头一闷都软了,1,test,waimai_review
"很一般,有点小失望,而且送过来是凉的",0,train,waimai_review
非常方便，百度骑士很赞！谢谢,1,train,waimai_review
很快，并有点厚，其他都还好。,1,train,waimai_review
速度很快，服务好，稻香村食品也特别好吃。,1,test,waimai_review
"人家是花钱买客户,百度是花钱砸客户,我觉得可以改一下名字叫,（摆渡外卖）一群不靠谱的人办一些不靠谱的事",0,train,waimai_review
今天送的真快，好评,1,val,waimai_review
"我的粥怎么没送过来。,赠送的饮料也没有。没有就不要写在订单了！玩呢？",0,test,waimai_review
我的番茄酱呢！,0,train,waimai_review
对于北方的女汉子中份的卷饼稍稍有点不够吃，喝了粥就好多了,1,train,waimai_review
"一会给送,一会不给送,脑子有病？",0,train,waimai_review
少送一个米饭,0,train,waimai_review
"好难吃!,冷面是糠的，没吃过这么难吃的",0,test,waimai_review
奶茶超级好喝，推荐。,1,train,waimai_review
无敌慢！！昨天2小时，今天依旧2个半小时都，居然还没送到,0,test,waimai_review
拜托你们给每个饼涨两块钱多请几位送餐师傅行么，我定了三次饭了，每次都是提前一两个小时订，最早的一次迟到一个小时送过来，你们都是睡醒了午觉吃午饭么,0,train,waimai_review
非常非常好吃！,1,train,waimai_review
没有最慢，只有更慢。。。可乐也洒了，只有半杯。煎饼凉了确实一般。。。,0,val,waimai_review
两个小时才到，饿昏了。不过还是很好吃的。,0,test,waimai_review
快递员真快，态度好，表扬,1,val,waimai_review
送饭炒鸡慢，以后不会再订了,0,test,waimai_review
口味还可以，肥牛入味还行,1,train,waimai_review
送餐速度快。。。卷饼分量足。。。味道不错。。。还会再次光临。。。哈哈,1,train,waimai_review
等了两个小时。10点半下单,0,train,waimai_review
"味道没问题,但是可能中午实在是太忙了,从11点多下订单到1点才送到………而且薏米水也没给配送,后来又补送的…貌似也没给吸管……这次外卖是最不满意的一次",0,test,waimai_review
没有优惠差评！,0,val,waimai_review
漏了这次的评价，真心赞，非常非常棒,1,test,waimai_review
"昨晚十点半送到的，简直感动,多谢卖家",1,train,waimai_review
凉菜有点儿咸了，牛杂好吃，没以前多了,0,train,waimai_review
非常划算，很好,1,train,waimai_review
"有点凉了,煎饼不热乎就好吃了,不过能在这雨夹雪的夜晚在屋里等待晚餐也是很爽的一件事儿",1,val,waimai_review
"最差的一次订餐体验,送的慢死了,东西也难吃。",0,train,waimai_review
还不错，味道有点家的感觉,1,train,waimai_review
外卖态度比较差。,0,val,waimai_review
虽然送了3个多小时，但是态度很好，反正我也不急着吃,1,val,waimai_review
准时送达，骑士辛苦。稻香村的点心有几个一直是最爱,1,train,waimai_review
快递师傅态度超好，速度一流。,1,val,waimai_review
"送餐时间长了些，一个多小时啊！薄脆已经软了,，豆腐脑还可以，就是偏淡了，不过在家吃放点生抽刚刚好！",0,train,waimai_review
很好吃，就是米饭量少了些,1,train,waimai_review
提前一个多小时订的，结果晚了18分钟，就看地图我的饭跟着送饭大叔这个到处跑呀！到了红薯都塌了，还嘭嘭脆什么呀！,0,test,waimai_review
不错，量足！！,1,train,waimai_review
"等的时间长就不说了,还忘了给拿米饭和餐具,等又把主食送到,菜几乎已经不能吃了",0,train,waimai_review
等了大半年啊，告我车坏了，太难了，饼说是重新做的，还算可以，不是凉的,0,train,waimai_review
怎么没有王老吉，我还有一个王老吉,0,train,waimai_review
微波炉加热后，超好吃,1,train,waimai_review
送餐超快，半个小时不到就送到了,1,train,waimai_review
"大虾很好吃好评,...",1,train,waimai_review
辣油很重，慎点~,0,train,waimai_review
第一次买这家的饼，这家店的肘子卷饼不是一般的差，大还推荐哪，大家不要买了！已经注明要热的了，饼送到了都是凉的了，估计早做好了就等中午送吧，而且一股腐臭味，你们用的什么肉就知道了吧！里面的肉10块里有8块是大肥肉，泥马肘子里有大块的腐臭的肥肉吗？可以投诉吗，百度怎么准入了这家店，真是恶心到家了！,0,val,waimai_review
要是饼再厚点就好了,1,train,waimai_review
配送及时，态度很好，五星好评,1,val,waimai_review
口味一般，价格便宜，饭菜分装，包装很好，送的及时，性价比高。,0,train,waimai_review
送餐特别慢！！老板电话不给说！！除了送餐员还行以外，真的不知道说什么好，吃的还没吃，味道不知道，100多分钟才送到，就800米……还有评价单上的送达时间不对！！什么11点14？是12点14！！,0,train,waimai_review
我的发票呢？为什么没有啊,0,train,waimai_review
太好吃了，不是第一次点他家的饺子了。皮薄馅大，真不错。送餐师傅很及时。,1,train,waimai_review
10点50订的，12点半才送来，都凉了,0,train,waimai_review
有点咸。八宝菜更咸(>﹏<),1,test,waimai_review
不到800米的距离，取餐到送到居然用了1个小时，面都坨成一坨了,0,train,waimai_review
等了2个小时才送来，多次催单，想取消订单餐厅电话一直占线。,0,val,waimai_review
送餐的重来不上楼,0,train,waimai_review
太辣了，辣椒太多,0,val,waimai_review
味道还可以，快递服务很到位。,1,train,waimai_review
吃了好几次，很好吃,1,train,waimai_review
很快很好很快很好吃,1,test,waimai_review
送餐小哥服务很好！,1,train,waimai_review
"前一次的麻辣香锅不错,量足,味道也可以,这次的酸汤鱼简直了,吃了一筷子就不想吃了",0,train,waimai_review
"太差了！配送员把饭都撒包装袋里了,还好意思收配送费,无语了",0,train,waimai_review
这次推荐鸡肉的。但备注了酱汁貌似没给哎、依旧干、幸好赠送了王老吉。,1,train,waimai_review
黑椒味道很足,1,train,waimai_review
和前几次味道完全不一样，只有辣味，什么味道都没有，我又让家人回锅加的盐和鸡精，这样才凑活能吃，菜里点的脆皮肠没找到一个整的，其他的菜也是烂乎乎的，正让怀疑是别人吃剩的，以后不会再吃这个了！！,0,train,waimai_review
2个半小时才送餐，送来都凉了！差评！,0,train,waimai_review
定这么多次，没见过这么慢的,0,train,waimai_review
"好吃,就是每次粥送来都有点凉",1,train,waimai_review
精致，味道不错！就是价格也高量小,1,train,waimai_review
好极了好极了好极了。,1,train,waimai_review
味道真的很一般,0,train,waimai_review
送的挺快，半小时吧就到了，但是味道不太好吃,0,test,waimai_review
"第一次吃到这么精致的卷饼,锡纸卷!",1,train,waimai_review
好好吃!!!,1,train,waimai_review
水煮肉味道非常好，菜量足，豆腐鲜嫩可口，方便，服务良好。,0,train,waimai_review
送错餐，然后一个半小时以后才吃上,0,train,waimai_review
不如第一次好吃了呢,0,train,waimai_review
骑士送货速度太快了！非常感谢！儿子最爱吃稻香村的点心了，怎么也吃不够！真心不错！,1,train,waimai_review
味道很棒！辛苦送餐员啦！,1,train,waimai_review
"没熟,葱嚼不烂,不好吃",0,train,waimai_review
还不错，就是米饭有点水…,1,train,waimai_review
"配送员差劲,态度恶劣,找不着路,还说脏话,菌菇汤要自己拿开水泡,下次不买了",0,test,waimai_review
不错不错，味道可以！速度也还可以,1,test,waimai_review
送的很快，师傅人也很亲和,1,train,waimai_review
很喜欢卖家的包装，下次还会来的,1,val,waimai_review
"送餐超慢，晚了一个多小时，催了三次,菜品油太大，除了汤还行，其他的都糊嘴,并且，说好了满100送大可乐，特意凑的单，结果送到了说没拿，打电话到店里结果接了之后说查一下给我回电话，然后就没有消息了",0,test,waimai_review
服务太差了，晚了两个小时,0,train,waimai_review
菜的油太大了,0,train,waimai_review
"点的冷的,给热的，点的去冰还放冰。服务员你是困了吗？",0,train,waimai_review
送餐迟到20分钟不说，竟然还少一样菜！太不认真了！差评！,0,train,waimai_review
送餐速度不敢恭维,0,train,waimai_review
忘记评价了，师傅很好！,1,train,waimai_review
送货速度很快，味道一般。,0,val,waimai_review
3个小时没送到，打了2次电话说会联系我就没结果了,0,val,waimai_review
非常好吃，味道好极了！！,1,val,waimai_review
很快。就是粥有些凉。。外送服务很好哦,1,train,waimai_review
周末值班的首选,1,train,waimai_review
"今天送的超慢不说,还送错了,明明点的排骨豆角给送的黄焖鸡,最讨厌吃鸡了,但是时间太长好饿还是吃了,只吃了一块,好难吃,为什么不打电话问一句给我送别的也行啊,为什么是鸡肉,太讨厌了",0,train,waimai_review
11:10下单的，等送到的时间是差十分钟2个小时。,0,train,waimai_review
真的很差，送餐时间足足晚了1个小时，还不让取消订单，霸王条款呀。,0,train,waimai_review
"菜的味道很不好,餐具太简陋,导致溢出全是油,而且送餐时间一个半小时也有点太长了",0,train,waimai_review
味道有点甜，总体来说还可以。,1,train,waimai_review
送餐这个百度骑士人真好，我生病躺在床上，七岁儿子开门拿，他还提醒孩子別烫着，关好门。赞一个,1,val,waimai_review
特别慢，不好吃,0,train,waimai_review
经常买这家的饺子，好吃又实惠。百度外卖的师傅服务非常好，每次都不忘说一句，祝您用餐愉快(^_^),1,val,waimai_review
我的卤鸡蛋呢,0,test,waimai_review
味道不错，送餐员态度很亲切，非常快,1,train,waimai_review
快递小哥人又专业又好！快到了提前通知，电话很有礼貌很耐心，而且按时送到了,1,train,waimai_review
不错，很香，很好吃完美无瑕,1,train,waimai_review
不好吃，米饭黏成一坨，土豆丝一点咸味没有，难吃死了,0,train,waimai_review
我连着吃了几天，每次都评语，今天你家已经排列百度热榜第二名了，恭喜恭喜，本来今天本来还会订餐的，我家人过生日，以后还会来品尝你家美食的，赞,1,train,waimai_review
面条和面皮都很一般，算不上好吃，但也不至于难吃！,0,train,waimai_review
口味不错，送餐小哥服务也很周到,1,train,waimai_review
第一次吃宇宙卷饼，好吃~,1,train,waimai_review
"菜品足,非常好",1,train,waimai_review
稍微有点晚,1,train,waimai_review
买完才发现店的地址这么远。。。味道还可以，饼的皮儿有点硬，应该是太厚了的缘故吧。。。,1,train,waimai_review
京酱肉丝太咸了，建议下次淡一点,1,train,waimai_review
备注了要全麦面包，结果还是白面包。百度外卖的送餐员真的很烂，不是第一次无视客户的要求，点餐的时候多说一句话就这么难么,0,train,waimai_review
好吃，好吃，送得送得很快,1,train,waimai_review
石锅饭还是不好外卖～五花肉是半熟的，吃了一块一会就拉肚子了……还是应该在石锅里焖熟再吃比较好,0,train,waimai_review
昨天送的肉丝的大,0,train,waimai_review
送餐速度太恶心了！将近3小时而且没交代！,0,train,waimai_review
"38元餐,和15元餐,量的大小一模一样,告诉我这个是大份的,给店长打了电话,还骂骂咧咧的",0,val,waimai_review
速度很快，菜品不错，米饭我吃着稍稍硬点可能个人习惯不同。,1,val,waimai_review
买了一份拉面都没有餐具呀怎么吃,1,test,waimai_review
挺好吃，不过有一点咸,1,test,waimai_review
"根本就没有更换点餐单目录,没有榛果和杏仁拿铁每次还要补价差",0,train,waimai_review
吃的很饱！一分价钱一分货,1,train,waimai_review
这个披萨好肉啊,1,test,waimai_review
咖啡全洒了……送餐员态度很差……,0,test,waimai_review
量不大，不过挺好的，这么便宜哪找去。,1,train,waimai_review
送货的小哥服务超好的,1,train,waimai_review
"鸡块太次了…感觉饭量不大…为什么要提前拌好了呢,想自己拌",0,val,waimai_review
等了好久好久，白菜变豆腐丝了，好郁闷,0,test,waimai_review
挺不错的，每个饺子一个格子放的很方便不会黏在一起,1,test,waimai_review
肥肠粉味道不错，就是分量有点少,1,train,waimai_review
觉得很好，味道不会很重很油腻，肯定不是地沟油。,1,test,waimai_review
不知道是送错了还是本来就分量少，我这个大份的，特别小。。,0,test,waimai_review
煎饼送过来都软，凉了。。。豆花也冷了。。请问我应该如何评价？,0,test,waimai_review
味道好，价格也实惠，推荐南瓜粥！,1,train,waimai_review
"裙带菜没有,送，带来很大不便",0,train,waimai_review
"这么快就到了,太棒啦",1,train,waimai_review
十点多点的，快两点才到，这速度，也是醉了。以后吧不会再买。,0,test,waimai_review
等了一个半小时餐才到，餐都完全凉了。菜也很油。商家电话永远打不通。不会再点了。,0,train,waimai_review
非常难，12点多才到,0,train,waimai_review
与图片相差大，注明不要辣还做那么辣！,0,train,waimai_review
大冷天的，送餐员辛苦了,1,val,waimai_review
"配送太差了,十点半定的,一点钟才送到,态度也很差",0,train,waimai_review
不新鲜拉肚子了，难受,0,train,waimai_review
太久了！河粉汤全都被吸收了！坨了呢！不开心=_=,0,train,waimai_review
"两个字，恶心。蛋太生，沙拉竟然给我一包番茄酱，香肠和土豆泥都没有酱汁，那么干怎么吃？,总之和第一次相比差很远",0,test,waimai_review
送餐及时，服务态度热情,1,train,waimai_review
大中午点的，送餐大哥很给力！速度很快，大中午的真是不容易！pizza馅料很多哦！满满的都是芝士哦，会再来,1,train,waimai_review
最爱青城家的饭菜～如今终于可以外卖啦～带娃来不及做饭时首选青城～主要是吃的放心，很干净，菜的味道有家的感觉，老板人特别好，这也是老店如此火的原因，希望能出些新的菜品哈哈！,1,train,waimai_review
以前很喜欢吃，现在送来的是什么鬼？咖喱鸡肉烩面，为什么没有咖喱？？？,0,train,waimai_review
准时，效率，有责任心！赞,1,train,waimai_review
卷饼很不错，肉很多，还是用锡箔纸包起来的，还有一个一次性手套，赞一个。缺点是送餐慢了一点。,1,train,waimai_review
我靠简直神速！！！,1,train,waimai_review
超时是可以的理解的，可是送到的饭汤都洒的整个袋子里都是，一点食欲都没有，好心情全无，太恶心了,0,train,waimai_review
"为什么一样的煎饼差这么多？酱料酱料不够,吃白饼一样,椒盐双菇是让我吃白油炸蘑菇嘛,没放盐会腻死,这是晚上很饿苦苦等待来的非常不佳的一次饮食体验",0,train,waimai_review
"都冷掉了,皮都軟掉了,可能還是得去店裡吃",0,test,waimai_review
味道奇怪…真的不好吃…扔了,0,train,waimai_review
饺子很好吃，送餐很快,1,train,waimai_review
骨头太大啊,0,train,waimai_review
孜然羊肉超赞！花卷超赞！,1,train,waimai_review
鸡肉披萨不错，手指牛排特别赞！,1,val,waimai_review
"非常不满意。因为时间上写的是四十分钟送到,我才定的他家。结果快九十分钟才送来,而且餐都是凉的了。以后不会在定他家了,非常不满意",0,train,waimai_review
双拼里的番茄鸡蛋很差，番茄是坏的，鸡蛋带蛋壳。,0,train,waimai_review
"好几次了,菜都有点凉了",0,test,waimai_review
真心的慢啊，彻底无语，彻底失望了,0,val,waimai_review
特别感谢快递小哥，让你久等了,1,train,waimai_review
太慢了，两个小时啊！！！味道还行！,0,train,waimai_review
虾仁口感不好，但是整体味道不错，只是口感，但这个价位，也理解了。,1,train,waimai_review
不知道怎么这么慢！,0,train,waimai_review
挺好哒。米饭很足。很容易饱。,0,train,waimai_review
还好吧。饼的口味差点儿,1,train,waimai_review
不错，肉很多，包装也挺干净,1,test,waimai_review
味道很好，米饭软硬也刚刚好。,1,test,waimai_review
送餐实在太慢了,0,train,waimai_review
味道不错！店家态度也好！支持！！！,1,train,waimai_review
米饭一般，4块有点贵，小炒肉不错,1,train,waimai_review
特别快就送到了…而且特别好吃，包装很漂亮,1,val,waimai_review
我要的辣的，怎么送了个不辣的呢！,0,train,waimai_review
"快递小哥太能绕了,一小时才到,打了无数电话,炸鸡都不脆了",0,train,waimai_review
配送非常迅速態度非常好给个赞,1,test,waimai_review
订单上有饮料，送来的却没有.菜一般，送饭一个小时左右,0,test,waimai_review
"网页标明20起送，打电话来说要28才能起送，取消订单,再次下单还是被取消订单,且打电话来的服务员态度极差！！",0,train,waimai_review
味道不错，速度很快。,1,train,waimai_review
味道不错，百度骑士的速度很赞～,1,train,waimai_review
送餐慢，不过好吃。,0,train,waimai_review
员工素质差，不虚心接受评价，认真改正，还给客户半夜三更打电话骚扰，还记录了认真给他们做出评价的客户，还打电话说一些不侮辱性的语言，还给客户发送黄色图片侮辱客户，太差了。没见过比这个餐厅素质更差的餐厅。有这样的员工迟早会关门大吉。,0,train,waimai_review
服务很好，送的很快，很有礼貌。,1,val,waimai_review
"挺不错的，很好,就是说好的尖椒呢，结果是青椒，一点辣味都没有",1,train,waimai_review
今天送的很快，快递员态度好，味道很好,0,train,waimai_review
"非常不错,喜欢:):)",1,train,waimai_review
除了速度慢，其他都挺好。速度忒慢了，等了一个小时二十分钟。,0,train,waimai_review
"送了三个小时,我也服气了,开始刚来公司没注意直接选立即送餐了还觉得太早了,可是没想到还是订晚了",0,val,waimai_review
百度骑士是又懒又馋人士的天使,1,train,waimai_review
特别不好吃，年好酸,0,val,waimai_review
，，，，送餐员傻缺。饭呢里面有异物，在点西红柿鸡蛋之前我就有顾虑，点了以后里面确实是有吃剩的硬物肉渣。,0,train,waimai_review
"太小了,味道一般,说多了都是泪",0,val,waimai_review
送餐很快，人也跟nice，好评！,1,train,waimai_review
"态度很好,地址填错了还是给我跑了一趟,没有表现出不愿意的样子,为了这个快递员,我写了评论",1,train,waimai_review
没见到可乐，没见到可乐！,0,train,waimai_review
"太慢了,花儿都谢了",0,train,waimai_review
米饭是夹生的，只好把菜吃了，饭扔掉,0,train,waimai_review
送餐的叔叔特别温馨！每次都急急忙忙的跑来。谢谢送餐大叔！宇宙家的卷饼味道都很赞！,1,train,waimai_review
好吃，包装好，干净卫生,1,train,waimai_review
送来的挺快的～味道不错,1,train,waimai_review
煎饼真唑实，一个就撑。吃的拉面煎饼,1,train,waimai_review
配送师傅好和善！辛苦啦！,1,train,waimai_review
今天的饭真的是太令我失望了，从来没见过这么烂的外卖，菜花都是至少三天前做好的，根本没法吃，看看就恶心！！,0,val,waimai_review
送的是在是太慢了,0,test,waimai_review
太慢了，两个小时,0,train,waimai_review
太！慢！了！,0,train,waimai_review
吃完感觉不舒服，油是不是不好？,1,train,waimai_review
非常气愤，送餐人态度非常恶劣！特别不情愿搞的像欠她的一样！太无语了！,0,train,waimai_review
很不错，豆腐脑好喝，油条煎饼好吃，豆浆还备了糖，周到,1,train,waimai_review
"沙拉没给酱,没给叉子",0,train,waimai_review
怎么说……送来的人态度很好，但是东西太难吃……春卷和南瓜饼还可以,0,train,waimai_review
"太咸,每次吃都咸",0,train,waimai_review
"骑士人很好细心超快速赞一个,饭还好量大",1,train,waimai_review
瞬间就送到了，冬天吃外卖好温馨,1,test,waimai_review
排骨咸的要命，简直没法吃。牛肉面更咸了。都可以飞上天了。再也不想吃第二次了。,0,test,waimai_review
送餐速度很快，非常好,1,train,waimai_review
2个半小时，我也是醉了,0,val,waimai_review
第一次使用百度外卖，感觉真方便，送餐速度很快，味道也很好！,1,train,waimai_review
忘记说别放辣了，结果辣得我全倒了！,0,train,waimai_review
味道不错，就是稍微有点硬！,1,train,waimai_review
好吃，量也大，值得推荐,1,test,waimai_review
不错很好吃.就是边有点硬，饼也薄了点，味道不错馅料也好,1,train,waimai_review
送餐速度太慢，打电话想问问做了没，服务员的态度太差，竟然就喷顾客。所以以后都不会再订这家的,0,train,waimai_review
挺好吃，就是慢！！！,0,train,waimai_review
太辣了。。不会再爱了,0,test,waimai_review
高大上，餐包装很精致，味道也不错,1,val,waimai_review
送餐速度真的很慢，还忘了送粥过来，又补送了一次，肘子卷很一般，如果能把设计包装纸袋子的精力放在提高产品质量和送餐速度上就好了,0,train,waimai_review
说了三遍加奶油，还是忘了，好难喝,0,test,waimai_review
百度骑士特别给力，奶茶是经典大家都爱喝。,1,test,waimai_review
作为襄阳人，就是这个味！,1,train,waimai_review
挺好吃的，凉拌木耳味道也很好,1,train,waimai_review
"太慢了,每次一个小时以上",1,test,waimai_review
天冷送到都凉了，石锅拌饭还是去店里吃吧！,0,train,waimai_review
时间提前太多，到吃饭的点都凉了，希望下次改善，量有些少，再增加点就好了,0,test,waimai_review
饭菜好不好另说，就冲这么冷的天这么晚，快递辛苦送来也好评,1,train,waimai_review
实在不应该叫外卖的，送错地址后，再等他送过来，面都已经不能吃了。真后悔！！！外送员也不容易，算了。以后再也不定了。,0,train,waimai_review
"很不错,很好吃",1,test,waimai_review
服务态度实在是受不起，十点二十点的餐，一点整送到，点的河粉都成一坨了！而且第一次打电话给商家，世纪就隔了一条马路的距离，店家居然告诉说你们那么远？！然后名正言顺的在点完餐2个半小时才到。更搞笑的是后来多次打电话居然根本全部打不通，你tn是屏蔽我了是吗！由于送餐的绝对及时，是在临上课前两分钟到的，于是，我们很愉快的中午定了份晚上的外卖！！要不是评等级最低给一星，我真是一个星都不想给！中午简直是气饱的。,0,train,waimai_review
真的非常好，比实体店便宜。定了好多次了,1,val,waimai_review
百度太差劲了，刚付完款给打电话改变付款方式就一个拖另一个，吃完了也没解决，三个客服跟配送说的不一样，明显不想解决，配送还可以！n,0,train,waimai_review
菜做的很棒，可是送餐送的好慢啊,0,val,waimai_review
点了热带雨林披萨+饮料，和BBQ鸡肉披萨+饮料，送来的是两个奥尔良披萨+两个银耳冰粥，冰凉冰凉的!!完全无视了我们的订单吗这是!?!?不过奥尔良披萨还挺好吃的,0,train,waimai_review
比想象中快多了～赞一个,1,test,waimai_review
好吃但是速度太慢。。。。,0,train,waimai_review
不错，就定他们家的1!！！,1,train,waimai_review
还可以再来,1,train,waimai_review
真几把慢，跟找不到路一样。,0,train,waimai_review
还可以，就是量小点,0,train,waimai_review
"服务不错,但是太难吃了啊啊啊",1,train,waimai_review
菜煮烂了，鸡肉很多都是骨头,0,train,waimai_review
商家没有给赠送的饮料,0,test,waimai_review
肯能距离有些远，配送的比较慢,1,val,waimai_review
每次都送得特别慢，时间在60分钟到90分钟之间,0,val,waimai_review
宇宙速度，下单5分钟就到。味道好，明天继续。,1,train,waimai_review
多等一个小时，但是看到外卖大哥穿着雨衣还淋湿了，心里一下就没了怨言,1,val,waimai_review
没有也不告诉一声,0,train,waimai_review
汤洒了披萨翻了…………不开森,0,train,waimai_review
还不错。值得推荐,1,train,waimai_review
特难吃，菜、酱都特少。送餐超慢！而且还不接电话，,0,train,waimai_review
菜都撒了，米都让菜汤泡了，比预计晚了20分钟，这次特别不满意,0,train,waimai_review
不错～很好！！点了两份，中午下午都有了～,1,test,waimai_review
泡菜有点辣，其他都不错，个人喜欢吃白菜豆腐粉丝丸子汤。,1,train,waimai_review
等了一个多小时，催两次单，不过客服态度还可以。,0,train,waimai_review
赞，不过泡菜五花肉略辣了些，个人口味问题。,1,train,waimai_review
感觉这是最赞的一次外卖,1,train,waimai_review
第一次吃没拌饭酱的拌饭..,0,test,waimai_review
超级好超级好超级好啊,1,train,waimai_review
鸭翅都坏了，还拿给客人，真是挣钱不要名誉啊。,0,test,waimai_review
超级给力的骑士！饮料好喝！,1,train,waimai_review
已经点了几次了，菜的味道超级正，油也很干净~非常好,1,train,waimai_review
"本来订的午饭,最后变晚饭了,什么玩意！",0,train,waimai_review
"满50送的霸王鸡条没给配送,致电百度外卖客服未果！请速解决",0,train,waimai_review
芝士非常多,1,test,waimai_review
真是太慢了！！！我都等了两个小时了！！！,0,train,waimai_review
"关东煮和沙拉,跟主食不是一起送的,。。。送来的时候已经吃饱了,呵呵了我就,而且关东煮泡的已经没法吃了,送餐员没有一点歉意,。。",0,val,waimai_review
根本无法送餐，订多早都没用，破店,0,train,waimai_review
喜欢吃黄焖鸡，味道棒棒哒,1,test,waimai_review
"垃圾垃圾,这餐还送不送啊,俩小时了还没到",0,train,waimai_review
百度骑士态度很好，一句祝福的话心里很暖！饭菜味道也不错哟！,1,val,waimai_review
差评！没见过比这更慢得外卖，差评！而且还难吃。！,0,test,waimai_review
配送超级到位，配送员认真负责,1,train,waimai_review
从说马上送餐，到收到餐，时间特别久，给的送餐电话打不通！,0,val,waimai_review
下了单说一个小时之后送，过了一个小时送餐员打电话又说晚15分钟，而且态度不好！味道也一般，跟小螺号比差远了，再也不点了,0,train,waimai_review
"推荐,真的很好吃哦",1,val,waimai_review
很满意。味道好好，量还足。送餐好快，谢谢百度外卖的送餐师傅。,1,train,waimai_review
"我能说我没有吃过这么。。。。算了一人一口味,等了一个多小时真的太失望了。第一次吃也是最后一次了。。。",0,train,waimai_review
"估计这家要穿越宇宙配送,已黑名单",0,train,waimai_review
还可以，包装干净卫生,1,train,waimai_review
"等了两个半小时,年前也就这速度了,电话也不接",0,train,waimai_review
极少喝星巴克，但每次点都觉得产品质量和口感上不如意。如果是本着“反正是卖给有钱没品位的人喝的话”那不过是一个三流街店罢了。,0,train,waimai_review
师傅服务好送货快，性价比超高,1,train,waimai_review
不错，味道很好，提点小小建议，要是能配上点腌菜或者拌菜就很好了,1,test,waimai_review
"饼比较厚,味道习惯啦",1,train,waimai_review
半个小时就到了~而且很值喔~,1,test,waimai_review
辣白菜五花肉饭，一共只有3块半肉，全是辣酱，比第一次订差了十万八千里，到底有没有标准，这样的饭这个价太没天理,0,train,waimai_review
比较失望，我点的鸭头都没给送,0,train,waimai_review
速度快、质量差的很、我要九块原味鸡、四块一样的、你他妈的脑袋有问题吧、告诉我看见就恶心、9⃣️块都是差不多一样的、所以说你们有神经病,0,train,waimai_review
卷饼很好吃，肉超多~香菇鸡肉咸了点，下回尝尝其他菜吧，总体上是不错滴。,1,val,waimai_review
已经很少用百度外卖了，因为多数时候自营配送都很不理想，以往是动辄一个半小时送餐时间，今天好不容易比较快，但是汤汤水水洒了一屋子。之前百度还会重视售后反馈这块，后来发现也只是打个电话了解一下情况，无歉意无改进。百度外卖再这么下去还能继续多久。,0,val,waimai_review
难吃就算了还慢.整整用了八十多分钟才到，明明九点多了才送到都凉了，为什么百度系统自己写八点十五就到了，你们就是这样忽悠顾客的，送晚了迟到了都无所谓，点外卖本来就是要等，但你们欺骗顾客自欺欺人真的很不光彩！,0,val,waimai_review
时间太长，并且泡菜汤没有米饭,0,train,waimai_review
叫了好多次你家的，这次送餐的态度特别差,0,val,waimai_review
味道还可以，就是有点儿慢,1,val,waimai_review
不好吃锅包肉太甜了,0,train,waimai_review
服务态度太差了，找不到地方还骂人，挂我电话。建议换一个靠谱点的小哥,0,train,waimai_review
味道一级棒，就是配送太慢了,1,val,waimai_review
忘了放辣椒了，味道一般，南瓜饼还不错,0,train,waimai_review
"外卖人员很给力。除了蔬菜粥都好吃。,那个蔬菜粥盛的时候能不能注意点。吃到四根头发。果断给扔了",1,train,waimai_review
服务态度不错，骑手辛苦啦~,1,train,waimai_review
卷饼和香肠那么粗，严重忽悠人啊！~,0,train,waimai_review
我要了一杯热的一杯凉的结果全是凉的，要的脱脂奶也没给我换,0,train,waimai_review
"说好的肘子,结果是肥肉块儿",0,train,waimai_review
味道很好，可惜吉野家的量一直不太多,1,train,waimai_review
简直太难吃了,0,test,waimai_review
10.40定的，11.50到的，真是服了气了，黄焖鸡吃的像红烧鸡块，不说了，绝对不在这里点了,0,test,waimai_review
并不是香草拿铁！？？？！,0,train,waimai_review
配送员送来的时候洒了很多,0,val,waimai_review
表示售后客服很不错，虽然送错口味让我多等了一个小时，但是味道真心很赞,1,train,waimai_review
快速的送到了顾客的手里。,1,train,waimai_review
"咖啡洒了不少,都浸到蛋糕盒里了,蛋糕上也粘上了咖啡",0,train,waimai_review
还不错的，肥肉和肉皮有点多。其它的土豆丝卷饼很不错哦！,1,train,waimai_review
味道很好，就是送太慢了,1,train,waimai_review
"师傅辛苦了，谢谢,下雪注意安全",1,train,waimai_review
饮料好喝，送餐也神速。,1,train,waimai_review
"略咸，建议添加选项,少刷酱嘻嘻，别的不错",1,train,waimai_review
"三十块钱,一小盒都不满,怎么想的,再也不会订了",0,train,waimai_review
蛋糕味道不错！明明约的是10点至十二点送货，结果九点半就来了，买了两个蜡烛，要的是2和9，结果给的是7和9，完全不注意，老公为此还笑话我了，整体满意吧,0,train,waimai_review
很差，时间太短了，不好吃，,0,train,waimai_review
不错~就是鸡腿肉有点少,1,val,waimai_review
稍微慢了一点，不过老板态度很好。支持,1,train,waimai_review
可怜的汤盒，真心小的可怜，在都不订了性价比一点不高,0,train,waimai_review
没有给带发票。。。,0,train,waimai_review
饼如果弄得再薄一点是不是更好吃呢？刚咬头两口我以为我是在吃馒头,1,val,waimai_review
口味很不错,1,train,waimai_review
菜色一般，味道也不怎么样，若是选择还是不要的,0,val,waimai_review
送餐极慢！,0,train,waimai_review
说12点51预计送达，然后12点55电话说，没材料了，做不了。。TM这是在开玩笑么。。虽然最后换了别的，但总觉得不爽。。,0,train,waimai_review
速递小哥辛苦了，饭菜到手还是烫烫的，在这寒冷的日子，谢谢啦！,1,train,waimai_review
速度很快，很准时！赞,1,train,waimai_review
送餐速度不错，食材太差，吃完嘴发麻，头晕晕的。以后再也不会吃了,0,test,waimai_review
很快，味道也可以,1,train,waimai_review
"鸡腿肉卷还可以,肘子和尖椒搭配,个人不太喜欢,感觉像红烧肉",0,train,waimai_review
隔三差五儿的就点两杯味道不错！送餐员辛苦啦！,1,train,waimai_review
儿子最喜欢吃站点，昨天因为脚崴了不方便出门，只能外卖，其他都很赞，但披萨我觉得像提前做好翻热的，因为已经很硬，我们一直在亚运村店吃，一个披萨的烤制时间不短，昨天从下单到送来，时间不太对。,1,train,waimai_review
豆子特别硬，压根看不见肉,0,train,waimai_review
量太大，吃不完,1,train,waimai_review
木耳不好吃，辣白菜还好，皮蛋瘦肉粥太淡,0,train,waimai_review
早了，我不方便。然后让我等,1,train,waimai_review
菜味很棒，希望继续努力，支持你！,0,test,waimai_review
味道还不错，但是不是第一次送延误了，这次貌似还给送错了。。。等了好久饿过劲儿了已经，本来很好吃的西红柿鸡蛋都凉了。。。送饭过来的时候连声抱歉就给个三星吧。希望以后改进！,0,train,waimai_review
忘记说甜酱和辣酱多加了，呵呵，新款很不错，配菜丰富很好吃！！,1,test,waimai_review
"一直都吃这家,非常好,土豆泥是特色,鱿鱼有点腻,送餐速度一如既往的快",1,train,waimai_review
很快，跟在店里吃基本无差,1,train,waimai_review
饼很大，但是速度很慢,1,train,waimai_review
接电话那女的态度差的像借她家米还她家糠似的，女鬼似的凄厉，打两次电话两次如此，一直去他家吃饭，订餐，发誓没有第二次,0,test,waimai_review
食物太差，其中一個餸是壞的,0,val,waimai_review
饼都泡的都裂开馅儿全部出来了，两个半小时才送到，,0,train,waimai_review
好吃的点心就属稻香村了！骑士送货很快，服务热情！赞一个！,1,train,waimai_review
豆腐脑好吃，这款煎饼有点儿怪,0,train,waimai_review
香菇鸡肉卷里没鸡肉。。。全是香菇,1,train,waimai_review
"越做越难吃,饭还是凉的",0,train,waimai_review
没送上楼，说保安不让，但其他人的都可以,0,train,waimai_review
忘记给勺子了，豆腐脑没吃成,1,val,waimai_review
订了个京酱肉丝，送来个鱼香肉丝,1,train,waimai_review
外卖比在店里吃差很多⋯⋯,0,train,waimai_review
米线有点软,0,val,waimai_review
送餐员非常快，联系了好几次非常好,1,train,waimai_review
鸭头用的袋子居然还收包装费，速度太慢，打了两个电话还没找到，最后下楼自己取得,0,test,waimai_review
送餐速度快，味道不错。,1,val,waimai_review
送餐太慢，饼也不好吃，里边都是肥肉,1,train,waimai_review
菜品还不错,1,test,waimai_review
一个番茄酱都没给我！还注明了让多带番茄酱,0,train,waimai_review
说了不吃辣。。。送来的还是辣的,0,train,waimai_review
非常快，非常好，没啥说的,1,test,waimai_review
不好吃不好吃不好吃，什么里面都是香肠！,0,val,waimai_review
好评！外卖袋子很不错哦~,1,train,waimai_review
没我想象的大，只有一个卷好了的，差点不够吃！,1,train,waimai_review
分量足！但备注了三种荤菜：鱼豆腐、牛肉贡丸和香菇贡丸。送来却只有鱼豆腐。。。,0,train,waimai_review
肘子蔬菜拌饭里的菜再熟一些就好了~~,1,train,waimai_review
"送了一个多小时,两点吃上的,有点夸张了吧",0,test,waimai_review
这手抓饭真不错，！不给筷子没办法啊！,0,train,waimai_review
品质越来越差了。除了秘制凉皮很好吃，其它都做的难吃，肉夹馍腻死，骨肉相连和鸡翅甜又凉的，米线淡的没放盐。渣,0,train,waimai_review
快递员不认识路，还不听指导，还让我们下楼拿，一共3层楼，这样还收外送费，,0,train,waimai_review
非常的不负责任！送餐基本没两个小时压根吃不上！等你快饿死了，饭来了，彻底凉透了……,0,train,waimai_review
还不错啊，买了两份，香菇鸡肉的尤其香，好吃，尖椒土豆丝的味道有点太淡了。好吃方便。,1,train,waimai_review
很好很好很好,1,train,waimai_review
"十一点后点餐,送的慢,不过味道确实不错",0,train,waimai_review
太难吃了，真难吃，可难吃了，不足十个字，够了吗？,0,train,waimai_review
以前也点过，可是这次量给的少,0,val,waimai_review
鸡蛋挺多，海带丝好吃，米饭不错。但是，送货时间太长了，两个小时才送到，打客服电话竟然是空号，简直无语。,0,train,waimai_review
刚取到，先来个差评，12点35分送到，以后果断不订了,0,val,waimai_review
配送很快，赞！套餐份量很足，味道很好，特价价格也很便宜，非常划算！,1,val,waimai_review
不错，以后还订,0,train,waimai_review
送餐大叔文质彬彬的：）拯救了快饿死的我。中午赌气没吃饭忍不住点了卷饼，吃一口，整个人都活了过来呀！,1,train,waimai_review
送的太慢，太慢太慢太慢了！送来的时候饭都凉了。,0,train,waimai_review
潜力股，你值得拥有,1,test,waimai_review
就吃了点儿炒鸡蛋鸡蛋,0,val,waimai_review
速度快態度好,1,train,waimai_review
量足味儿美！,1,val,waimai_review
送的有些慢，可能是点餐人多吧，忍了；排骨汤，全骨头渣子；烤翅，mini的吧？而且味道也不行，干巴巴。,0,train,waimai_review
"送餐时间将近1个小时了,打客服电话,老板免了3块送餐费.(快递小哥还不想给),里面的白菜真难吃哦.这个时候就别坐白菜了.过季了哦.",0,val,waimai_review
配送服务很好。味道很正。,1,train,waimai_review
送餐员很迅速,1,val,waimai_review
厥根粉太难吃了，太硬，不是一般难吃,0,train,waimai_review
"回家路上下单,到家一会儿就送到了,大晚上的,谢谢百度骑士,饭味道好,就是感觉好像放味精多了,饭店的饭都放,没办法",1,val,waimai_review
谢谢骑士，辛苦了～～,1,train,waimai_review
"味道不错,肉少点儿",1,test,waimai_review
"难吃到死，不是油豆角，没有味道，非常非常差，排骨不烂呼，很硬，不如自己做的,，非常非常差",0,train,waimai_review
好大一盆点了7个小份量足,1,train,waimai_review
小哥态度特别好。东西也不错,1,train,waimai_review
好吃~送到北中医才十几分钟~\(≧▽≦)/~,1,train,waimai_review
卷饼和粥送到都已经凉透了,0,train,waimai_review
好喝，也没有漏。，，，，,1,train,waimai_review
服务和味道都是不错的,1,train,waimai_review
送餐找错小区，可乐没吸管，还洒了好多，薯条都凉了，还要好评,0,train,waimai_review
送餐时间远超1个小时，骗我说送餐员在路上可是2个小时才到。爬也爬到了吧！差评！,0,train,waimai_review
红豆沙喝了几口就拉肚子了,0,val,waimai_review
超快超好！感谢感谢！,1,train,waimai_review
很好吃啊！！！,1,train,waimai_review
鲫鱼汤鱼不新鲜！总体来说还可以吧！,0,val,waimai_review
好吃！！好吃！！！招牌菜醋溜木须！！！,1,test,waimai_review
不是高峰期订餐，还是很快滴！,1,train,waimai_review
整体都很不错,1,train,waimai_review
最低两颗星，以后不会再点。,0,train,waimai_review
"非常好吃,以后都准备来这家了",1,train,waimai_review
一般，价格味道不成比…,0,test,waimai_review
时间有些长,0,test,waimai_review
好吃，量很足哦，送餐速度也够快，送来还很烫那,1,train,waimai_review
服务到位非常好，很满意,1,val,waimai_review
要了三个汤，三个都洒了，而且说半小时送到，实际花了快一个小时,0,train,waimai_review
送餐快，已经在吃了，服务特别好,1,train,waimai_review
蔬菜沙拉没送,0,val,waimai_review
迅速及时！好吃！百度骑士辛苦,1,train,waimai_review
非常好！！我家住六层，送餐人员直接就爬上来了送到家门口，态度特别好，辛苦！感谢！,1,test,waimai_review
太慢了，饿到后来吃了点别的就不饿了。,0,train,waimai_review
超级超级美味,1,train,waimai_review
没有拿吸管，有东西没了也不提前通知,0,train,waimai_review
吃了很多次牛肉蔬菜拌饭，今天明显比以前少很多，不管菜或者饭都差不多之前一半，没吃饱，又去楼下买了份凉皮……,0,val,waimai_review
"一个半小时诶。。。点了套餐,没带粥来,肉卷是凉的。心凉！",0,test,waimai_review
酸辣粉太一般，不算好吃,0,train,waimai_review
"挺好的,服务态度也挺好的",1,train,waimai_review
饭是凉的！,0,train,waimai_review
"我的黑胡椒鸡排送餐员告诉我忘拿了被换成了,王老吉,心塞！！！,还有我感觉我的炸鸡块好像被吃了,有一块肉,一半被吃了的样子",0,train,waimai_review
"点了四个菜,两盒米饭,141元,没一个好吃的,什么破玩意",0,train,waimai_review
超级好喝，几乎老点…送餐员师傅态度很好！赞！,1,test,waimai_review
土豆泥以前很好吃的，不知为什么这次特别干？！,1,test,waimai_review
菜的量有点少啊,0,train,waimai_review
煎饼好吃！！！,1,train,waimai_review
味道好极啦，送餐很快师傅辛苦啦,1,train,waimai_review
很好吃！包装也很用心！,1,train,waimai_review
"太慢了,十一点定的",0,val,waimai_review
"包装不错,味道也不错",1,train,waimai_review
包装很好，饼很好吃,1,train,waimai_review
是不是也太少了！吃两份也不够啊！,0,train,waimai_review
感觉汉堡时间有点长了，外卖品质就是没有堂食的好,0,train,waimai_review
好吃，小贵。比附近另一家对我口味,1,train,waimai_review
好吃不贵，经济实惠！,1,train,waimai_review
酱油太多，黑哇哇的，要的地瓜都没有看到！,0,train,waimai_review
很好吃，而且便宜实惠,1,train,waimai_review
吃过的最难吃的披萨，上面的芝士薄薄一层，和下面的面饼都分层了，一拿就掉,0,train,waimai_review
态度很好，也很好吃，继续努力啊～,1,train,waimai_review
"很好吃,送餐速度也还不错,还送了一个王老吉饮料",1,train,waimai_review
订了大概十多次了，店家没一次给送对过，要宽粉，给米线，要红薯粉还给米线，要辣椒，忘了拿，要麻油没拿，还有几次就不说了,0,train,waimai_review
百度骑士很快，菜品也不错，应该是有所升级,1,train,waimai_review
很喜欢酸辣汤～好喝～其他菜有机会尝试,1,train,waimai_review
"很好,送餐员也很好",1,train,waimai_review
味道很好！速度也够快！,1,train,waimai_review
非常快非常好,1,train,waimai_review
今天送餐迟到40多分钟，晕菜,0,train,waimai_review
感觉是秒到啊,1,train,waimai_review
水煮鱼不错，吃两次了,1,train,waimai_review
没有满减哼呵呵哈哈哈,1,train,waimai_review
几乎只有蛋,0,train,waimai_review
点了两瓶啤酒就送了一瓶,0,train,waimai_review
明明点了可乐，居然没送过来？！上次也少送了一次我没吭声，这次又少送！真够差劲的！,0,train,waimai_review
"OK,包装很好",1,train,waimai_review
送来后有一个汉堡袋子破了，酱汁洒出一部分，下次要注意,0,val,waimai_review
还是很慢，每次都很慢,0,train,waimai_review
不错，卷皮厚了一些,1,train,waimai_review
送货小伙服务很好，送到公司里，小伙很帅！,1,train,waimai_review
为什么不给管儿？？？？撕开纸喝？？？？,0,val,waimai_review
点的至尊肥牛，结果店家打电话来说至尊肥牛没了，换了个红烧牛肉。但是同宿舍的人同一时间定的至尊肥牛就有。不知道店家是什么意思。之前好几次都打电话让换，但是实际上有。,0,val,waimai_review
差评，11点14订餐，13点20饭才到，2个小时才把我的午饭送到，而且还是打了2次客服电话，1次投诉电话才给送来，要是不打电话都不知道几点能吃上午饭？,0,train,waimai_review
量小而精，口味尚可。,0,train,waimai_review
这次不错，赞一个,1,train,waimai_review
菜品很差，光见白菜了，还很少，就一点肉，肥肉特多，菜量只有平时1/3，极差!,0,train,waimai_review
"哎。。。完全没法评价这个送餐速度。。。竟然送了104分钟，我真是醉了。。一个小时的时候跟我说送出来了。。然后过了44分钟才到。。有这么欺骗消费者的么。。你说人太多就算了。我订其他家的。。真是过分啊！,而且之前一次也是送了1个小时14分钟，再也不定这家了。。太垃圾了",0,train,waimai_review
压根没送到，快递员为了降低送达时间，先点了送达。,0,train,waimai_review
土豆泥是酸的，不知道是不是本身就这个味道。,0,train,waimai_review
点饺子不给拿醋,1,train,waimai_review
糖醋里脊不是很好吃，因为没有交汁儿！水煮肉还行，总的来说量很大！,0,test,waimai_review
很不错的，很喜欢这样大小的饭盒，味道也不错，就是送来的时候已经比较凉了。,1,train,waimai_review
送货快～一直听说黄太吉～终于品尝了～很好吃,1,val,waimai_review
嗯，送货师傅依然很负责任呢！,1,train,waimai_review
不到一公里路，10点58分下单，1点20到，下午上班了，才到，我无语,0,train,waimai_review
味道好，香，量也不少,1,train,waimai_review
好吃但是太咸了，其他都还好,1,train,waimai_review
送餐的过来，米线已经撒完了，没有汤汁，哎…很失望…,0,train,waimai_review
还可以就是送餐速度有点慢,1,train,waimai_review
不错，很好吃。,1,train,waimai_review
"送餐没我在筷子和勺子,11点半订餐,1点一刻才送过来,太慢了",0,train,waimai_review
送的挺快的，稍微有点腻,1,test,waimai_review
"服务好,速度快",1,test,waimai_review
岂一个慢字了得，而且明明是自己送的晚，还赖人家送外卖的小哥速度慢，真是醉死了,0,train,waimai_review
太难吃了，没味道，肉都没熟，速度还慢的要死。,0,train,waimai_review
"神速,惊呆啦",1,val,waimai_review
送来都是凉冰冰的，根本没法吃,0,train,waimai_review
纯素蔬菜卷，好多香菇，对不吃香菇的人来说，要疯了....,1,train,waimai_review
川湘菜做成江浙沪菜，鱼香茄子是甜味,0,test,waimai_review
味道不错，还有手套送。送餐速度也挺快的，满意！,1,test,waimai_review
送货速度挺快的,1,train,waimai_review
点了一份米线，单加了鹌鹑蛋、鸡纵菌、里脊肉、鸡肉片和云腿。除了两个鹌鹑蛋和一片云腿，其他单加的东西连影子都看不到，这么昧着良心挣钱真的好吗？真的不怕别人敲得后脊梁咚咚响吗？,0,test,waimai_review
配送很棒！很速度，服务也很好,1,test,waimai_review
送了一个半小时我也不说啥了。我这定的不是手抓饼吧？为啥没餐具？,0,train,waimai_review
很好吃，定了好几次了，就是觉得中份有点小，吃不饱~,1,train,waimai_review
口味很一般，我说不要辣店家竟然把青椒给抽掉了，然后整个一个土豆丝饼，而且还咸。。。粥太稠了，都没有什么味道，有待改进,0,train,waimai_review
非常难吃，鉴定完毕，不再从此家订餐了、,0,train,waimai_review
肉很足，很香。中份的量也很大，足够吃了。不爱吃肉的慎点，肉多的吃得有点恶心了,1,test,waimai_review
垃圾，送的超慢，送餐的态度又差,0,train,waimai_review
送餐的大叔非常好,1,test,waimai_review
"1.居然米饭夹生的，丽华也出这种问题？,2.要开发票，结果没有。",0,train,waimai_review
没有想像中好，及第煎饼不止微辣，豆浆是固体的，糖都匀不开，只有豆腐脑味道还不错，可是撒了一袋子。,0,val,waimai_review
包装不错，饼一般，肘子有点腥。,0,train,waimai_review
再加点菜啥的就更好了,1,train,waimai_review
送的有点慢，其他不错，好吃，,1,train,waimai_review
一个字，慢,0,train,waimai_review
"味道很浓,而且还可以换不喜欢的布丁,很灵活的店家,赞一个",1,val,waimai_review
煎饼还行，红油抄手好多油啊…,1,test,waimai_review
"还行,一般般",0,train,waimai_review
饺子都粘在意思了怎么吃？不能送就别送，用了整整80分钟，现和面也用不了这么久吧,0,train,waimai_review
速度太慢，饭菜也比较少，味道倒是还可以。,0,val,waimai_review
"太油腻了,受不了,呃呃",0,train,waimai_review
时间将将赶上，差一点就饿肚子出门了，食物很美味，送餐小哥也很不容易，赞,1,train,waimai_review
我4点50订的和别人5点半订的一起在6点半过来,0,train,waimai_review
送来都冰凉了,0,train,waimai_review
"每次都是一样的慢,就算是提前下单也改变不了什么,迟到了将近俩小时快递员没有一句抱歉只是告诉我以后着急别定他家,因为体谅外送员辛苦所以就算一直等也没取消也很体谅,结果换来的就是这样的结果,感觉很不值得,外送费也不便宜要是店里没人送不了就可以让百度送,总是要消费者承担后果我觉得这事儿有点不合适,（牛肉饭里面的鸡排上面有一片片的红点不知道是什么,以前没有过这样的情况）",0,val,waimai_review
这是石板烤牛肉，还是tm的石板烤粉丝？还不地拌饭的量大！失望至极！,0,test,waimai_review
肥肉多，汤凉了，送餐的说我没支付...,0,train,waimai_review
第一次点，不错。评价有点晚，送餐师傅服务好，速度快,1,train,waimai_review
肘子挺好吃～,1,val,waimai_review
味道很棒，服务也很棒,1,train,waimai_review
速度很快，大雾霾天外卖骑士态度都很好，赞赞赞！,1,test,waimai_review
醋全洒了，送餐的还说没有，就算眼神不好鼻子也不好啊，撒的哪哪都是醋！什么东西啊！,0,train,waimai_review
快饿死了都，太差了,0,train,waimai_review
凉皮可以，肉夹馍真心不好吃,0,test,waimai_review
配送巨慢，等了一个多小时,0,val,waimai_review
就这还想要意见？找客服，你没送到就没送到，找毛的理由了，我饿了2个小时，对你态度能好？直接差评，以后不来买了,0,train,waimai_review
要的鱼豆腐烤焦了。。。而且筷子只有一只,1,train,waimai_review
等了70分钟,0,train,waimai_review
很好，很喜欢，希望出更多新口味。,1,test,waimai_review
芋圆小丸子不甜～希望下次甜一点，真的没什么味道,1,train,waimai_review
今天晚了50分钟送到，大下雨天的送餐不容易，饭不错，凉拌木耳不好吃,1,train,waimai_review
"大拌菜完全就是坑爹的,再不来这家店了,坑爹,艹",0,test,waimai_review
料很足，味道也不错，就是包装怎么那么复杂？！,1,train,waimai_review
挺好的！包装高大上！,1,train,waimai_review
挺快的，真的挺不错。,1,train,waimai_review
服务很好，下次还会订购,1,train,waimai_review
很好吃～真真高大上啊～虽然送晚了20分钟，可是下楼看见送餐小哥手里就拿着我一个人的餐在那等着，心里有些歉意。就一个人的餐还大老远跑来给送了，非常感谢。,1,train,waimai_review
1小时27分钟送到，没有折扣，就是等,0,train,waimai_review
为什么里面的饮料没有图片上有，送达没有，而且还贵了2块钱！,0,test,waimai_review
很合口味。女友夸猪蹄好吃。过年期间都不容易。给快递小哥个赞。辛苦。,1,train,waimai_review
味道依旧很好！这次速度,1,train,waimai_review
外卖餐盒还要钱不合理，而且餐盒很贵，几分钱的餐盒要一块一个,0,train,waimai_review
啊我点了这么多次吗,1,train,waimai_review
"口味很不错,分量也很足",1,train,waimai_review
等超时好多，也没给发票。,0,train,waimai_review
挺好的。配送服务也很好，辛苦了。,1,train,waimai_review
非常好，夏天正合适,1,test,waimai_review
"能送这个实在太好了,外送大哥辛苦了",1,train,waimai_review
还可以，鸡肉太辣了…,0,train,waimai_review
汉堡王配送的太差！！！我定的套餐，里面的薯条也没有给！！！！,0,train,waimai_review
"送餐员很有礼貌,很好！",1,train,waimai_review
挺好哈的，大冷天的，挺快的，还热乎着。,1,train,waimai_review
送的很快，谢谢很准啊,1,test,waimai_review
送餐及时，味道不错～～优惠了好多～,1,test,waimai_review
很快，不错。,1,train,waimai_review
凉面味道确实不错，豆浆好喝。速度快。,1,train,waimai_review
菜品很一般哦，只能凑合,0,train,waimai_review
味道可以，量少。饭量大的不够吃,0,val,waimai_review
炸鸡里面都不熟，红红的，送来晚了20分钟，都凉了,0,val,waimai_review
定了飘香肘子，冲着价格，口感也还行。肉有点柴了。,0,train,waimai_review
送的挺快，只不过收钱的时候是62，订单显示是49元，回家后才发现这个问题--,0,train,waimai_review
饭提前到了，而且还弄漏了真是的,1,train,waimai_review
"之前不知道为什么取消我订单两次,这次打电话说80分钟能送到,问我能接受么,想吃煎饼就同意了,最后60分钟送到的,味道还行,送来的时候,薄脆还比较脆,就是煎饼里放了辣酱,稍微有点儿辣",1,train,waimai_review
快递员没送到最终目的地,0,test,waimai_review
量太大，一个菜绝对够2人吃,0,train,waimai_review
速度快，服务态度很好,1,train,waimai_review
眉州炒饭超级咸啊京酱肉丝也超级咸，没有堂食的好,1,train,waimai_review
送餐人员的态度很差,0,train,waimai_review
好喝。喝到底能吃到紫薯块，甜度适中。,1,train,waimai_review
很好吃，谢谢,1,train,waimai_review
当时收餐时没检查，第二天早上发现红丝绒蛋糕没给。,0,train,waimai_review
不错不错不错,1,train,waimai_review
分量还可以……就是有点没特色……下回不吃啦,0,val,waimai_review
"挺快的,好吃",1,test,waimai_review
"怎么回事啊,拿铁我要的是杏仁,上次还电话告知没有需不需要更换这次又随便打一杯普通的送来了",0,test,waimai_review
2个半小时还有啥说的，最后一次,0,test,waimai_review
挺好吃的。非常喜欢。,1,test,waimai_review
面一般，好闲！快递很快,1,train,waimai_review
快，就是有点淡,1,train,waimai_review
"太难吃了,跟屎一样,再也不定了",0,train,waimai_review
"配送员非常很热情,送餐速度快",1,val,waimai_review
一个卷饼不够，如果买的时候可以再添加买几个卷饼就好了。肉和菜很多。,0,train,waimai_review
相当好吃的香锅，分量够足，味道也没的说。,1,train,waimai_review
咸菜炒肉，很一般,0,train,waimai_review
味道蛮好的，鸡蛋煎成了花的形状好可爱,1,val,waimai_review
挺好，我个人喜欢更瘦一点的，不过肘子确实就这样,1,train,waimai_review
如果饼薄一些，加点辣酱或者麻酱会更好吃！,0,train,waimai_review
肘子味不是很浓，但卷饼不油腻，口感很好。,1,train,waimai_review
快递很快就是鸡腿凉了。薯条不错,1,train,waimai_review
送餐那哥们特好,1,val,waimai_review
很棒继续加油,1,train,waimai_review
要的煎蛋给的可乐，菜和饭全都在一起,0,val,waimai_review
非常非常非常好,1,train,waimai_review
口味一般，送的太慢了，将近三个小时，午饭定了当晚饭刚好，，，,0,train,waimai_review
妈的没货、而且给的超级少、有图片都能骂死他,0,train,waimai_review
"配送人员很有素质,就是菜品太一般,宫爆鸡丁儿太甜了",0,train,waimai_review
"送晚了,同事都说快递师傅没叫我名字,快递师傅却说叫过了=,=",0,train,waimai_review
酱少放了点，有点淡,1,val,waimai_review
"站点不错，推荐。,小pizza我一人吃一张正好",1,train,waimai_review
咸死了，我真是怀疑厨师的水平！一个多小时才送来，米饭都是冷的！,0,train,waimai_review
味道很好，辛苦外送员了。,1,train,waimai_review
味道不错，送餐及时，态度很好,1,train,waimai_review
送货速度真的太快了！！,1,train,waimai_review
必须要给差评！！一直特别喜欢吃这家，订了好多次了，结果今天等了两个多小时，催了两次才送！！！催单时候店家态度也不好！！我都下班了，还得在这等外卖！！送餐的还特别蛮横，说慢是店里问题，和他一点关系没有，让我找店里去！！请的都什么快送餐员！！！！,0,train,waimai_review
卤蛋点了没送！,0,test,waimai_review
味道还不错，但是，真的有6寸吗，目测只有4寸。。。。4寸好吗，根本吃不饱,0,val,waimai_review
很实惠，味道不错,0,train,waimai_review
感觉口味偏甜,1,train,waimai_review
慢死了，等了将近俩小时,0,train,waimai_review
十点叫的，两点多才到，打了好几个电话，都没下文，也不回电，,0,train,waimai_review
送餐很速度！糕点很好吃,1,train,waimai_review
很快，不过,1,train,waimai_review
送餐员服务态度好，速度快。菜品味道好。,1,train,waimai_review
虽然第一次少发了，联系了店家又马上补了一份，很好,1,train,waimai_review
今天送的太晚了！等了120分钟从来没有过的。餐饮还是很美味的。希望以后提高下送餐速度。,1,train,waimai_review
"太差,一点都不好吃,送餐特别慢",0,train,waimai_review
祝早点关门倒闭,0,train,waimai_review
很喜欢这家口味,1,train,waimai_review
"猪手好吃啊，包菜一般,没什么可说的",1,val,waimai_review
套餐送错了~要的豆腐脑套餐～送的煎饼套餐！9点15下单～显示十点到~结果10点20多了才来～今早订餐真不怎么样！又迟到又送错！价格还不对！,0,train,waimai_review
饭菜一般，快递不错，赞一个,1,train,waimai_review
没有送水没有送水没有送水,1,train,waimai_review
一份30-40块的拌饭烂成这样也好意思？！！？饭也少，菜也很难吃，跟嚼树根一样！,0,train,waimai_review
买了两份馅饼只给了一份，也没解释为啥也没退钱,1,train,waimai_review
自己系统问题误了时间，还义正言辞，一点责任没有……呵呵,0,train,waimai_review
6块钱一份的米饭像是别人吃剩下的，不到半两重，一口吃没了。水煮花生都不知道泡了多少天，软的像花生泥，其他菜也没什么好吃的，不会再吃了。,0,val,waimai_review
味道挺好的，南瓜羹量太少,1,test,waimai_review
口味偏北方,1,val,waimai_review
一次很不满意的订餐，第一次定，两个多小时才送到，电话无人接听，味道也不怎么样,0,train,waimai_review
希望品质如一!,0,train,waimai_review
煎饼里沙拉酱太多了，齁咸齁咸的……,1,train,waimai_review
饺子没煮熟，还粘在一起了。茶树菇里都是辣椒。再不点他家的东西了！,0,test,waimai_review
"快递小哥很好,赞一下",1,train,waimai_review
肉都变质了，还说是新鲜肉，我就呵呵了,0,train,waimai_review
菜量太少了，喂猫呢，宫保鸡丁外星人炒的吧，太难吃,0,train,waimai_review
还好，一般,0,test,waimai_review
这个价格肯定值,1,test,waimai_review
送外卖的小哥不认路啊，等的有点久啊,1,train,waimai_review
真的很难吃。。,0,test,waimai_review
送餐员辛苦了！,1,train,waimai_review
一个半小时送到，粉都砣在一起了，很无语,0,test,waimai_review
"一般吧,少了米饭",0,train,waimai_review
送餐速度快，服务热情，大拌菜不错，整体好评,1,test,waimai_review
好吃非常好吃非常高兴,1,test,waimai_review
今儿送餐较慢，订的米饭也没送，萝卜牛腩与餐品图片相差甚远,0,train,waimai_review
外送员一直在抽烟，不送到大厦门口而是停在马路边等客人自己走过去拿。,0,train,waimai_review
等了一个多小时，饮料盖子都破了,0,train,waimai_review
味道一般，速度挺快,0,train,waimai_review
卷饼很实惠，粥里没糖,1,test,waimai_review
点了小炒肉，一碗饭还没吃完就没菜了，38元一份，数得清的肉，老板你能再抠点吗？,0,train,waimai_review
外卖小哥速度很快，态度好，东西也好吃，赞,1,val,waimai_review
点了一份番茄有机菜花送来时汤全部洒在袋子里面了,0,train,waimai_review
薏米水也很赞,1,train,waimai_review
味道还可以，就是饭菜全凉了。。。本来11点前点的餐，硬是快到1点钟才送过来，我真是服了这送餐速度了。。简直刷新了我对于外卖服务印象的下限。,0,train,waimai_review
餐到的有点早，不知道味道咋样，还没次,1,test,waimai_review
还是原来样子挺好吃的，但是我特想知道拌饭酱跑哪去了？都没有,0,train,waimai_review
蔬菜只有几根，差评！！！,0,train,waimai_review
"完全送错了啊(,‾᷄꒫‾᷅,)只给我送了一个带肥肉的，我点的是两个，一个鸡肉，一个土豆丝(ㅎ‸ㅎ)",0,train,waimai_review
送餐人员很热情，下着小雨很辛苦的大老远给送来,1,train,waimai_review
鱼我不说啥，那个抄手……如果能拍图片，就不用说了，我估计5块都不要…,0,train,waimai_review
总体不错，不过凉皮的小料如果能单独提供就更好了,0,val,waimai_review
我备注了不要放肉沫，，那肉沫还是放了，放了那么多，,0,val,waimai_review
卷饼太好吃啦！蔬菜鸡肉卷，鸡肉很足，蔬菜有青椒、香菇、豆芽、洋葱、土豆丝。口味和淡，不油腻，非常健康！,1,val,waimai_review
差评！辣白菜五花肉石锅拌饭超级难吃！五花肉又硬又难吃，感觉不新鲜。以后再也不会吃这家店了,0,val,waimai_review
羊杂味道超级正宗！最主要的是快递小哥特别好，特别贴心，还给拿了辣椒油，而且态度特别好，特别好，特别好！重要的事情要说三遍！,1,test,waimai_review
"南瓜粥洒了一兜子,黏糊糊的,那场面像翔一样,瞬间没食欲了",0,train,waimai_review
菜不仅难吃送的时间还超长,0,val,waimai_review
"薯条不错,蘑菇芝士汉堡不好吃,没有很牛堡好,送餐挺快的",0,train,waimai_review
这次很快，追加，希望下次也这么快，哈哈,1,train,waimai_review
非常好非常快支持！！！,1,train,waimai_review
没发票，乱收费，订单没到就被完成了,0,train,waimai_review
菜量给的挺足的，很满意，就是墨鱼丸不太好，有股臭味，其他都很好吃。,1,train,waimai_review
不错，菜里油少，口味清淡，希望商家坚持下去！,1,train,waimai_review
速度很快，时间刚刚好,1,test,waimai_review
11:30定的，13:20送到，送饭小哥是新人，可以理解，但装饭的没装勺也没装纸巾不知道几个意思……总之饿过劲儿了……,0,val,waimai_review
送的有点慢，不过师傅很辛苦给5分吧,1,test,waimai_review
"非常好,服务棒极了下次还来",1,test,waimai_review
要的番茄酱也没给！真够抠的,0,train,waimai_review
太少了，贵又吃不饱,0,train,waimai_review
"卖家很贴心让给点辣油竟然把瓶子都拿来了！,芝士再多些就完美啦",1,val,waimai_review
"差评,完全送错馅,要了三种全送了一种馅",0,train,waimai_review
"定外卖肯定是为了方便,但1个半小时才送到是什么情况,高峰点写着提前1个小时,我提前1个多小时订餐,要是远能早点出来吗,也没超出写的送餐区域吧,要不您就只送附近那一片",0,train,waimai_review
"一直很好的卷饼，但是这次拿到餐就觉得纸袋下面湿的，打开包装发现里面粥是倒的……,粥撒了……",1,test,waimai_review
"本来下雨天让人家送应该给好评的。但是。1.可乐里面油汪汪的,也不知道是什么,2.,餐是凉的,可以理解3,.,没有给番茄酱。纸巾4.,发票明明是五十多块钱的。只给了十元发票,在店里面吃很不错。外送怎么这样的差",0,train,waimai_review
味道不错，服务不错，,1,val,waimai_review
很好吃，但是送餐有点儿慢,1,test,waimai_review
送餐小哥好帅好帅！！他说希望给好评那就一定是好评好评！！,1,train,waimai_review
"很好吃,配送员师傅特别特别好,配送特别快,态度超级棒,一定要表扬这个配送员师傅！！~~~~五分五分~~~",1,train,waimai_review
答应下午来给我送发票，人呢,0,val,waimai_review
味道很不错，送来还是热的,1,train,waimai_review
太好吃了，量又大,1,train,waimai_review
包装很精致，可是等了近两个小时才送到！,0,train,waimai_review
话说东西很实在，问题是为啥里面放了好多青椒，介绍里面完全没写呀，我都吃吐了，实在受不了青椒的味道，难道我还一颗颗挑出来，老板赔我的好心情,0,val,waimai_review
味道跟餐厅吃差远了,0,train,waimai_review
"好实惠,都吃不完了",1,train,waimai_review
"送餐大哥很给力,下着雨送来的赞哦,不过菜味道一般,米饭少的可怜",0,train,waimai_review
货真价值的肘子卷饼，味道很赞，就是饭点送餐慢了点，可接受,1,train,waimai_review
没有想象中的好吃,0,test,waimai_review
送餐不准时,0,test,waimai_review
速度稍微有点慢，菜可以的，就是金银馒头为啥不配炼乳啊！搞得自己弄了碟蜂蜜,1,train,waimai_review
"送餐快,送餐大哥态度好,辛苦啦",1,train,waimai_review
味道很好，配送师傅更给力，准时，饭热腾腾的,1,train,waimai_review
评价晚了点，服务很好很赞,1,train,waimai_review
"感觉香蕉布丁蛋糕不是很新鲜了。很硬。,其他还好",1,train,waimai_review
味道，服务很不错,1,val,waimai_review
肉很多，包装很好，味道有点不够重，可以多加点料,1,train,waimai_review
送来都凉了,1,train,waimai_review
八点二十才吃上饭，都皮了！很不满意的一次订餐！,0,train,waimai_review
点赞！大雪天，百度骑士冒雪送餐，比预期快很多！味道好吃！,1,val,waimai_review
时间太久了，米线到这里已经烂掉了，送餐太慢,0,test,waimai_review
"饭还是不错的，就是今天的送餐员都不给送到办公室！,以前的都送过来了！",0,val,waimai_review
很快，很好,1,val,waimai_review
送的挺快、饭量有些少,0,train,waimai_review
什锦蘑菇太差了，难吃，坑害消费者,0,train,waimai_review
消费已经满50元，可是没有赠霸王鸡条！而且点了薯条，没有给番茄酱！,0,test,waimai_review
就在家附近，以前总去吃，可是近两三个月以来菜品没有以前好吃了，大拌菜拌苦菊一类的菜总是很甜，估计是商家为了省事就放在糖水里泡着，炒菜用的油也没以前好了，我老公胃敏感，能吃出来，油不好他会胃疼的，估计价格亲民后成本太高商家就开始糊弄事儿了，现在基本不爱来这里了，宁愿绕道去上品粥面，店员服务也没以前那么好了…好的东西贵在坚持，希望商家有心能懂这些，哪怕提升价格也别降低质量，否则日久天长损失的还是自己,1,train,waimai_review
披萨味道一般，薯饼还挺喜欢吃的。,0,train,waimai_review
九点多订的餐、等了两个多小时。速度太慢了。,1,train,waimai_review
皮蛋瘦肉粥不错，土豆肉丝盖饭就呵呵了,0,train,waimai_review
那个麻辣拌素居然放糖…,1,train,waimai_review
好大一份啊，很好吃,1,test,waimai_review
送餐不是一般的快，简直神速,1,train,waimai_review
等了三个小时，还没有送到，只有退单了！,0,train,waimai_review
也许是我自己没胃口呢,0,train,waimai_review
太气愤了，送餐送到小区门口，跟我说车没电了，进不来，要去自己拿，态度超级差，还和我嚷！,0,train,waimai_review
十一点七分订餐一点送到。很牛逼的饭店，那么久没送过来想取消订单电话总是打不通。细品粗粮？？？饭店名貌似叫细品干锅辣鸭头。百度了他家另部座机能打通没人接…送来的餐盒还烂了～订餐的朋友们注意了啊……真心没田老师红烧肉份量多…个人意见,0,test,waimai_review
134分钟才送到，从楼上走下去，反而送餐员还急了，嫌我下楼慢,0,test,waimai_review
送餐的时间超过应到时间2个小时,0,val,waimai_review
不好吃，鸡感觉味道怪怪的,0,train,waimai_review
送餐比蜗牛还慢！晚了2个小时一辈子都不会在光顾,0,test,waimai_review
116分钟才送到，醉了,0,val,waimai_review
时间倒是没什么，就是不太好吃。。。估计外卖到的东西不热了，味道就差了,0,train,waimai_review
"晚送到就不说了,，鳕鱼还是辣的，屮艸芔茻！！",0,test,waimai_review
垃圾，吃了拉肚子，恶心，垃圾，菜也是凉的，饭也不好。劝大家小心，本人亲自体验，实在太垃圾。,0,train,waimai_review
还好，就是送的有点慢，饼都没有嚼劲了。,1,train,waimai_review
"2:30送到,小伙伴们,看着办吧",0,train,waimai_review
很喜欢，一周已经喝了四次了。最爱手榨柠檬绿,1,train,waimai_review
外卖小哥特别热情特别好！～,1,train,waimai_review
今天的牛肉烧烤饭，感觉牛肉有些不新鲜，送餐员的速度还是很快的。,1,train,waimai_review
味道很好，菜量挺大，两人没吃完。,1,test,waimai_review
味道很好，送餐快,1,test,waimai_review
这个饭几乎没有肉，竟然连土豆都很少，根本就是给人吃白米饭，还卖这么贵，根本不能忍。,0,train,waimai_review
满意，很好，配送给力食物好吃,1,train,waimai_review
速度超快，下次还会订购的,1,train,waimai_review
不错哦，更喜欢吃汤面,1,train,waimai_review
非常快，半个小时送到。依旧是8月16号的生产日期。。。看来屯了好久了吧。不过也还好啦,1,train,waimai_review
太慢了太慢了太慢了！,0,train,waimai_review
根本没有送,0,train,waimai_review
备注说了要皮蛋粥，给我南瓜粥,0,test,waimai_review
"早有耳闻,,结果配送太晚了真是黄太急了，味道还是不错的",1,train,waimai_review
换口味了尝尝、不知道是不是有进步,1,train,waimai_review
"挺好的,不错",1,train,waimai_review
很不错，用餐高峰送的很快，披萨很好吃,1,train,waimai_review
味道确实不错，粥有点淡。下次还会点,1,train,waimai_review
点过很多次，味道很好。现在能外卖了超值。就是能不能把披萨的尺寸改大一点啊？,1,train,waimai_review
很不好吃~四十多块钱的红烧肉，这么贵一份一点品质都没有~~看起来脏脏的，很难吃~~,0,train,waimai_review
味道还不错，但是量太小了，正餐的话根本吃不饱,1,train,waimai_review
"送餐太太慢了！！整整晚了半个多小时！！！,当然，饭菜很好吃",0,train,waimai_review
一如既往的好吃！派送员很负责，小点心一点没碎！,1,train,waimai_review
人大写成三义庙不好意思。,1,train,waimai_review
特意备注带醋，还不带醋。。没醋怎么吃饺子,0,train,waimai_review
10分钟就送到了，但竟然是凉的，所以不知这是不是别人不要剩下的。吃完拉肚子了。,0,train,waimai_review
时间有点长，所以化了！,0,train,waimai_review
尖椒土豆丝盐放少了,1,train,waimai_review
比上次强太多了，一直在进步,1,train,waimai_review
他家还是卷饼好吃...蔬菜拌饭太难吃了....本来想吃点清淡的，打开一看一层洋葱混着卷饼里的酱....下面依稀有些土豆丝豆芽抽吧的蘑菇片..真的很难吃啊....不过卷饼是真的好吃，下次还是点卷饼好了....,0,val,waimai_review
送来的时间有点长，食物有些冷了。不过口味还是蛮喜欢的。,0,train,waimai_review
快！好！牛！,1,val,waimai_review
快递很棒！水煮牛肉不好,1,train,waimai_review
这次送餐超快，好评，好评，好评,1,train,waimai_review
鸡腿堡还行，其他几个就一般了，鳗鱼排最难吃，很腥，而且淀粉太多,0,train,waimai_review
有一点问题，就是餐盒用的太多。没有必要,1,val,waimai_review
太慢了，昨天港丽只用了39分，你们今天用了快两个小时！！！！,0,train,waimai_review
"送餐很快,煎饼还热气腾腾",1,train,waimai_review
没有米饭没有米饭没有米饭，服务不好服务不好服务不好,0,train,waimai_review
送错了。我点的是韭菜鸡蛋，送来的是白菜鸡蛋？还没有醋。,0,train,waimai_review
差评！等了两个多小时还没有开始送餐，点取消退餐电话一直是忙音，直接给店家打电话居然说没收到订单，那你为什么收我钱？最后查出是系统问题！推卸责任！以后不会再去宏状元了，一点解释和歉意也没有，照单全收！真是垃圾，影响心情,0,train,waimai_review
"送餐特别快,态度好,辛苦啦,谢谢",1,train,waimai_review
"难吃到吐,送餐慢，服务态度差,一张硬面皮里面裹点肉卖20～",0,train,waimai_review
很快。而且我就在一楼今天第一次给我送上门了，之前两次都是自己出去拿的,1,train,waimai_review
有新菜我先尝尝,1,train,waimai_review
菜好吃，分量也很好。美中不足的是米饭太硬，口感影响了整体评价。,0,train,waimai_review
已经第三次给我漏单了，无语,0,train,waimai_review
还不错！！！,0,train,waimai_review
基本不给低评价，这次是真怒了。早8点一过就下单晚到30分钟以上也就罢了，还联系不上，也不打电话说，孩子饿的不停叫唤。最后送来要的传统早餐套配错了，就一杯豆浆和咸菜。油条和豆腐脑不知所踪。也没让再补，因为已经10点了再送来就是中午饭了。真心不愉快。,0,test,waimai_review
中盘鸡好大份两个人吃了两顿才吃完。味道非常好,1,train,waimai_review
大盘鸡没面,0,train,waimai_review
服务态度很好，东西也好吃,0,train,waimai_review
菜味道不错哦！快递小哥也超赞，送货速度超快，态度超好，菜送过来时热腾腾的！,1,train,waimai_review
吃出了塑料纸，感觉真不爽,0,test,waimai_review
服务态度太差，客服不接电话竟然转到联通秘书台，搞笑了。把客户当啥了？外卖还经常洒了，送餐时间超长，整个差评！,0,val,waimai_review
挺不错的，快递员找了好久才找到，很辛苦,1,test,waimai_review
下次还点！,1,train,waimai_review
太sb了，要的肘子送个鸡腿,0,test,waimai_review
牛肉由肉片变成了肉块，很不好嚼。,0,val,waimai_review
为什么最近我总是下完单就退款，说我优惠金额已用，明明是今天第一次下单,0,val,waimai_review
速度够快。服务很好，,1,train,waimai_review
非常好，很喜欢，包装很精致,1,train,waimai_review
一如既往的味道我喜欢的口味,1,test,waimai_review
蔬菜色拉新鲜，配菜颜色不错，就是米饭不太好吃,1,val,waimai_review
饭不是现做的,0,train,waimai_review
非常可口，油量刚刚好，美味佳肴,1,train,waimai_review
焖面很好吃，速度也很快,1,train,waimai_review
因为个人原因未及时付款，快递大哥很和善，帮我想办法，多谢！,1,train,waimai_review
一如既往，好！非常满意！谢谢商家哦！,1,train,waimai_review
"下雨天,还是很快就送到了,赞一下！",1,train,waimai_review
超过90分钟餐才送到，太慢了，催了多次，说门店联系我，也不联系。万幸，饭菜还是热的，还可以。,0,train,waimai_review
"送货员态度很好啦！,非常感谢,辛苦了",1,train,waimai_review
特别快。人也特别好。以后还会定的,1,train,waimai_review
面太硬，没有熟,0,test,waimai_review
"很不错的一次,下次还会到这买",1,val,waimai_review
量小，送的慢！量超小！送的超慢！,0,train,waimai_review
"不知道黄家是没有薄脆的。。不爱吃，,肉松的不错",1,test,waimai_review
京酱肉丝上次还有豆皮呢，这次怎么没有了！米饭给的也很少。,0,val,waimai_review
感谢骑士师傅，辛苦了！回家路上定了餐，到家没多久就收到了！赞,1,val,waimai_review
百度骑士特别准时，态度还特别好！,1,train,waimai_review
"卷饼两端面太厚了,盖饭米饭太软了,配送员明知道我在6层,要求我去4层取餐",0,train,waimai_review
超好吃，最爱，棒棒哒，都不用自己出门,1,test,waimai_review
鱼头感觉米以前多了，虾感觉有点不大新鲜。,0,train,waimai_review
送餐速度很快很快，但这个土豆泥太难吃了！,0,val,waimai_review
服务态度差得很，送餐速度还很慢,0,train,waimai_review
迟到了半个小时，星巴克没有吸管！！说了要发票也没有！体验很差！！,0,train,waimai_review
披萨好吃，原味鸡翅非常好吃,1,train,waimai_review
"晚到,饮料也没给,很失望",0,train,waimai_review
"挺好的,挺快的",1,train,waimai_review
送餐非常速度，负责人，热情！,1,train,waimai_review
有点腻，味道还可以，不能多吃,0,val,waimai_review
"难吃,不给发票",0,val,waimai_review
不要定这家，送餐太慢,0,train,waimai_review
垃圾。傻逼外卖。11点半点的餐。送了2个小时。打电话询问一直推脱责任，没有任何答复和补偿。,0,train,waimai_review
菜超级少！！,0,train,waimai_review
"味道不错,难得的煎饼果子",1,train,waimai_review
很好吃，挺实惠的，女生买中号就行了！大号太大,1,train,waimai_review
杂酱面量很大，味道不错，就是油太大。吃完很腻，藕丁很爽口,1,train,waimai_review
适饭量小的,0,test,waimai_review
速度太慢，要是太远派送时间无法保障，就不送好了,0,val,waimai_review
这次送的非常不新鲜！要的是蒜香送来的麻辣，菜味道很臭，不会是隔夜的吧？,0,train,waimai_review
每次送餐过来都能少点什么，不是少纸巾就是没吸管。,1,train,waimai_review
送餐很快！服务不错！,1,train,waimai_review
个大量足，吃了很撑，太给力了，还会再来！,1,train,waimai_review
能把人辣死，这是眉州东坡吗！,0,train,waimai_review
快被饿死了，真的很不愉快的经历，商家电话一直也打不通,0,train,waimai_review
"花了2个小时才送到的....,以后坚决不用百度外卖了",0,val,waimai_review
还是更喜欢素的，不过味道都很不错,1,train,waimai_review
全凉了，面都硬了。送的慢可以理解，大冷天没用保温箱还是奇葩的锡纸包装，没法放微波炉。,0,test,waimai_review
鱼香肉丝的好吃，土豆丝的有点油,1,train,waimai_review
家乡味道，真心不错。,1,val,waimai_review
能不能到了再打电话，害的我非得在楼下等半天,0,train,waimai_review
没送王老吉,1,val,waimai_review
套餐配套的饮料不给了，而且15的套餐也取消了，问送餐人员说是因为优惠活动，所以这些该有的就取消了，优惠是不是骗人呢，给差评,0,train,waimai_review
定了正一味的辣白菜，18元分量很少，没有米饭，味道一般,0,test,waimai_review
配送员的速度超快，本来预计10:45到的，10:25就送到了！！非常满意,1,val,waimai_review
太差了，东西送错还超时。态度也不好,0,train,waimai_review
配送一点都不及时,0,val,waimai_review
一直在梅州东坡下单，好吃呦！^_^,1,val,waimai_review
"味道还可以,不过送餐的时间好长",0,train,waimai_review
点了三个菜，师傅拿来六盒子，量很大的。千叶豆腐和包菜咸了点，鱼香肉丝咸淡刚刚好，口味很好，干净卫生，没想到这么好，还送了几颗山楂，希望品质会一直保持，还会再来滴。,1,test,waimai_review
肉很多，好吃，大家可以试试，不会失望,1,val,waimai_review
很好…送餐很快，菜也很好吃,1,train,waimai_review
"送的超级慢…,薯条都干了,整个俩小时才送到",0,train,waimai_review
感觉没有外婆家卷饼好吃,1,test,waimai_review
有史以来最好吃的卷饼！我决定明天再点一份！不然对不起这卷饼啦！耶！,1,train,waimai_review
晚了一小时。。。也没半价呀,0,test,waimai_review
一瓶山楂秋梨汁居然只给一小碗，顶多200ml！,0,train,waimai_review
送餐员非常到位，速度也很快，到时餐还是热的。馅饼超好吃，炒饭也不错，就是有点淡，也许是我口味重吧。,1,test,waimai_review
"量不是很大,一把人还凑合",0,train,waimai_review
"送的太慢,由于太饿也不知味道如何,全五分。向同样等待的人们,致敬",1,train,waimai_review
"店里送错了餐,给店里打电话,话还没有说完,对方就挂断了,特别没有礼貌,实在是差",0,train,waimai_review
配菜拿错了，拿成米饭了！,0,train,waimai_review
300米的路程等了一个小时才送到，走路都到了,0,train,waimai_review
非常好送的很快，，，还是热的。,1,train,waimai_review
挺好吃的！！,1,train,waimai_review
不怎么好吃，卷饼一点也没味，石锅饭也是，太难吃了，下次一定不会在吃,0,train,waimai_review
帮女朋友订的，味道很好。,1,train,waimai_review
"我真的真的希望你们能把肥肉和海带这个菜去掉,一口都吃不下去",0,val,waimai_review
"已入肚(ฅ>ω<*ฅ)，都挺好吃的，不过重庆杂面酱有点咸了，感觉至少在少放上一勺盐才能接受。味道倒是不错。,日常:小哥辛苦了。",1,train,waimai_review
送餐师傅非常好！,1,train,waimai_review
这次我也要勺子了，也没有给勺子。,0,train,waimai_review
"速度挺快的,赞一下",1,train,waimai_review
肉太少，块小跟其他店差不多，就五六块可是很少.剩了一堆白饭，真浪费,0,train,waimai_review
要双面煎熟的鸡蛋结果备注不管用。,0,test,waimai_review
用的油真心不行,0,train,waimai_review
送餐极其差,0,train,waimai_review
送餐师傅超级快，态度也特别好，餐也很好吃,1,train,waimai_review
泡菜汤外送的量太少了,0,train,waimai_review
第一次买，也是最后一次，拉的我都虚脱了，吃肉夹馍+酸辣粉拉=拉肚子，肉夹馍+凉皮=拉肚子，,0,val,waimai_review
"速度挺快,就是不好吃",0,train,waimai_review
"特别快,而且好吃",1,train,waimai_review
"扬州炒饭没第一次点的好吃,好像没放盐,小馒头很干也没给奶油",0,train,waimai_review
"等了一个小时,字数布丁",0,test,waimai_review
"味道不能忍,这他妈的是人吃的东西么",0,val,waimai_review
2个小时才送到，也是醉了，取消订单都取消不了,0,val,waimai_review
宇宙还是一如既往的给力！继续！,1,val,waimai_review
"商务套餐没有给换了排骨套餐，但是土豆片是脆的,我在想,这是熟了么？别的菜还行,送餐很快",0,train,waimai_review
11:01订单成功，商家11:04确认，预计11:41到达，快递12:27才给我打的电话，那这样预计有什么用呀。多耽误事情，大热天的送来饭都凉了。差评,0,train,waimai_review
粥挺好吃的，卷饼味道不错，可惜有点凉,1,train,waimai_review
"猪肉,好吗,哎,不说啥了",0,test,waimai_review
送餐特别特的慢！,0,train,waimai_review
不错，很快,1,train,waimai_review
服务超级好，赞,1,train,waimai_review
田园养生蔬有点不太好吃.,0,val,waimai_review
香菇鸡肉盖饭很好吃,1,val,waimai_review
味道不错，送餐时间一个多小时,1,train,waimai_review
"服务很好,好吃,送餐快",1,val,waimai_review
骑士师傅辛苦了，大冷天的。,1,test,waimai_review
送餐时间太长，面都不能吃了，味道还可以。,0,train,waimai_review
今天送餐小哥说第一次上班，本来挺生气的，后来也慢慢消去了，人家也一直赔礼道歉的，也就无所谓了，下午收到公司短信，说由于餐未按时送到，退我50%订单款作为补偿，心头顿时感觉暖暖哒，现如今只有这样的服务才能吸引人哈，但是想到那个第一天上班的送餐小哥，也挺不容易哒！,0,train,waimai_review
很好吃~~！！,1,train,waimai_review
送餐快，非常好,1,test,waimai_review
味道不错，份量够足，速度也快，态度好。,1,train,waimai_review
送的太快啦,1,train,waimai_review
很差，为什么给很差，因为同是一家饭店，为什么清河店比你们做的干净，卫生，好吃。以后再不从你们这买了,0,train,waimai_review
太慢，而且不好吃，只是辛苦外卖小哥了,0,train,waimai_review
不咋好吃，量还少,0,train,waimai_review
配送及时，味道佳。湖北人必吃,1,train,waimai_review
1:52下订单，四点半都没有送到。真是太无语了。外送的人说撒在路上了,0,train,waimai_review
"阿佛很好喝～,下次还会来，百度骑士棒棒",1,train,waimai_review
良辰告诫众饭友，此家卷饼极其不靠谱，到手拔凉拔凉的，一口咬下去半拉多都是饼！凉了的肘子肉吃起来腻死！最最可恶的是，我九点下单预约十一点四十五送，晚了两个小时！要不是看送餐师傅辛苦，我真想把这破饼扔店家脸上！记住，我叫叶良辰，我叶良辰不是你能惹得起的！请饭友奔走相告。,0,train,waimai_review
很好吃，很快,1,train,waimai_review
很好吃，味道不错，谢谢,1,train,waimai_review
配送很快，服务态度很好，五星好评,1,train,waimai_review
有史以来最糟糕的一次外卖，下午5点下单，晚上8点才送到！期间我还打了10多个电话！只接了3个，全部都是敷衍搪塞的说辞！好不容易餐到了还要我自己冒雨走一大段路去取！希望百度不要再和这样的无良商家合作！,0,train,waimai_review
送得太慢了,0,train,waimai_review
哈哈...送货神速..赞赞赞,1,train,waimai_review
黄太极里的巨无霸。。,1,train,waimai_review
"谁点谁上当,吃了一口都快吐了！决没有夸张！",0,train,waimai_review
服务真是没话说！小伙子继续加油！,1,train,waimai_review
毛血旺辣度正合适，料很足，比眉州的性价比更高,1,val,waimai_review
卖家超赞！一开始出了些差错，但卖家又送了一次，速度超快～卷儿里的肉好多～还有贴心的手套！推荐！,1,train,waimai_review
花卷太好吃，每次都买很多。如果再增加一些粗粮就更好了。,1,train,waimai_review
地址写错了，快递小哥人特别好，没怪我，虽然食品有点冷了，但是快递小哥的服务不错，赞一个,1,val,waimai_review
等了那么久，都快饿死了，开餐馆的你自己去饿一个半小时试试？送过来可乐还洒了,0,train,waimai_review
.炒菜都不放盐的？咖喱炒饭没吃就扔了！太失望，差,0,val,waimai_review
很给力！价格便宜，好吃！,1,test,waimai_review
赞，师傅很辛苦，很好,1,test,waimai_review
凉皮吃不惯，送餐一般,0,train,waimai_review
还是黄家好吃，及第不喜欢。不过还是不错,1,train,waimai_review
味道还行，送过来还是温温的，正好,1,val,waimai_review
哇塞，太难吃了！！出乎意料的难吃，路边煎饼都比这好吃，还有鸭卷，肉都没入味，真的是服了！！差差差,0,train,waimai_review
味道还可以，量也挺足的。不过现在是用代金券和支付优惠，如果单论单品价格就比较高了,1,test,waimai_review
不要辣椒，为什么有呢，不是辣，是不能吃好不好！,0,train,waimai_review
谁也别来这家别怪没提醒！忘记评价了百度外卖软件逼迫完成订单，其实这份饭十点半定的，等了一天压根没有送！！！店家还逃避不接电话，把店铺立刻下架让人找不到，找到后显示“店铺下架”！,0,val,waimai_review
虽然小贵了些，但东东不错,1,train,waimai_review
坦白说，饭菜挺好吃的。但是送餐太慢了，快2个小时才送到，送餐员也不容易。希望能多些送餐员配送。因为送餐时间太长非常影响用户体验！,0,train,waimai_review
好吃，希望速度加快,1,test,waimai_review
不错，配送速度快,1,train,waimai_review
送餐很快，点的意大利面，比较硬，味道一般。,0,train,waimai_review
非常划算又好吃,1,train,waimai_review
11点下的单，到了下午一点半还没送，两个半小时就算走路也走到了吧，打电话催了3次还不给送，还各种找借口。建议大家不要点他家的外卖，巨坑爹！！！,0,train,waimai_review
没有卷饼好吃，不过很大份~,1,train,waimai_review
炸花生米量大，但发干。肉夹馍肉多，但馍硬。蛋炒饭火候不错，但油大。总体都还行，但又都欠那么一点。,0,train,waimai_review
很好，见过最负责配送！,1,train,waimai_review
菜太少了。。服务员服务超差,0,train,waimai_review
"送餐师傅很快,可是菜品一般,感觉都不新鲜",1,train,waimai_review
味道还行，就是送的太慢了，催了3次一个多小时才送来，送来的时候饭都凉透了,0,train,waimai_review
差评，两个半小时才送到！,0,train,waimai_review
味道不错，配菜有黄瓜、萝卜、蘑菇，,1,test,waimai_review
总体还好了，就是油太大…,0,train,waimai_review
"豆角用的豇豆，就几根,好失败，味道好差，一股怪味，没以前好了真的",0,train,waimai_review
一般般，太腻,0,test,waimai_review
太慢了，等了80分钟才到,0,train,waimai_review
速度快，味道还,1,train,waimai_review
很实在，包装也不错,1,train,waimai_review
基本隔一天吃一次，小炒牛肉不错，吃不腻。,1,train,waimai_review
送餐员很好。,1,train,waimai_review
快递员不愿意送货上门，让我去楼下的某个铁门里取，请问我还付快递费干嘛,0,train,waimai_review
太慢了。。。两个小时,0,train,waimai_review
味道不错，等的时间太长了,0,train,waimai_review
外送的质量太差了～全是粉丝～,0,train,waimai_review
实惠、好吃！好慢啊……,0,test,waimai_review
味道好，送餐快，分量足,1,train,waimai_review
今天的酱香鸡腿肉竟然是辣的，郁闷，本来的好吃多了,0,test,waimai_review
还不错⊙▽⊙,1,train,waimai_review
"两块腰子还没一块鱼豆腐大,太坑人了15块钱花的",0,train,waimai_review
点了两份腊八蒜，一份也没有，给换成一袋醋,0,train,waimai_review
速度还可以，口味可真心待提高啊,0,train,waimai_review
味道很好啊,1,train,waimai_review
虽然因为牛肉太多有点儿咸……,1,train,waimai_review
送货速度很快，一直定这家，赞,1,train,waimai_review
吃过最难吃的披萨和鱼香茄子，厨师自己肯定是不吃的,0,test,waimai_review
没有店里好吃,0,train,waimai_review
很难吃，还吃到紫色的塑料东西，恶心,0,train,waimai_review
"青椒水饺里没有青椒,全是大葱,吃了恶心",0,train,waimai_review
"我订了广味烤肠,但没有给我送",0,train,waimai_review
餐品送错了，订的茴香猪肉，送来的却是猪肉大葱,0,train,waimai_review
送餐太尼玛慢了,0,train,waimai_review
"肉卷吃的我有点腻,个人口味的问题吧,皮蛋瘦肉粥不错",1,train,waimai_review
两个小时的外卖，我也是服了,0,train,waimai_review
"百度外卖的师傅人太好了,必须给五星好评",1,val,waimai_review
特别幸苦，特别感谢！,1,val,waimai_review
价格不便宜，外卖包装太简陋，饭的量也非常少。,0,train,waimai_review
送餐很快，小菜很好吃,1,test,waimai_review
"粥没味……香菇炖鸡的鸡竟然是鸡肉丝也就算了,一点味道也没有……送餐先说送不到宿舍要去大南门取,我到了大南门他又说他在宿舍了……这家店一生黑",0,train,waimai_review
送餐包装很不错，而且送餐很快很及时。要了肘子卷饼和南瓜粥。卷饼味道不错就是尖椒偏多，如果是黄瓜之类的觉得更好。粥有一点凉了，总体很赞！,1,train,waimai_review
感谢骑士冒着严寒送餐，辛苦了,1,train,waimai_review
我要可乐不加冰！！！为什么送来的可乐还是加冰了！送了一个小时才到，这么热的天，冰也该化了，可是一拿起来还有声音，难道加了半桶冰！,0,train,waimai_review
百度骑士太给力了,0,train,waimai_review
"披萨好吃！,送餐小弟很给力！",1,train,waimai_review
"没送,,,竟然也不打个招呼",0,train,waimai_review
味道不错，速度太慢，六点半定的，七点五十才到,0,val,waimai_review
挺好的，优惠力度大，送餐准时,1,train,waimai_review
"很好,包装也很好",1,test,waimai_review
感觉肉已经坏了，有股怪味道,1,train,waimai_review
两个小时，醉了,0,test,waimai_review
家里人都吃的跟满意，十分,1,train,waimai_review
我要热的，给我凉的，这个怎么弄,0,train,waimai_review
慢死了，慢死了。是要等两个小时么,0,val,waimai_review
好吃又便宜，真的真的很好吃。,1,train,waimai_review
还未送达，而且已经超时,0,train,waimai_review
没有赠加多宝,0,val,waimai_review
换厨师了，完全不是那个味道了，咱家丸子能少搁面吗？,0,test,waimai_review
菜里全是汤洒了一袋子。。,0,train,waimai_review
12:30配送员给我电话告诉我他车子和餐都丢了！让我取消订单…我取消不了，电话百度外卖，客服说可以取消，会帮我操作。于是另外定了餐，正吃着呢，百度又来送餐了！不知道什么环节没沟通好，导致我今天中午面对两份外卖…呜呜呜，很差的体验是给百度外卖的！米粉很好吃！配送员态度也很好！,0,train,waimai_review
味道一般。没有想象的好吃。,1,train,waimai_review
东西很好吃啊很好吃，送餐真的很慢啊很慢,0,train,waimai_review
鸡块里一半是鸡脖子……,0,train,waimai_review
送得慢咱忍了，卷饼凉透了咱也忍了，尼玛劳资明明点的皮蛋瘦肉粥，是粥是粥是粥，送了个王老吉过来神马意思！！！好吧，就算太忙送错东西也可以理解，尼玛电话打不通，打不通，不通，这TM神马意思！！！到现在解释都没有一个，尼玛劳资现在一颗星也不想给。宇宙卷饼，差到不行，继续多说，影响心情。,0,test,waimai_review
太难吃了，梅菜扣肉是甜的，小炒肉也非常难吃，这是我第一次点他们家的，也是我最后一次点。业界良心，希望给各位参考,0,test,waimai_review
"和店家推广时的包装不一样。包装差评差评差评,送来的时候洒了好多",0,train,waimai_review
速度，味道不错，配菜没有以前的好,1,train,waimai_review
"还是很好吃~包装特别精致,哈哈哈,都舍不得拆开",1,train,waimai_review
有点小辣，还不错，不过男生吃可能会太少,1,train,waimai_review
东西还不错，但是送餐速度太慢了，不能按时送达，第二单两个多小时了，还没有到，这速度真是醉了,1,train,waimai_review
很好喝，送餐也及时。。,1,train,waimai_review
大份的超级大，一个人吃不了。。,1,train,waimai_review
味道一般，速度还挺快的,1,val,waimai_review
饼巨好吃，就是有点吃不太饱。。。。,1,train,waimai_review
非常快。非常好。,1,val,waimai_review
送餐小哥真快，菜也很好吃,1,train,waimai_review
好吃，划算,1,train,waimai_review
时间准。不错。儿子很喜欢。,1,train,waimai_review
还是那么的满意，骑士哥也非常棒，下雨天没有一丝一毫埋怨的态度,1,train,waimai_review
谢谢！速度很快辛苦了！,0,train,waimai_review
骑士非常负责，谢谢您，辛苦,1,val,waimai_review
"配送员很好，很快，还帮我要咸菜。我得了肠胃炎，只能喝粥吃咸菜，订餐时备注了想要点咸菜。后来配送员跟我说他管商家要了，但商家不想给。注意是“不想给”,而不是“没有”。于是我就索然无味的喝了两碗粥。千方固元粥感觉米特硬，可能没熟。小米粥还行，但因为先喝了固元粥，小米粥的香也体现不出来了……",0,train,waimai_review
服务态度很好，还帮忙将垃圾带下楼，谢谢那位先生,1,train,waimai_review
盖饭不好吃。还等的海枯石烂了。不点了,0,train,waimai_review
接电话的小妹态度很不好。,0,train,waimai_review
"饭真的很一般,米饭质量不行",0,train,waimai_review
"面太软了,味道一般",0,train,waimai_review
继续没有清河店好，不理解。味道差巨太大了。下次不再光顾,0,train,waimai_review
包装很用心，而且还送了手套，味道不错,1,test,waimai_review
垃圾，慢死了,0,test,waimai_review
快递员太给力了！赞一个,1,train,waimai_review
味道不正宗,0,val,waimai_review
薯条没给番茄酱,0,train,waimai_review
包装挺棒的！送货有点点慢！卷饼的皮稍有点厚有点硬，要是再薄点在软点就好了，还有就是不够辣，我明明写了加辣,1,train,waimai_review
觉得酱香更好吃,1,test,waimai_review
服务很差，送餐速度超慢，打电话去催，连基本的诚信都做不到，跟你说的和实际的完全不一致。,0,train,waimai_review
腻的伤心！建议在产品工艺上改进，解决油腻的口感问题。再这么腻人，吃一次不会吃第二次！我这是本着大众美食家的心，帮助你们改进。其实肘子本身还好，加点萝卜干酸豆角酸楚之类的去油解腻，或放在卷饼里或者单独拿个小袋装！哎吗我操的什么心啊！别太腻了！！！,0,train,waimai_review
"没有想象中陷大,服务挺好的",1,train,waimai_review
真心服了…少送一份…说装的时候少给了…送餐员不核对吗？补送还没到…我们已经上班了！！！,0,val,waimai_review
"好好次！木耳的味道吃不习惯,其他都挺好",1,train,waimai_review
送的超级快，送餐员很辛苦。快乐柠檬一直喜欢喝,1,train,waimai_review
速递级慢，等了将近2个小时，也没有赔付，以后没法在百度订了,0,train,waimai_review
菜全撒了，盒子也裂了，就是没办法放图，下次不会在从百度外卖订了，所有的app中服务最差的一个,0,val,waimai_review
东西还可以，但是没有在店里吃的好吃,1,train,waimai_review
这次送餐很快,1,train,waimai_review
总体来说还不错，就是煎饼时间长了有点软，没那么好吃了,1,train,waimai_review
"粥里的肉不新鲜,饼里有沙子,都是菜都没几块肉",0,train,waimai_review
"我笑了,等了俩小时餐还没来,打电话过去问又相互推诿,最后一天后再看餐已送达,什么玩意？就这诚信度还开店？以后再也不会吃了",0,train,waimai_review
外卖，师傅都一级棒。师傅还主动帮忙帮我把垃圾带下去，太贴心了。,1,test,waimai_review
今天还是很快的。。。。,1,train,waimai_review
外卖没有配汤，还是店里好。,1,val,waimai_review
"送餐速度快,味道也不错",1,train,waimai_review
"垃圾中的垃圾,可会忽悠人了,马上删除百度",0,train,waimai_review
"快递小哥很辛苦,下着大雪,还辛苦的工作,必须赞,好评",1,val,waimai_review
"送到了以后,抄手都烂了,都是皮了,坨成一疙瘩,根本弄不开",0,train,waimai_review
"很好吃,特别快就到了",1,train,waimai_review
3块钱的米饭只有三分之一盒，关键是网上要说清楚，要不然不够吃，怎么弄？网上买就是为了方便，饭不够，吃不饱，还要做？太好笑了,0,train,waimai_review
"很快,很好",1,train,waimai_review
有点慢，其他的还好,1,train,waimai_review
未按照约定时间送达,0,train,waimai_review
"很好吃,很香,包装也不错的",1,val,waimai_review
米粉份量比以前少，没以前好了,0,train,waimai_review
青城饭菜很好，配送服务也快！,1,test,waimai_review
给同事订的，还行吧,1,train,waimai_review
"我真服了,呵",0,train,waimai_review
快递大哥很负责任，相当棒,1,train,waimai_review
要的发票呢？,0,train,waimai_review
还没吃，不过很快，赞赞赞,1,train,waimai_review
粥漏了又给送了个，很不错,1,train,waimai_review
香芹牛肉丝就跟凉菜似的，凉拌莴笋丝喂猫呢感觉，也太少了吧,0,train,waimai_review
服务态度很好。,1,test,waimai_review
送过来已经不成样子了,0,train,waimai_review
鸭子实在太肥,0,val,waimai_review
第一次吃鸡米饭超级好吃！送餐也超快！,1,train,waimai_review
"还行,送货挺快",0,test,waimai_review
投诉，花生没送。,0,val,waimai_review
都是凉的，配送很慢！都要三个小时,0,train,waimai_review
11点20下单，同事12点12能送达，结果快一点才到,0,train,waimai_review
妈的！！老娘等了123分钟！两个小时！！爬都能爬来了！！再也不会点！！死难吃！！,0,train,waimai_review
送餐还是很快的，师傅特别客气，非常好,1,test,waimai_review
外卖小哥人不错，。就是没给我拿筷子,0,train,waimai_review
分量比较足,1,train,waimai_review
太新鲜了～热乎乎的粥把盒子烫软了、可是很美味哟！分量足,1,val,waimai_review
"超级不好吃,超级慢,打电话取消还不给我取消,一个多小时才到",0,test,waimai_review
骑士很好，客服很差，下单1分钟都不能取消，这是强买强卖不，这是在砸百度的牌子。,0,train,waimai_review
首先那么一小碗还不热的泡菜汤！酸的要命颜色看着水不剌激的！一碗没多大还给半碗！小盒泡菜已经馊了！本来想换换口味人家韩国人做的泡菜汤也没有那么酸根喝醋一样！以后也不会再点！米饭也不热！沙拉还可以吃！一肚子气也不让我传照片！让别人也看看！泡菜我咽下去了明天拉肚子我还得找你们呢,0,train,waimai_review
物流特别慢，催了一次单，打了一次客服，评价居然显示12：50送达，你送到了吗？一点半才送到好不！等了一个多小时！,0,train,waimai_review
速度超级快！百度外卖超好用！,1,train,waimai_review
可惜一直给的五星好评了。送外卖的伙计居然说以后不给我送了。理由是我们楼只有我一个叫餐的,0,train,waimai_review
"早送了半个小时，吃的时候都凉了,还少一根烤肠，强烈要求退款",0,train,waimai_review
还不错！卷饼之外其他东西的味道原来也这么好啊～,1,val,waimai_review
不好吃，不像厨师做的，连家常菜不如,0,train,waimai_review
送餐很快，服务态度很好，还会再来,1,test,waimai_review
速度很快，唯一不足就是第一次下单莫名的失败了。。。,1,train,waimai_review
送的太快了,1,train,waimai_review
要的是拿铁加浓，天天都买都喝的东西，今天的完全不对，清汤寡水一样！！！,0,val,waimai_review
送餐员态度很不好,0,train,waimai_review
一直点他家的煎饼，第一次点卷类，卧槽，辣成狗了，希望商家少放点辣椒，实在受不了,1,train,waimai_review
配送超级快。水煮肉满满地，肉片多配菜多。干锅土豆片焦香辣味十足,1,train,waimai_review
每一款都喜欢！太久没吃过油条了！赞赞赞！,1,test,waimai_review
送餐速度极快，师傅态度非常好，辛苦啦！菜的味道也非常棒，红豆薏米粥非常好喝,1,train,waimai_review
味道正宗，量大内容多,1,train,waimai_review
味道实在不好，跟在店面吃的感觉不一样，以后不会要了,0,train,waimai_review
第一次少送了，让配送员跑了两次，不好意思！,1,val,waimai_review
石锅拌饭量很小而且不好吃，蔬菜沙拉只有蔬菜连料包和沙拉酱都没有，完全没有味道。,0,test,waimai_review
"小哥超快,东西包装很好,好吃,好评",1,train,waimai_review
"都在一个小区,给我送了一个半小时,即使11点送,也等了一个钟头,小炒肉名副其实的小,肉小而且少,照片上的大肉片是拿放大镜照的吧,多亏了我看评价,知道量少,又买份米,不然妥妥的又要买零食",0,test,waimai_review
配送时间真让人无语了，不过大热天的送餐的老人家也很不容易，相互理解吧，下次别让我等三个小时就好,1,train,waimai_review
第二次点的飘香肘子等了近俩小时，饼有点凉了不说还特别干，肘子肉做的特别老，还没有刷酱，这样子生意怎么做啊以后,0,val,waimai_review
除了速度有待加强，其他都不错,1,train,waimai_review
"错峰订的，送的比之前快多了，包装虽然从简了味道还是不错的~,推荐~",1,train,waimai_review
这个鸡排就看不到鸡肉了，量足还行吧,0,train,waimai_review
味道很棒啊,1,train,waimai_review
"不错,第二次购买了,很喜欢",1,test,waimai_review
"很好,速度快",1,train,waimai_review
菜里吃到塑料。。这是什么情况！！！！,0,train,waimai_review
汤送错了！送的海带汤！,0,train,waimai_review
说是半小时到，结果1个多小时才来，也没有减免送餐费,0,train,waimai_review
送餐很快，送餐人员很热情！～,1,test,waimai_review
"挺好吃的,和在饭店吃一样",1,train,waimai_review
土豆丝卷饼太好吃了…,1,train,waimai_review
菜品第一次没送够，给送餐员打电话说找饭店，饭店说找送餐员，推来推去最后才送，还没有餐具，给个忠告，不要去他家订了。,0,train,waimai_review
"非常差,味道差,服务差,打电话过去服务员素质太低,没办法,素质一天教育不出来",0,test,waimai_review
速度超慢，饮料没送,0,train,waimai_review
不错不错，卷饼卷的很圆,1,val,waimai_review
皮蛋瘦肉粥很糊弄啊,1,train,waimai_review
味道不错，送餐很快，谢谢送餐员,1,train,waimai_review
首先送餐速度奇慢~~催了2次，再次送餐人员态度差~还有菜的质量不太好~,0,train,waimai_review
真！的！太！难！吃！了！！！什么味都没有！！不知道为什么这么贵！！还不如去买个老北京！！！！,0,test,waimai_review
味道很好，鸡肉很多，包装用心,1,train,waimai_review
煎饼不脆了，凉面和煎饼放一起了变热的了,1,val,waimai_review
"虽然送餐时间稍晚,但是味道好吃,没得说,态度也很好",1,train,waimai_review
南瓜粥，绿豆粥一点点糖都不放。你们家缺糖吗,0,train,waimai_review
要的柠檬茶给我弄成银耳汤，还全撒所料带里了，怎么喝,0,train,waimai_review
等了两个半小时，等哭了。,0,train,waimai_review
不给发票，差评,0,train,waimai_review
炒饭配肉，有点腻,1,train,waimai_review
超时25分钟，还有五分钟就半价。饭都不怎么热了，温温的。还有这家店，米饭能多给点么？总得吃饱吧？,0,train,waimai_review
菜量比较多，态度也不错，但是菜做的实在不好吃～味道才是关键好吧,0,train,waimai_review
又没送餐具，非要让我们当原始人，上手抓啊？,0,test,waimai_review
"你家不看备注的吗？我说了装两个袋,帮别人买的,还用一个袋,我怎么拿啊",1,train,waimai_review
超级超级好,1,train,waimai_review
分量比较足，但是稍微咸了一点,1,train,waimai_review
"希望下次送餐能准时一些,谢谢",0,train,waimai_review
"干净,满意,来了好多次了",1,train,waimai_review
包装很好，味道也还可以，就是名字太俗,1,val,waimai_review
菜没有盛满，米饭量稍微少些，男同志有的吃不饱,0,train,waimai_review
面条很不错味道棒棒的,1,train,waimai_review
发货太速度了，热乎乎的，都很好吃！百度骑士辛苦啦！,1,train,waimai_review
质量不好，量挺多，味道一般,0,train,waimai_review
都不错，配送员很负责,1,train,waimai_review
"送货快,服务好",1,train,waimai_review
煎饼量大，酱料味道一般，凉面太油，稍辣,0,train,waimai_review
点了一份蒜，没给，口味一般吧,0,val,waimai_review
鸡柳蔬菜煎饼味道真心不错！就是配送时间太久啦！,1,val,waimai_review
太慢了………,0,train,waimai_review
真心贵了，不值这个价,0,train,waimai_review
皮太厚，而且全部粘在一起烂掉了，还夹不起来,0,train,waimai_review
"肉多,不错",1,train,waimai_review
非常快，送餐师傅辛苦了，很好！,1,train,waimai_review
态度好，菜味佳,1,train,waimai_review
真的是超级慢啊，以后不会再选了,0,test,waimai_review
被骗了感觉，就一个卷饼，特别小，但还好送了可乐啥的，。,1,train,waimai_review
"我真的是特么的服了这个送餐速度了,2个小时,我特么,催了1个多小时,东西还真挺特么好吃的,就是太特么慢了,以后大伙们想吃就去店里吧,定了肯定耽误事儿,今天我特么就认了",0,train,waimai_review
西瓜汁都酸了，以后不会再买了,0,val,waimai_review
太慢，点两次都是一个小时后送到的，催单崔到手抽筋,0,train,waimai_review
卷饼里的菜还不错，但是饼有点干,1,train,waimai_review
差评！一点菜没有，咖喱猪排饭一点咖喱也没有，只有两块土豆。送餐时间一个小时！催了三次！评价这个界面的送餐时间也是虚假的，根本不是真正送到的时间！,0,val,waimai_review
快递小哥人很好，饺子吃着一般，特别慢。,0,train,waimai_review
送来以后饭已经凉透了，还要自己热！,0,train,waimai_review
不错，希望下次能快一点,0,val,waimai_review
送货时间挺准的就是对路不太熟悉～还可以吧～,1,train,waimai_review
味儿很正！也准时！赞一个！,1,train,waimai_review
发票不给开,0,train,waimai_review
差评，有送餐费还没饿了吗没有送餐费快。最后两分钟送到，这可是米粉不是米饭都已经没法吃了，你们自己吃吃看放了一个半小时的米粉会是怎样？,0,train,waimai_review
不太好吃…,1,train,waimai_review
配送的真快，及时。很好好强大,1,val,waimai_review
今天菜品普遍反应较差，好几个同事一起订，结果都说很失望，特别是荤菜差太多，希望店家多考虑一下吃货们的感觉…期待下次就餐能有所改善，谢谢!,0,test,waimai_review
少送一份米饭,0,train,waimai_review
做的太一般,0,train,waimai_review
粥还能吃，卷饼不好吃,0,train,waimai_review
1点多才送，饭真没以前好吃了,0,train,waimai_review
"送餐很快，分量够大，服务态度好，就是蔬菜牛肉卷的蔬菜里没有叶子菜只有豆芽和土豆条，牛肉的肉筋多了点,总体很满意,性价比高",1,train,waimai_review
真的很好吃，送餐很准时,1,train,waimai_review
非常好，谢谢外送员,1,val,waimai_review
饭菜少到吃不饱！还不如吃不好的食堂！看来又可以用上美团和饿了吗来三选一！,0,train,waimai_review
請不要拿放很久的星冰樂欺騙消費者，喝到都是水,0,val,waimai_review
非常贴心，送餐四十分钟，小哥沟通四秒钟，飞一样的小哥。说还有好多没送。下次再定。,1,val,waimai_review
味道不错，只是点了青笋没送过来,1,test,waimai_review
太差劲了吧，同一个店，外卖包装居然相差那么多，昨天的饮料是罐装，今天是纸杯，昨天的餐盒是双层保温的，今天就单层，最过分的是，我点的芝士泡菜炒饭，结果只是泡菜炒饭，没看到一点芝士，味道也没有芝士味道，希望给我个能说得过去的理由。,0,test,waimai_review
一个多小时…还好当初也不是抱着快点到的希望定的,1,val,waimai_review
东西还是一如既往好，只是不知道这次什么原因很慢,1,train,waimai_review
"天气不好,速度还是非常快",1,train,waimai_review
为什么没有辣椒,0,train,waimai_review
定的饭，餐具全是叉子。也没有纸巾。越来越失望。,0,train,waimai_review
太慢！！味道一般！！,0,test,waimai_review
下雪天，快递师傅辛苦了！小心路滑！,1,train,waimai_review
太慢了等了1个多小时才送到,0,test,waimai_review
快递员辛苦了，菜品也不错,1,train,waimai_review
"菜很便宜,也很实惠,个人认为以后不会再定了",0,test,waimai_review
价格实惠，值得购买。,1,val,waimai_review
皮蛋瘦肉粥没味道,1,train,waimai_review
点的三鲜，西芹，韭菜，送过来竟然全是茴香的！！,0,train,waimai_review
送餐很快，但是没给发票。味道还可以，凑合吃吧。,0,train,waimai_review
送的及时，饮料很好喝哦,1,train,waimai_review
快递真是神速，没见过这么快的送餐,1,val,waimai_review
幸好有一瓶老干妈来拯救这份饭。肉少，米饭就跟泡水里一样。,0,test,waimai_review
送餐速度快，菜量很充足。,1,test,waimai_review
"太慢了,1.10才送到",0,val,waimai_review
店家和送餐的人特别不好，送错地址了还赖我写的不清楚,0,val,waimai_review
没有纸巾就算了，连番茄酱也没有，如果速度快换来的是仓促，那我宁可多等几分钟,0,train,waimai_review
菜量特别少，根本不值46块钱！都他妈想打电话投诉了,0,train,waimai_review
送来的时候，热气腾腾，第一次吃到这么可口的外卖,1,test,waimai_review
牛肉略柴，蕃茄太多，汤也不怎样,0,val,waimai_review
"肘子卷饼辣的挺爽,鸡肉卷真不错,快递员态度超好,赞",1,test,waimai_review
"不好吃,不是炒菜是咕嘟菜",0,test,waimai_review
好吃，干净，包装绝对一流，好，，还便宜，。,1,val,waimai_review
送餐很及时，口味很好，用料很实在，已经买过多次了，以后还会买！,1,train,waimai_review
很快很好。谢谢。辛苦了。,1,test,waimai_review
送餐人员态度不好，很不客气，不就是没接到电话嘛，一点耐心都没有,0,val,waimai_review
味道不怎么样，点了4个菜感觉就红烧牛腩好吃点,0,val,waimai_review
有点油腻～其他很好,1,train,waimai_review
"基本没羊肉,备注都不看的嘛,⋯⋯,全是香菜,⋯⋯,我过敏啊！",0,train,waimai_review
很好吃，就是泡菜太咸,1,train,waimai_review
赶上雨最大的时候，外卖小哥很不容易,1,train,waimai_review
速度需提升，再接再厉,1,train,waimai_review
"吃过最难吃的排骨，吃两块扔了,没饭没动",0,train,waimai_review
师傅服务很好.速度特别快.,1,train,waimai_review
慢啊慢！！！十点10定的餐，十二点半不催还不来！服务态度不错就是慢！不饿的就可以慢慢等！蔬菜卷蔬菜太少，全是洋葱！！！包装还行…可有啥用呢？华而不实！,0,train,waimai_review
比较难吃，尤其是拌饭，以后酱还是单独吧，貌似是甜面酱，都浇在上面真是好难吃,0,val,waimai_review
"口味不错哦,还优惠很多",1,train,waimai_review
第二次买了，味道很好!,1,test,waimai_review
快递大叔人特别好。就是百度外卖现在连个优惠都那个少，真要投奔饿了么了。。。。,1,train,waimai_review
太慢了，给送了瓶饮料，服务还算好，希望能准时送达,1,train,waimai_review
吃完到现在反胃，全部吐出来了,0,test,waimai_review
太他妈好吃了,1,val,waimai_review
又快又好吃……还便宜还送沙拉……,1,train,waimai_review
怎么送的不是肘子的！！！,0,train,waimai_review
我印象中，点汤是有附一份白饭的，我多加点了一份，但没有！算了，不想为两元麻烦了！,0,train,waimai_review
一个多小时，时间太长了,0,train,waimai_review
一般都是四个菜，今天变成了三个菜，菜品下降，有点失望,0,train,waimai_review
"其它都挺好,就是鸡柳煎饼太难吃了,太重口味了,吃完直恶心",1,train,waimai_review
南瓜粥里南瓜挺多的，凉拌木耳稍微有点大火，土豆尖椒卷饼土豆丝多尖椒太少，面皮稍有点夹生，不过味道还不错，吃一个中号卷饼半份粥一份小菜很饱，不错,1,train,waimai_review
"歪着拿过来的,猪排全洒出来了,差评",0,train,waimai_review
还挺好吃的，还好给我放了平时一半的酱~,1,train,waimai_review
味道蛮不错的，包装也很喜欢,1,train,waimai_review
说实话嘛，真的比较失望，芝士年糕我以为是外面卖的那种，年糕里面裹着芝士，但其实只是普通年糕放在芝士酱里。其他菜品就不一一点评了吧，觉得不值这个价钱。,0,train,waimai_review
连续几天点这家外卖，味道很良心,1,train,waimai_review
明明说了不要辣...好辣...,1,train,waimai_review
太慢了！！都饿死了！！大热天送过来饭菜都凉了？？,0,train,waimai_review
送餐及时，服务热情，美味,1,test,waimai_review
真的不适合外卖，另外，真难吃,0,train,waimai_review
有漏餐，总的不过还算可以，,0,val,waimai_review
"送来的时候只送了一份，打电话过去补送了一份菜，没有米饭，催了好几次，都一个多小时了,米饭还没送来",0,test,waimai_review
太慢。也没个电话。催单四次,0,train,waimai_review
送餐速度快！,1,val,waimai_review
很不錯，吃過的最好的煎餅,1,train,waimai_review
送餐员也太厉害了，就问了句到的是不是六层怎么都不回答，之后还嚷嚷，拿了餐还在我公司门口嚷嚷。起码的尊重都没有还在给顾客这样的服务真是砸招牌,0,val,waimai_review
送餐慢，来了都凉了,0,train,waimai_review
"宫保鸡丁,鸡丁太干,花生不脆,口感不好,重庆辣子鸡,无香辣味",0,train,waimai_review
味道太甜了～,1,test,waimai_review
味道棒棒哒,1,train,waimai_review
"漏发了一个泡菜,店家很快联系补发了,服务很好",1,train,waimai_review
上午下单，下午才送！怎么索赔,0,train,waimai_review
冒雨送餐，感谢！,1,test,waimai_review
送餐速度超级快，第N次定了,1,val,waimai_review
速度太慢，味道一般。,0,test,waimai_review
真的很好吃啊,1,train,waimai_review
菜有点少，饭好吃，送餐慢,0,train,waimai_review
非常快，稻香村老字号东西味道都不错,1,train,waimai_review
"怎么一股汽油味？难吃死了,食材也太差了,浪费钱",0,train,waimai_review
"皮太硬啦～,不好吃～",0,test,waimai_review
卷饼挺好～凉拌木耳味道不太对，可能天热有些坏了,1,test,waimai_review
"手工花卷真的是不错,有小时候的味道",1,train,waimai_review
挺快的，好,1,train,waimai_review
味道不错，肉量很足，不过感觉有些油。很贴心的附送一次性手套。,1,train,waimai_review
一般，酱炒蛋的口感比较干，汤没什么香味,0,train,waimai_review
煎饼口味偏淡，有点干，可以改进一下,1,train,waimai_review
里面加肉的有些腻，下次尝尝土豆丝的~~但是超级好吃~~,1,test,waimai_review
"挺好的,挺方便,非常好,不错",1,train,waimai_review
"一份炸馒头片就四片,上次至少八片,减量不减价啊",0,train,waimai_review
我只能说，好！,1,val,waimai_review
太惊喜了，刚订上就送来了，而且感觉比以前好吃了，包装盒也从圆的变成了方的，非常棒,1,test,waimai_review
第一次体验，但是感觉真的是一般....,0,train,waimai_review
多次购买了，商家很快～快递也很好！,1,train,waimai_review
3个小时……,1,train,waimai_review
炒饼里放了太多的蒜沫了！太多了！芝麻粥也不稠，芝麻好生硬,0,train,waimai_review
好吃、好吃。,1,train,waimai_review
配送员很棒！,1,train,waimai_review
特别好，很礼貌的外卖小哥，赞,1,train,waimai_review
太差劲，等了92分钟居然还没送到，请问有没有职业道德，还讲不讲信誉！,0,train,waimai_review
可乐都洒到煎饼里了...这是新口味吗?,0,train,waimai_review
皮太厚，不喜欢,0,train,waimai_review
我的饭送错了。,0,test,waimai_review
"小两个小时送到,而且真的很难吃",0,train,waimai_review
喜欢宇宙卷饼，送餐也很快，很划算,1,train,waimai_review
"服务超级好,不错,很耐心很客气",1,train,waimai_review
"都备注那么清楚，,还是发票也不拿，吸管也不拿，让人怎么喝啊,已经几次了,实在失望",0,val,waimai_review
"要是不想饿死,就别要他家饭,等了三个来小时,你大爷的",0,train,waimai_review
袋子里洒了一堆汤汁。。。说11点半以后送到，结果11点10分都不到就送来了，问原因，说是这边送得多，顺手就送来了，要是这样干嘛还要写送达时间？有意义么？,0,train,waimai_review
"等了将近三个小时,饺子已经凉透了",0,train,waimai_review
我去，这个大份的还真是大啊，快20cm见方了。,1,train,waimai_review
差评送给那个懒得进小区送货的送货员,0,train,waimai_review
"说好不放香菜,全是香菜,对香菜过敏的,吃了会死掉的！请注意一下客户的需求",1,train,waimai_review
太差了！送的都是坏的！要求退了！太无语了！,0,test,waimai_review
等收到的时候，卤煮是温的，饼是凉的。速度慢。,1,test,waimai_review
1个小时才到，菜都不能吃了,0,train,waimai_review
"饼是馊的,肉是臭的,还能在恶心点吗？,在百度订餐,头一次碰到这样的",0,val,waimai_review
太差，，，等了一小时四十分钟没送到，打电话联系不上，，，最糟心的一次。,0,train,waimai_review
眉州东坡的宮爆鸡丁很好吃，送餐也很快,1,train,waimai_review
宫保鸡丁用的什么肉啊，都是鸡皮之类的破肉根本没法吃，土豆丝也咸了，勉强吃吧,0,train,waimai_review
菜很好吃，吃的很舒服,1,train,waimai_review
好好吃啊--特准时,1,train,waimai_review
送餐时间超慢,0,train,waimai_review
特别小，女孩都不够吃。。。,0,train,waimai_review
太慢了快要饿傻了。。,0,val,waimai_review
电话也不打一个！！！私自就把豆腐脑换成炸蘑菇了！！太气人了！！！！送餐非常慢。,0,train,waimai_review
"饭店给下错单了,少送了2份,并且态度非常不好,配送员态度非常好,希望改善一下饭店的服务态度",0,test,waimai_review
送了两个多小时！大家吃饭我工作，大家开工了，我端一碗臭臭的螺狮粉，想想什么感受吧！快递大哥态度很好不停道歉，只能说百度系统流程都太烂，不规划好路线两个小时十单都送不完，就是这结果。说说菜品，粉不错，鸭肠不好一股没处理好的味儿，鸭掌还行，绿豆汤送到都撒了一半。,0,train,waimai_review
很不错，送餐速度加快了,1,train,waimai_review
两个多小时才送到，，咱是送不了，可以限制流量,0,train,waimai_review
不管口味如何，送了两个多小时，不骂街我已经是素质好了,0,train,waimai_review
"石锅拌饭真心不好吃,尤其是豆芽菜特别噎嗓子,冷面凑合",0,train,waimai_review
上次欠我的饮料还没有补给我，你们不看留言的吗,0,train,waimai_review
量不是很大，小贵有些油，等了快一个半小时了才来,0,train,waimai_review
要了3份荞麦面，送了一个玉米的，两个荞麦。嫌麻烦就凑合吃了。证明配送员不认真。,0,train,waimai_review
喜欢这个味,1,test,waimai_review
送餐的哥哥好快呀，态度超好，这大冷天的真是辛苦了,1,train,waimai_review
送餐可能没有看我标记的送餐时间，提前送来了，飘香肘子的很好吃,1,test,waimai_review
鸡肉不好吃，多弄点肘子，不多说,1,train,waimai_review
好吃，很赞,1,train,waimai_review
送餐员很热情，很好吃谢谢,1,val,waimai_review
水平有限没问题，但不应该少给东西啊！俺单点的鸭肠呢？,0,train,waimai_review
外卖真不适宜点焗饭！,0,train,waimai_review
134分钟，一部霍3都看完了，店家电话根本打不通！第一次订外卖遇到这样的！,0,train,waimai_review
超级好吃！又快！！,1,train,waimai_review
"送的很快,大冷天,送餐员辛苦啦,喜欢湄州东坡的菜,四季豆有点少",1,train,waimai_review
"我去一份,西红柿炖牛腩并不便宜,就那么一点点？,我特么还不如下去吃,靠",0,train,waimai_review
在店里吃过多次，第一次在百度配送订购，食物非常好吃，配送小哥也很辛苦！谢谢！,1,train,waimai_review
我吃过最差的一次冬瓜汤！里面就俩片羊肉卷！没有味道！跟在店里吃的差太多了！锅包肉确实不酥了没办法外面么，但是那个冬瓜汤也太难吃了！,0,train,waimai_review
不好吃。分量少。送货太慢。,0,test,waimai_review
下单一个半小时才确认，送餐太慢了,0,train,waimai_review
之前在百度外卖三次订过吉吉熊，还可以。这次却失望。披萨一看就是中午做多了剩下的。晚上又热了拿来卖。客人不是傻子，做生意要诚信，下次不会再点吉吉熊任何东西了。,0,val,waimai_review
没有收到餐。。,0,train,waimai_review
請不要服務質量不一致，有時是熱的三明治，有時是冷的三明治，不要再欺騙消費者了，星巴克這種高格調的咖啡店，都被你們做爛了,0,train,waimai_review
最爱阿田，很好吃！送的也很快！,1,val,waimai_review
"飞速送达,谢谢配送员,菜品也不错",1,train,waimai_review
时间太不给力了。两个多小时。。。一定要改善。不然没人买了。,0,train,waimai_review
我只想说难吃的想吐~,0,val,waimai_review
商家不负责，百度外卖也不负责，推来推去的！垃圾软件，赶紧黄了吧，不是一次两次了！到最后还不是我饿着肚子？钱到你们手里就不管了？,0,test,waimai_review
"真的很难吃,这个什么骨汤乌冬面…",0,train,waimai_review
尖椒肉丝吃出来个苍蝇,0,train,waimai_review
服务非常好，菜品也好吃！,1,train,waimai_review
虽说送餐的是新来的，但是2个小时才送来也是醉了……,0,train,waimai_review
木耳要放多少芥末？,0,train,waimai_review
整体口味偏淡,1,train,waimai_review
就是粥少了点,1,test,waimai_review
没见过这样的餐厅，十点多定的，整整送了两个小时，电话费都不知道打了多少！！！！,0,train,waimai_review
外卖小哥服务很好，送餐态度很赞，但是，忘了给我送的可乐了，另外，米饭量很大,1,train,waimai_review
味道一般，不做推荐,0,train,waimai_review
吸管都没有,0,test,waimai_review
科大这两步路送了一个多小时，啥也不说了，再也不见,0,test,waimai_review
还不错，包子味道好，炒饭稍微油了点，不过能接受,1,train,waimai_review
真没传说中的那么好吃，也可能是因为我点的是猪肘卷饼的缘故吧。反正菜太少了，肉太多了，尤其是好多肥肉处理的不太好，吃起来腻死了。如果肥肉部分去腻就好了。,1,val,waimai_review
味道很不错，快递也给力,1,test,waimai_review
速度太快了。。。定的12点11点17就到了,1,train,waimai_review
比预计早了半小时到达好评！,1,train,waimai_review
速度快、味道好、服务好。,1,train,waimai_review
餐盒很差劲，汁全撒了,0,test,waimai_review
晕了，注明带一些辣椒油或者辣的调料，都没有，吃起来一点味道没有。,0,train,waimai_review
皮蛋粥不如上一次的，有点稀,1,train,waimai_review
第一次定披萨，送过来很快，辛苦快递小哥了，还是热的，披萨最好吃，那两份小吃估计还是在店里会好吃点,1,train,waimai_review
"很好,配送快！",1,train,waimai_review
送餐时间长，汤已经凉了，口感不好～,0,val,waimai_review
送餐员很给力！大大的赞,1,train,waimai_review
送餐小哥服务太周到了,1,test,waimai_review
超快超靠谱，辛苦小哥了,1,test,waimai_review
"好吃,物美价廉,很快,服务态度好,好评",1,test,waimai_review
"送得很快,东西也很好次",1,train,waimai_review
"这个不好吃,吃的好难过",1,val,waimai_review
可能是距离较远，饭到了已经凉了，辛苦了,0,train,waimai_review
"好吃！味道够又不特别咸特别辣,稍微有点油,米酒也好喝不太甜刚刚好,豆腐很软海带少了点,快递小哥速度快态度也好",1,train,waimai_review
不错，肉多,1,val,waimai_review
送的太慢啦，餐还没到呢订单怎么就完成啦,0,train,waimai_review
饭还不错，但是送餐真的是太太太慢了。。。无语了,0,train,waimai_review
没送我饮料，妈蛋,0,train,waimai_review
不好吃。羊肉泡馍。肉夹馍还挺好吃的,0,train,waimai_review
2个多小时没送货，中间催单多次无果，最后打电话让店里取消订单。一个没注意，订单完成了？！还扣款了，什么情况？！,0,train,waimai_review
送的很快，就是味道清淡了一点,1,train,waimai_review
"送餐非常快,态度特别好,谢谢",1,test,waimai_review
送餐很慢，鸡肉腥味很重,0,test,waimai_review
3个小时10分钟，,0,test,waimai_review
比约定时间晚了整整40分钟！问送餐员怎么晚那么久，居然说饭你要不要吧？！真么见过这样的，还没一点歉意。百度客服也就那么回事，形同虚设！,0,val,waimai_review
订餐94分钟才送到，各种菜都没有，没有就不要接订单。,0,test,waimai_review
送的及时，但是鸡柳煎饼给的普通煎饼。豆腐脑两碗，勺子只给一个。,0,train,waimai_review
送餐员很快。饭很好吃，特别是鸡翅和土豆泥。下次继续点！,1,train,waimai_review
爱吃，就是这次送餐稍微慢了点，不过态度挺好的，一直道歉，好评吧,1,train,waimai_review
要了腊八蒜，没给,0,test,waimai_review
饺子没有煮熟。,0,train,waimai_review
"孜然鸡丁饭没有上次好吃,而且还提价了一块钱,宫保鸡丁一般",0,train,waimai_review
好吃，送的特别快，好评,1,test,waimai_review
很棒，一个人饭量不大可以吃到撑。,1,train,waimai_review
"清炒菠菜根本无法吃,菠菜里的沙子没洗净",0,train,waimai_review
作为湖北人觉得还是也很正宗的！,1,val,waimai_review
饭很好，速度太慢慢慢!,0,train,waimai_review
"挺好吃的,就是饼硬了点儿",1,train,waimai_review
打了n个电话，n个人跟说我在送了，然后两个小时后被告知，我的订单落了，压根还没做，我真的是**~,0,train,waimai_review
"送餐速度很快,糖醋小排很小一盒,云吞很大一盒",1,train,waimai_review
上次比较快，味道不错，没想到这次很慢，下次快点,0,train,waimai_review
太油腻了。,0,train,waimai_review
一共吃到一小条牛肉丝儿，吃完胃疼不行,0,train,waimai_review
米饭好像不是新鲜,0,train,waimai_review
太不靠谱、说让带辣椒油结果没带！,0,train,waimai_review
都是辣椒，肉只有一点，吃完烧胃，我跟朋友感觉都一样的感受，总得来说感觉不好,0,train,waimai_review
慢慢，岂是一个慢能够形容的,0,train,waimai_review
"真的很棒,没啥说的了,嗯嗯,棒棒的",1,test,waimai_review
早知道是这样的外卖，我就不会买了,0,val,waimai_review
"俩小时。,我醉啦！！！！",0,train,waimai_review
再也不会定了，不到十一点定的，快一点才到，中途打电话取消，压根不接电话，太恶劣了。送来的卷饼包了两层锡纸，因为第一层包不住汤，又包一层。拆开根本没法吃！木耳跟最开始的味道也不一样了。良心哪去了？！,0,train,waimai_review
泡馍送到汤全没了。坨成一团没法吃。勾魂凉皮难吃至极佐料都没放什么味道都没有。除了辣什么味道也没有。不会再来买饭。贵品质差,0,test,waimai_review
用来加餐是极好的,1,val,waimai_review
扬州炒饭几乎没有盐味…………,1,val,waimai_review
妈逼了！点餐不管饭的？光吃菜？醉了！真的知道怎么想的！幸好骑士小哥人好、又给送了一份！,0,train,waimai_review
送餐慢，望日后改进,0,train,waimai_review
肉好少，不过只花了四块钱，也不能期待什么,1,val,waimai_review
菜品好吃，味道正，量足，用料好。快递小哥效率高，服务周到，跑了两趟特意送发票，认真负责，赞一个!,1,train,waimai_review
非常快，没有肉，估计是不在正餐时间的原因,1,test,waimai_review
百度外卖不错，,1,train,waimai_review
味道很好，离得不算近送来还是热的（茄子甚至还是烫的呢！）~马盏糕和冻糕萌萌哒~,1,train,waimai_review
送餐时间用了2个小时。。。中间催单店员还踢皮球，伤不起，下次真心不敢订这家外卖了。。。,0,val,waimai_review
送餐员态度很好，虽然晚了，但还是好评,1,train,waimai_review
差评！！！实在不知道该说什么，事情太复杂，送餐人员一开始就打了一个电话，因为手机静音没有接到，马上就打回去了，结果说已经到别的学校了，好吧，那就等，结果期间又打了三个电话，还是晚了五十分钟送到了，总共等了将近两个小时。送到了也就没什么了，结果取餐的时候，我们还没说什么，送餐人员直接抢白，说因为我一开始没有接电话，他送了一圈饭，最后又回来我们这边。我们都能理解送餐人员的辛苦，可是您态度太不好了吧！说句凶残的话，怪我咯！！总之，任性，就三星！,0,test,waimai_review
饭都凉了--与实际不符,0,train,waimai_review
赞宇宙卷饼的送餐速度，感谢~,1,val,waimai_review
"鸡翅很好吃,速度一般,但是送过来还是热的,好评一发",1,train,waimai_review
"肘子的挺好吃的,就是略干,要是卷的菜里略有汤汁就更美味了,南瓜粥也挺不错",1,train,waimai_review
谢谢百度骑士辛苦的送餐,1,train,waimai_review
比上次慢了点，不过东西还是很好,1,train,waimai_review
"好吃,下次换个别的面,感觉哪个都好吃",1,train,waimai_review
送餐晚到半小时不说，还给弄翻一道菜，菜汤弄的哪都是，真是无语了。,0,test,waimai_review
有点腻。没给拿勺子。,0,train,waimai_review
好吃又实惠，感谢快递员哥哥，,1,train,waimai_review
快递小哥辛苦,1,train,waimai_review
小哥很不容易呀，其实时间还好，还一个劲说不好意思来晚了。大热天不容易，包装菜品也好，一如既往，真的干净。,1,train,waimai_review
点这家三次了，每次都把东西洒出来，让人怎么吃呢！,0,test,waimai_review
好吃，送货员很好，就是太大了，切开就好了,1,test,waimai_review
送的特别慢，还不是百度外卖配送的，打电话过去问怎么看不到配送员电话，人竟然说是在排队过安检，过来了才发现原来不是百度配送的，既然不是百度配送的难道不会直接说声嘛！,0,val,waimai_review
连续两天汤洒了一袋子，今天这个更夸张，放汤的盒子放在了最上面，盖子完全没盖上，1／3汤从最上面一路洒到袋底，每个餐盒都沾满了汤汁，也不知道是骑士不小心还是店家不用心，抱歉两边都3星，粉一如既往,0,val,waimai_review
百度配送时间过于太久，饭菜没吃头了。,0,train,waimai_review
羊肉泡馍太咸了啊,0,train,waimai_review
没给绿豆沙,0,train,waimai_review
送餐太慢，导致粉都坨了,0,test,waimai_review
以后再来就只点粥喝口……,1,train,waimai_review
很好吃，就有点小,1,train,waimai_review
说好的加辣呢？知春里套餐送的饮料呢？我点的猪脚呢？订的外卖少了一大半！！！这配送素质真是给跪了！！,0,train,waimai_review
味道不错，送货快,1,val,waimai_review
味道不错，多放蔬菜会更好吃，但是突然发现里面有一条头发，有点那种感觉，你懂的，以后多注意点，做饭的人把帽子带好，千万别再发生这样的事,0,val,waimai_review
口味还行，油较大,0,train,waimai_review
"特别差,少送一个大酱汤,一个小菜,饮料还是洒的！无法给予评价！等再补送过来其他的全凉了！",0,train,waimai_review
没想到这么实在！肘子量非常足！只是味道略有点儿淡，感觉没有把肘子的香味发挥出来，我琢磨着是不是加点什么酱或者弄点儿蒜泥什么的更好？,1,train,waimai_review
"速度需努力，再接再厉,,",1,train,waimai_review
好评，送餐的小哥送的很快,1,test,waimai_review
"一般,送错地方了,到了都凉了,不好吃了都",0,train,waimai_review
送餐挺快的。以前没吃过这家的菜，今天是第一次吃。鱼香肉丝跟图片不太一样，放了好多青椒和胡萝卜，不是我想要的味道。宫爆鸡丁味道有点淡。干煸豆角味道还不错！,1,train,waimai_review
很棒，未来一个月午饭就交给你们了。,1,val,waimai_review
大雾霾，外卖小哥记得带口罩哦！给爸妈带回天津尝尝稻香村的的小肚～～～,1,train,waimai_review
送餐员太好了，跑了两个地方，辛苦了,1,train,waimai_review
好，便宜，快,1,train,waimai_review
味道很差，饭很油,0,test,waimai_review
这送餐速度太快了！刚提示快递员取了餐，不出5分钟就到了。辣的真香，可上火了，不能吃太辣的,1,train,waimai_review
支付方式太差,0,train,waimai_review
"我要求十一点五十到十二点之间到，送达时间非常准～,本来还怕不够吃，其实量足够～而且很好吃～",1,train,waimai_review
送餐速度太慢了，一个半小时的等待,0,train,waimai_review
拌饭外卖实在不好吃,0,train,waimai_review
味道一般，有点辣。总体还好,0,train,waimai_review
这次有点小失望，奶茶弄到杯子外面了，希望下次注意！披萨还是热乎的！,0,train,waimai_review
速度很快，不错啊,1,train,waimai_review
"味道很好,一大份,两三个人吃都够吃",1,train,waimai_review
热饮有珍珠的。,1,train,waimai_review
菜品质量好，味道好，就是百度的问题，总是用运力原因来解释，我也不懂这是什么原因，晚了三个小时呵呵厉害吧！反正订了就退不了，只能干等……,0,train,waimai_review
辣！很辣！很过瘾的辣！,1,train,waimai_review
送餐快递很给力，饭菜都热着呢，鲜肉小笼包和红烧肉都不错,1,train,waimai_review
这次很好吃,1,train,waimai_review
百度外卖小哥很热情，很好！可惜菜太差了，难吃，糖醋里脊黏不啦叽的，千叶豆腐不是一般的辣，木耳也没啥味道，很多杆儿，木耳品质也不好,0,train,waimai_review
送外卖的素质太差！,0,val,waimai_review
准时到达，非常满意,1,test,waimai_review
垃圾，接单配送慢的要死,0,train,waimai_review
"师傅送餐神速也！,非常耐心,非常体贴。谢谢！",1,train,waimai_review
饭菜不错，量足，但手机没信号就没接到电话，打电话过去服务员态度特别不好,0,test,waimai_review
味道还不错，但是送餐真的好慢，明明不是很远，一个多小时才送到。,0,val,waimai_review
"恶心,点了那么多次,送个餐盒还要两块钱",0,val,waimai_review
我该怎么评价？？诺大的盒子……只装了半盒……3块钱一份的鹌鹑蛋只有2颗……我忍了……好歹你给我放了！！！问题是我要的豆皮呢？？？我要的苦菊呢？？？里面绿色的菜叶我用一根筷子就能挑起来……3块钱一份的宽粉……只有中指那么长？？太垃圾！！！谁点你们家外卖谁死全家的！！百度优惠完还30块钱呢，这么大的盒子只有半盒不说……去了汤还剩什么？？垃圾垃圾垃圾垃圾垃圾垃圾垃圾垃圾垃圾垃圾……一条宽粉，两颗鹌鹑蛋……黑白各一块百叶……还有一支筷子就能挑起来的菜叶组成了半盒麻辣烫！,0,train,waimai_review
总体送餐时间较快，干炸小黄鱼、梧桐花鸡蛋炒韭菜的味道还可以，只是东边大拉皮是辣的（备注信息我说了不吃辣的），味道也很一般。大花卷个头还挺大，味道一般般。外卖袋子里还多了一个类似的肉馅，味道很不好，不是我要的，比较奇怪。,0,train,waimai_review
菜太难吃了！一次够了！再也不买了,1,val,waimai_review
味道有点怪、感觉没有银座店的食物新鲜,0,val,waimai_review
有点偏甜。。,1,train,waimai_review
包装精美，送餐及时，送餐员态度好。肉多味道好。,1,test,waimai_review
味道还可以，对我来说，咸了点~,1,train,waimai_review
菜贵，配餐费还高。真坑,0,train,waimai_review
好吃哦，皮蛋粥也不错,1,test,waimai_review
外卖小哥人非常好！当然味道也很不错，推推推！,1,train,waimai_review
我只想说不给吸管你告诉我怎么喝？,0,train,waimai_review
包装非常高大上，还专门配备了一次性手套，太贴心了,1,val,waimai_review
送餐员王昭晖很努力，态度很好，好评,1,train,waimai_review
禀太后……饼，太厚……,0,train,waimai_review
师傅非常好，谢谢,1,train,waimai_review
小菜很好吃。,1,train,waimai_review
可以改名叫全宇宙最慢卷饼了，10点57分下单，12点45分送达。。呵呵了。,0,train,waimai_review
v吃着还不错,1,train,waimai_review
师傅非常好～谢谢,1,train,waimai_review
唯一的缺点是每次都有些凉了,1,train,waimai_review
快递小哥特别好。奶茶棒棒哒！,1,train,waimai_review
菜量很大，满满当当的，味道也还不错。,1,train,waimai_review
口味可以，就是太辣了。而且送餐时间很慢,0,train,waimai_review
"快,香,赞,好,牛,棒",1,train,waimai_review
东西味道还可以但是送餐送了俩小时非高峰时段这速度真无语,0,test,waimai_review
都说了不放辣，还放这么多，都没法吃，差评,0,train,waimai_review
给差评完全因为又一次迟到！我特意提前一个小时打的电话，结果还是晚了那么久！在单位的吃饭时间有限，希望以后可以加强一下时间管理。,0,train,waimai_review
送餐有点慢，但是味道不错。,1,train,waimai_review
鱼香肉丝不是那么正宗啊，味道好平淡。。。,0,train,waimai_review
"很好,外卖小哥服务也很好",1,train,waimai_review
骑士很辛苦，大冷天，服务态度很好，值得好评，菜品也不错，,1,val,waimai_review
"我也是服了……摩卡能给做成热巧,真真儿的是热巧~不是咖啡！！！不怪派送员，杯子上标注的都是摩卡，里面居然是热巧……星巴克错单，也挺难得的：）",0,val,waimai_review
很好的饺子，可惜者了，怪太慢了,0,train,waimai_review
卷饼不错！！饭的话一般般,1,train,waimai_review
非常好吃，包装袋也很用心,1,val,waimai_review
"送的太慢,两小时才到",0,train,waimai_review
快递员很客气辛苦，因为食物破损还跑了两趟，谢了！,1,train,waimai_review
不错，就是地三鲜油太大了,1,train,waimai_review
辣椒醋备注了都不给我，啥意思,0,test,waimai_review
不错不错，胃不舒服才点的粥，清爽，料足。外卖小哥服务态度也是很棒,1,train,waimai_review
速度挺快的，面不好吃，都凉了,0,val,waimai_review
不错，下次还会再买的,1,val,waimai_review
速度超快！口感超赞！,1,train,waimai_review
配送速度差评！！一次比一次慢！！一等就是一个半小时！简直让人抓狂！,0,train,waimai_review
差评！！！！这是怎么配送的？都撒了！好恶心！不想喝了！,0,val,waimai_review
送餐师傅好棒！特别快就送过来了！吃的也不错,1,train,waimai_review
"还不错,挺好,下次还点",1,val,waimai_review
说好的发票呢,0,train,waimai_review
食物干净，包装不错，有点品牌，可以,1,train,waimai_review
太慢了……等了127分钟,0,test,waimai_review
13元的煎饼口味也不是很特别，送餐85分钟，距离1公里，不知道这服务以后怎么做外卖,0,test,waimai_review
可乐洒了不说，买的猪蹄倒着放，里面汤全洒出来了，他妈的,0,train,waimai_review
外卖小哥人超级好。。,1,train,waimai_review
很好吃，也很快，非常不错，要是酱香鸡腿卷中的蔬菜可以多点就更好了！,1,train,waimai_review
神速的百度骑士，超级好超级好超级好,1,train,waimai_review
比时间还提前了，态度很好,1,val,waimai_review
"要了两份米饭，只给了一盒。,一份菜是侧着放的，菜汤流了一桌子。",0,test,waimai_review
锡纸包装很好，但是今天的卷饼里面有不锈钢丝。,1,train,waimai_review
"菜品也太少了吧,第一次见这么少的",0,train,waimai_review
很少给差评，这次忍不住给差评！菜量小，味道就是酱油味，颜色发黑，关键肉不新鲜，和附近另外一家比差太多,0,train,waimai_review
不错很好赞,1,train,waimai_review
米线没问题、可是送来汤全洒了、写了要带辣椒也没有带,0,test,waimai_review
配送时间晚了20分钟，咖喱饭不好吃。,0,train,waimai_review
送餐当天下雨、4点订餐、要求起点送到、最后居然9点才到、中间打电话是送餐员出了事故、但是没有新的派送员送餐、也没有人和我们联系！！,0,train,waimai_review
"我想说我的皮蛋瘦肉粥呢,就光把卷饼送来了,粥呢？",1,train,waimai_review
不如以前好吃，肘子都有味儿了！哎！,0,train,waimai_review
"第一次订还算快,之后越来越慢,这次竟然漏送了一小时后打电话催才开始送,好无奈",0,train,waimai_review
有点小，没吃饱,0,val,waimai_review
等了1个多小时快饿晕了，大概不太差的都会觉得好吃，不过油条里面疙瘩实在有点多，南瓜羹很好，不会太甜,0,train,waimai_review
这个菜真的没有其他好吃,0,train,waimai_review
"Md,默认不给发票！日的！",0,val,waimai_review
几乎每天都喝！…………,1,train,waimai_review
"大雾霾的,外送大哥辛苦了！天冷注意身体！",1,train,waimai_review
订单被取消了N次，相隔那么近竟然说配送不再范围内。最后填了其他地址，但是外卖小哥还是送到了，态度超级好。另外可乐竟然是常温的,0,train,waimai_review
送餐员平易近人，速度快，好评！,1,train,waimai_review
送餐姐姐服务特别好，耐心友善，赞赞,1,train,waimai_review
点了两份饭就给了一盒米饭，送餐小哥打电话根本不知道他在讲什么！,0,train,waimai_review
太尼玛难吃了，垃圾垃圾,0,train,waimai_review
很好吃，密封紧密,1,train,waimai_review
"两个小时才送到,非常差,不会再定了",0,test,waimai_review
特地电话问我要发票抬头。结果送餐都没有发票。差评,0,train,waimai_review
速度快，送餐师傅很喜庆，很客气！必须满星！真棒,1,train,waimai_review
"有点凉,很好吃",1,train,waimai_review
羊肉串尤其好吃！！,1,train,waimai_review
到很好吃，就是送的比较晚,1,train,waimai_review
这次好快！第一次吃酱香鸡肉的，不过鸡肉还不是太入味儿啦，然后吃起来略干。,0,test,waimai_review
亲为什么餐是冷的胃疼,0,val,waimai_review
味道很好，服务很快，值得拥有,1,train,waimai_review
居然里面还有油炸蟑螂！！！请问怎么投诉！！是打消费者热线吗！！！,0,test,waimai_review
送餐太慢，等了一个多小时，口感一般，不值,0,train,waimai_review
很好，送来的时候披萨还是烫的，送餐员很用心。,1,train,waimai_review
"很香,很好吃",1,train,waimai_review
"送餐小哥细心,迅速,辛苦了",1,train,waimai_review
送餐费用怎么回事。要了我十块钱送餐费，大雨天的不差送餐员的确辛苦，但是能不能透明消费！,0,test,waimai_review
配送比较慢（不是高峰时间点的结果1个多小时才送到）；菜品备注了“老人吃请少油少盐”，结果还是很咸很油，哎…失望,0,train,waimai_review
送晚了，配送员送错地方，面都断了！没嚼劲！汤洒的到处都是！,0,train,waimai_review
口味还好，就是送餐太慢,0,test,waimai_review
口味不错，送餐速度太慢了。5点10分下单，6点半才送到。,0,train,waimai_review
很贴心，用锡纸包了呢。,1,val,waimai_review
安娜喝完很舒服，不腻。果汁很新鲜！,1,train,waimai_review
很划算，就是送的慢了点，送餐师傅可能新来的，对地形特别不熟,1,test,waimai_review
送得太慢了，险些饿死…,0,train,waimai_review
好喝好喝，超级喜欢这家的饮料，小哥送餐也很快,1,test,waimai_review
"送货时间很快,骑士很棒,菜也好吃,五星级服务",1,train,waimai_review
味道还行，但是送得好慢,1,test,waimai_review
送餐有够慢，说是一个小时，结果快两个小时才到，我总觉得是商家一个小时才出餐，送餐时间也长,1,val,waimai_review
他家的味道还行，就是都凉了,0,train,waimai_review
"定了好几次了,确实不错！",1,train,waimai_review
什么都不想说了，什么玩意儿，再订这一家我宁愿吃翔,0,test,waimai_review
这红烧肉盖饭原来是红烧茄子盖饭,0,train,waimai_review
时间太长，而且咖啡洒了一半,0,train,waimai_review
"无语了啊,鱼香肉丝卷饼没有单点选项,无奈选了套餐,凑不到起送费又点了粥,于是注明了套餐送的饮品不要粥,现在好了,两个粥,真是浪费。。。还有外卖小哥的态度,啧啧。。。",0,train,waimai_review
脆皮日本豆腐还是去店里吃好吃。大爱醋溜木须！！！！牛肉馅饼太赞啦！！！！,1,val,waimai_review
速度快，质量高，很好,1,train,waimai_review
少我一个菜酸辣瓜条，投诉也没人理我,0,test,waimai_review
"相当好,包装精细,味道好,送餐速度",1,train,waimai_review
"次次迟到n久~~,菜都是凉的",0,train,waimai_review
鱼香肉丝味道完全不对，饼很硬,0,train,waimai_review
配送太慢，东西没收到，就被确认收到,0,test,waimai_review
味道真正好！送餐又快，以后常来！,1,val,waimai_review
调味料的味道太浓了，不是很喜欢,0,test,waimai_review
送餐迅速，味道好。,1,train,waimai_review
"订了一份大酱汤，送来后一看，好少，都没吃爽，最后米饭剩一半，好浪费(⊙o⊙)…,鸡块还算可以！",0,train,waimai_review
本次订餐很愉快！,1,val,waimai_review
"外卖大哥超级好,披萨也不错",1,train,waimai_review
谢谢啦，辛苦，很赞赞赞赞,1,train,waimai_review
服务周到。很贴心。我喜欢。,1,val,waimai_review
1个半小时才送到，可想而知饭菜已经凉了！凉凉的！！,0,val,waimai_review
"太恶心了，,什么也没有,全是汤",0,train,waimai_review
没发票干嘛还说能开发票,0,train,waimai_review
一如既往地好，赞赞,1,val,waimai_review
送的超级快，太开心了,1,train,waimai_review
真好啊，量很足，味道正宗，配送也快,1,train,waimai_review
等了一百多分钟后告诉所点菜品没有了，让换其他的，服务跟不上就别承诺四十分钟送达，送不过来至少提前说，而不是一遍遍的打热线电话还打不进去，什么服务态度，让人饿着等到两点，太气人,0,train,waimai_review
葱花饼好吃，一份不够吃有点。建议出大小份,1,test,waimai_review
送餐很快，服务周到，很赞,1,train,waimai_review
色香味俱全，不错不错好吃好吃！！！,1,test,waimai_review
京酱肉丝味道不错，要是能再便宜点就好了！毕竟量不是很大,1,train,waimai_review
这个送饭的大哥好客气啊，我都不好意思了,1,train,waimai_review
味道不错，很好，包装也很好，就是有点小贵,1,train,waimai_review
卷还不错，但粥就太一般了，皮蛋粥感觉就是早就煮好的稀粥里临时加了几块皮蛋。,0,train,waimai_review
包装很好，很快，就是感觉有点少。,1,train,waimai_review
送的面食，就提前确认好位置嘛，送了一个小时，要客户一遍遍催，面放一个小时基本就不能吃了。服务态度还行，但经验还得加强,0,train,waimai_review
还是特色的好吃！拿到还是烫的，很好，鸡翅也好吃,1,val,waimai_review
12点定的餐两点才到。。。,0,train,waimai_review
宫爆鸡丁味道很差，饺子还送错了馅，我叫的三鲜，全送韭菜盒子了。因为下雨等了很久时间上就算了…但是这次购餐很不愉快。,0,val,waimai_review
"很好吃,味道非常棒,送餐很迅速,态度很好",1,train,waimai_review
全是垃圾没法吃不建议订餐,0,train,waimai_review
差评，点的螺丝竟然不给牙签，宫保鸡丁味道一般，快递联系不上,0,test,waimai_review
过油的都糊了，吃到嘴里一股子糊味,0,test,waimai_review
点了肘子拌饭和一份南瓜粥，送来时没有南瓜粥，打电话说给送过来，这都晚上了，还是没影，不给了就明说，不就6块钱吗,0,test,waimai_review
送货速度很快,1,val,waimai_review
送的倒是真速度～可是勺也没给餐巾纸也没有-_-#…以后不点这家了…面不好吃～一股子很不新鲜的味道…鸡腿也是闻起来不新鲜…酒糟小汤圆好马马虎虎…,0,train,waimai_review
送餐时间太久了,0,train,waimai_review
油太多，肉只有可怜的2丝,0,train,waimai_review
外卖不好吃，没味道,0,train,waimai_review
送的有点晚，挺好吃,1,train,waimai_review
味道还不错~喜欢有爱的包装~,1,train,waimai_review
千万不要买，太难吃了，去年去店里吃过感觉还不错，今年完全变了啊，厨师是回家放牛了吗，还是老板变黑心了，全是肥肉，再也不会去吃了，小伙伴们千万别买啊，别上当，满20减19我也不买，而且送了一个半小时，我也是醉了,0,train,waimai_review
烦躁，有根烤肠没有送到，饭倒是不错，不过这小问题让人恼火,0,train,waimai_review
送餐不送筷子，不送纸巾，醋包居然不是食品用的包装，是简陋的自封袋，全洒了，送餐时间比网络显示晚了40分钟。,0,train,waimai_review
鱼块味道一般，小咸菜味道不错，米饭有点多,0,train,waimai_review
"时间太长,卷没有kfc的好吃",0,train,waimai_review
"面条不仅是凉的还坨了,吃的直犯恶心,排骨要的中份量给的跟小份一样,太少,银耳莲子羹都撒到袋子里了,希望以后能有改进",0,val,waimai_review
辣酱面好呲，好吃,1,train,waimai_review
你们店赶紧关门整顿吧！有1公分长的蟑螂，真是对你们店无语！要不传照片上去看看！,0,train,waimai_review
师傅很耐心！等了我好久！~\(≧▽≦)/~,1,train,waimai_review
不要点番茄肥牛，因为里面没有肥牛，不要另加肥牛，因为另加也没有,0,test,waimai_review
根本不送，还要打车费写的跟做的两个样,0,train,waimai_review
餐出得慢，送餐员送得也慢,0,val,waimai_review
够味！很辣很咸！凉菜分量有点少。,0,val,waimai_review
送餐的小伙子，一直在跟我抱怨清华好大啊，好难找啊，都看到路牌了还跟我说找不到，我也是无语了……味道很一般，里面菜好少…,0,train,waimai_review
加米不加，菜分量不足,0,test,waimai_review
送餐很快！师傅辛苦了！！,1,train,waimai_review
守时守信！非常好的骑士,1,test,waimai_review
香菇鸡肉卷饼不好吃。。。,0,train,waimai_review
"没别的味道,都是酱油味",0,train,waimai_review
要的披萨和小吃拼盘，披萨送了45分钟，然后快递说小吃拼盘忘了拿了，我都在快递包里看到了，以为是别人的，后来又过了45分钟才来，拼盘是冷的。,0,test,waimai_review
味道不错，耦盒很好吃！,1,val,waimai_review
为什么我订的鸡蛋，饮料什么的老是不见了？擦,0,train,waimai_review
菜真的很一般，还是店里吃好些,0,test,waimai_review
"东西好吃又实惠,送餐又快,好评",1,train,waimai_review
面都成一坨了，完全是一坨好吗,0,test,waimai_review
粥不怎么样，少不说味道也不咋的，卖的还贵，饼还可以！,0,train,waimai_review
送餐少米饭，要了三盒来了两盒，说给你和两盒了,0,train,waimai_review
肥肉略多啊,1,val,waimai_review
根本不是肘子肉，只是些瘦肉加肥肉。,0,val,waimai_review
不推荐的一家，点的牛肉面，超级难吃~~点面的慎重！,0,train,waimai_review
老公喜欢这家的炝炒湖南大白菜，点了很多次了。派送也很给力,1,val,waimai_review
包装挺好，土豆肉丝卷饼中的肉丝都是肥的，不好吃，土豆丝也一般,0,val,waimai_review
没想到稻香村也能送！非常好,1,train,waimai_review
送餐太慢了！味道一般般,0,train,waimai_review
口味比较淡，一般,0,train,waimai_review
太慢呀就是,0,train,waimai_review
"下次请让送餐员送到指定地点，每次都是我自己出去去拿,米饭好像是剩米饭。",0,train,waimai_review
女儿说面成饼了，灌汤包也没有汤了，出了包装费就不能打包好点！配送员很好,0,train,waimai_review
kfc送餐很及时，味道当然和其他kfc一样，但是百度的客服很不错,1,train,waimai_review
如果没有肥肉就更好了,0,train,waimai_review
"送餐员个人的问题,导致等到中午休息时间都要结束了,我饭还没吃上,而且送来餐全都凉了,哎～",0,train,waimai_review
非常好速度很快服务态度很好味道超好超赞云吞有点贵汤包便宜又好吃下次还来,1,val,waimai_review
地址写错了，6楼，爬了两次给回来的，小哥人很好,1,train,waimai_review
饺子馅挺大，皮稍微有点厚，好吃，素三鲜馅非常新鲜,1,train,waimai_review
订单确认速度希望及时些,0,train,waimai_review
一般，速度很慢，慢，慢，无法想象的慢,0,test,waimai_review
为什么不给勺子，难道汤都用筷子吗？,0,train,waimai_review
老炮套餐少送个江米条，店家亲自送来了，打电话给快递的时候他说他车没电手机也没电了。,1,train,waimai_review
服务很好！少了豆浆，又特地送来,1,train,waimai_review
送餐态度恶劣，非常非常不好,0,test,waimai_review
菜量很足，一个人吃一个卷饼一碗粥压力很大……包装袋不错,1,train,waimai_review
"太咸了,味道可以,但真的是喉的难受呀,不推荐购买",0,train,waimai_review
很不错，服务非常好，很认真,1,val,waimai_review
绿豆汤馊了！！我明天铁定拉肚子！,0,train,waimai_review
要了俩卤蛋，送来才一个,0,train,waimai_review
妈的连着两天没有筷子！！！百度外卖你们搞毛线！！！7，8个人的面。你让我们用手抓！？？,1,train,waimai_review
宫爆鸡丁太难吃了,0,test,waimai_review
晚了半小时，七元套餐饮料就给的罐装的可乐，真是可以,0,train,waimai_review
经常来买，不多说了，,1,train,waimai_review
"还差三分钟就可以半价了,真是太慢了",0,train,waimai_review
还行吧，划算,0,train,waimai_review
粥有些腥，饼有点腻,1,train,waimai_review
"坛坛东坡肘子,好辣",1,test,waimai_review
食物不错，就是服务太差，点了这么多回就这次很不爽，小菜没有盒子包装还收包装费？！说了提供餐具却没有筷子没有勺子！！！送菜的不认识路竟然要我下去接他1我勒个去！！！无奈,0,train,waimai_review
疙瘩汤非常适合小朋友吃，疙瘩又多又小,1,train,waimai_review
粉太淡没味，没上次好吃了，也不辣。,0,train,waimai_review
不是现做的没事，至少您也热一下吧。,0,train,waimai_review
时间有点长，都这么晚了~还很忙啊~我都快饿死了,0,test,waimai_review
还不错，就是等的时间有点长了,1,train,waimai_review
味道很好，用料很实在,1,val,waimai_review
便宜实惠量足好吃！,1,train,waimai_review
"都是肉,有些干,肉真的很多,多一些汤汁就好了,味道还不错,还送了个速溶咖啡",1,train,waimai_review
老坛酸菜牛肉面不是特别好吃，面不筋道，比较油腻。,0,train,waimai_review
"炒饭很美味，香辣拉面味道比较一般,面条有些软",0,train,waimai_review
还可以，附赠了手套和纸巾,0,test,waimai_review
"貌似没熟.,2个小时才送到",0,train,waimai_review
总是不按正确的时间送达,0,train,waimai_review
太慢了，，。,0,val,waimai_review
很好吃！很快！非常感谢！,1,train,waimai_review
味道还可以，就是送餐延迟食物凉了。,0,train,waimai_review
没有堂食好，最差是薯条,0,train,waimai_review
飞一般的速度,1,test,waimai_review
好吃有点慢,1,train,waimai_review
米粉比以前份量少，没以前好了,0,train,waimai_review
味道一般，土豆丝卷饼没有味道。,0,train,waimai_review
好吃就是太少,1,train,waimai_review
只给一点点菜，比一份凉菜都少，根本不够，超级差评！没见过比他家给的菜再少的了！以后再也不买他家东西了！,0,test,waimai_review
"还是那个味道,都很喜欢",1,test,waimai_review
豆浆撒的有点儿严重……,1,test,waimai_review
好吃的卷饼,1,val,waimai_review
"百度骑士,非常好,！",1,train,waimai_review
居然漏单，打开一看袋子单点的四喜丸子没送，要点辣椒也没给。太生气了,0,train,waimai_review
手撕包菜肉太少了…没有不辣的肉菜,1,train,waimai_review
全送错了，要的热的给的冰的，要的冰的给的热的,0,train,waimai_review
挺准时的，大家都说米饭有点少。再多点米饭就更好了。,0,train,waimai_review
皮蛋粥，没有瘦肉,0,train,waimai_review
没送辣酱，差评差评差评,0,train,waimai_review
没有蜡烛！没有刀！没有帽子！！差评！,0,train,waimai_review
非常好吃下次再买不错不错,1,train,waimai_review
前几天点的卤肉饭要是单卖里面的泡菜就更好了,1,train,waimai_review
口感不错，很好,1,train,waimai_review
承诺60分钟送到，从来没有做到过。汉堡和薯条都凉了，还能有什么味道？,0,test,waimai_review
"送餐时间长！,送餐员服务态度差！",0,train,waimai_review
晚了半小时左右吧……不过最近这么冷还是辛苦了，估计大家都不想出门吧。超级好吃！推荐！,1,train,waimai_review
排骨豆角粘卷子排骨特入味，豆角也软烂，土豆牛腩土豆好多，小河虾盐没撒匀。总体来说还都挺香的，口味不错。,1,train,waimai_review
尝了尝新款，凑合吧,1,train,waimai_review
速度非常快，很好！就是打包的面怎么都会有点坨,1,val,waimai_review
连个吸管都没有，而且送来的都凉了,0,val,waimai_review
不错，经常吃,1,train,waimai_review
下单一小时后未送到，电话送餐员.称接单太多，没时间取。让我自己电话客服解决。之后致电2次客服后，才派第二个人送。冒冒失失的什么都不知道。送到披萨凉透。可笑的是客服电话追踪：第一个外送员出车祸了，给你带来不便，请谅解。第二天退半价的金额到银行卡。你们就是这样诅咒快递员的啊。嘴太损了。难道实事求是这样难做到吗？,0,train,waimai_review
原汁原味好吃好吃好吃,1,train,waimai_review
"6月16晚五点半,下单手机18810547705。根本就没给送，我就想知道你们给不给个解释。外卖被你们吃了？",0,train,waimai_review
"送餐撒了,漏的哪都是油",0,train,waimai_review
为什么经常要撒掉！我没次不说，你们就没个完了？！,0,train,waimai_review
"骑士师傅人好,态度超级好",1,train,waimai_review
下单2个小时才送到。无语了。,0,train,waimai_review
今天的菜太淡了。,0,test,waimai_review
螺蛳粉还是不错的，绿豆沙也很好喝，但是这送餐速度也太让人无语了吧，不说自己不认识路，还怪我们把地址写错，气人！,0,val,waimai_review
肘子肉太干了，不嫩，吃着很硬。饼也有点厚。没有想象和网上吹捧的那么好吃。,0,train,waimai_review
送餐很快，而且百度的减8元很给力,1,train,waimai_review
挺好，挺好吃,1,train,waimai_review
特别棒，就是距离我们有点远,1,train,waimai_review
包装比这个好的别家的都没收费，就这种包装竟然还要收餐盒费。。。微辣的味道刚刚好，就是鸡肉没入味儿。,0,train,waimai_review
超级香，就是送到的时候稍稍有点凉了,1,test,waimai_review
一个女生吃够够的了,1,train,waimai_review
笋确实不错，宫保鸡丁没原来好吃，不知道是换厨子了么，还是做的着急了，下回不用太着急，发挥正常水平就好,1,train,waimai_review
四季豆不干，外卖很快,1,train,waimai_review
速度有待提高，一个多小时呀,0,train,waimai_review
味道挺好的，在这要着重表扬送餐大叔，不但速度快，态度还特好好。,1,train,waimai_review
"40块钱的面,就一块肉,还有啥可说的",0,train,waimai_review
拉面吃到后面，感觉怪怪的,1,train,waimai_review
盐水鸭份量越来越少,1,train,waimai_review
慢到堪比蜗牛！,0,train,waimai_review
"百度外卖，赞。,店家的包装要提高，都洒了！！！",1,test,waimai_review
吸取教训披萨还是买出名点的,0,train,waimai_review
"还可以,就没给带发票",0,val,waimai_review
饭没什么可说的，外送从取餐到送到用了40分钟，实际距离1公里左右，面条类的东西这样还能吃？,0,test,waimai_review
分量足，好吃！,1,train,waimai_review
没有年前分量多了,0,train,waimai_review
非常好，送得及时,1,train,waimai_review
"少送了一个双菇烩，到现在都没人理！简直服了。,今天终于给补上了。。。不容易",0,train,waimai_review
打开煎饼就看见一根头发；定的豆浆给的却是可乐；希望5:30送达，5点就到了。应该不会再吃了。,0,train,waimai_review
"这份量,搞错了吧！！",0,train,waimai_review
肉多饼薄口味好，很大一个,1,train,waimai_review
我要的是炒菜，结果送来的是盖饭！太不负责任了！,0,test,waimai_review
味道不错，送到的时候还是热的。,1,train,waimai_review
"活动很给力,实惠,好吃",1,train,waimai_review
挺好吃个额,1,train,waimai_review
味道很不错，就是油很大，吃的有点腻！,1,train,waimai_review
"发票又没给,不知道是派送员的问题还是店家的问题,已经投诉,希望百度公司加强管理,然后最让我震惊的是纯净水瓶已经被开了,你TM在逗我么？",0,test,waimai_review
