method,split,text,label,prob_positive,prediction,correct
E0-lite: source TF-IDF+LR,source_test,一共就五六块牛筋，其他都是菜，菜量也不多，这好意思好称30的套餐。。送餐员不认路，隔100米就要让我自己下楼去拿，这也叫外卖？,0,0.471808,0,1
E0-lite: source TF-IDF+LR,source_test,"还不错,就是想吃两个蛋的煎饼不知道怎么算价格",0,0.516563,1,0
E0-lite: source TF-IDF+LR,source_test,豆腐脑很淡，不太喜欢，猪蹄不错！,1,0.520146,1,1
E0-lite: source TF-IDF+LR,source_test,额，还行吧，下雨天送餐员不容易,1,0.501027,1,1
E0-lite: source TF-IDF+LR,source_test,味道好，速度快，不错。,1,0.572604,1,1
E0-lite: source TF-IDF+LR,source_test,但很好吃，但量很小。送餐嘛一小时以上，还没带筷子,0,0.527977,1,0
E0-lite: source TF-IDF+LR,source_test,菜难吃，送餐员态度极差，送不好餐回家种田去，别在这丢人,0,0.487479,0,1
E0-lite: source TF-IDF+LR,source_test,送餐员态度很好，唯一不足是送餐时间较长,0,0.522554,1,0
E0-lite: source TF-IDF+LR,source_test,大冷天的，快递小哥跟热情，准时，辛苦辛苦，很感谢,1,0.552661,1,1
E0-lite: source TF-IDF+LR,source_test,味道不错～～～从订餐到吃～～～服务也得周到超赞！！,1,0.537895,1,1
E0-lite: source TF-IDF+LR,source_test,太难吃了，跟以前吃的明显两个样，送餐也很慢,0,0.468089,0,1
E0-lite: source TF-IDF+LR,source_test,好吃好吃好吃，重要的事说三遍,1,0.574704,1,1
E0-lite: source TF-IDF+LR,source_test,订单量大送的慢可以理解，可是怎么可以忘了给我放荤菜，而且留言里说了不要鱼豆腐和豆芽，还是放了一大把，太倒胃口了,0,0.468992,0,1
E0-lite: source TF-IDF+LR,source_test,不脆了可惜,1,0.496794,0,0
E0-lite: source TF-IDF+LR,source_test,饭盒里的汤汁都洒出来了，整个袋子都油的，下次能注意点吗！？,0,0.480143,0,1
E0-lite: source TF-IDF+LR,source_test,挺好的，味道不错，送餐挺快,1,0.584179,1,1
E0-lite: source TF-IDF+LR,source_test,过完春节第一次用百度外卖，下单时写了凉皮不要辣结果放了辣椒，点了两份食物给了一双筷子，这外卖送的，除了涨价了没什么区别,0,0.462717,0,1
E0-lite: source TF-IDF+LR,source_test,送餐超级慢，味道还可以,0,0.518198,1,0
E0-lite: source TF-IDF+LR,source_test,支付宝最好用了，支持支付宝,1,0.478719,0,0
E0-lite: source TF-IDF+LR,source_test,肉很多啊，超值，下次尝试其他口味,1,0.508533,1,1
E0-lite: source TF-IDF+LR,source_test,骑个自行车送饭，不好吃，下次不会再订了。,0,0.473627,0,1
E0-lite: source TF-IDF+LR,source_test,用心做的饭菜就是好,1,0.498005,0,0
E0-lite: source TF-IDF+LR,source_test,口味一般！蕨菜用塑料袋装的，感觉很不好，为什么不用小碗装呢？以后不会吃了,0,0.45951,0,1
E0-lite: source TF-IDF+LR,source_test,我自己去买也用不了这么长时间,0,0.477433,0,1
E0-lite: source TF-IDF+LR,source_test,米饭太少了！,0,0.47132,0,1
E0-lite: source TF-IDF+LR,source_test,味道就不用说了，关键送的超快，从下单到吃到只用了30分钟，热乎乎的，骑士给力！,1,0.492604,0,0
E0-lite: source TF-IDF+LR,source_test,速度太快啦，很好吃,1,0.569882,1,1
E0-lite: source TF-IDF+LR,source_test,说得再好也是虚的，只有自己吃了才知道。,1,0.472104,0,0
E0-lite: source TF-IDF+LR,source_test,很不错，以前都在店里吃，现在方便了,1,0.537683,1,1
E0-lite: source TF-IDF+LR,source_test,有点凉了，不好吃，没什么味道。不是很满意。,0,0.481721,0,1
E0-lite: source TF-IDF+LR,source_test,一如既往的好，配送超级快，南瓜粥没有上次稠,1,0.52433,1,1
E0-lite: source TF-IDF+LR,source_test,说好的加一份油麦菜呢？,0,0.484279,0,1
E0-lite: source TF-IDF+LR,source_test,"饼厚,肉没味儿,用的是柿子椒而不是尖椒",0,0.476392,0,1
E0-lite: source TF-IDF+LR,source_test,凉皮是厚的条，不麻酱少，不好吃,0,0.466272,0,1
E0-lite: source TF-IDF+LR,source_test,送饭很快，态度很好，赞，,1,0.566016,1,1
E0-lite: source TF-IDF+LR,source_test,味道和送餐没得说，不过本来29减价现在边30了。唉,1,0.493401,0,0
E0-lite: source TF-IDF+LR,source_test,"吃起来不方便...,而且似乎有股异味..,闻起来。",0,0.484658,0,1
E0-lite: source TF-IDF+LR,source_test,速度快，态度好，好评！,1,0.547742,1,1
E0-lite: source TF-IDF+LR,source_test,一如既往好吃又快捷！！！,1,0.50777,1,1
E0-lite: source TF-IDF+LR,source_test,希望米饭给一满盒。一满盒。一满盒,0,0.48273,0,1
E0-lite: source TF-IDF+LR,source_test,送餐超快，赞一个,1,0.529877,1,1
E0-lite: source TF-IDF+LR,source_test,第一次买，送餐师父很好，而且能看的出真是用心做的，太喜欢包装的那句话了，加油,1,0.51331,1,1
E0-lite: source TF-IDF+LR,source_test,一如既往的好，配送非常快。,1,0.533728,1,1
E0-lite: source TF-IDF+LR,source_test,送餐时间太长，饭太一般了，汤是调料冲的,0,0.444674,0,1
E0-lite: source TF-IDF+LR,source_test,"选择宇卷是一场发了疯的订餐.不管输赢我也只会疯这一把.,by一位被牛皮纸袋欺骗的买家",0,0.487943,0,1
E0-lite: source TF-IDF+LR,source_test,确实很快，食物也不错，比吉野家便宜。好好好。,1,0.562277,1,1
E0-lite: source TF-IDF+LR,source_test,以前用烙饼卷的还好，现在是面皮了，反正我觉得不好吃,0,0.488143,0,1
E0-lite: source TF-IDF+LR,source_test,不好意思，评论晚了。。。。,1,0.459951,0,0
E0-lite: source TF-IDF+LR,source_test,非常实惠，不错！,1,0.538734,1,1
E0-lite: source TF-IDF+LR,source_test,难吃，秘制炸鸡，送来都软的不行了，不仅贵，口味还垃圾！！！,0,0.451726,0,1
E0-lite: source TF-IDF+LR,source_test,有点慢，因为是现蒸的，着急的就别催了,1,0.498456,0,0
E0-lite: source TF-IDF+LR,source_test,丸子特别多、几乎都是,0,0.486317,0,1
E0-lite: source TF-IDF+LR,source_test,等了200分钟，终于到了！真快！！！！,0,0.459746,0,1
E0-lite: source TF-IDF+LR,source_test,鸡丁有点儿咸没有在店面吃的好吃有甜味,1,0.517397,1,1
E0-lite: source TF-IDF+LR,source_test,"在店里吃的菜量很足,外送的菜量只有三分之一,下次不会再点了,建议直接去店里吃",0,0.474563,0,1
E0-lite: source TF-IDF+LR,source_test,能清楚的标明饺子馅就更好了！,1,0.494095,0,0
E0-lite: source TF-IDF+LR,source_test,差评，差评，没吃过这么恶心的冷面，一口就吃吐了,0,0.466111,0,1
E0-lite: source TF-IDF+LR,source_test,东西很棒，送餐服务很不好。迟到半个小时，也没表达什么歉意。,0,0.4723,0,1
E0-lite: source TF-IDF+LR,source_test,"以后再也不会要宏状元了,送餐跟蜗牛一样",0,0.462409,0,1
E0-lite: source TF-IDF+LR,source_test,非常好，送餐大哥很可爱。,1,0.545489,1,1
E0-lite: source TF-IDF+LR,source_test,这时间我就懒得吐槽了，各种服务态度差成狗,0,0.489769,0,1
E0-lite: source TF-IDF+LR,source_test,送餐晚不说，打电话没回复，一点沟通都没有，差差差，绝不会再定,0,0.443626,0,1
E0-lite: source TF-IDF+LR,source_test,"哎呀,超喜欢,都好吃,期待能有更多新品,更多选择",1,0.531407,1,1
E0-lite: source TF-IDF+LR,source_test,就是时间稍微长些,0,0.49945,0,1
E0-lite: source TF-IDF+LR,source_test,送餐人员态度很好，非常满意。但是对于老板私自替顾客决定换菜的行为非常不满意，我点的鳕鱼，直接换鸡腿，好歹打个电话确认一下！,0,0.523737,1,0
E0-lite: source TF-IDF+LR,source_test,还可以，就是等得太久太久了，两个小时,1,0.468408,0,0
E0-lite: source TF-IDF+LR,source_test,比预计的快，菜品质量跟大堂的没太大差别。,1,0.506726,1,1
E0-lite: source TF-IDF+LR,source_test,不给我多加点米饭！！！,0,0.443495,0,1
E0-lite: source TF-IDF+LR,source_test,煎饼很好吃！送餐很快！,1,0.577994,1,1
E0-lite: source TF-IDF+LR,source_test,莫名的涨价了,0,0.494543,0,1
E0-lite: source TF-IDF+LR,source_test,口味不错，送货速度快，下次还会预定！,1,0.566632,1,1
E0-lite: source TF-IDF+LR,source_test,配送大哥很热情，东西很好吃,1,0.554775,1,1
E0-lite: source TF-IDF+LR,source_test,"牛肉饼里肉还没小拇哥大呢,这会偷工减料,以后不点了",0,0.4746,0,1
E0-lite: source TF-IDF+LR,source_test,煎饼果子，吉不可耐！吃吃吃！太像广告了吗？,1,0.496705,0,0
E0-lite: source TF-IDF+LR,source_test,"好吃,非常好吃",1,0.569675,1,1
E0-lite: source TF-IDF+LR,source_test,漏发一份披萨，筷子没给，幸好自己有多余的，不然怎么吃，整体心情超差,0,0.468213,0,1
E0-lite: source TF-IDF+LR,source_test,很好，比肯德基外卖还便宜。,1,0.548631,1,1
E0-lite: source TF-IDF+LR,source_test,1.等1小时都没送出，2.东西食之无味，弃之可惜。,0,0.460528,0,1
E0-lite: source TF-IDF+LR,source_test,差评！定的时间是12点一刻，结果刚11点就送来了！果断退单。送餐前不看时间吗？,0,0.448897,0,1
E0-lite: source TF-IDF+LR,source_test,虽然快递小哥送来单时连连道歉，但是也夸张到等了两个小时。等待期间我打了两次商家电话都是先是没人接，后提示电话是空号。另外我的备注，快递小哥表示并没有理睬。给两颗星是多还是少？,0,0.474789,0,1
E0-lite: source TF-IDF+LR,source_test,汤都撒了，怎么伴着吃啊？,0,0.45993,0,1
E0-lite: source TF-IDF+LR,source_test,一次买了40个哈哈。好吃,1,0.510398,1,1
E0-lite: source TF-IDF+LR,source_test,饭菜质量一般般，可选的饮料种类也少,0,0.467912,0,1
E0-lite: source TF-IDF+LR,source_test,里面有蘑菇。总体不错啦,1,0.518148,1,1
E0-lite: source TF-IDF+LR,source_test,百度配送没得说非常好，但餐厅真的是无语了，不想说了,0,0.503695,1,0
E0-lite: source TF-IDF+LR,source_test,送餐很快～师傅很好～面也好吃,1,0.57064,1,1
E0-lite: source TF-IDF+LR,source_test,超级实惠，就是有点肥,1,0.531379,1,1
E0-lite: source TF-IDF+LR,source_test,"南瓜粥味道很好,但是竟然迟到刷碗的小铁丝,焖面油油的,干干的味道不好",0,0.538065,1,0
E0-lite: source TF-IDF+LR,source_test,不错，没想到宇宙卷饼是这个样子的，粥还是热的！！！,1,0.508579,1,1
E0-lite: source TF-IDF+LR,source_test,骑士辛苦了。app还是评价不了，很麻烦,1,0.5113,1,1
E0-lite: source TF-IDF+LR,source_test,就是不辣，辣椒酱啊,0,0.495911,0,1
E0-lite: source TF-IDF+LR,source_test,还行吧～味道不太能适应,0,0.530257,1,0
E0-lite: source TF-IDF+LR,source_test,蔬菜不好吃,1,0.485274,0,0
E0-lite: source TF-IDF+LR,source_test,就是快递慢了点,1,0.511408,1,1
E0-lite: source TF-IDF+LR,source_test,师傅送货很快，宫保鸡丁和川式腊味拼味道不错,1,0.571323,1,1
E0-lite: source TF-IDF+LR,source_test,"分量很大。对于食量小的妹纸是可以俩人吃一份的…。味道也不错,送的又快。非常赞！",1,0.5354,1,1
E0-lite: source TF-IDF+LR,source_test,"凉菜的盒子竖着放,凉菜都洒到包装袋里面了",0,0.486867,0,1
E0-lite: source TF-IDF+LR,source_test,以前吃这家挺好吃的，今天吃了下完全没有以前好吃了，这是为什么呢？你家厨师失恋了吗？,0,0.479899,0,1
E0-lite: source TF-IDF+LR,source_test,全是肉。有点干,1,0.504236,1,1
E0-lite: source TF-IDF+LR,source_test,就那么回事吧，两个菜都油乎乎的。每点一个菜还要收餐盒费,0,0.465662,0,1
E0-lite: source TF-IDF+LR,source_test,"比上面提醒的时间早很多。,速度挺快的",1,0.503296,1,1
E0-lite: source TF-IDF+LR,source_test,送餐时间耽误好久，都凉了！很难吃,0,0.445079,0,1
E0-lite: source TF-IDF+LR,source_test,备注了放辣椒结果也没放，煎饼口味很奇怪，是甜的,0,0.479137,0,1
E0-lite: source TF-IDF+LR,source_test,几乎没怎么等，就到了！包装严实，服务完美！亟待二次消费，哈哈！,1,0.505506,1,1
E0-lite: source TF-IDF+LR,source_test,鱼可以，豆腐这次好像没盐。主要是送餐太慢。要啊饿死了。,0,0.46727,0,1
E0-lite: source TF-IDF+LR,source_test,送餐速度比蜗牛还慢，100分钟才送到，而且要求不要放的蔬菜也往里面放，态度也不好,0,0.454377,0,1
E0-lite: source TF-IDF+LR,source_test,卷饼的量太小了，，,0,0.48202,0,1
E0-lite: source TF-IDF+LR,source_test,好吃，真的是大肘子肉,1,0.5073,1,1
E0-lite: source TF-IDF+LR,source_test,外送员很赞，商家能不能仔细看订单啊！点的干拌面送来的是汤面，说了粉汤羊血要多加辣椒送来的一点儿辣没有！！,0,0.46053,0,1
E0-lite: source TF-IDF+LR,source_test,不错，就是披萨有些小,1,0.564058,1,1
E0-lite: source TF-IDF+LR,source_test,肉不新鲜，吃完就拉肚子了！,0,0.479737,0,1
E0-lite: source TF-IDF+LR,source_test,分量有点少，鸡腿肉不好吃，八宝菜原来是咸菜。。。,1,0.488195,0,0
E0-lite: source TF-IDF+LR,source_test,送货很快，经常吃他家的，很棒,1,0.550351,1,1
E0-lite: source TF-IDF+LR,source_test,很快好开心,1,0.556993,1,1
E0-lite: source TF-IDF+LR,source_test,很快，没有撒，必须赞,1,0.511978,1,1
E0-lite: source TF-IDF+LR,source_test,酸辣粉还好！凉皮一股发霉的味道，没吃，再也不买他家的了！,0,0.483667,0,1
E0-lite: source TF-IDF+LR,source_test,我这是第一次订餐，也是最后一次了，送餐用了一个半小时,0,0.450555,0,1
E0-lite: source TF-IDF+LR,source_test,小炒肉不错，还得说一句他家宫爆鸡丁太难吃，甜的齁死人,0,0.509346,1,0
E0-lite: source TF-IDF+LR,source_test,东西还好，餐送的很慢,0,0.501104,1,0
E0-lite: source TF-IDF+LR,source_test,点了个套餐，豆腐脑没勺子、饮品没吸管～你叫我怎么吃？,0,0.470768,0,1
E0-lite: source TF-IDF+LR,source_test,好吃到停不下来...好评！！！,1,0.48812,0,0
E0-lite: source TF-IDF+LR,source_test,"还不错就是皮蛋粥,不好喝",1,0.531058,1,1
E0-lite: source TF-IDF+LR,source_test,"汤的味道还行,就是送餐小哥第一次来这边,用了很长时间",0,0.517078,1,0
E0-lite: source TF-IDF+LR,source_test,等了接近两个小时，太慢了,0,0.40989,0,1
E0-lite: source TF-IDF+LR,source_test,"去你大爷,送的晚,电话不接,接了屁用没有,做毛服务业",0,0.464915,0,1
E0-lite: source TF-IDF+LR,source_test,"点了两份粥，咸死了！喝了两口就扔了！为什么弄这么咸！！,配送服务还可以，就是粥太咸太闲太闲！！",0,0.472109,0,1
E0-lite: source TF-IDF+LR,source_test,好喝～不用去外面买了～,1,0.504537,1,1
E0-lite: source TF-IDF+LR,source_test,"卷饼里面吃出红色塑胶线,！！",0,0.480573,0,1
E0-lite: source TF-IDF+LR,source_test,"虽然时间长了些但是很准时。下次记得给些番茄酱就更好了。,一个人吃足够了。好好吃",1,0.494954,0,0
E0-lite: source TF-IDF+LR,source_test,稍微有点咸了,0,0.510821,1,0
E0-lite: source TF-IDF+LR,source_test,这一单不错，完全满足需求,1,0.575069,1,1
E0-lite: source TF-IDF+LR,source_test,菜汤全洒了出来，全是油,0,0.469924,0,1
E0-lite: source TF-IDF+LR,source_test,外卖小哥态度超好！辛苦了！,1,0.533783,1,1
E0-lite: source TF-IDF+LR,source_test,点的配菜一样都没有，不知道商家是怎么回事，一点诚信都没有,0,0.436073,0,1
E0-lite: source TF-IDF+LR,source_test,等了一个半小时，最后还是自取的！,0,0.435227,0,1
E0-lite: source TF-IDF+LR,source_test,"包装超好,饼也很实惠！",1,0.53348,1,1
E0-lite: source TF-IDF+LR,source_test,如果你刚吃完，点这家没错的。如果你已经感觉到饿了，那换一家吧，我怕你撑不到餐来。。。,0,0.466034,0,1
E0-lite: source TF-IDF+LR,source_test,"很快很快,但是南瓜羹很难喝",1,0.527484,1,1
E0-lite: source TF-IDF+LR,source_test,让送辣椒也不送,0,0.475437,0,1
E0-lite: source TF-IDF+LR,source_test,粉都断的不成样,0,0.4866,0,1
E0-lite: source TF-IDF+LR,source_test,一般，量挺足，味道一般,0,0.469936,0,1
E0-lite: source TF-IDF+LR,source_test,鸡肉非常多，棒棒达。,1,0.519846,1,1
E0-lite: source TF-IDF+LR,source_test,"一定不要点炒面,2小时终于坨成了石头",0,0.4734,0,1
E0-lite: source TF-IDF+LR,source_test,我明明买的其中的是那个披萨套餐，送来的却只有披萨，没有套餐里的鸡翅，买个外卖也被骗,0,0.455363,0,1
E0-lite: source TF-IDF+LR,source_test,饭到的很快，服务非常好。,1,0.562753,1,1
E0-lite: source TF-IDF+LR,source_test,师傅人很好，服务很好，送得快~好评,1,0.574569,1,1
E0-lite: source TF-IDF+LR,source_test,炒饭略咸了，味道还是不错的，银耳汤还是那么好喝,1,0.513581,1,1
E0-lite: source TF-IDF+LR,source_test,外卖小哥和店家都很好,1,0.538201,1,1
E0-lite: source TF-IDF+LR,source_test,油菜可以少一点,0,0.486367,0,1
E0-lite: source TF-IDF+LR,source_test,很不错哦包装很好,1,0.556399,1,1
E0-lite: source TF-IDF+LR,source_test,送餐很快，菜像剩的，食材感觉用的都是边角料。,0,0.532478,1,0
E0-lite: source TF-IDF+LR,source_test,骑士太棒了，服务态度极好，地址好像写错了，非常抱歉，辛苦啦,1,0.529558,1,1
E0-lite: source TF-IDF+LR,source_test,晚到，不认识路的送餐员,0,0.486841,0,1
E0-lite: source TF-IDF+LR,source_test,送餐太慢了，垃圾,0,0.434154,0,1
E0-lite: source TF-IDF+LR,source_test,送的有点慢…酱香卷还是很好吃的,1,0.556324,1,1
E0-lite: source TF-IDF+LR,source_test,"等了两个小时,你们随意感受一下",0,0.442254,0,1
E0-lite: source TF-IDF+LR,source_test,鱿鱼炒饭比鱿鱼石锅拌饭好吃,1,0.49882,0,0
E0-lite: source TF-IDF+LR,source_test,这个卷饼的套餐配的很好，没有粥来冲淡一下的话，就又甜又咸又腻,1,0.504726,1,1
E0-lite: source TF-IDF+LR,source_test,"这个非常的不行啊,，，，我说的12点15送到,结果11送到的,公司的人都在工作,影响非常的不好啊",0,0.471807,0,1
E0-lite: source TF-IDF+LR,source_test,"啥也不说了,等了两个半小时",0,0.442143,0,1
E0-lite: source TF-IDF+LR,source_test,人好速度快，好评好评好评！！,1,0.535566,1,1
E0-lite: source TF-IDF+LR,source_test,不好，都已经凉了。...,0,0.465884,0,1
E0-lite: source TF-IDF+LR,source_test,10点下单，12点还不到，打电话催了5次，说是送丢了，最后下午1点送到的,0,0.442934,0,1
E0-lite: source TF-IDF+LR,source_test,饼有点硬，不好吃。,0,0.490832,0,1
E0-lite: source TF-IDF+LR,source_test,退了，呵呵,0,0.46224,0,1
E0-lite: source TF-IDF+LR,source_test,还可以吧，和平时差不多,1,0.491679,0,0
E0-lite: source TF-IDF+LR,source_test,等了整整一个小时，都凉透了。变得好难吃,0,0.414258,0,1
E0-lite: source TF-IDF+LR,source_test,好好！快递辛苦啦！,1,0.537198,1,1
E0-lite: source TF-IDF+LR,source_test,晚了将近一个小时,0,0.442851,0,1
E0-lite: source TF-IDF+LR,source_test,真她娘的慢，要等两个小时才送到，人都饿死了,0,0.415164,0,1
E0-lite: source TF-IDF+LR,source_test,特别特别好，外面马上就要下雨，小哥快马加鞭的来了～～神速～^_^,1,0.531486,1,1
E0-lite: source TF-IDF+LR,source_test,"说实话肉卷很好吃,就是送餐速度太慢了,不是一般的慢,希望送餐速度有待提高",1,0.511102,1,1
E0-lite: source TF-IDF+LR,source_test,很快，也好吃,1,0.571843,1,1
E0-lite: source TF-IDF+LR,source_test,四个人吃得很饱，要是能选择尺寸就更好了,1,0.500909,1,1
E0-lite: source TF-IDF+LR,source_test,服务态度特别好,1,0.522885,1,1
E0-lite: source TF-IDF+LR,source_test,送来东西都已经凉了，凉了味道就不好了，太不靠谱,0,0.451936,0,1
E0-lite: source TF-IDF+LR,source_test,还行。就是有点凉了,0,0.507889,1,0
E0-lite: source TF-IDF+LR,source_test,给力给力！,1,0.511744,1,1
E0-lite: source TF-IDF+LR,source_test,就是有点咸了，其他还好吧,1,0.503044,1,1
E0-lite: source TF-IDF+LR,source_test,不好吃，还是他家米线地道,0,0.494132,0,1
E0-lite: source TF-IDF+LR,source_test,速度快快快，饭菜热乎,1,0.528823,1,1
E0-lite: source TF-IDF+LR,source_test,很快。。卷饼味道一般但是很值。。。,1,0.479261,0,0
E0-lite: source TF-IDF+LR,source_test,服务很好，准时送到，菜品也很好,1,0.550436,1,1
E0-lite: source TF-IDF+LR,source_test,10点40点的立即，快一点才到,0,0.477041,0,1
E0-lite: source TF-IDF+LR,source_test,送货员送错了一份餐，也没有给发票,0,0.455618,0,1
E0-lite: source TF-IDF+LR,source_test,味道特别棒！,1,0.528189,1,1
E0-lite: source TF-IDF+LR,source_test,点了5串羊肉串，量少的可怜。和在店里吃的不一样,0,0.476507,0,1
E0-lite: source TF-IDF+LR,source_test,味道一般，而且少到可怜。,0,0.455767,0,1
E0-lite: source TF-IDF+LR,source_test,味道一般，但是看着比较干净健康,0,0.462912,0,1
E0-lite: source TF-IDF+LR,source_test,很好，百度骑士师傅很好，很快速的送到，大赞,1,0.571707,1,1
E0-lite: source TF-IDF+LR,source_test,还行，配菜改成包菜了，差评！！！,0,0.456648,0,1
E0-lite: source TF-IDF+LR,source_test,千万别吃这个菜，真不值这个钱，血和泪的教训,0,0.478379,0,1
E0-lite: source TF-IDF+LR,source_test,好吃好吃，有好吃又便宜，爱你家的卷饼，而且纸袋很高大上哦！,1,0.537517,1,1
E0-lite: source TF-IDF+LR,source_test,挺好滴，外卖师傅很可爱：）,1,0.518147,1,1
E0-lite: source TF-IDF+LR,source_test,"没有满减,不定了哼哼哼",1,0.463035,0,0
E0-lite: source TF-IDF+LR,source_test,说得再好也是假的，尝了就知道了,1,0.478335,0,0
E0-lite: source TF-IDF+LR,source_test,要是菜再多些就更好了,1,0.50303,1,1
E0-lite: source TF-IDF+LR,source_test,不错，菜品选择再多一些就好了,1,0.552088,1,1
E0-lite: source TF-IDF+LR,source_test,非常满意！量足味儿好！,1,0.531284,1,1
E0-lite: source TF-IDF+LR,source_test,感谢送餐小兄弟，几年前天天在他家吃炒面现在还是这个味，量足很好吃很满意，祝店生意兴隆,1,0.552582,1,1
E0-lite: source TF-IDF+LR,source_test,"有效率,非常好",1,0.540066,1,1
E0-lite: source TF-IDF+LR,source_test,除了米饭不好吃其他都还行,0,0.480795,0,1
E0-lite: source TF-IDF+LR,source_test,肉有点腻了,1,0.509919,1,1
E0-lite: source TF-IDF+LR,source_test,很好，分量足，好吃，包装严实,1,0.572179,1,1
E0-lite: source TF-IDF+LR,source_test,"口有点重,干煸豆角已经有些苦咸苦咸了,你们家的盐是马路捡来的么",0,0.486969,0,1
E0-lite: source TF-IDF+LR,source_test,好，味道不错，准时送达。,1,0.598726,1,1
E0-lite: source TF-IDF+LR,source_test,香肠炒饭太烂了。。。又少香肠不超过3片,0,0.467566,0,1
E0-lite: source TF-IDF+LR,source_test,"真棒，,这速度，,送餐在疯狂奔跑中,跑了俩小时。",0,0.495778,0,1
E0-lite: source TF-IDF+LR,source_test,"饺子不错,服务到位,因为急要,所以店家还帮忙送了过来,点个赞",1,0.511224,1,1
E0-lite: source TF-IDF+LR,source_test,"猪蹄每次大小不一致而且太肥过于油腻,配菜应该是海带丝,所以整体一般希望改进",0,0.480852,0,1
E0-lite: source TF-IDF+LR,source_test,给我配错了，中午的饭，等到晚上才给我解决，中间打了4次电话投诉都无效，差,0,0.464193,0,1
E0-lite: source TF-IDF+LR,source_test,额，卷饼好吃⊙▽⊙，但是送餐速度←_←的确有像向宇宙来的,1,0.512306,1,1
E0-lite: source TF-IDF+LR,source_test,又少给了烤肠无语,0,0.48655,0,1
E0-lite: source TF-IDF+LR,source_test,太糟糕了，大份的薯条只装了包装的不到一半。汉堡都像是儿童餐！,0,0.48007,0,1
E0-lite: source TF-IDF+LR,source_test,不会再吃了,0,0.467257,0,1
E0-lite: source TF-IDF+LR,source_test,"辣死了,但是送餐速度好快",0,0.496663,0,1
E0-lite: source TF-IDF+LR,source_test,肉再多一点儿就更好了~,1,0.500776,1,1
E0-lite: source TF-IDF+LR,source_test,还不错，就是买回来面有一点陀,1,0.558145,1,1
E0-lite: source TF-IDF+LR,source_test,前几年去他家店里吃特别正宗。这次外卖点的酸豆角肉末和小炒牛肉居然配菜都一样！！配菜都是酸豆角和蒜苔，太难吃了，肉末酸豆角居然放蒜苔。牛肉又小又少。两个菜一个味！！望改进。,0,0.448717,0,1
E0-lite: source TF-IDF+LR,source_test,"超时半个小时，还送错东西，并且还少了两杯豆浆，最后打了十几次客服电话竟然一直没人接,呵呵",0,0.450014,0,1
E0-lite: source TF-IDF+LR,source_test,外卖的米粉量有点小,1,0.500772,1,1
E0-lite: source TF-IDF+LR,source_test,又快又好！热腾腾，好吃好吃,1,0.564752,1,1
E0-lite: source TF-IDF+LR,source_test,速度快，服务好，非常赞,1,0.560511,1,1
E0-lite: source TF-IDF+LR,source_test,经济实惠还好吃,1,0.541357,1,1
E0-lite: source TF-IDF+LR,source_test,配送时间稍微晚了几分钟，但没关系，送餐的叔叔人很好，卷饼用锡纸包装，同事还以为是韩国快餐店的紫菜包饭，饼皮很筋斗，香菇鸡肉的夹料也很足，盒饭里面菜少了一些，但味道还不错。一个中号卷饼配一个盒饭，我觉得正好，,1,0.527843,1,1
E0-lite: source TF-IDF+LR,source_test,不好吃，挺难吃。,0,0.486381,0,1
E0-lite: source TF-IDF+LR,source_test,一如既往地好吃,1,0.527796,1,1
E0-lite: source TF-IDF+LR,source_test,好吃好吃好吃送餐还快！,1,0.575702,1,1
E0-lite: source TF-IDF+LR,source_test,味道挺赞，配送比预想中的快,1,0.51208,1,1
E0-lite: source TF-IDF+LR,source_test,韭菜没熟就送来了啊,0,0.481526,0,1
E0-lite: source TF-IDF+LR,source_test,小哥弄洒了奶茶，不过哈哈哈我并没有生气啦，只是故意调戏下～面辣辣的好吃～奶茶太甜了…,1,0.512421,1,1
E0-lite: source TF-IDF+LR,source_test,送的面由于送的时间长都不好吃了,0,0.468733,0,1
E0-lite: source TF-IDF+LR,source_test,百度小哥速度超快提前半小时到，非常感谢，这么冷的天真是不容易，再次感谢,1,0.51355,1,1
E0-lite: source TF-IDF+LR,source_test,我记得我是选择下午4点半送的，结果不知道为什么变成了1点多就送到了。鱼香肉丝盖饭好吃，皮蛋粥也好吃，赞赞,1,0.494796,0,0
E0-lite: source TF-IDF+LR,source_test,"很好吃,比想象中的分量要大",1,0.56604,1,1
E0-lite: source TF-IDF+LR,source_test,送得太慢了～味道很好,1,0.524654,1,1
E0-lite: source TF-IDF+LR,source_test,鸡排少了你敢信？被翻的乱七八糟,0,0.486628,0,1
E0-lite: source TF-IDF+LR,source_test,鱼送来凉了，有腥味，份量还少，没得吃,0,0.458307,0,1
E0-lite: source TF-IDF+LR,source_test,下了两单，第二单慢了点，味道还是不错的,1,0.521529,1,1
E0-lite: source TF-IDF+LR,source_test,很快很好～,1,0.573642,1,1
E0-lite: source TF-IDF+LR,source_test,"我马上就要饿死了,跟我说马上就到,马上就到,这马是没吃草吗,下次别放那咸菜了,味道难闻的要死",0,0.487996,0,1
E0-lite: source TF-IDF+LR,source_test,时间很快，但是居然没有给筷子！还少送了一盒米饭！,0,0.475568,0,1
E0-lite: source TF-IDF+LR,source_test,"1、尖椒土豆丝，说好的尖椒呢。。。全是土豆丝。,2、大号的卷饼，有点太大了。。,3、粥不错",1,0.490405,0,0
E0-lite: source TF-IDF+LR,source_test,"不好吃,特别特别咸,等了一个半小时",0,0.4503,0,1
E0-lite: source TF-IDF+LR,source_test,快递员挺好，速度挺快,0,0.538935,1,0
E0-lite: source TF-IDF+LR,source_test,送歺及时，服务周到，菜品可口,1,0.506822,1,1
E0-lite: source TF-IDF+LR,source_test,生病在家点的餐，份量很大，味道也不错,1,0.52219,1,1
E0-lite: source TF-IDF+LR,source_test,京酱肉丝有味道啊。坏了吧。,1,0.4999,0,0
E0-lite: source TF-IDF+LR,source_test,注明了不要辣，可还是辣的,0,0.485142,0,1
E0-lite: source TF-IDF+LR,source_test,11点半送，12点才送到！,0,0.450349,0,1
E0-lite: source TF-IDF+LR,source_test,50分钟才送到…粥洒了一半连句抱歉都没有，还推说因为不好找…不好找不会打电话问吗？订半亩园不是第一次了，以前的送餐骑士都很好，这次真心呵呵。,0,0.447883,0,1
E0-lite: source TF-IDF+LR,source_test,太咸了，太咸了，太咸了，重要的事情说三遍！,0,0.469261,0,1
E0-lite: source TF-IDF+LR,source_test,"被送餐员弄洒了半杯,滴的到处都是",0,0.480196,0,1
E0-lite: source TF-IDF+LR,source_test,简直神速…非常好喝。继续努力,1,0.548854,1,1
E0-lite: source TF-IDF+LR,source_test,"很好吃,棒,就是有点肥肉",1,0.562045,1,1
E0-lite: source TF-IDF+LR,source_test,"11:46下的单，首次送达就是13:34，而且酱香排骨豆花米线仅有菜没有米线。,再次送达米线时已经14:10。,等个饭等了2个多小时。",0,0.449132,0,1
E0-lite: source TF-IDF+LR,source_test,垃圾，我们在住院，居然不给带餐具,0,0.466412,0,1
E0-lite: source TF-IDF+LR,source_test,送的太早，11点30就送来了公司没有下班！,0,0.456739,0,1
E0-lite: source TF-IDF+LR,source_test,味道还是很不错！！速度也还行，包装很不错！,1,0.55171,1,1
E0-lite: source TF-IDF+LR,source_test,"好吃,满意",1,0.537488,1,1
E0-lite: source TF-IDF+LR,source_test,辛苦了，味道不错，比想象的还要好呢！速度巨快！,1,0.575449,1,1
E0-lite: source TF-IDF+LR,source_test,好吃，豆腐脑的盒子改良后比原来好多了！,1,0.512925,1,1
E0-lite: source TF-IDF+LR,source_test,"等了两小时,还超难吃",0,0.444926,0,1
E0-lite: source TF-IDF+LR,source_test,好方便，用了代金券比去店里买还划算,1,0.497504,0,0
E0-lite: source TF-IDF+LR,source_test,登了100多分钟，送餐用了2个小时,0,0.459979,0,1
E0-lite: source TF-IDF+LR,source_test,"餐盒漏了,菜油洒了一袋子",1,0.46937,0,0
E0-lite: source TF-IDF+LR,source_test,挺好的哟。,1,0.524756,1,1
E0-lite: source TF-IDF+LR,source_test,味道还可以，就是送的有点早，没在我写的时间送，到家吃都凉了。,0,0.491929,0,1
E0-lite: source TF-IDF+LR,source_test,卷饼很好吃，送餐也很快！,1,0.583992,1,1
E0-lite: source TF-IDF+LR,source_test,只想说这个配送速度简直吊炸天,1,0.503317,1,1
E0-lite: source TF-IDF+LR,source_test,好吃！送得很快！不错,1,0.564542,1,1
E0-lite: source TF-IDF+LR,source_test,味道不错，肉还挺多的,1,0.584139,1,1
E0-lite: source TF-IDF+LR,source_test,配送员很好,1,0.535735,1,1
E0-lite: source TF-IDF+LR,source_test,送的很快，也很好吃，但是说了多给一些汤底，还是跟上次去店里买的一样,1,0.545319,1,1
E0-lite: source TF-IDF+LR,source_test,"外卖小哥,大赞",1,0.51745,1,1
E0-lite: source TF-IDF+LR,source_test,面很好吃，送餐也很快，谢谢送餐小哥,1,0.603271,1,1
E0-lite: source TF-IDF+LR,source_test,没给我开发票。。呜呜,0,0.457258,0,1
E0-lite: source TF-IDF+LR,source_test,卷饼很不错，就是粥太淡了，应该咸一点。。。可能是我个人的口味。。。,1,0.517876,1,1
E0-lite: source TF-IDF+LR,source_test,好吃，挺饱的～,1,0.554806,1,1
E0-lite: source TF-IDF+LR,source_test,明明点的是土豆红烧肉盖饭送来的却是土豆牛肉盖饭，是店家太忙还是认不清字啊！两个盖饭也不是一个价格多收了我4元钱。,0,0.463651,0,1
E0-lite: source TF-IDF+LR,source_test,很好送货大哥,1,0.550137,1,1
E0-lite: source TF-IDF+LR,source_test,我点了鱼而不是牛肉/鸡肉,0,0.474909,0,1
E0-lite: source TF-IDF+LR,source_test,肘子卷真的难吃啊,0,0.481258,0,1
E0-lite: source TF-IDF+LR,source_test,写了要发票，没给发票,1,0.466067,0,0
E0-lite: source TF-IDF+LR,source_test,说好不要蒜的，结果两次都有蒜，简直太过分了！！！~~~以后不准备买了，有也不通知一下。,1,0.453188,0,0
E0-lite: source TF-IDF+LR,source_test,炒米线根本没熟，还是硬的，外卖人员态度特别差,0,0.490746,0,1
E0-lite: source TF-IDF+LR,source_test,1个多小时才到，还没有带酱包……味道还不错,0,0.467711,0,1
E0-lite: source TF-IDF+LR,source_test,提拉米苏很好。咖啡包装不严实，拿到后全洒了，杯底已经漏了。差爆了。,0,0.491073,0,1
E0-lite: source TF-IDF+LR,source_test,绝对不会来你家了，一个面条送了俩小时。送来全部融了，这怎么吃。以前还经常叫，这是最后一次。,0,0.444871,0,1
E0-lite: source TF-IDF+LR,source_test,包装用心，肘子卷饼肉超多，就是有点干，下次点个菜的。,1,0.521019,1,1
E0-lite: source TF-IDF+LR,source_test,送的很快，味道不错，不咸,1,0.59114,1,1
E0-lite: source TF-IDF+LR,source_test,太慢了，差评,0,0.432019,0,1
E0-lite: source TF-IDF+LR,source_test,"之前点的味道都很好,本来期望挺高，应为昨天点的原味米线很棒，今天尝试下番茄的米线，超级难吃，严重不推荐，而且还比原味的贵",0,0.507512,1,0
E0-lite: source TF-IDF+LR,source_test,口味可以，量不大。鸡块一般,0,0.483804,0,1
E0-lite: source TF-IDF+LR,source_test,很不错，饭菜量都很足,1,0.54701,1,1
E0-lite: source TF-IDF+LR,source_test,量少不好吃，其中葱油拌面成一坨了！,0,0.486465,0,1
E0-lite: source TF-IDF+LR,source_test,冷面真不好吃啊！真的不好吃…：,0,0.482913,0,1
E0-lite: source TF-IDF+LR,source_test,非常糟糕的送餐！！nmd送個東西歸龜毛毛的點的餐還來的不其！！！特別糟糕！！,0,0.474483,0,1
E0-lite: source TF-IDF+LR,source_test,京酱肉丝卷饼挺好吃的~就是口味偏甜了~不过总体来说还不错的说呦！,1,0.552781,1,1
E0-lite: source TF-IDF+LR,source_test,送餐的人说到了，压根没见到人，还冲我吼吼吼！,0,0.48318,0,1
E0-lite: source TF-IDF+LR,source_test,速度很快，32个赞，服务很好,1,0.575622,1,1
E0-lite: source TF-IDF+LR,source_test,"又快又好,小哥态度很好,好评",1,0.555001,1,1
E0-lite: source TF-IDF+LR,source_test,上次说错了，培根味道一般、美式密肉的好吃，真的鲜榨果汁！,1,0.489578,0,0
E0-lite: source TF-IDF+LR,source_test,好吃，肉很多。就是尖椒有点辣,1,0.534287,1,1
E0-lite: source TF-IDF+LR,source_test,"对来送外卖的先生很不好意思,没有零钱，送的非常快，还很热。菜的味道也不错,量不小。",1,0.514634,1,1
E0-lite: source TF-IDF+LR,source_test,越来越难吃了，换厨师了吧,0,0.452213,0,1
E0-lite: source TF-IDF+LR,source_test,开餐具袋的时候，你们餐具袋里锋利的牙签把同事的手都戳出血了，可惜不能上传图片……,0,0.469824,0,1
E0-lite: source TF-IDF+LR,source_test,"非常准确,送餐员一百个赞",1,0.520978,1,1
E0-lite: source TF-IDF+LR,source_test,好吃速度快,1,0.566197,1,1
E0-lite: source TF-IDF+LR,source_test,鱼香肉丝味道一般，南瓜粥太淡了,0,0.477074,0,1
E0-lite: source TF-IDF+LR,source_test,小牛肉比萨味道很浓！沙拉量很大！送餐快！,1,0.531725,1,1
E0-lite: source TF-IDF+LR,source_test,预计19点25送达，实际20点30才送到。这么久温度就不说了，粥撒了一半在塑料袋里，还真是挺稠的……万幸的是没给我餐具啊！这要给了餐具不都让粥泡了，真贴心,0,0.441208,0,1
E0-lite: source TF-IDF+LR,source_test,"网页上不是写配送费么,怎么还收3块",0,0.469406,0,1
E0-lite: source TF-IDF+LR,source_test,汉堡超小，跟烧饼似的，以前在店里吃的都觉得量很足所以才点的，没想到外卖差这么多。。。千万别买真的好小。。。,0,0.471301,0,1
E0-lite: source TF-IDF+LR,source_test,"基本上就没有肉……全是汤……而且味道也一般,垃圾中的战斗机！还金牌卤肉饭……就一个字差",0,0.461782,0,1
E0-lite: source TF-IDF+LR,source_test,点的是套餐送来的是单品，没有小菜和饮料～不知道是商家没给外卖员还是外卖员没给我。第一时间打电话给商家联系了让他们问一下外卖人员，不过之后也没有收到任何反馈。百度外卖做的真的不行，点了两次两次都很失望，第一次等了2个小时打给送餐人员说还要等半小时实在等不起最后无奈取消了，客服电话人员态度恶劣！建议百度要不就好好改进下这个版块，要不就关了吧～一水的差评影响百度声誉～,0,0.420645,0,1
E0-lite: source TF-IDF+LR,source_test,好评都是刷的吧，送了2小时，粥都变成饭了，卷饼都黏了,0,0.464417,0,1
E0-lite: source TF-IDF+LR,source_test,秒送！太快了！,1,0.499751,0,0
E0-lite: source TF-IDF+LR,source_test,很好，就是不喜欢炒生菜,0,0.559667,1,0
E0-lite: source TF-IDF+LR,source_test,"还凑合，第一次吃，从下单到吃到饼花了2小时。太慢。,饼有些凉了，而且酱料有点少。馅料也有点少。",0,0.477529,0,1
E0-lite: source TF-IDF+LR,source_test,10点订的餐，12点才送到！与同事前后下单，他的11点多到的，我的12点多才到，配餐的工作方法真是无语！,0,0.447095,0,1
E0-lite: source TF-IDF+LR,source_test,一定要及时吃啊,1,0.496744,0,0
E0-lite: source TF-IDF+LR,source_test,感觉还不错！配送很及时！刚刚好下班点送到！,1,0.512648,1,1
E0-lite: source TF-IDF+LR,source_test,味道不错，值得品尝！！！如果配送再快一些，那就完美了！,1,0.540324,1,1
E0-lite: source TF-IDF+LR,source_test,尖椒土豆丝不好吃，别的都不错,1,0.508091,1,1
E0-lite: source TF-IDF+LR,source_test,百度骑士服务很好，全五分好评,1,0.560852,1,1
E0-lite: source TF-IDF+LR,source_test,一个小时才送了，送餐员打电话说到楼下了，结果下去还要等他几分钟，而叫的烧鸡饭，才两三块肉，能不差评吗？！,0,0.419065,0,1
E0-lite: source TF-IDF+LR,source_test,"这次送餐时间有些长,打电话去催,客服服务很好,送餐员服务也很好,菜也是热的,所以还是五星啦！不过土豆肉丝卷基本没有肉",1,0.519218,1,1
E0-lite: source TF-IDF+LR,source_test,这次点了一个中份和一个大份，大份是第一次点的中份大小，应该是第一次点的中份送成大份了。中份量不大，大份还行。,1,0.479891,0,0
E0-lite: source TF-IDF+LR,source_test,服务好，速度快，赞,1,0.558341,1,1
E0-lite: source TF-IDF+LR,source_test,餐品挺好的，就是百度外面快递差点事。,0,0.530492,1,0
E0-lite: source TF-IDF+LR,source_test,只能说一般，不怎么好吃，米饭明显感觉不是当天做的，用水泡太久了，,0,0.469545,0,1
E0-lite: source TF-IDF+LR,source_test,快递师傅特别好～等了我10分钟,1,0.507201,1,1
E0-lite: source TF-IDF+LR,source_test,味道不错，还实惠,1,0.602439,1,1
E0-lite: source TF-IDF+LR,source_test,挺辣的，吃着还可以吧,1,0.496557,0,0
E0-lite: source TF-IDF+LR,source_test,骑手速度很快！人很好！感谢,1,0.581549,1,1
E0-lite: source TF-IDF+LR,source_test,差评，接单两个多小时没有送餐，打电话也没人接听，更无法取消订单，至今没有给予回复，这是订宵夜的节奏，送来带着锡纸都凉透了，你们都是只上夜班的吗？骗子！！！,0,0.406085,0,1
E0-lite: source TF-IDF+LR,source_test,菜品选择再多一点就好了,1,0.506869,1,1
E0-lite: source TF-IDF+LR,source_test,土豆丝太淡了，没有滋味,1,0.462675,0,0
E0-lite: source TF-IDF+LR,source_test,"好吃,大号也太大了,能不能别用铝箔包装,成本高加热也不方便,纸包装就挺好",1,0.51464,1,1
E0-lite: source TF-IDF+LR,source_test,付完钱发现没有给我优惠，打电话问客服，说我软件版本过低，我每天都在用，就今天告诉我这个？商家也不给取消订单，付了钱你们就把这钱吃定了？,0,0.445988,0,1
E0-lite: source TF-IDF+LR,source_test,"很不错,还放了芝士,棒",1,0.535285,1,1
E0-lite: source TF-IDF+LR,source_test,"为什么不给餐具？,洒的到处汤汤水水的",0,0.461294,0,1
E0-lite: source TF-IDF+LR,source_test,非常好吃的饼,1,0.573086,1,1
E0-lite: source TF-IDF+LR,source_test,送餐师傅态度很好，送餐也很快，谢谢师傅的服务。,1,0.584119,1,1
E0-lite: source TF-IDF+LR,source_test,鸡蛋沙拉没有沙拉，脆皮香蕉有点油。快递员忘记拿发票了，不高兴。,0,0.478983,0,1
E0-lite: source TF-IDF+LR,source_test,一勺一口姜，是不是把姜当蒜，放了2遍？,0,0.474348,0,1
E0-lite: source TF-IDF+LR,source_test,这次速度很快，味道不错。,1,0.605393,1,1
E0-lite: source TF-IDF+LR,source_test,十一点半定的，说十二点半到，我知道我定晚了～我没催你们吧，理解你们吧，结果两点多才到，我吃的是午饭么？！能不能干？不能干别接单！,0,0.452394,0,1
E0-lite: source TF-IDF+LR,source_test,送餐速度真是太快了！！,1,0.498805,0,0
E0-lite: source TF-IDF+LR,source_test,辛苦送餐师傅。肉夹馍一直都很好吃。,0,0.561012,1,0
E0-lite: source TF-IDF+LR,source_test,麻烦下次送餐能不能确认好再给？自己送错了反倒麻烦我楼上楼下来回跑好几趟，我点的多就应该送错是么？神马鬼理论，1分都不想给,0,0.471557,0,1
E0-lite: source TF-IDF+LR,source_test,送餐小哥神速～味道也好～,1,0.543234,1,1
E0-lite: source TF-IDF+LR,source_test,"还没有吃,感觉不错",1,0.500113,1,1
E0-lite: source TF-IDF+LR,source_test,点的饺子非常好吃，送餐也很快。,1,0.570087,1,1
E0-lite: source TF-IDF+LR,source_test,差差差！时间太久！,0,0.473212,0,1
E0-lite: source TF-IDF+LR,source_test,送餐小哥够速度！满意,1,0.545896,1,1
E0-lite: source TF-IDF+LR,source_test,"首先送的晚,然后我要的脱脂奶不加冰,做的又加奶又加冰！！！！",0,0.455336,0,1
E0-lite: source TF-IDF+LR,source_test,好吃极了，这次送的还比较快。,1,0.496488,0,0
E0-lite: source TF-IDF+LR,source_test,没有久久鸭店里买的新鲜,0,0.461319,0,1
E0-lite: source TF-IDF+LR,source_test,梅菜好多，海带味道怪怪的,0,0.506674,1,0
E0-lite: source TF-IDF+LR,source_test,送餐很给力！上次点餐留言说可乐换豆浆，谁料这次竟记住了这事！不得不再赞一次！同时看到有人抱怨送餐速度的问题，作为一个旁观者而言，我只想说，送餐员不是宇航员，电动车不是火箭，你住在火星非要享受住地球人的用餐待遇，怎么可能？我之所以选这家，首要原因是近，万万没想到，从此停不下来了！竟爱上了这个味！,1,0.486693,0,0
E0-lite: source TF-IDF+LR,source_test,快递员速度快服务好，辛苦了！,1,0.555567,1,1
E0-lite: source TF-IDF+LR,source_test,不错～特别皮蛋瘦肉粥超级好喝～,1,0.531619,1,1
E0-lite: source TF-IDF+LR,source_test,难吃得要命！,0,0.446077,0,1
E0-lite: source TF-IDF+LR,source_test,送的太晚等的着急。,0,0.483694,0,1
E0-lite: source TF-IDF+LR,source_test,下单之后接到商家电话，说因为饼没有了，要晚点才能送过来。虽然送到的时候已经比较晚了，但是服务态度还是很好的。另外鸡腿肉卷真的很不错。,1,0.488521,0,0
E0-lite: source TF-IDF+LR,source_test,"味道还行，送餐神速，就是有点贵,如果不减钱是不会吃的",1,0.515585,1,1
E0-lite: source TF-IDF+LR,source_test,很准时，而且这次包装很认真，用券太划算了！,1,0.497986,0,0
E0-lite: source TF-IDF+LR,source_test,好吃，馅料超级足！,1,0.570385,1,1
E0-lite: source TF-IDF+LR,source_test,准时，味道也好,1,0.527256,1,1
E0-lite: source TF-IDF+LR,source_test,宇宙无敌慢，等了一个小时20分钟。,0,0.434511,0,1
E0-lite: source TF-IDF+LR,source_test,套餐就够一个人吃了，点多了,1,0.464436,0,0
E0-lite: source TF-IDF+LR,source_test,1星都是多的，提前订了俩小时都没到,0,0.453288,0,1
E0-lite: source TF-IDF+LR,source_test,一般吧，没有期待中的感觉,1,0.45009,0,0
E0-lite: source TF-IDF+LR,source_test,"唉,太慢了",0,0.451393,0,1
E0-lite: source TF-IDF+LR,source_test,"建议以后别再出这款海鲜水果披萨了,真心的难吃，真心的奇葩",0,0.473284,0,1
E0-lite: source TF-IDF+LR,source_test,送的粥都酸了，你们是昨天前天的粥没卖出去么？这也能往外卖，要是这样子谁还来买？,0,0.47699,0,1
E0-lite: source TF-IDF+LR,source_test,特别好特别好特别好,1,0.526912,1,1
E0-lite: source TF-IDF+LR,source_test,非常差劲，饼都破了，漏了我一裤子油,0,0.491166,0,1
E0-lite: source TF-IDF+LR,source_test,"煎饼好吃,外卖速度快",1,0.546701,1,1
E0-lite: source TF-IDF+LR,source_test,"味道很好,皮薄有汤汁",1,0.565446,1,1
E0-lite: source TF-IDF+LR,source_test,鸡肉的加了酱汁，味道更好。送餐小哥态度也超级棒。全五分！,1,0.540021,1,1
E0-lite: source TF-IDF+LR,source_test,"量巨少,巨少,，再也不点",0,0.473895,0,1
E0-lite: source TF-IDF+LR,source_test,饭很好吃，不过送餐速度真的很慢，我等了三个小时，疯了,1,0.507889,1,1
E0-lite: source TF-IDF+LR,source_test,大哥送快点好么～～,1,0.506737,1,1
E0-lite: source TF-IDF+LR,source_test,"你们的餐是凉的可乐只有一半下次能找个熟门熟路,感觉得不好",0,0.468607,0,1
E0-lite: source TF-IDF+LR,source_test,"送餐很快,味道很好",1,0.569294,1,1
E0-lite: source TF-IDF+LR,source_test,很好，热干面有点干了，但是是正常的，好吃。,1,0.553599,1,1
E0-lite: source TF-IDF+LR,source_test,不如昨天的，今天鸡肉太老，饼都干硬了，吃完牙都疼了,0,0.481152,0,1
E0-lite: source TF-IDF+LR,source_test,"咖啡凉了,撒的不少,没以前好了",0,0.465137,0,1
E0-lite: source TF-IDF+LR,source_test,"送餐没有一次在60分钟以下的,为什么每次显示都是四十分钟",0,0.450276,0,1
E0-lite: source TF-IDF+LR,source_test,好吃，就是味道有点偏淡。,1,0.567238,1,1
E0-lite: source TF-IDF+LR,source_test,还是一样的好吃，今天还送个王老吉，很不错哦！,1,0.543183,1,1
E0-lite: source TF-IDF+LR,source_test,米线汤都洒外面了,0,0.488876,0,1
E0-lite: source TF-IDF+LR,source_test,好吃，就是能准时送就好了，早点就早点吧,1,0.536807,1,1
E0-lite: source TF-IDF+LR,source_test,"太差了,麻辣烫就一点点菜,全部都是粉条子",0,0.461387,0,1
E0-lite: source TF-IDF+LR,source_test,配送费越来越贵！！！！,1,0.461148,0,0
E0-lite: source TF-IDF+LR,source_test,第一，这个系统怎么回事？明明12:50才送到，下方黄字系统写的11:52到达。第二，这次包装很不妥，饮料把菜盒压扁，菜汤粘了饮料半罐，送的餐巾纸是用来擦这菜汤的吗？第三，米饭很一般。,0,0.453169,0,1
E0-lite: source TF-IDF+LR,source_test,送餐及时，煎饼还是在店里做完当时吃香。,1,0.497017,0,0
E0-lite: source TF-IDF+LR,source_test,还能比这速度更慢吗？,0,0.497018,0,1
E0-lite: source TF-IDF+LR,source_test,快递小哥很给力，很快哦,0,0.549684,1,0
E0-lite: source TF-IDF+LR,source_test,不错。很迅速,1,0.542039,1,1
E0-lite: source TF-IDF+LR,source_test,送了两个小时才到，我也是醉了,0,0.437864,0,1
E0-lite: source TF-IDF+LR,source_test,送餐员态度好，好评,1,0.527725,1,1
E0-lite: source TF-IDF+LR,source_test,不如实体店的好吃,0,0.529199,1,0
E0-lite: source TF-IDF+LR,source_test,量大，味道也不错，性价比超高。,1,0.545833,1,1
E0-lite: source TF-IDF+LR,source_test,粥一般，饼很大，卷的肉不太香，肉皮上还有毛。,0,0.48374,0,1
E0-lite: source TF-IDF+LR,source_test,果汁很细腻，搭配起来口感超级赞,1,0.505336,1,1
E0-lite: source TF-IDF+LR,source_test,"送的太快也不是好事=,=！",1,0.477547,0,0
E0-lite: source TF-IDF+LR,source_test,岩盐芝士绿茶每单必点,1,0.494543,0,0
E0-lite: source TF-IDF+LR,source_test,好大一份！,1,0.492992,0,0
E0-lite: source TF-IDF+LR,source_test,送餐晚了半个小时，也没报价。东西都洒了。,0,0.449041,0,1
E0-lite: source TF-IDF+LR,source_test,点的肘子卷饼，说实话，挺失望的。首先，全是大块的肉，只有几小块生的青椒，而且肉是整块的瘦肉，根本不是肥肥的肘花，而且饼很硬，肠胃不好的很难消化。作为妹子表示，全是肉吃得非常不开森。再说送餐速度吧，等了一个多小时才送到，真是挺失望的,0,0.435197,0,1
E0-lite: source TF-IDF+LR,source_test,"非常好,相当棒,很快，味道好好",1,0.578047,1,1
E0-lite: source TF-IDF+LR,source_test,"饭菜提前1个小时就送来了，而且都凉了，果断取消订单,挂断放弃，再也不会订了，连热饭菜都吃不上",0,0.429735,0,1
E0-lite: source TF-IDF+LR,source_test,"不错,略干",1,0.546157,1,1
E0-lite: source TF-IDF+LR,source_test,店大了欺客真明白什么意思了,0,0.477082,0,1
E0-lite: source TF-IDF+LR,source_test,速度很快，还行,0,0.564529,1,0
E0-lite: source TF-IDF+LR,source_test,要备注里写的根本没人看得到么……,0,0.47712,0,1
E0-lite: source TF-IDF+LR,source_test,味道还行，用百度外卖比到店里划算多了,1,0.49426,0,0
E0-lite: source TF-IDF+LR,source_test,送来的咖啡封口开着，洒了好多,0,0.471722,0,1
E0-lite: source TF-IDF+LR,source_test,绝对不会再点第二次，包装的锡纸跟烤糊了一样，脏！送餐的逼跟大爷一样，我在阳台凉衣服，第一次没接到这逼电话，第二个电话我接到了，丫跟审孙子一样问我点没点餐，先不说东西好不好吃，就TM这服务态度，等着关门吧！,0,0.477514,0,1
E0-lite: source TF-IDF+LR,source_test,图片仅供参考,0,0.489566,0,1
E0-lite: source TF-IDF+LR,source_test,速度快，好！,1,0.556583,1,1
E0-lite: source TF-IDF+LR,source_test,为啥网上没有15块钱套餐了。,0,0.454951,0,1
E0-lite: source TF-IDF+LR,source_test,"好吃,喜欢,他家的卷饼一向实惠,服务也贴心",1,0.52941,1,1
E0-lite: source TF-IDF+LR,source_test,饺子和盖饭都挺好的。就是酸辣粉不正宗感觉。不知道四不四因为时间长了。,1,0.487166,0,0
E0-lite: source TF-IDF+LR,source_test,怎么还没到,0,0.467493,0,1
E0-lite: source TF-IDF+LR,source_test,本单实际送达时间为82分钟！~！！~~！！~那么问题来了……你们的客服，还直接挂电话……我就不理解了！！~！~,0,0.452098,0,1
E0-lite: source TF-IDF+LR,source_test,速度好快！,1,0.529749,1,1
E0-lite: source TF-IDF+LR,source_test,太贵了，不是想象的那么好吃，还可以吧，一般。,1,0.478072,0,0
E0-lite: source TF-IDF+LR,source_test,饭菜少的可怜，都不够我五岁儿子吃。,0,0.4781,0,1
E0-lite: source TF-IDF+LR,source_test,包装牛逼，送餐速度……咳咳……,0,0.513304,1,0
E0-lite: source TF-IDF+LR,source_test,配送不错、态度也不错,1,0.542989,1,1
E0-lite: source TF-IDF+LR,source_test,太特么牛逼了，全是肉，卧槽！,1,0.47167,0,0
E0-lite: source TF-IDF+LR,source_test,味道很一般，比老车记差远了,0,0.485149,0,1
E0-lite: source TF-IDF+LR,source_test,靠。昨天中午的订单我取消了订单的。tmd太慢了。为什么没有退钱给我。我根本没有拿到订单。操。退钱！老板良心做生意啊,0,0.436724,0,1
E0-lite: source TF-IDF+LR,source_test,送餐很慢，态度很差，还要自己取！,0,0.493167,0,1
E0-lite: source TF-IDF+LR,source_test,味道没店里的好。订单少送一个绿豆沙，发票的单子的价格也是错的，懒得再打电话，送了1个小时20分钟才送到，再也不吃他家外卖了,0,0.437439,0,1
E0-lite: source TF-IDF+LR,source_test,特别好，没有之一,1,0.504357,1,1
E0-lite: source TF-IDF+LR,source_test,他家的事物真的很一般只是方便而已,0,0.488883,0,1
E0-lite: source TF-IDF+LR,source_test,好吃，就是慢，也怪我点餐晚,1,0.530832,1,1
E0-lite: source TF-IDF+LR,source_test,清炒时蔬你们能换一换别的菜吗？菜都是苦的你们自己尝尝好吗？太难吃了！！每次都是这种绿叶菜，每次都扔掉！,0,0.454315,0,1
E0-lite: source TF-IDF+LR,source_test,"东西好吃,送餐超级慢,送来都快死了,昨天挺快的今天慢的要死。。。",1,0.492324,0,0
E0-lite: source TF-IDF+LR,source_test,我等了两个多小时才到，一份饭没放盐，零一分直接泡成面粉了,0,0.436293,0,1
E0-lite: source TF-IDF+LR,source_test,一开始以为就是普通手抓饼，拿到后觉得好高大上，牛皮纸袋，锡纸包裹，重要的是肉肉好足，100个赞啊，如果要是再快一些就完美了,1,0.492196,0,0
E0-lite: source TF-IDF+LR,source_test,"好实在的卷饼,够值",1,0.497454,0,0
E0-lite: source TF-IDF+LR,source_test,点过中份感觉有点小小吃不饱，结果点了个大份，没把我撑死，这也太大了吧！！！,1,0.468503,0,0
E0-lite: source TF-IDF+LR,source_test,灰常满意，就是包装漏油了,1,0.533117,1,1
E0-lite: source TF-IDF+LR,source_test,送的越来越慢~不准时。。。,0,0.476226,0,1
E0-lite: source TF-IDF+LR,source_test,还凑合，最近套餐都不好吃,0,0.471031,0,1
E0-lite: source TF-IDF+LR,source_test,送餐超慢，对店家真是无语了。,0,0.469837,0,1
E0-lite: source TF-IDF+LR,source_test,来的时候汤洒了！面好吃.牛肉最好在炖的烂一点.,1,0.482834,0,0
E0-lite: source TF-IDF+LR,source_test,好吃！很新鲜！送餐小哥也很好,1,0.571462,1,1
E0-lite: source TF-IDF+LR,source_test,味道挺好的,0,0.538755,1,0
E0-lite: source TF-IDF+LR,source_test,就是量太少了，给同事点的貌似都不满意，请客没讨好哦,0,0.484708,0,1
E0-lite: source TF-IDF+LR,source_test,还不错，说好的11点30送，真的是哦，很准时,0,0.519962,1,0
E0-lite: source TF-IDF+LR,source_test,微辣，还不错,1,0.531598,1,1
E0-lite: source TF-IDF+LR,source_test,今天天气很冷，送餐师傅辛苦啦,1,0.531397,1,1
E0-lite: source TF-IDF+LR,source_test,鸡翅不是奥尔良味道，排骨不新鲜，送餐慢，披萨还凑合,0,0.480725,0,1
E0-lite: source TF-IDF+LR,source_test,这么恶劣的天气真是辛苦外卖小哥了！！！,1,0.488959,0,0
E0-lite: source TF-IDF+LR,source_test,送餐及时，可以说很快！大冷的天儿还能保证食物温度真的很感谢配餐小哥儿，更好的是服务还周到,1,0.532158,1,1
E0-lite: source TF-IDF+LR,source_test,很好吃，就是第一次吃，不知道吃法，好尴尬,1,0.541205,1,1
E0-lite: source TF-IDF+LR,source_test,送餐的没到就打电话，等了两分钟不来。之后问他到了吗，不回答还挂电话，什么态度！,0,0.458823,0,1
E0-lite: source TF-IDF+LR,source_test,送餐速度很快！,1,0.553758,1,1
E0-lite: source TF-IDF+LR,source_test,第二次吃第一次点外卖的时候还挺好的。这次点送的就比较慢。钟水饺的汤料洒了一袋子，燃面里面还特么有头发！！！这特么的怎么吃？！卧槽,0,0.468431,0,1
E0-lite: source TF-IDF+LR,source_test,太贵了，八个饺子大小的包子，几口就没了。,1,0.461069,0,0
E0-lite: source TF-IDF+LR,source_test,包装很精细，送货很快，送货员态度超好的,1,0.542716,1,1
E0-lite: source TF-IDF+LR,source_test,店家把水煮肉改良成水煮肥肉了！太恶心了！定了三碗米饭，洒了半盒，有一盒泡在洒了的菜汤里！无语了，店家干的漂亮！加油！,0,0.45843,0,1
E0-lite: source TF-IDF+LR,source_test,量很大但是竟然拌饭酱都要单独买，而且五花肉拌饭只有可怜的两片肉。。。,0,0.469713,0,1
E0-lite: source TF-IDF+LR,source_test,"是羊杂粉，一碗就饱了∠(,ᐛ,」∠)＿",1,0.48988,0,0
E0-lite: source TF-IDF+LR,source_test,很好吃，还会订,1,0.587117,1,1
E0-lite: source TF-IDF+LR,source_test,"太难吃了,..",0,0.454294,0,1
E0-lite: source TF-IDF+LR,source_test,"好~,小笼包也不错~",1,0.532351,1,1
E0-lite: source TF-IDF+LR,source_test,卖相和图片相差甚远,0,0.489566,0,1
E0-lite: source TF-IDF+LR,source_test,去人大店吃过一次，服务很好,1,0.530754,1,1
E0-lite: source TF-IDF+LR,source_test,周到贴心～细致热情,1,0.50254,1,1
E0-lite: source TF-IDF+LR,source_test,送来时有些凉了，感觉缺少了一些香味。餐盒路上坏了，吃时面里的汤没有了。,1,0.450095,0,0
E0-lite: source TF-IDF+LR,source_test,图片供参考,1,0.489566,0,0
E0-lite: source TF-IDF+LR,source_test,全撒了，撒了一身，让快递更换，也不管，要求退了，也不能退，非让我联系客服，投诉投诉。有照片,0,0.458447,0,1
E0-lite: source TF-IDF+LR,source_test,热情！速度快！,1,0.542317,1,1
E0-lite: source TF-IDF+LR,source_test,"特别快,感觉定完没几分钟就来了,送餐小哥很细心,赞一个",1,0.522119,1,1
E0-lite: source TF-IDF+LR,source_test,不错，就是吃不惯那个饼,1,0.566367,1,1
E0-lite: source TF-IDF+LR,source_test,神速啊！挺好吃的！,1,0.538531,1,1
E0-lite: source TF-IDF+LR,source_test,"送餐简直是坐火箭来的,太快啦。送餐小哥很热情。非常满意",1,0.529348,1,1
E0-lite: source TF-IDF+LR,source_test,卡布奇诺真的不知道怎么评价。根本送来的就不是我订的,0,0.457985,0,1
E0-lite: source TF-IDF+LR,source_test,配送时间过长，主要离得很近～,0,0.478674,0,1
E0-lite: source TF-IDF+LR,source_test,永远都差在效率上，11点订餐，要求12:15送到，结果13:00才到！,0,0.448567,0,1
E0-lite: source TF-IDF+LR,source_test,吃不了羊肉要了十个烤尖椒很好吃,1,0.542152,1,1
E0-lite: source TF-IDF+LR,source_test,送餐严重迟到，饮料没有吸管，煎饼已经凉了,0,0.462338,0,1
E0-lite: source TF-IDF+LR,source_test,快递小哥辛苦了！下雨天的真是辛苦您了！给你点赞！,1,0.53361,1,1
E0-lite: source TF-IDF+LR,source_test,非常快，服务很好，好,1,0.571072,1,1
E0-lite: source TF-IDF+LR,source_test,速度很快，味道也不错,1,0.574325,1,1
E0-lite: source TF-IDF+LR,source_test,"不错,很值",1,0.541665,1,1
E0-lite: source TF-IDF+LR,source_test,还可以，送的时间算快的了，半小时吧～,1,0.465886,0,0
E0-lite: source TF-IDF+LR,source_test,大过年的辛苦了,1,0.53872,1,1
E0-lite: source TF-IDF+LR,source_test,怎么觉得没以前好吃了呢,1,0.489246,0,0
E0-lite: source TF-IDF+LR,source_test,请问您给我一根筷子怎么用啊,0,0.47028,0,1
E0-lite: source TF-IDF+LR,source_test,速度挺快，感谢送货大姐！,1,0.538647,1,1
E0-lite: source TF-IDF+LR,source_test,配送就是掐着点送的……超过2点55要五折…结果52送到……点的套餐该给的饮料也没有给不满意,0,0.455222,0,1
E0-lite: source TF-IDF+LR,source_test,"赞赞赞,很好吃,小哥送餐也很快",1,0.574493,1,1
E0-lite: source TF-IDF+LR,source_test,送餐慢了点，餐还可以,1,0.494072,0,0
E0-lite: source TF-IDF+LR,source_test,宇宙卷饼非常棒,1,0.524299,1,1
E0-lite: source TF-IDF+LR,source_test,味道还好，就是量少,0,0.534003,1,0
E0-lite: source TF-IDF+LR,source_test,从地图上看到已经在这个小区了，又转到上一个小区。不过外面夏日炎炎，送餐不容易，总算还是吃到了。,0,0.471242,0,1
E0-lite: source TF-IDF+LR,source_test,速度很快，外送员辛苦了,1,0.574932,1,1
E0-lite: source TF-IDF+LR,source_test,不错…还挺快…还吃,1,0.536097,1,1
E0-lite: source TF-IDF+LR,source_test,2个小时送到的，气都不想生了，自己看着办吧,0,0.444313,0,1
E0-lite: source TF-IDF+LR,source_test,超级好喝，快递小哥非常给力。,1,0.561719,1,1
E0-lite: source TF-IDF+LR,source_test,挺好，掌握订餐的时间点还是很快的。,1,0.516438,1,1
E0-lite: source TF-IDF+LR,source_test,两小时送到简直没谁了,0,0.469732,0,1
E0-lite: source TF-IDF+LR,source_test,以前的优惠已不再,0,0.49295,0,1
E0-lite: source TF-IDF+LR,source_test,速度还可以！下着雨呢,1,0.511047,1,1
E0-lite: source TF-IDF+LR,source_test,南瓜粥一般，没有南瓜的香甜味道！,1,0.471158,0,0
E0-lite: source TF-IDF+LR,source_test,京酱肉丝和软炸鲜蘑整个是两道咸菜，没少喝水！,0,0.489787,0,1
E0-lite: source TF-IDF+LR,source_test,师傅人特别好！送货超认真,1,0.541414,1,1
E0-lite: source TF-IDF+LR,source_test,"粥里有头发,就没吃,剩下都好吃",1,0.506027,1,1
E0-lite: source TF-IDF+LR,source_test,快递师傅人超好，汤也好喝，送的快,1,0.531372,1,1
E0-lite: source TF-IDF+LR,source_test,饺子送过来都凉了，就吃了两口==,0,0.451341,0,1
E0-lite: source TF-IDF+LR,source_test,"原来有牛肉-,-就是混土豆里太少了没看见。。",0,0.486544,0,1
E0-lite: source TF-IDF+LR,source_test,汤汁洒的都没食欲了。,0,0.468621,0,1
E0-lite: source TF-IDF+LR,source_test,"还可以,有点干。",1,0.509197,1,1
E0-lite: source TF-IDF+LR,source_test,送餐早一点就好了。,1,0.499327,0,0
E0-lite: source TF-IDF+LR,source_test,全部超五星！！菜品和送餐速度全都棒棒哒！！！,1,0.489113,0,0
E0-lite: source TF-IDF+LR,source_test,意面好难吃,0,0.446077,0,1
E0-lite: source TF-IDF+LR,source_test,"11点31下单,12点51送到。这速度太慢了",0,0.455174,0,1
E0-lite: source TF-IDF+LR,source_test,肉的好吃。,1,0.531279,1,1
E0-lite: source TF-IDF+LR,source_test,一杯咖啡送到了洒了三分之一,0,0.46744,0,1
E0-lite: source TF-IDF+LR,source_test,这次的菜不一样，都是我不能吃的,0,0.47681,0,1
E0-lite: source TF-IDF+LR,source_test,东西少不说，说好的赠送花生呢？,0,0.480347,0,1
E0-lite: source TF-IDF+LR,source_test,"很好,赞！",1,0.549827,1,1
E0-lite: source TF-IDF+LR,source_test,师傅辛苦，很准时，点赞！,1,0.529088,1,1
E0-lite: source TF-IDF+LR,source_test,饭好难吃啊,0,0.465596,0,1
E0-lite: source TF-IDF+LR,source_test,送餐慢，13:40才送到，点的两样菜都不值得推荐,0,0.449763,0,1
E0-lite: source TF-IDF+LR,source_test,大冷天的辛苦快递师傅了～,1,0.527118,1,1
E0-lite: source TF-IDF+LR,source_test,海鲜豆腐汤，全是豆腐，现在想起豆腐都害怕了,0,0.483585,0,1
E0-lite: source TF-IDF+LR,source_test,很好吃！送餐速度快！品质好！,1,0.573836,1,1
E0-lite: source TF-IDF+LR,source_test,当时我们点的饭跟汤送达时都已经凉了，其他还好，就是送的时间长。,0,0.493393,0,1
E0-lite: source TF-IDF+LR,source_test,"到现在还没送来,还没人接电话",0,0.464177,0,1
E0-lite: source TF-IDF+LR,source_test,味道还行~豆腐脑的卤淀粉可能多了,1,0.499741,0,0
E0-lite: source TF-IDF+LR,source_test,快递很快，态度好，赞,1,0.548394,1,1
E0-lite: source TF-IDF+LR,source_test,等了五十分钟，受不了的龟速,0,0.476985,0,1
E0-lite: source TF-IDF+LR,source_test,好吃，很清淡,1,0.572994,1,1
E0-lite: source TF-IDF+LR,source_test,"太实惠了,味道好,好好好好",1,0.524414,1,1
E0-lite: source TF-IDF+LR,source_test,就是送的太慢，但服务不错,1,0.49436,0,0
E0-lite: source TF-IDF+LR,source_test,很满意，送的挺快，味道又好,1,0.535072,1,1
E0-lite: source TF-IDF+LR,source_test,小炒肉真心不是湖南小炒肉，坦白讲肉炒太老了，不推荐。鸭头不错,1,0.488822,0,0
E0-lite: source TF-IDF+LR,source_test,11点20就送到了给我打电话没接到陪笑去拿餐埃顿熊我去我不能每天坐着等您送餐吧我要上班上班要开会开会不能带手机的好不好！能不能让人好好的吃饭了！现在百度外卖的服务态度真是不敢恭维,0,0.474278,0,1
E0-lite: source TF-IDF+LR,source_test,夫妻肺片很腥，吃过的最难吃的夫妻肺片,0,0.474281,0,1
E0-lite: source TF-IDF+LR,source_test,挺好的，速度也快。凑满十个字,1,0.538254,1,1
E0-lite: source TF-IDF+LR,source_test,"送餐时间,有点长",0,0.486051,0,1
E0-lite: source TF-IDF+LR,source_test,快递非常给力！！,1,0.527446,1,1
E0-lite: source TF-IDF+LR,source_test,翻得一塌糊涂，备注要的东西一样都没给,0,0.464789,0,1
E0-lite: source TF-IDF+LR,source_test,特别好！很快送达…,1,0.544206,1,1
E0-lite: source TF-IDF+LR,source_test,太特么难吃了，豆干里的俺村蛋都硬的,0,0.459515,0,1
E0-lite: source TF-IDF+LR,source_test,"味道不错,味道不错。。",1,0.586166,1,1
E0-lite: source TF-IDF+LR,source_test,不是很慢，下雨天还很快,1,0.501244,1,1
E0-lite: source TF-IDF+LR,source_test,前俩天会很快。第三天么。。,0,0.513535,1,0
E0-lite: source TF-IDF+LR,source_test,"为什么不能用代金券,为什么没有满减,下次不定了",1,0.460619,0,0
E0-lite: source TF-IDF+LR,source_test,可惜不能发照片，不然我一定会让别人看看筷子和纸在菜里的照片,0,0.484515,0,1
E0-lite: source TF-IDF+LR,source_test,不错，非常好,1,0.596123,1,1
E0-lite: source TF-IDF+LR,source_test,快递很赞，食品质量一般,0,0.49579,0,1
E0-lite: source TF-IDF+LR,source_test,"很方便,！但是就是太慢了！都超时了！但是送餐员态度还是很好的！提前打电话联系。",0,0.486683,0,1
E0-lite: source TF-IDF+LR,source_test,送货员很赞，很到位，在单位都送到房间,1,0.508593,1,1
E0-lite: source TF-IDF+LR,source_test,量好小啊。,0,0.49061,0,1
E0-lite: source TF-IDF+LR,source_test,还不错，肥牛有点干。,1,0.570862,1,1
E0-lite: source TF-IDF+LR,source_test,主菜很失败！！！,0,0.470224,0,1
E0-lite: source TF-IDF+LR,source_test,"非常差,最差的一次,首先订餐过了1个半小时也没显示送餐,电话去问无论正一味还是百度外卖客服都一问三不知,要求客服回电至今未回,另外正一味的饭也是半生不熟非常差,和上次点的汉拿山的差远了,伤了心了,对百度外卖,我要投诉",0,0.4604,0,1
E0-lite: source TF-IDF+LR,source_test,和之前网友待遇一样：送餐慢；煎饼软塌不能吃；饮料外撒。,0,0.485562,0,1
E0-lite: source TF-IDF+LR,source_test,东北乱炖不是正宗的，而且油特大，只能吃半盒其余的全扔了,0,0.480541,0,1
E0-lite: source TF-IDF+LR,source_test,套餐里的可乐送到都洒了，有半杯在塑料带里，真是够了！都泡了！,0,0.456321,0,1
E0-lite: source TF-IDF+LR,source_test,送餐没准！！！想送就送，不想送就不送,0,0.464264,0,1
E0-lite: source TF-IDF+LR,source_test,第一次尝试，不好吃，没有鳕鱼好吃,0,0.476857,0,1
E0-lite: source TF-IDF+LR,source_test,难吃到爆~真心服了,0,0.468135,0,1
E0-lite: source TF-IDF+LR,source_test,真的不错！快递小哥也更不错！,1,0.550486,1,1
E0-lite: source TF-IDF+LR,source_test,"本单由,百度,配送并提供售后服务",1,0.50783,1,1
E0-lite: source TF-IDF+LR,source_test,外卖员不给送到地方，让自己出去拿，态度恶劣,0,0.472677,0,1
E0-lite: source TF-IDF+LR,source_test,"味道一般,唯一好处,量大,送餐慢",0,0.472883,0,1
E0-lite: source TF-IDF+LR,source_test,很好吃……送餐很快……推荐,1,0.563563,1,1
E0-lite: source TF-IDF+LR,source_test,送的太快了，师傅很辛苦，谢谢了。,1,0.51951,1,1
E0-lite: source TF-IDF+LR,source_test,木须肉不干净,0,0.497084,0,1
E0-lite: source TF-IDF+LR,source_test,有没有搞错，迟到一个多小时，这还有什么信誉可言。送来的饭菜全是凉的，简直糟透了！！再不信任百度外卖了，更别提正一味！！！,0,0.421311,0,1
E0-lite: source TF-IDF+LR,source_test,送的很慢送来的时候凉了,0,0.471563,0,1
E0-lite: source TF-IDF+LR,source_test,本来是常客了，可是在肉夹馍里吃到了一根黑毛貌似是鼻毛，什么都不想吃了，以后还敢定谁家外卖。。,0,0.457638,0,1
E0-lite: source TF-IDF+LR,source_test,还不错啊！很便宜！下次还买,1,0.53718,1,1
E0-lite: source TF-IDF+LR,source_test,今天有点点小雨，送餐真的慢。吃起来口味一般吧，可能是黄焖鸡就要特别热的吃才好吃。,0,0.505487,1,0
E0-lite: source TF-IDF+LR,source_test,点的饮料和粥都没送到,0,0.452927,0,1
E0-lite: source TF-IDF+LR,source_test,送外卖小伙服务真棒，很尽责！,1,0.515814,1,1
E0-lite: source TF-IDF+LR,source_test,便宜，实惠,1,0.50815,1,1
E0-lite: source TF-IDF+LR,source_test,为啥每次都不要辣的，每次都是辣的,0,0.481278,0,1
E0-lite: source TF-IDF+LR,source_test,蒜香鸡翅太坑爹了。果仁菠菜巨难吃,0,0.465485,0,1
E0-lite: source TF-IDF+LR,source_test,棒，是不是考虑办个会员卡呢,1,0.481558,0,0
E0-lite: source TF-IDF+LR,source_test,生生把中午饭送到了下午，将近2个小时，而且不止一两次，每次给机会，每次都如此，走路过去不到十分钟的事！等电梯的2分钟都要打电话催，一碗汤不如叫一口汤好了。差评，以后再也不订了。,0,0.438399,0,1
E0-lite: source TF-IDF+LR,source_test,"百度骑士很快,餐送过来时还冒着热气,赞一个",1,0.526753,1,1
E0-lite: source TF-IDF+LR,source_test,硬生生等了90分钟，呵呵，不会在这家订餐了，而且味道更不值。,0,0.461023,0,1
E0-lite: source TF-IDF+LR,source_test,"味道一如既往的好,就是粥碗变小了,米也少了说好11:15送达,结果12:30左右才收到",1,0.492982,0,0
E0-lite: source TF-IDF+LR,source_test,一个半小时才送到，图片上的饮料也没有，一点也不值21元。以后没有优惠卷活动了肯定不吃了。,0,0.406456,0,1
E0-lite: source TF-IDF+LR,source_test,东西好吃，就是只点了两份面还送错了一份！订的是牛杂面送了份牛肉面，价格也有差别呀！,1,0.500826,1,1
E0-lite: source TF-IDF+LR,source_test,"好吃,速度快！",1,0.563049,1,1
E0-lite: source TF-IDF+LR,source_test,送餐较慢、需提前一个半小时订餐、卷饼菜少、全是饼、粥也一般、但有优惠价格很实惠、也值了,1,0.4544,0,0
E0-lite: source TF-IDF+LR,source_test,味道超级棒！送餐员大冷天的也很辛苦！超赞！,1,0.539953,1,1
E0-lite: source TF-IDF+LR,source_test,几乎每天都吃了，爱吃，送餐也快,1,0.498901,0,0
E0-lite: source TF-IDF+LR,source_test,木耳太不新鲜，吃完拉肚子了,0,0.482896,0,1
E0-lite: source TF-IDF+LR,source_test,不错口味清单，老人孩子吃都可以,1,0.521817,1,1
E0-lite: source TF-IDF+LR,source_test,送餐两小时才送到。期间百度客服电话长时间占线。两次拨通以后到了投诉选项被自动挂断。手机客服等待半小时还在排队。第一次使用，也是最后一次使用,0,0.429678,0,1
E0-lite: source TF-IDF+LR,source_test,"送餐员差评,投诉,超次",0,0.484782,0,1
E0-lite: source TF-IDF+LR,source_test,"送来时都坨了,没一点汤了",0,0.46908,0,1
E0-lite: source TF-IDF+LR,source_test,挺好的，都是瘦肉，就是感觉里面多加点蔬菜就好了，都是肉，有点腻！,1,0.503369,1,1
E0-lite: source TF-IDF+LR,source_test,就冲等了108分钟就要打差评....电话也占线..,0,0.466481,0,1
E0-lite: source TF-IDF+LR,source_test,"送餐师傅帅爆了,赛晓明超霆锋",1,0.515878,1,1
E0-lite: source TF-IDF+LR,source_test,送餐超级慢，送餐员态度也不好，打客服催单也没人理，取消订单也取消不了，总之是超级差劲,0,0.478453,0,1
E0-lite: source TF-IDF+LR,source_test,卷饼太地道了，好吃！粥很清淡，不错,1,0.551595,1,1
E0-lite: source TF-IDF+LR,source_test,挺好吃的，满意，速度真快,1,0.547608,1,1
E0-lite: source TF-IDF+LR,source_test,订餐后一小时还没送，给黄太吉400打电话也一直忙线，最后是给百度外卖的400打电话才给催了,0,0.454427,0,1
E0-lite: source TF-IDF+LR,source_test,很快味道很好,1,0.581519,1,1
E0-lite: source TF-IDF+LR,source_test,"速度很快，味道不错,，送餐小哥态度也不错~",1,0.605711,1,1
E0-lite: source TF-IDF+LR,source_test,汤面类还是不要点吧，送来味道大打折扣。其他都不错。,1,0.509732,1,1
E0-lite: source TF-IDF+LR,source_test,"1.,十一点订的餐,一点三十才到,2.,12点催单，就说配送中了。,一点二十催单,还配送中。,我单位就在边上走路五分钟的地方,3.,给商家打电话,关机。,4.,送过来之后饼凉了,餐凉了,5.,肘子肉全是大肥肉和青椒,量也小的可怜。,口感我就不说啥了。千万别定",0,0.441511,0,1
E0-lite: source TF-IDF+LR,source_test,失误难免，，以后请注意。。,0,0.483669,0,1
E0-lite: source TF-IDF+LR,source_test,送餐员取餐之后辗转多地，才把我定的餐送过来，薯条，鸡块还有鸡米条都已经不脆了，汉堡的纸袋子也已经被水蒸气透湿了。要了两份中暑套餐，还有几份小食，总共就给了两包番茄酱，可乐也都洒了,0,0.45035,0,1
E0-lite: source TF-IDF+LR,source_test,好！希望一直这么好,1,0.506116,1,1
E0-lite: source TF-IDF+LR,source_test,味道很好就是送餐太慢,1,0.518601,1,1
E0-lite: source TF-IDF+LR,source_test,速度慢，都凉了。,0,0.465265,0,1
E0-lite: source TF-IDF+LR,source_test,"麻辣烫特次,份量特少,就一点菜,其余全是粉条,配送时间慢",0,0.481186,0,1
E0-lite: source TF-IDF+LR,source_test,菠萝冻过甜，柠檬冰冻也不太好，但大满贯一如既往的好,1,0.509648,1,1
E0-lite: source TF-IDF+LR,source_test,煎饼难吃死了。冒菜一点不辣巨麻，全都是花椒。也巨难吃。以后绝对不会吃了。,0,0.445056,0,1
E0-lite: source TF-IDF+LR,source_test,饭全部冷了,0,0.490901,0,1
E0-lite: source TF-IDF+LR,source_test,第二次点了，量大，很不错,1,0.520635,1,1
E0-lite: source TF-IDF+LR,source_test,除了慢，其他还错,0,0.486619,0,1
E0-lite: source TF-IDF+LR,source_test,肘子卷饼不好吃还贵,0,0.497693,0,1
E0-lite: source TF-IDF+LR,source_test,快递态度好，速度快,1,0.546279,1,1
E0-lite: source TF-IDF+LR,source_test,速度挺快的东西也挺好的给赞~,1,0.5183,1,1
E0-lite: source TF-IDF+LR,source_test,真心没什么优点可说的。,0,0.47666,0,1
E0-lite: source TF-IDF+LR,source_test,一如既往。不错哦。！！！！,1,0.498202,0,0
E0-lite: source TF-IDF+LR,source_test,"感觉里面的蛋糕,不是好蛋糕,不嫩。",0,0.479024,0,1
E0-lite: source TF-IDF+LR,source_test,"奶茶虽然有点洒,但送餐小哥速度很快,面也不错,给个好评吧",1,0.575911,1,1
E0-lite: source TF-IDF+LR,source_test,不错，就是豆浆橙汁都不好喝,1,0.552905,1,1
E0-lite: source TF-IDF+LR,source_test,下订单后一直不送，一小时后显示订单已完成！可是根本没有送啊。,0,0.454414,0,1
E0-lite: source TF-IDF+LR,source_test,"番茄酱没有,鸡块蘸酱也没有给,吸管也没有给,这次差评（︶︿︶）,！",0,0.444442,0,1
E0-lite: source TF-IDF+LR,source_test,每一样的很喜欢！会继续光顾哒,1,0.509646,1,1
E0-lite: source TF-IDF+LR,source_test,辛苦了，速度快~~~,1,0.532743,1,1
E0-lite: source TF-IDF+LR,source_test,把那个送外卖的废了吧，这么懒找借口不送到楼下，什么态度么,0,0.467514,0,1
E0-lite: source TF-IDF+LR,source_test,饺子皮太硬，有种没熟的感觉；厥根粉太甜；干煸四季豆放了那么多辣椒，一点辣味都没有；尖叫豆皮太咸，真是很不满意。,0,0.466251,0,1
E0-lite: source TF-IDF+LR,source_test,订歺后2小时才到,0,0.461958,0,1
E0-lite: source TF-IDF+LR,source_test,太好吃了，好吃哭了，太感动了。色香味俱全，爸妈很喜欢。,1,0.508481,1,1
E0-lite: source TF-IDF+LR,source_test,不愧是宇宙卷饼，送餐慢到宇宙外了，商家电话永远在通话中和关机中间，好不容易打通一次，结果给挂断了，差评！强烈要求这样的商家撤出百度外卖！,0,0.469389,0,1
E0-lite: source TF-IDF+LR,source_test,快递小哥以后继续加速啊，加油,1,0.528011,1,1
E0-lite: source TF-IDF+LR,source_test,好就一个字,1,0.478913,0,0
E0-lite: source TF-IDF+LR,source_test,速度快好多！,1,0.532261,1,1
E0-lite: source TF-IDF+LR,source_test,包装赞，送的也算快了。味道也很不错。,1,0.542634,1,1
E0-lite: source TF-IDF+LR,source_test,配送服务极其慢，从订餐到吃到东西，几乎用了2个小时，什么破玩意，再也不吃了！！！！,0,0.432072,0,1
E0-lite: source TF-IDF+LR,source_test,好好好！赞赞赞！态度好速度快！,1,0.54405,1,1
E0-lite: source TF-IDF+LR,source_test,从来不给人家差评不是撒麻酱就是要俩给一个。今天麻酱都给撒了,0,0.467994,0,1
E0-lite: source TF-IDF+LR,source_test,送餐很及时,1,0.514386,1,1
E0-lite: source TF-IDF+LR,source_test,提拉米苏同之前相比只有半个～而且还晚了45分钟～,0,0.473567,0,1
E0-lite: source TF-IDF+LR,source_test,味道还不错，稍微淡一点，下次还是选京酱肉丝吧,1,0.547565,1,1
E0-lite: source TF-IDF+LR,source_test,真心的觉得这个虾不好，都想吐了。虾肉不新鲜，虾肉一拔，虾肉就变成泥，肉质非常不好,0,0.482845,0,1
E0-lite: source TF-IDF+LR,source_test,送的还算快，但是肥肉太多，吃得有点恶心。皮蛋瘦肉粥一般般。总体一般般。,0,0.475964,0,1
E0-lite: source TF-IDF+LR,source_test,"第一次点的时候,送餐慢，服务态度不好，隔了好久，在看评论都说送餐慢，我也很犹豫，不过抱着侥幸赌运气的成分在里面，试着又点了一次，没想到送餐速度跟我预定的时间刚好，菜也好吃。完美。满分。",1,0.491757,0,0
E0-lite: source TF-IDF+LR,source_test,味道很好，本人味口小，剩了一些第二天吃了，还那么劲道。,1,0.523745,1,1
E0-lite: source TF-IDF+LR,source_test,好难吃啊，鸡块的油味道好大，面坨了，很难吃，就把煎蛋吃了，其他都扔了,0,0.473674,0,1
E0-lite: source TF-IDF+LR,source_test,这鱼头也太难吃了！米饭就装了半个盒子，是有多抠门？,0,0.45733,0,1
E0-lite: source TF-IDF+LR,source_test,送餐难倒是黑社会老大？太牛逼了,0,0.50014,1,0
E0-lite: source TF-IDF+LR,source_test,菜太咸啦！,0,0.491014,0,1
E0-lite: source TF-IDF+LR,source_test,鱿鱼饭送错了，送来的是辣白菜五花肉,0,0.466119,0,1
E0-lite: source TF-IDF+LR,source_test,送的太慢了，菜都凉了。,0,0.432915,0,1
E0-lite: source TF-IDF+LR,source_test,"这是红烧豆角啊,还红烧肉呢,什么啊",0,0.475967,0,1
E0-lite: source TF-IDF+LR,source_test,牛肉太老了,0,0.488317,0,1
E0-lite: source TF-IDF+LR,source_test,送餐慢'菜和粥都咸,0,0.486924,0,1
E0-lite: source TF-IDF+LR,source_test,吃了很多次,1,0.491614,0,0
E0-lite: source TF-IDF+LR,source_test,以前几乎天天吃，现在调料什么都不放，,0,0.475391,0,1
E0-lite: source TF-IDF+LR,source_test,味道有点淡,1,0.550915,1,1
E0-lite: source TF-IDF+LR,source_test,米饭忘记，餐具只给一套。极其不认真，辛苦快递员！,0,0.509773,1,0
E0-lite: source TF-IDF+LR,source_test,已是他家老客户，味道正宗，饺子料包齐全，以后最好能出台一个单份饺子套餐更好,1,0.491553,0,0
E0-lite: source TF-IDF+LR,source_test,最近迷恋金桔柠檬茶啊！,1,0.494738,0,0
E0-lite: source TF-IDF+LR,source_test,"口味适合比较清淡的人,南瓜粥还好,就是没放糖,喜欢甜的需要和卖家说",1,0.515107,1,1
E0-lite: source TF-IDF+LR,source_test,少，皮厚，果然只值一块,0,0.483982,0,1
E0-lite: source TF-IDF+LR,source_test,好吃！给力！,1,0.549513,1,1
E0-lite: source TF-IDF+LR,source_test,比预定时间晚了半小时,0,0.460659,0,1
E0-lite: source TF-IDF+LR,source_test,吃了牛肉，鸡肉和肘子，最后结论还是肘子好吃～,1,0.489116,0,0
E0-lite: source TF-IDF+LR,source_test,"难吃死了,特别难吃",0,0.451345,0,1
E0-lite: source TF-IDF+LR,source_test,好吃好吃赞赞！,1,0.557434,1,1
E0-lite: source TF-IDF+LR,source_test,快递小哥很快就送到了！赞！水煮牛肉肉质鲜嫩，辣的恰到好处，也很入味。不错，挺好吃的！,1,0.562513,1,1
E0-lite: source TF-IDF+LR,source_test,配送超快，态度很好！饭菜可口！,1,0.54932,1,1
E0-lite: source TF-IDF+LR,source_test,还不错，绿茶还是个人喝不惯。。。奶茶给赞,1,0.533638,1,1
E0-lite: source TF-IDF+LR,source_test,都很好吃而且送的特别快！非常感谢！,1,0.559378,1,1
E0-lite: source TF-IDF+LR,source_test,很好吃的饭跟芝士土豆球。就是速度有点慢。,1,0.563486,1,1
E0-lite: source TF-IDF+LR,source_test,汤洒了些，量不错不过洒了弄得袋子有些脏。鸡蛋非常好吃！,1,0.54647,1,1
E0-lite: source TF-IDF+LR,source_test,很好吃，分量足,1,0.574033,1,1
E0-lite: source TF-IDF+LR,source_test,送菜太慢。等了快仨小时，电话打了好几个。饿的不行了。以后打死也不订这家的了。,0,0.447069,0,1
E0-lite: source TF-IDF+LR,source_test,好吃！终于让我吃上了！,1,0.512078,1,1
E0-lite: source TF-IDF+LR,source_test,一如既往的的快，好吃。。。。真棒,1,0.514046,1,1
E0-lite: source TF-IDF+LR,source_test,菜还不错，米饭有股烟味、糊味,0,0.537381,1,0
E0-lite: source TF-IDF+LR,source_test,"鱼香肉丝的最好吃了,四川口味的",1,0.503294,1,1
E0-lite: source TF-IDF+LR,source_test,好吃！送餐时间准！赞！,1,0.510746,1,1
E0-lite: source TF-IDF+LR,source_test,桔梗太难吃了拌饭一般,0,0.449917,0,1
E0-lite: source TF-IDF+LR,source_test,红烧牛肉肉不多。都是青笋,0,0.482043,0,1
E0-lite: source TF-IDF+LR,source_test,很贴心，汤和馄饨分开装了,1,0.492387,0,0
E0-lite: source TF-IDF+LR,source_test,金枪鱼焗饭深得我心,1,0.494543,0,0
E0-lite: source TF-IDF+LR,source_test,我能说订你家餐都送餐超时吗？我也是醉了,0,0.473258,0,1
E0-lite: source TF-IDF+LR,source_test,菜量非常少，是给小孩准备的吗？？,0,0.484656,0,1
E0-lite: source TF-IDF+LR,source_test,一级棒，味道和送餐速度都很好。,1,0.553377,1,1
E0-lite: source TF-IDF+LR,source_test,"盛包子的饭盒太小了,而且下次要铺上什么以防包子粘饭盒底,汤包全漏了",1,0.478013,0,0
E0-lite: source TF-IDF+LR,source_test,非常准时！！！鸡肉的很好吃,1,0.543367,1,1
E0-lite: source TF-IDF+LR,source_test,"挺好的,挺好喝的,不错",1,0.539288,1,1
E0-lite: source TF-IDF+LR,source_test,送餐快，pizza味道也不错！,1,0.542484,1,1
E0-lite: source TF-IDF+LR,source_test,一般，很一般,0,0.46024,0,1
E0-lite: source TF-IDF+LR,source_test,这种口味怎么有信心开店的，不改变就等着倒闭吧,0,0.479912,0,1
E0-lite: source TF-IDF+LR,source_test,"这次我可要评价了，要了一个牛肉汤,要了一个大酱汤,结果,回来都是半份,气死我了,我还要下楼继续买别的吃的，因为根本不够了。花了54,还吃不饱。垃圾最后一次吃。",0,0.452169,0,1
E0-lite: source TF-IDF+LR,source_test,鳕鱼少了两块，每次都是五块,0,0.483497,0,1
E0-lite: source TF-IDF+LR,source_test,又一次没筷子，不过快递员服务很好，只能说店家太不细致了。味道也很一般,0,0.520847,1,0
E0-lite: source TF-IDF+LR,source_test,第一次忘送粥了,0,0.483208,0,1
E0-lite: source TF-IDF+LR,source_test,送餐比较慢，味道还行,0,0.507796,1,0
E0-lite: source TF-IDF+LR,source_test,长豆角注明不要辣，还是有辣。其他的还行,0,0.488084,0,1
E0-lite: source TF-IDF+LR,source_test,到家进门在百度外卖订餐，一会儿功夫，送货员就送到了热腾腾的饺子，大风下雨的天气，饺子就酒，太美啦,1,0.491397,0,0
E0-lite: source TF-IDF+LR,source_test,外送的总是跟店里吃差很远，,0,0.482268,0,1
E0-lite: source TF-IDF+LR,source_test,很好很满意！,1,0.534264,1,1
E0-lite: source TF-IDF+LR,source_test,非常快！配送员也特别好……,1,0.539263,1,1
E0-lite: source TF-IDF+LR,source_test,什么破海鲜炒饭就放了几块鱿鱼绿豆鸡蛋很难吃一点味道都没有还29元,0,0.453427,0,1
E0-lite: source TF-IDF+LR,source_test,里面的汤撒了,0,0.483417,0,1
E0-lite: source TF-IDF+LR,source_test,总感觉肉有点臭臭的,0,0.506521,1,0
E0-lite: source TF-IDF+LR,source_test,味道不错，品质依旧，不错,1,0.602539,1,1
E0-lite: source TF-IDF+LR,source_test,煎饼很好吃，豆腐脑一般，没放香菜和辣椒，味道差了一点，炸茄盒里面的肉馅没味道，知道靠着外面一点椒盐的味道，还有改进空间。,0,0.514191,1,0
E0-lite: source TF-IDF+LR,source_test,送餐员很礼貌，很快！好评,1,0.543254,1,1
E0-lite: source TF-IDF+LR,source_test,"东西挺好吃,就是送的太慢",0,0.510136,1,0
E0-lite: source TF-IDF+LR,source_test,"没别的,酱太多,难吃",0,0.471701,0,1
E0-lite: source TF-IDF+LR,source_test,卷饼很实在，京酱肉丝都是瘦肉。南瓜粥一般。,1,0.487372,0,0
E0-lite: source TF-IDF+LR,source_test,"好吃,就是贵",1,0.537686,1,1
E0-lite: source TF-IDF+LR,source_test,送的特别慢，服务态度不好,0,0.497426,0,1
E0-lite: source TF-IDF+LR,source_test,很快，好吃，味道足，量大,1,0.583921,1,1
E0-lite: source TF-IDF+LR,source_test,"配送很快,就是要了发票但商家没给",1,0.511815,1,1
E0-lite: source TF-IDF+LR,source_test,看到来送外卖的大叔疲倦的样子，真是各行各业都不容易，国家何时能让大家共同富裕起来，至少别等级差距这么悬殊。有的人好吃懒做贪污受贿穷凶恶极却位居高位。人民代表代表不了人民。底层社会的真相他们毫不知情。,1,0.487915,0,0
E0-lite: source TF-IDF+LR,source_test,少给了一根烤肠要的两根只给了一根,0,0.474978,0,1
E0-lite: source TF-IDF+LR,source_test,还行吧，偶尔吃一下还可以,1,0.491874,0,0
E0-lite: source TF-IDF+LR,source_test,这家的特点不是菜量大吗……上次给了很多很多…两个餐盒…这次餐盒小了，还就一盒…心情相当不爽,0,0.474509,0,1
E0-lite: source TF-IDF+LR,source_test,"特意备注写了不吃辣,。送来一层红油,看来还特意加了辣",0,0.487765,0,1
E0-lite: source TF-IDF+LR,source_test,送的挺快，点了一个bbq团餐，一个皇堡，结果送了2个皇堡，说好的bbq呢？着急出门，老公说咱们还是当回好人吧！虽然没去投诉，但我还是要在评价里说一下,0,0.464341,0,1
E0-lite: source TF-IDF+LR,source_test,"太少了。。。根本没吃饱,20元才12个饺子。。。",0,0.456108,0,1
E0-lite: source TF-IDF+LR,source_test,牛肉汉堡超级棒,1,0.501732,1,1
E0-lite: source TF-IDF+LR,source_test,好吃！以后常订！,1,0.535073,1,1
E0-lite: source TF-IDF+LR,source_test,送到之后面基本不能吃了,0,0.472893,0,1
E0-lite: source TF-IDF+LR,source_test,送餐太慢等一个半小时,0,0.432742,0,1
E0-lite: source TF-IDF+LR,source_test,量挺大的，送餐也及时，就是同事说肉吃着有些不一样。。。,0,0.499842,0,1
E0-lite: source TF-IDF+LR,source_test,给三星是因为送餐很快，但是美式都已经洒了很多，杯子外面都是咖啡,0,0.509549,1,0
E0-lite: source TF-IDF+LR,source_test,很准时，味道不错，不过还是没有现场吃好吃……送餐师傅辛苦了！,1,0.575053,1,1
E0-lite: source TF-IDF+LR,source_test,肉卷料很足，粥量有点少，送餐较快。,1,0.517988,1,1
E0-lite: source TF-IDF+LR,source_test,和传说中的一样，就是分店少了点，多开些分店，好在北京大部分地方都能吃到。,1,0.505056,1,1
E0-lite: source TF-IDF+LR,source_test,我的肘子卷变成了香菇卷。皮蛋粥变成了南瓜粥。。不太合适吧....,0,0.482096,0,1
E0-lite: source TF-IDF+LR,source_test,个人觉得和汉拿山差多啦！送的时候已经让人觉得没什么胃口了！,0,0.473268,0,1
E0-lite: source TF-IDF+LR,source_test,菜很好吃，不过最好别吃带汤的，因为送过来时会变软好多，味道还是不错的,1,0.548869,1,1
E0-lite: source TF-IDF+LR,source_test,商家因为某个东西售完直接取消了订单，就不能提前打个电话么，白等了半小时。,1,0.451814,0,0
E0-lite: source TF-IDF+LR,source_test,汤多些面少些更好。,1,0.505635,1,1
E0-lite: source TF-IDF+LR,source_test,这个菜也太难吃了，四季豆老的不行,0,0.452284,0,1
E0-lite: source TF-IDF+LR,source_test,太难吃了，吃到最后碗底有蟑螂，恶心死了,0,0.45114,0,1
E0-lite: source TF-IDF+LR,source_test,都好喝。烤珍珠尤其好喝,1,0.516885,1,1
E0-lite: source TF-IDF+LR,source_test,又快又好！！！,1,0.490595,0,0
E0-lite: source TF-IDF+LR,source_test,忘给筷子了…,0,0.485434,0,1
E0-lite: source TF-IDF+LR,source_test,里面有两根头发，差评，,0,0.475504,0,1
E0-lite: source TF-IDF+LR,source_test,比想象的高大上好多啊…很好吃。,1,0.553371,1,1
E0-lite: source TF-IDF+LR,source_test,实在是太慢了，等了一个半小时。菜都凉了，锅包肉凉了还能吃吗？,0,0.417894,0,1
E0-lite: source TF-IDF+LR,source_test,味道很好，分量足，好好吃,1,0.573147,1,1
E0-lite: source TF-IDF+LR,source_test,小炒肉卷饼好辣~,1,0.500388,1,1
E0-lite: source TF-IDF+LR,source_test,又慢又不好吃。。。谁订坑谁,0,0.475295,0,1
E0-lite: source TF-IDF+LR,source_test,还可以！非得写十个字吗？操蛋,1,0.488779,0,0
E0-lite: source TF-IDF+LR,source_test,送餐很快，但是太咸了。还是去店里的炖肉套餐好吃，外卖部划算。,0,0.522188,1,0
E0-lite: source TF-IDF+LR,source_test,五花肉泡菜饭里有两片肉，剩下都是泡菜，。。。呵呵，再见。。第一次也是最后一次订这家,0,0.4639,0,1
E0-lite: source TF-IDF+LR,source_test,还行，豆腐脑味道不行,1,0.509121,1,1
E0-lite: source TF-IDF+LR,source_test,牛肉蔬菜拌饭是辣的。不吃辣哎。这家还是宇宙饼最好吃。,1,0.498179,0,0
E0-lite: source TF-IDF+LR,source_test,这家店和百度外卖太配了，炒菜速度也快，送餐速度也快，全家都很满意，点了四个菜，宫保鸡丁、鱼香肉丝、酱茄子、酸辣土豆丝，土豆丝是面的，也挺好吃，其他几个菜品味道都不错，多吃了碗米饭，作为送餐能这样的效果超级知足了！还会再来！,1,0.532749,1,1
E0-lite: source TF-IDF+LR,source_test,配送很慢，味道一般一般,0,0.46432,0,1
E0-lite: source TF-IDF+LR,source_test,骑士太给力了，送餐快，直接到门口,1,0.513964,1,1
E0-lite: source TF-IDF+LR,source_test,百度骑士很好很快速送到了，这大雪天的百度骑士非常好，必须大赞,1,0.559007,1,1
E0-lite: source TF-IDF+LR,source_test,丽华饭量小了点,0,0.4976,0,1
E0-lite: source TF-IDF+LR,source_test,挺好的，也很快，好评！,1,0.557559,1,1
E0-lite: source TF-IDF+LR,source_test,东西好吃，包装也仔细，送餐很快！,1,0.56492,1,1
E0-lite: source TF-IDF+LR,source_test,极差评，百度你们的配送员太垃圾了。,0,0.478898,0,1
E0-lite: source TF-IDF+LR,source_test,披萨非常好吃,1,0.564657,1,1
E0-lite: source TF-IDF+LR,source_test,送来全洒了,0,0.475995,0,1
E0-lite: source TF-IDF+LR,source_test,都很不错，鸡翅略微有点咸，不过还能接受。,1,0.542642,1,1
E0-lite: source TF-IDF+LR,source_test,汤里有虫子，此生不买第二回,0,0.4921,0,1
E0-lite: source TF-IDF+LR,source_test,饼味道一般吧，很少的一碗粥。,1,0.473137,0,0
E0-lite: source TF-IDF+LR,source_test,太烂了，太无语了,0,0.466311,0,1
E0-lite: source TF-IDF+LR,source_test,太赞了～宇宙速度～10分钟就送到～,1,0.485843,0,0
E0-lite: source TF-IDF+LR,source_test,大牌就是靠谱!,1,0.505171,1,1
E0-lite: source TF-IDF+LR,source_test,大号卷饼太大。如果胃口比较大。推荐吃两个中。,1,0.494009,0,0
E0-lite: source TF-IDF+LR,source_test,一个半小时才送到，催单态度还不好！,0,0.428009,0,1
E0-lite: source TF-IDF+LR,source_test,餐也没收到！真心差,0,0.480547,0,1
E0-lite: source TF-IDF+LR,source_test,太少，太难吃！！！,0,0.452151,0,1
E0-lite: source TF-IDF+LR,source_test,很好吃很实惠～但有点不够吃，要是加送点当主食的饼就好了～,1,0.550302,1,1
E0-lite: source TF-IDF+LR,source_test,一般，量小，干净卫生,0,0.476036,0,1
E0-lite: source TF-IDF+LR,source_test,送餐小哥很细心,1,0.531524,1,1
E0-lite: source TF-IDF+LR,source_test,不能再赞了，我由于饿了让提前送了，居然20分钟就送来了，而且服务态度很好，送餐的打大叔态度也很好。重要的是食物好吃，我非常喜欢。好评全5分,1,0.52547,1,1
E0-lite: source TF-IDF+LR,source_test,这次的丸子做的没有味道！,0,0.482061,0,1
E0-lite: source TF-IDF+LR,source_test,一个半小时才给我送来，送到包子都凉了。,0,0.422095,0,1
E0-lite: source TF-IDF+LR,source_test,卷饼味道不错，值班人员服务很好，只是单点的南瓜粥酸了，竟然在热乎的感觉下以为是刚出锅的，喝完后小提了一下，值班人员一尝果然是馊了，退给我了单点的粥的费用，服务很好，只是不知道今晚上会不会拉肚子，好怕。,0,0.538704,1,0
E0-lite: source TF-IDF+LR,source_test,炒米条撒了一口袋，这是干什么呢？超时前2分钟到了，气人玩呢是么？傻逼玩意,0,0.451538,0,1
E0-lite: source TF-IDF+LR,source_test,包装很好，味道也不错，如果再有点菜叶就更好了，都是肉吃到最后有点腻,1,0.552587,1,1
E0-lite: source TF-IDF+LR,source_test,碰到最差的店铺！餐点不送上楼。蛋糕没有冰袋，收到已经软化。味道也很糟，丝绒杯用的还是植物奶油。服务差。味道也差…,0,0.499695,0,1
E0-lite: source TF-IDF+LR,source_test,不错，速度快,1,0.580469,1,1
E0-lite: source TF-IDF+LR,source_test,老板态度非常好,1,0.531171,1,1
E0-lite: source TF-IDF+LR,source_test,没勺子没法喝粥,0,0.480493,0,1
E0-lite: source TF-IDF+LR,source_test,酸菜味道超棒，送餐速度也很快，辛苦快递师傅了！,1,0.563255,1,1
E0-lite: source TF-IDF+LR,source_test,配送超级慢，垃圾！配送超级慢，垃圾！,0,0.488409,0,1
E0-lite: source TF-IDF+LR,source_test,非常棒！好吃,1,0.553008,1,1
E0-lite: source TF-IDF+LR,source_test,特别贴心的骑士。服务超级赞,1,0.531234,1,1
E0-lite: source TF-IDF+LR,source_test,天气不好，师傅辛苦了,1,0.526298,1,1
E0-lite: source TF-IDF+LR,source_test,"我住在北京科技大学里面,不到500米距离送了1个半小时。菜基本凉了,而且洒了一半,弄得我手上,钱包上,桌子上全是油。做的再好吃也是差评",0,0.444433,0,1
E0-lite: source TF-IDF+LR,source_test,挺不错的~,1,0.546003,1,1
E0-lite: source TF-IDF+LR,source_test,"这次东西没少,但是为什么每次送来的汤都是凉的,昨天是勉强有点温度,今天我的是彻底凉的,你们是把剩的给我送来了么",0,0.454299,0,1
E0-lite: source TF-IDF+LR,source_test,这几天都在点，今儿给朋友点了几杯她们都赞不绝口！赞！,1,0.503494,1,1
E0-lite: source TF-IDF+LR,source_test,百度送货员非常快就送来了，就是商家不给筷子不太方便！,1,0.510672,1,1
E0-lite: source TF-IDF+LR,source_test,很好吃，总爱点他家的饭当工作餐。,1,0.567775,1,1
E0-lite: source TF-IDF+LR,source_test,很准时！口味很好，大爱可可小丸子,1,0.552142,1,1
E0-lite: source TF-IDF+LR,source_test,送餐员态度还是很好，迟到了一个小时，看在送餐员的份上，才没有计较，下次不会订这个了,0,0.47916,0,1
E0-lite: source TF-IDF+LR,source_test,菜挺多饭挺多就是牛肉丝质量一般,1,0.478066,0,0
E0-lite: source TF-IDF+LR,source_test,太慢了，不想说什么了…,0,0.430054,0,1
E0-lite: source TF-IDF+LR,source_test,百度台太便了，大赞,1,0.480829,0,0
E0-lite: source TF-IDF+LR,source_test,谢谢骑士谢谢店家谢谢骑士,1,0.529594,1,1
E0-lite: source TF-IDF+LR,source_test,难吃死了不会再来，最差劲的韩餐,0,0.465425,0,1
E0-lite: source TF-IDF+LR,source_test,送来的凉透透的了，两小时才来,0,0.438407,0,1
E0-lite: source TF-IDF+LR,source_test,"送餐超快,面不坨,味道好",1,0.535061,1,1
E0-lite: source TF-IDF+LR,source_test,送餐师傅人不错，不过菜很不好吃，量也不够,0,0.54324,1,0
E0-lite: source TF-IDF+LR,source_test,师傅很好，辛苦啦，这么冷的天,1,0.548146,1,1
E0-lite: source TF-IDF+LR,source_test,不错！虽然量有点少，但是很干净卫生,1,0.519965,1,1
E0-lite: source TF-IDF+LR,source_test,还好吧。肉倒是挺足的，就是皮儿有点干。皮蛋瘦肉粥好喝，但是碗送来的时候裂开了，很多都漏了，可惜。,1,0.496656,0,0
E0-lite: source TF-IDF+LR,source_test,里面有大块鸡肉和一点生菜，个人感觉不好吃，有点失望啊，饼挺大，不松软,0,0.490356,0,1
E0-lite: source TF-IDF+LR,source_test,"太慢了,量太少",0,0.452262,0,1
E0-lite: source TF-IDF+LR,source_test,"吃到了苍蝇,太恶心了",0,0.482765,0,1
E0-lite: source TF-IDF+LR,source_test,送餐块，肉夹馍还好，南瓜饼和三鲜补好。,0,0.510103,1,0
E0-lite: source TF-IDF+LR,source_test,什么情况？不是已经打电话说好了取消订单吗？还给不给退款了？能不能有点信誉,0,0.459358,0,1
E0-lite: source TF-IDF+LR,source_test,挺好吃！就是炸土豆丝写的是10元，不知道为什么结账时就变20元了，后来就没点～,1,0.483022,0,0
E0-lite: source TF-IDF+LR,source_test,菜量和堂食比实在是太少了！备注让多带2包辣酱也没带！,0,0.47406,0,1
E0-lite: source TF-IDF+LR,source_test,饭没有在店里好吃，差远了,0,0.505682,1,0
E0-lite: source TF-IDF+LR,source_test,为什么我定的两个鸡蛋，来的时候只有一个，我以为下面有呢，吃完了都没看见，谁偷吃了呢，所以不是满星评价，请商家勿要再犯类似的低级错误！！,1,0.451352,0,0
E0-lite: source TF-IDF+LR,source_test,蔬菜卷里全是土豆丝。。。相当于粮食，放很多绿叶蔬菜不是更符合蔬菜卷的名号吗？京酱肉丝一如既往的好吃。如果能吃肉之外摄入真正的蔬菜就好了,1,0.504236,1,1
E0-lite: source TF-IDF+LR,source_test,等了一个半小时。上面标价20，其实也就值几块钱，不知道是商家骗百度补助，还是百度联合商家欺骗消费者，反正很不值，以后不会再买了,0,0.442636,0,1
E0-lite: source TF-IDF+LR,source_test,特别特别好，谢谢，很好吃,1,0.581137,1,1
E0-lite: source TF-IDF+LR,source_test,喜欢。明天还会点。！！,1,0.496743,0,0
E0-lite: source TF-IDF+LR,source_test,使劲催还一个半小时才送到，煎饼和豆浆都凉了,0,0.423102,0,1
E0-lite: source TF-IDF+LR,source_test,送的早到了半个小时，味道很棒,1,0.489459,0,0
E0-lite: source TF-IDF+LR,source_test,百度外卖的袋子挺可爱的，送餐员服务也好。关键稻香村好吃！哈哈哈,1,0.526026,1,1
E0-lite: source TF-IDF+LR,source_test,图上有饮料，实际没有！,0,0.466302,0,1
E0-lite: source TF-IDF+LR,source_test,速度很快，饭菜都不错，就是不够辣,1,0.572588,1,1
E0-lite: source TF-IDF+LR,source_test,很好！份量很足，香干回锅肉里的萝卜干很好吃，每份饭还送了咖啡，谢谢！,1,0.566415,1,1
E0-lite: source TF-IDF+LR,source_test,嗯，纸袋比较高大上,1,0.500807,1,1
E0-lite: source TF-IDF+LR,source_test,"排骨不好吃～还都是色素～量少的可怜～58元的菜啊,只有七块排骨～一点味道没有～肉很干～坑死了！还招牌菜呢！真不怕砸了招牌！",0,0.470413,0,1
E0-lite: source TF-IDF+LR,source_test,很好吃，就是粥有点不满意。送外卖的小哥也不错,1,0.55713,1,1
E0-lite: source TF-IDF+LR,source_test,"送太慢！粥没一点味道,并也很干,只能说一般！",0,0.478265,0,1
E0-lite: source TF-IDF+LR,source_test,怎一个慢字了得,0,0.469584,0,1
E0-lite: source TF-IDF+LR,source_test,速度很快，东西也不错，赞一下,1,0.575034,1,1
E0-lite: source TF-IDF+LR,source_test,"难吃,差评,送了,整整两个小时，想发脾气,投诉，送餐员说跟餐厅不是一家，不想要可以,退了，气得人一点脾气都没有，差极了，以后再也不用了,妈蛋！！！！",0,0.409484,0,1
E0-lite: source TF-IDF+LR,source_test,吃第一口不错，越吃越咸，分量还是很足的，肉很多！,1,0.530412,1,1
E0-lite: source TF-IDF+LR,source_test,送餐快，我觉得挺好,1,0.523383,1,1
E0-lite: source TF-IDF+LR,source_test,味道还不错，包装也不错，套餐有皮蛋瘦肉粥和老醋花生，但是送餐时间实在是有点不能忍。。。望改进,0,0.529783,1,0
E0-lite: source TF-IDF+LR,source_test,基本上是素菜,0,0.489792,0,1
E0-lite: source TF-IDF+LR,source_test,"太难吃了,一定不能选他家",0,0.460282,0,1
E0-lite: source TF-IDF+LR,source_test,饭馆离家一站地，俩小时才送来，虽然冬至吃饺子的多，也太慢了。不过百度赔付逾时费了，确实没想到。,1,0.441725,0,0
E0-lite: source TF-IDF+LR,source_test,"饭都是生的！！！,能不能把饭做熟再送来！,全扔了！！,气死人！！",0,0.45707,0,1
E0-lite: source TF-IDF+LR,source_test,小菜是从市场随便买的，难吃死了，不忍心浪费吃了几口，结果又拉又吐,0,0.446576,0,1
E0-lite: source TF-IDF+LR,source_test,很快的速度就过来了,1,0.515782,1,1
E0-lite: source TF-IDF+LR,source_test,北京大雨，还能提前15分钟送到，煎饼豆浆豆腐脑还是温热的，很好，很感动，会继续回购,1,0.507578,1,1
E0-lite: source TF-IDF+LR,source_test,越来越难吃了，不会再吃了,0,0.445945,0,1
E0-lite: source TF-IDF+LR,source_test,一个多小时不说，还打了n个电话才找到，送餐员也太笨了！送过来饭都洒了，流了我一桌子，不给差评都对不起你们，完全没有没食欲了,0,0.424943,0,1
E0-lite: source TF-IDF+LR,source_test,"送货小哥人很好，只是送过来的咖啡我想说你们做的咖啡里是忘记加咖啡了吗？还是巧克力不要钱？完全和热巧克巧一个味道…,真是惨痛的经历。",0,0.496222,0,1
E0-lite: source TF-IDF+LR,source_test,非常棒。就是有点少，不够吃。,1,0.517832,1,1
E0-lite: source TF-IDF+LR,source_test,点了两个套餐，只给一份薯条,0,0.462781,0,1
E0-lite: source TF-IDF+LR,source_test,干净卫生送货快,1,0.504658,1,1
E0-lite: source TF-IDF+LR,source_test,一个多小时，好漫长，都凉了……,0,0.434896,0,1
E0-lite: source TF-IDF+LR,source_test,辣白菜太酸，卷饼辣椒直接卷进去，味道一般，南瓜粥比较适合口味，下次不再点了,0,0.483439,0,1
E0-lite: source TF-IDF+LR,source_test,不好吃，饺子不太熟，土豆除了辣味啥都没有，毛血旺更是史无前例的难吃。绝没有第二次了一颗星都不想给，不给无法提交！,0,0.449303,0,1
E0-lite: source TF-IDF+LR,source_test,不好吃好吗！！粥都冷了！！饼是微波炉加热了吧特别干！！,0,0.458601,0,1
E0-lite: source TF-IDF+LR,source_test,石锅拌饭量太少酱太多，吃着特别咸！,0,0.487012,0,1
E0-lite: source TF-IDF+LR,source_test,菜撒了一半，多用个塑料袋装弄结实点儿没多费劲吧,0,0.476827,0,1
E0-lite: source TF-IDF+LR,source_test,配送快很满意就是炒饭将有太多啦,1,0.508798,1,1
E0-lite: source TF-IDF+LR,source_test,竟然没有勺子，怎么喝汤？,0,0.453899,0,1
E0-lite: source TF-IDF+LR,source_test,"我明明注明不吃辣的，还是放了辣椒。都浪费了,很生气！！！",0,0.46832,0,1
E0-lite: source TF-IDF+LR,source_test,"简直太慢了,史上最慢啊,两公里的路还要打两次电话问在哪里,醉了",0,0.451214,0,1
E0-lite: source TF-IDF+LR,source_test,味道不错呀，鸡翅好吃！,1,0.584151,1,1
E0-lite: source TF-IDF+LR,source_test,菜少，口味一般,0,0.474652,0,1
E0-lite: source TF-IDF+LR,source_test,就一点牛肉酱一点味也没有，，太差了,0,0.448311,0,1
E0-lite: source TF-IDF+LR,source_test,味道还可以。,1,0.499234,0,0
E0-lite: source TF-IDF+LR,source_test,经常买这家的饺子，味道棒棒哒！,1,0.517058,1,1
E0-lite: source TF-IDF+LR,source_test,送的特别快,1,0.509441,1,1
E0-lite: source TF-IDF+LR,source_test,接线员的服务态度差，都不敢打电话咨询了，其他方面很好,0,0.49026,0,1
E0-lite: source TF-IDF+LR,source_test,没有想像中好吃,0,0.502241,1,0
E0-lite: source TF-IDF+LR,source_test,肘子就是几块猪肉，光有情怀有啥用~,0,0.500303,1,0
E0-lite: source TF-IDF+LR,source_test,秘制凉皮怎么那么多油啊。。跟西二旗那家有点不一样。太油腻了。肉夹馍还可以。,0,0.471663,0,1
E0-lite: source TF-IDF+LR,source_test,送餐师傅很好，味道好极啦,1,0.571138,1,1
E0-lite: source TF-IDF+LR,source_test,速度挺快的。包子挺好吃，凉菜量太少！,1,0.535899,1,1
E0-lite: source TF-IDF+LR,source_test,我点的是拌饭。饭太少了,0,0.474622,0,1
E0-lite: source TF-IDF+LR,source_test,披萨很好，值得推荐，性价比很高，跟店里一样,1,0.523192,1,1
E0-lite: source TF-IDF+LR,source_test,锅包肉做的一点不好吃,0,0.475017,0,1
E0-lite: source TF-IDF+LR,source_test,很好吃，也很快，不错！,1,0.610285,1,1
E0-lite: source TF-IDF+LR,source_test,煎饼很好吃~,1,0.570713,1,1
E0-lite: source TF-IDF+LR,source_test,"不错,份量很足味道,也不错",1,0.549243,1,1
E0-lite: source TF-IDF+LR,source_test,饼快坏了，这次特别不好吃,0,0.479132,0,1
E0-lite: source TF-IDF+LR,source_test,"真是奇葩宇宙卷饼外送服务。说下这家的感受，一共点过三次此家的外卖。第一次点，早上十点半不到下单，下午两点硬是没吃上饭，期间催单无数次，打电话要么不通要么通了就说送餐员一直在路上马上送到，愣是被忽悠一大中午，无语。无奈只好把当天体验在评价里留言给予差评，结果晚上下班接到店家的电话，各种不容易，服务没做好等等道歉，OK咱们也不是蛮不讲理之人，创业做生意谁都不容易，也许当天真是店里忙不过来，你让我把差评删除没问题，也希望能有所改进。第二次点餐服务还是不错的，送餐只用了50分钟而且产品的包装和配送人员都不错.,第三次点餐，也就是今天，早上10:09下单，送餐员中午1:08拿着餐急急火火的进门，一句道歉的话没说，我问了句“你家怎么送餐这么慢，都三个小时了”，送餐小哥一脸不愿意的说中午就是这么忙，那还要不要？遂忿忿离去。我去真牛，感情你送餐晚，送不到怪我喽？送的慢你不知道提前电话沟通下吗，不打电话问你们，就装着没事人一样。得了，对这家也不抱什么希望了，宇宙卷饼就是这么霸气！",0,0.460638,0,1
E0-lite: source TF-IDF+LR,source_test,还可以吧。,0,0.50039,1,0
E0-lite: source TF-IDF+LR,source_test,很好吃，送餐大姐人很好，特别准时,1,0.586124,1,1
E0-lite: source TF-IDF+LR,source_test,饼真心不是我想吃的那样的,1,0.484499,0,0
E0-lite: source TF-IDF+LR,source_test,送餐小哥特别好，饭也不错,1,0.551611,1,1
E0-lite: source TF-IDF+LR,source_test,太他妈的慢了，早餐送过来吃成了中午饭，真够可以的,0,0.456008,0,1
E0-lite: source TF-IDF+LR,source_test,煎饼是我吃过的最好吃的煎饼，大个，重要的是没有一点没糊，油条非常低油，感觉很健康，味道也很好。抄手很够味，但调料稍微偏咸。豆腐脑很赞！很实，卤汁很解渴。椒盐双菇也不错。,1,0.542987,1,1
E0-lite: source TF-IDF+LR,source_test,人很好，菜也不错。很满意,1,0.553605,1,1
E0-lite: source TF-IDF+LR,source_test,"完全化了,奶油烂糟糟的",0,0.476728,0,1
E0-lite: source TF-IDF+LR,source_test,"慢,一次比一次慢,再也不定了",1,0.467695,0,0
E0-lite: source TF-IDF+LR,source_test,串串有油臭味，不知道是油的原因，外面那层肉不新鲜。希望提高食材质量。今天买的串都扔了。,0,0.467716,0,1
E0-lite: source TF-IDF+LR,source_test,"不错,送饭的哥们很给力",1,0.533069,1,1
E0-lite: source TF-IDF+LR,source_test,"快递师傅送的很快,给个赞",1,0.531018,1,1
E0-lite: source TF-IDF+LR,source_test,"非常干净,味道也合适,满意",1,0.531513,1,1
E0-lite: source TF-IDF+LR,source_test,够爽，好吃，一个人吃有点多,1,0.529043,1,1
E0-lite: source TF-IDF+LR,source_test,送歺太慢！,0,0.457325,0,1
E0-lite: source TF-IDF+LR,source_test,订餐这么久，第一次觉得送餐服务差到极点了，哎服了！,0,0.472598,0,1
E0-lite: source TF-IDF+LR,source_test,千叶豆腐里吃出一张破纸！！都粘在豆腐上了！恶心死了！,0,0.464451,0,1
E0-lite: source TF-IDF+LR,source_test,金银馒头不适合外送，金馒头一闷都软了,1,0.491196,0,0
E0-lite: source TF-IDF+LR,source_test,速度很快，服务好，稻香村食品也特别好吃。,1,0.582196,1,1
E0-lite: source TF-IDF+LR,source_test,"我的粥怎么没送过来。,赠送的饮料也没有。没有就不要写在订单了！玩呢？",0,0.428837,0,1
E0-lite: source TF-IDF+LR,source_test,"好难吃!,冷面是糠的，没吃过这么难吃的",0,0.460882,0,1
E0-lite: source TF-IDF+LR,source_test,无敌慢！！昨天2小时，今天依旧2个半小时都，居然还没送到,0,0.430597,0,1
E0-lite: source TF-IDF+LR,source_test,两个小时才到，饿昏了。不过还是很好吃的。,0,0.488433,0,1
E0-lite: source TF-IDF+LR,source_test,送饭炒鸡慢，以后不会再订了,0,0.46406,0,1
E0-lite: source TF-IDF+LR,source_test,"味道没问题,但是可能中午实在是太忙了,从11点多下订单到1点才送到………而且薏米水也没给配送,后来又补送的…貌似也没给吸管……这次外卖是最不满意的一次",0,0.451369,0,1
E0-lite: source TF-IDF+LR,source_test,漏了这次的评价，真心赞，非常非常棒,1,0.517335,1,1
E0-lite: source TF-IDF+LR,source_test,提前一个多小时订的，结果晚了18分钟，就看地图我的饭跟着送饭大叔这个到处跑呀！到了红薯都塌了，还嘭嘭脆什么呀！,0,0.438347,0,1
E0-lite: source TF-IDF+LR,source_test,有点咸。八宝菜更咸(>﹏<),1,0.51107,1,1
E0-lite: source TF-IDF+LR,source_test,很快很好很快很好吃,1,0.638617,1,1
E0-lite: source TF-IDF+LR,source_test,送的挺快，半小时吧就到了，但是味道不太好吃,0,0.509494,1,0
E0-lite: source TF-IDF+LR,source_test,"配送员差劲,态度恶劣,找不着路,还说脏话,菌菇汤要自己拿开水泡,下次不买了",0,0.490998,0,1
E0-lite: source TF-IDF+LR,source_test,不错不错，味道可以！速度也还可以,1,0.584988,1,1
E0-lite: source TF-IDF+LR,source_test,"送餐超慢，晚了一个多小时，催了三次,菜品油太大，除了汤还行，其他的都糊嘴,并且，说好了满100送大可乐，特意凑的单，结果送到了说没拿，打电话到店里结果接了之后说查一下给我回电话，然后就没有消息了",0,0.425634,0,1
E0-lite: source TF-IDF+LR,source_test,我的卤鸡蛋呢,0,0.482166,0,1
E0-lite: source TF-IDF+LR,source_test,买了一份拉面都没有餐具呀怎么吃,1,0.449135,0,0
E0-lite: source TF-IDF+LR,source_test,挺好吃，不过有一点咸,1,0.528077,1,1
E0-lite: source TF-IDF+LR,source_test,这个披萨好肉啊,1,0.487469,0,0
E0-lite: source TF-IDF+LR,source_test,咖啡全洒了……送餐员态度很差……,0,0.492,0,1
E0-lite: source TF-IDF+LR,source_test,等了好久好久，白菜变豆腐丝了，好郁闷,0,0.486831,0,1
E0-lite: source TF-IDF+LR,source_test,挺不错的，每个饺子一个格子放的很方便不会黏在一起,1,0.510558,1,1
E0-lite: source TF-IDF+LR,source_test,觉得很好，味道不会很重很油腻，肯定不是地沟油。,1,0.544527,1,1
E0-lite: source TF-IDF+LR,source_test,不知道是送错了还是本来就分量少，我这个大份的，特别小。。,0,0.475593,0,1
E0-lite: source TF-IDF+LR,source_test,煎饼送过来都软，凉了。。。豆花也冷了。。请问我应该如何评价？,0,0.458476,0,1
E0-lite: source TF-IDF+LR,source_test,十点多点的，快两点才到，这速度，也是醉了。以后吧不会再买。,0,0.468025,0,1
E0-lite: source TF-IDF+LR,source_test,"两个字，恶心。蛋太生，沙拉竟然给我一包番茄酱，香肠和土豆泥都没有酱汁，那么干怎么吃？,总之和第一次相比差很远",0,0.441837,0,1
E0-lite: source TF-IDF+LR,source_test,"都冷掉了,皮都軟掉了,可能還是得去店裡吃",0,0.480569,0,1
E0-lite: source TF-IDF+LR,source_test,"好几次了,菜都有点凉了",0,0.493752,0,1
E0-lite: source TF-IDF+LR,source_test,不错，肉很多，包装也挺干净,1,0.552045,1,1
E0-lite: source TF-IDF+LR,source_test,味道很好，米饭软硬也刚刚好。,1,0.550473,1,1
E0-lite: source TF-IDF+LR,source_test,配送非常迅速態度非常好给个赞,1,0.545343,1,1
E0-lite: source TF-IDF+LR,source_test,订单上有饮料，送来的却没有.菜一般，送饭一个小时左右,0,0.422809,0,1
E0-lite: source TF-IDF+LR,source_test,送的是在是太慢了,0,0.467165,0,1
E0-lite: source TF-IDF+LR,source_test,瞬间就送到了，冬天吃外卖好温馨,1,0.486433,0,0
E0-lite: source TF-IDF+LR,source_test,排骨咸的要命，简直没法吃。牛肉面更咸了。都可以飞上天了。再也不想吃第二次了。,0,0.462992,0,1
E0-lite: source TF-IDF+LR,source_test,好吃，量也大，值得推荐,1,0.537474,1,1
E0-lite: source TF-IDF+LR,source_test,太辣了。。不会再爱了,0,0.465107,0,1
E0-lite: source TF-IDF+LR,source_test,说了三遍加奶油，还是忘了，好难喝,0,0.482308,0,1
E0-lite: source TF-IDF+LR,source_test,百度骑士特别给力，奶茶是经典大家都爱喝。,1,0.530289,1,1
E0-lite: source TF-IDF+LR,source_test,"太慢了,每次一个小时以上",1,0.425168,0,0
E0-lite: source TF-IDF+LR,source_test,时间提前太多，到吃饭的点都凉了，希望下次改善，量有些少，再增加点就好了,0,0.481248,0,1
E0-lite: source TF-IDF+LR,source_test,"很不错,很好吃",1,0.592808,1,1
E0-lite: source TF-IDF+LR,source_test,比想象中快多了～赞一个,1,0.503053,1,1
E0-lite: source TF-IDF+LR,source_test,商家没有给赠送的饮料,0,0.465796,0,1
E0-lite: source TF-IDF+LR,source_test,不错～很好！！点了两份，中午下午都有了～,1,0.521613,1,1
E0-lite: source TF-IDF+LR,source_test,第一次吃没拌饭酱的拌饭..,0,0.48466,0,1
E0-lite: source TF-IDF+LR,source_test,鸭翅都坏了，还拿给客人，真是挣钱不要名誉啊。,0,0.471147,0,1
E0-lite: source TF-IDF+LR,source_test,芝士非常多,1,0.55222,1,1
E0-lite: source TF-IDF+LR,source_test,喜欢吃黄焖鸡，味道棒棒哒,1,0.530053,1,1
E0-lite: source TF-IDF+LR,source_test,差评！没见过比这更慢得外卖，差评！而且还难吃。！,0,0.464444,0,1
E0-lite: source TF-IDF+LR,source_test,不错，味道很好，提点小小建议，要是能配上点腌菜或者拌菜就很好了,1,0.592783,1,1
E0-lite: source TF-IDF+LR,source_test,半个小时就到了~而且很值喔~,1,0.465598,0,0
E0-lite: source TF-IDF+LR,source_test,简直太难吃了,0,0.461712,0,1
E0-lite: source TF-IDF+LR,source_test,10.40定的，11.50到的，真是服了气了，黄焖鸡吃的像红烧鸡块，不说了，绝对不在这里点了,0,0.453524,0,1
E0-lite: source TF-IDF+LR,source_test,送餐速度不错，食材太差，吃完嘴发麻，头晕晕的。以后再也不会吃了,0,0.497602,0,1
E0-lite: source TF-IDF+LR,source_test,菜味很棒，希望继续努力，支持你！,0,0.516904,1,0
E0-lite: source TF-IDF+LR,source_test,忘记说甜酱和辣酱多加了，呵呵，新款很不错，配菜丰富很好吃！！,1,0.572094,1,1
E0-lite: source TF-IDF+LR,source_test,接电话那女的态度差的像借她家米还她家糠似的，女鬼似的凄厉，打两次电话两次如此，一直去他家吃饭，订餐，发誓没有第二次,0,0.469151,0,1
E0-lite: source TF-IDF+LR,source_test,鸭头用的袋子居然还收包装费，速度太慢，打了两个电话还没找到，最后下楼自己取得,0,0.462656,0,1
E0-lite: source TF-IDF+LR,source_test,菜品还不错,1,0.548428,1,1
E0-lite: source TF-IDF+LR,source_test,非常快，非常好，没啥说的,1,0.564976,1,1
E0-lite: source TF-IDF+LR,source_test,"送了一个多小时,两点吃上的,有点夸张了吧",0,0.449453,0,1
E0-lite: source TF-IDF+LR,source_test,潜力股，你值得拥有,1,0.496028,0,0
E0-lite: source TF-IDF+LR,source_test,"味道不错,肉少点儿",1,0.575726,1,1
E0-lite: source TF-IDF+LR,source_test,好吃！！好吃！！！招牌菜醋溜木须！！！,1,0.498473,0,0
E0-lite: source TF-IDF+LR,source_test,一般，价格味道不成比…,0,0.500211,1,0
E0-lite: source TF-IDF+LR,source_test,时间有些长,0,0.485474,0,1
E0-lite: source TF-IDF+LR,source_test,非常好！！我家住六层，送餐人员直接就爬上来了送到家门口，态度特别好，辛苦！感谢！,1,0.531955,1,1
E0-lite: source TF-IDF+LR,source_test,"一个半小时诶。。。点了套餐,没带粥来,肉卷是凉的。心凉！",0,0.441368,0,1
E0-lite: source TF-IDF+LR,source_test,超级好喝，几乎老点…送餐员师傅态度很好！赞！,1,0.563295,1,1
E0-lite: source TF-IDF+LR,source_test,土豆泥以前很好吃的，不知为什么这次特别干？！,1,0.521543,1,1
E0-lite: source TF-IDF+LR,source_test,糖醋里脊不是很好吃，因为没有交汁儿！水煮肉还行，总的来说量很大！,0,0.533643,1,0
E0-lite: source TF-IDF+LR,source_test,送的挺快的，稍微有点腻,1,0.516994,1,1
E0-lite: source TF-IDF+LR,source_test,"服务好,速度快",1,0.546733,1,1
E0-lite: source TF-IDF+LR,source_test,川湘菜做成江浙沪菜，鱼香茄子是甜味,0,0.489662,0,1
E0-lite: source TF-IDF+LR,source_test,味道不错，还有手套送。送餐速度也挺快的，满意！,1,0.567345,1,1
E0-lite: source TF-IDF+LR,source_test,点了一份米线，单加了鹌鹑蛋、鸡纵菌、里脊肉、鸡肉片和云腿。除了两个鹌鹑蛋和一片云腿，其他单加的东西连影子都看不到，这么昧着良心挣钱真的好吗？真的不怕别人敲得后脊梁咚咚响吗？,0,0.461292,0,1
E0-lite: source TF-IDF+LR,source_test,配送很棒！很速度，服务也很好,1,0.551027,1,1
E0-lite: source TF-IDF+LR,source_test,肉很足，很香。中份的量也很大，足够吃了。不爱吃肉的慎点，肉多的吃得有点恶心了,1,0.510344,1,1
E0-lite: source TF-IDF+LR,source_test,送餐的大叔非常好,1,0.534282,1,1
E0-lite: source TF-IDF+LR,source_test,煎饼还行，红油抄手好多油啊…,1,0.495145,0,0
E0-lite: source TF-IDF+LR,source_test,这是石板烤牛肉，还是tm的石板烤粉丝？还不地拌饭的量大！失望至极！,0,0.482626,0,1
E0-lite: source TF-IDF+LR,source_test,速度很快，大雾霾天外卖骑士态度都很好，赞赞赞！,1,0.584389,1,1
E0-lite: source TF-IDF+LR,source_test,凉皮可以，肉夹馍真心不好吃,0,0.482705,0,1
E0-lite: source TF-IDF+LR,source_test,很好，很喜欢，希望出更多新口味。,1,0.548579,1,1
E0-lite: source TF-IDF+LR,source_test,"大拌菜完全就是坑爹的,再不来这家店了,坑爹,艹",0,0.488374,0,1
E0-lite: source TF-IDF+LR,source_test,为什么里面的饮料没有图片上有，送达没有，而且还贵了2块钱！,0,0.447669,0,1
E0-lite: source TF-IDF+LR,source_test,非常好，夏天正合适,1,0.565215,1,1
E0-lite: source TF-IDF+LR,source_test,送的很快，谢谢很准啊,1,0.544548,1,1
E0-lite: source TF-IDF+LR,source_test,送餐及时，味道不错～～优惠了好多～,1,0.564967,1,1
E0-lite: source TF-IDF+LR,source_test,快递员没送到最终目的地,0,0.4811,0,1
E0-lite: source TF-IDF+LR,source_test,"挺快的,好吃",1,0.530562,1,1
E0-lite: source TF-IDF+LR,source_test,"怎么回事啊,拿铁我要的是杏仁,上次还电话告知没有需不需要更换这次又随便打一杯普通的送来了",0,0.45047,0,1
E0-lite: source TF-IDF+LR,source_test,2个半小时还有啥说的，最后一次,0,0.451593,0,1
E0-lite: source TF-IDF+LR,source_test,挺好吃的。非常喜欢。,1,0.561316,1,1
E0-lite: source TF-IDF+LR,source_test,卤蛋点了没送！,0,0.475218,0,1
E0-lite: source TF-IDF+LR,source_test,味道挺好的，南瓜羹量太少,1,0.523403,1,1
E0-lite: source TF-IDF+LR,source_test,饺子没煮熟，还粘在一起了。茶树菇里都是辣椒。再不点他家的东西了！,0,0.46821,0,1
E0-lite: source TF-IDF+LR,source_test,还好，一般,0,0.492041,0,1
E0-lite: source TF-IDF+LR,source_test,这个价格肯定值,1,0.489866,0,0
E0-lite: source TF-IDF+LR,source_test,真的很难吃。。,0,0.470349,0,1
E0-lite: source TF-IDF+LR,source_test,一个半小时送到，粉都砣在一起了，很无语,0,0.444416,0,1
E0-lite: source TF-IDF+LR,source_test,送餐速度快，服务热情，大拌菜不错，整体好评,1,0.565839,1,1
E0-lite: source TF-IDF+LR,source_test,好吃非常好吃非常高兴,1,0.59239,1,1
E0-lite: source TF-IDF+LR,source_test,卷饼很实惠，粥里没糖,1,0.508316,1,1
E0-lite: source TF-IDF+LR,source_test,餐到的有点早，不知道味道咋样，还没次,1,0.488259,0,0
E0-lite: source TF-IDF+LR,source_test,羊杂味道超级正宗！最主要的是快递小哥特别好，特别贴心，还给拿了辣椒油，而且态度特别好，特别好，特别好！重要的事情要说三遍！,1,0.53434,1,1
E0-lite: source TF-IDF+LR,source_test,速度很快，时间刚刚好,1,0.565963,1,1
E0-lite: source TF-IDF+LR,source_test,送的有点慢，不过师傅很辛苦给5分吧,1,0.517964,1,1
E0-lite: source TF-IDF+LR,source_test,"非常好,服务棒极了下次还来",1,0.547447,1,1
E0-lite: source TF-IDF+LR,source_test,"一直很好的卷饼，但是这次拿到餐就觉得纸袋下面湿的，打开包装发现里面粥是倒的……,粥撒了……",1,0.503879,1,1
E0-lite: source TF-IDF+LR,source_test,很好吃，但是送餐有点儿慢,1,0.553486,1,1
E0-lite: source TF-IDF+LR,source_test,没有想象中的好吃,0,0.509855,1,0
E0-lite: source TF-IDF+LR,source_test,送餐不准时,0,0.512382,1,0
E0-lite: source TF-IDF+LR,source_test,时间太久了，米线到这里已经烂掉了，送餐太慢,0,0.445804,0,1
E0-lite: source TF-IDF+LR,source_test,消费已经满50元，可是没有赠霸王鸡条！而且点了薯条，没有给番茄酱！,0,0.453138,0,1
E0-lite: source TF-IDF+LR,source_test,好大一份啊，很好吃,1,0.558416,1,1
E0-lite: source TF-IDF+LR,source_test,十一点七分订餐一点送到。很牛逼的饭店，那么久没送过来想取消订单电话总是打不通。细品粗粮？？？饭店名貌似叫细品干锅辣鸭头。百度了他家另部座机能打通没人接…送来的餐盒还烂了～订餐的朋友们注意了啊……真心没田老师红烧肉份量多…个人意见,0,0.452017,0,1
E0-lite: source TF-IDF+LR,source_test,134分钟才送到，从楼上走下去，反而送餐员还急了，嫌我下楼慢,0,0.45223,0,1
E0-lite: source TF-IDF+LR,source_test,送餐比蜗牛还慢！晚了2个小时一辈子都不会在光顾,0,0.447178,0,1
E0-lite: source TF-IDF+LR,source_test,"晚送到就不说了,，鳕鱼还是辣的，屮艸芔茻！！",0,0.457463,0,1
E0-lite: source TF-IDF+LR,source_test,味道很好，菜量挺大，两人没吃完。,1,0.545365,1,1
E0-lite: source TF-IDF+LR,source_test,味道很好，送餐快,1,0.558391,1,1
E0-lite: source TF-IDF+LR,source_test,备注说了要皮蛋粥，给我南瓜粥,0,0.48928,0,1
E0-lite: source TF-IDF+LR,source_test,基本不给低评价，这次是真怒了。早8点一过就下单晚到30分钟以上也就罢了，还联系不上，也不打电话说，孩子饿的不停叫唤。最后送来要的传统早餐套配错了，就一杯豆浆和咸菜。油条和豆腐脑不知所踪。也没让再补，因为已经10点了再送来就是中午饭了。真心不愉快。,0,0.437946,0,1
E0-lite: source TF-IDF+LR,source_test,吃出了塑料纸，感觉真不爽,0,0.489013,0,1
E0-lite: source TF-IDF+LR,source_test,挺不错的，快递员找了好久才找到，很辛苦,1,0.535464,1,1
E0-lite: source TF-IDF+LR,source_test,太sb了，要的肘子送个鸡腿,0,0.468628,0,1
E0-lite: source TF-IDF+LR,source_test,一如既往的味道我喜欢的口味,1,0.522627,1,1
E0-lite: source TF-IDF+LR,source_test,面太硬，没有熟,0,0.457516,0,1
E0-lite: source TF-IDF+LR,source_test,"不知道黄家是没有薄脆的。。不爱吃，,肉松的不错",1,0.489752,0,0
E0-lite: source TF-IDF+LR,source_test,超好吃，最爱，棒棒哒，都不用自己出门,1,0.51776,1,1
E0-lite: source TF-IDF+LR,source_test,适饭量小的,0,0.49374,0,1
E0-lite: source TF-IDF+LR,source_test,全凉了，面都硬了。送的慢可以理解，大冷天没用保温箱还是奇葩的锡纸包装，没法放微波炉。,0,0.478425,0,1
E0-lite: source TF-IDF+LR,source_test,定了正一味的辣白菜，18元分量很少，没有米饭，味道一般,0,0.460527,0,1
E0-lite: source TF-IDF+LR,source_test,点了三个菜，师傅拿来六盒子，量很大的。千叶豆腐和包菜咸了点，鱼香肉丝咸淡刚刚好，口味很好，干净卫生，没想到这么好，还送了几颗山楂，希望品质会一直保持，还会再来滴。,1,0.520865,1,1
E0-lite: source TF-IDF+LR,source_test,感觉没有外婆家卷饼好吃,1,0.502178,1,1
E0-lite: source TF-IDF+LR,source_test,晚了一小时。。。也没半价呀,0,0.450128,0,1
E0-lite: source TF-IDF+LR,source_test,送餐员非常到位，速度也很快，到时餐还是热的。馅饼超好吃，炒饭也不错，就是有点淡，也许是我口味重吧。,1,0.585804,1,1
E0-lite: source TF-IDF+LR,source_test,要双面煎熟的鸡蛋结果备注不管用。,0,0.478739,0,1
E0-lite: source TF-IDF+LR,source_test,"等了一个小时,字数布丁",0,0.432715,0,1
E0-lite: source TF-IDF+LR,source_test,"猪肉,好吗,哎,不说啥了",0,0.492317,0,1
E0-lite: source TF-IDF+LR,source_test,骑士师傅辛苦了，大冷天的。,1,0.527879,1,1
E0-lite: source TF-IDF+LR,source_test,送餐快，非常好,1,0.551686,1,1
E0-lite: source TF-IDF+LR,source_test,很给力！价格便宜，好吃！,1,0.548821,1,1
E0-lite: source TF-IDF+LR,source_test,赞，师傅很辛苦，很好,1,0.552778,1,1
E0-lite: source TF-IDF+LR,source_test,味道还可以，量也挺足的。不过现在是用代金券和支付优惠，如果单论单品价格就比较高了,1,0.506995,1,1
E0-lite: source TF-IDF+LR,source_test,好吃，希望速度加快,1,0.550023,1,1
E0-lite: source TF-IDF+LR,source_test,味道不错，配菜有黄瓜、萝卜、蘑菇，,1,0.574548,1,1
E0-lite: source TF-IDF+LR,source_test,一般般，太腻,0,0.460679,0,1
E0-lite: source TF-IDF+LR,source_test,实惠、好吃！好慢啊……,0,0.528956,1,0
E0-lite: source TF-IDF+LR,source_test,今天的酱香鸡腿肉竟然是辣的，郁闷，本来的好吃多了,0,0.503779,1,0
E0-lite: source TF-IDF+LR,source_test,吃过最难吃的披萨和鱼香茄子，厨师自己肯定是不吃的,0,0.475132,0,1
E0-lite: source TF-IDF+LR,source_test,送餐很快，小菜很好吃,1,0.586543,1,1
E0-lite: source TF-IDF+LR,source_test,"很好,包装也很好",1,0.564921,1,1
E0-lite: source TF-IDF+LR,source_test,两个小时，醉了,0,0.432317,0,1
E0-lite: source TF-IDF+LR,source_test,换厨师了，完全不是那个味道了，咱家丸子能少搁面吗？,0,0.463881,0,1
E0-lite: source TF-IDF+LR,source_test,送得慢咱忍了，卷饼凉透了咱也忍了，尼玛劳资明明点的皮蛋瘦肉粥，是粥是粥是粥，送了个王老吉过来神马意思！！！好吧，就算太忙送错东西也可以理解，尼玛电话打不通，打不通，不通，这TM神马意思！！！到现在解释都没有一个，尼玛劳资现在一颗星也不想给。宇宙卷饼，差到不行，继续多说，影响心情。,0,0.454481,0,1
E0-lite: source TF-IDF+LR,source_test,太难吃了，梅菜扣肉是甜的，小炒肉也非常难吃，这是我第一次点他们家的，也是我最后一次点。业界良心，希望给各位参考,0,0.468788,0,1
E0-lite: source TF-IDF+LR,source_test,包装很用心，而且还送了手套，味道不错,1,0.545246,1,1
E0-lite: source TF-IDF+LR,source_test,垃圾，慢死了,0,0.476713,0,1
E0-lite: source TF-IDF+LR,source_test,觉得酱香更好吃,1,0.525422,1,1
E0-lite: source TF-IDF+LR,source_test,外卖，师傅都一级棒。师傅还主动帮忙帮我把垃圾带下去，太贴心了。,1,0.493671,0,0
E0-lite: source TF-IDF+LR,source_test,青城饭菜很好，配送服务也快！,1,0.546226,1,1
E0-lite: source TF-IDF+LR,source_test,服务态度很好。,1,0.545805,1,1
E0-lite: source TF-IDF+LR,source_test,"还行,送货挺快",0,0.507929,1,0
E0-lite: source TF-IDF+LR,source_test,送餐还是很快的，师傅特别客气，非常好,1,0.553962,1,1
E0-lite: source TF-IDF+LR,source_test,"超级不好吃,超级慢,打电话取消还不给我取消,一个多小时才到",0,0.441224,0,1
E0-lite: source TF-IDF+LR,source_test,送餐很快，服务态度很好，还会再来,1,0.566715,1,1
E0-lite: source TF-IDF+LR,source_test,每一款都喜欢！太久没吃过油条了！赞赞赞！,1,0.507328,1,1
E0-lite: source TF-IDF+LR,source_test,石锅拌饭量很小而且不好吃，蔬菜沙拉只有蔬菜连料包和沙拉酱都没有，完全没有味道。,0,0.465561,0,1
E0-lite: source TF-IDF+LR,source_test,"都在一个小区,给我送了一个半小时,即使11点送,也等了一个钟头,小炒肉名副其实的小,肉小而且少,照片上的大肉片是拿放大镜照的吧,多亏了我看评价,知道量少,又买份米,不然妥妥的又要买零食",0,0.429588,0,1
E0-lite: source TF-IDF+LR,source_test,"不错,第二次购买了,很喜欢",1,0.526395,1,1
E0-lite: source TF-IDF+LR,source_test,送餐很快，送餐人员很热情！～,1,0.534707,1,1
E0-lite: source TF-IDF+LR,source_test,"非常差,味道差,服务差,打电话过去服务员素质太低,没办法,素质一天教育不出来",0,0.506143,1,0
E0-lite: source TF-IDF+LR,source_test,真！的！太！难！吃！了！！！什么味都没有！！不知道为什么这么贵！！还不如去买个老北京！！！！,0,0.43888,0,1
E0-lite: source TF-IDF+LR,source_test,又没送餐具，非要让我们当原始人，上手抓啊？,0,0.48641,0,1
E0-lite: source TF-IDF+LR,source_test,真的是超级慢啊，以后不会再选了,0,0.473521,0,1
E0-lite: source TF-IDF+LR,source_test,今天菜品普遍反应较差，好几个同事一起订，结果都说很失望，特别是荤菜差太多，希望店家多考虑一下吃货们的感觉…期待下次就餐能有所改善，谢谢!,0,0.498927,0,1
E0-lite: source TF-IDF+LR,source_test,味道不错，只是点了青笋没送过来,1,0.547421,1,1
E0-lite: source TF-IDF+LR,source_test,太差劲了吧，同一个店，外卖包装居然相差那么多，昨天的饮料是罐装，今天是纸杯，昨天的餐盒是双层保温的，今天就单层，最过分的是，我点的芝士泡菜炒饭，结果只是泡菜炒饭，没看到一点芝士，味道也没有芝士味道，希望给我个能说得过去的理由。,0,0.469296,0,1
E0-lite: source TF-IDF+LR,source_test,太慢！！味道一般！！,0,0.44342,0,1
E0-lite: source TF-IDF+LR,source_test,太慢了等了1个多小时才送到,0,0.413219,0,1
E0-lite: source TF-IDF+LR,source_test,"菜很便宜,也很实惠,个人认为以后不会再定了",0,0.485954,0,1
E0-lite: source TF-IDF+LR,source_test,幸好有一瓶老干妈来拯救这份饭。肉少，米饭就跟泡水里一样。,0,0.469822,0,1
E0-lite: source TF-IDF+LR,source_test,送餐速度快，菜量很充足。,1,0.52812,1,1
E0-lite: source TF-IDF+LR,source_test,送来的时候，热气腾腾，第一次吃到这么可口的外卖,1,0.475826,0,0
E0-lite: source TF-IDF+LR,source_test,"肘子卷饼辣的挺爽,鸡肉卷真不错,快递员态度超好,赞",1,0.528569,1,1
E0-lite: source TF-IDF+LR,source_test,"不好吃,不是炒菜是咕嘟菜",0,0.481164,0,1
E0-lite: source TF-IDF+LR,source_test,很快很好。谢谢。辛苦了。,1,0.571541,1,1
E0-lite: source TF-IDF+LR,source_test,第二次买了，味道很好!,1,0.534016,1,1
E0-lite: source TF-IDF+LR,source_test,吃完到现在反胃，全部吐出来了,0,0.481819,0,1
E0-lite: source TF-IDF+LR,source_test,送餐及时，服务热情，美味,1,0.516695,1,1
E0-lite: source TF-IDF+LR,source_test,"送来的时候只送了一份，打电话过去补送了一份菜，没有米饭，催了好几次，都一个多小时了,米饭还没送来",0,0.425494,0,1
E0-lite: source TF-IDF+LR,source_test,味道太甜了～,1,0.543789,1,1
E0-lite: source TF-IDF+LR,source_test,冒雨送餐，感谢！,1,0.501937,1,1
E0-lite: source TF-IDF+LR,source_test,速度太慢，味道一般。,0,0.468117,0,1
E0-lite: source TF-IDF+LR,source_test,"皮太硬啦～,不好吃～",0,0.489106,0,1
E0-lite: source TF-IDF+LR,source_test,卷饼挺好～凉拌木耳味道不太对，可能天热有些坏了,1,0.527935,1,1
E0-lite: source TF-IDF+LR,source_test,里面加肉的有些腻，下次尝尝土豆丝的~~但是超级好吃~~,1,0.523144,1,1
E0-lite: source TF-IDF+LR,source_test,太惊喜了，刚订上就送来了，而且感觉比以前好吃了，包装盒也从圆的变成了方的，非常棒,1,0.484934,0,0
E0-lite: source TF-IDF+LR,source_test,我的饭送错了。,0,0.475579,0,1
E0-lite: source TF-IDF+LR,source_test,太差了！送的都是坏的！要求退了！太无语了！,0,0.455983,0,1
E0-lite: source TF-IDF+LR,source_test,等收到的时候，卤煮是温的，饼是凉的。速度慢。,1,0.475392,0,0
E0-lite: source TF-IDF+LR,source_test,"饭店给下错单了,少送了2份,并且态度非常不好,配送员态度非常好,希望改善一下饭店的服务态度",0,0.518251,1,0
E0-lite: source TF-IDF+LR,source_test,喜欢这个味,1,0.502565,1,1
E0-lite: source TF-IDF+LR,source_test,送餐可能没有看我标记的送餐时间，提前送来了，飘香肘子的很好吃,1,0.493791,0,0
E0-lite: source TF-IDF+LR,source_test,不好吃。分量少。送货太慢。,0,0.487908,0,1
E0-lite: source TF-IDF+LR,source_test,商家不负责，百度外卖也不负责，推来推去的！垃圾软件，赶紧黄了吧，不是一次两次了！到最后还不是我饿着肚子？钱到你们手里就不管了？,0,0.472015,0,1
E0-lite: source TF-IDF+LR,source_test,就是粥少了点,1,0.506657,1,1
E0-lite: source TF-IDF+LR,source_test,吸管都没有,0,0.449644,0,1
E0-lite: source TF-IDF+LR,source_test,科大这两步路送了一个多小时，啥也不说了，再也不见,0,0.421681,0,1
E0-lite: source TF-IDF+LR,source_test,味道很不错，快递也给力,1,0.575247,1,1
E0-lite: source TF-IDF+LR,source_test,餐盒很差劲，汁全撒了,0,0.480172,0,1
E0-lite: source TF-IDF+LR,source_test,送餐小哥服务太周到了,1,0.531471,1,1
E0-lite: source TF-IDF+LR,source_test,超快超靠谱，辛苦小哥了,1,0.531321,1,1
E0-lite: source TF-IDF+LR,source_test,"好吃,物美价廉,很快,服务态度好,好评",1,0.55506,1,1
E0-lite: source TF-IDF+LR,source_test,"送餐非常快,态度特别好,谢谢",1,0.546766,1,1
E0-lite: source TF-IDF+LR,source_test,送餐很慢，鸡肉腥味很重,0,0.492031,0,1
E0-lite: source TF-IDF+LR,source_test,3个小时10分钟，,0,0.451957,0,1
E0-lite: source TF-IDF+LR,source_test,订餐94分钟才送到，各种菜都没有，没有就不要接订单。,0,0.423913,0,1
E0-lite: source TF-IDF+LR,source_test,要了腊八蒜，没给,0,0.466444,0,1
E0-lite: source TF-IDF+LR,source_test,好吃，送的特别快，好评,1,0.556168,1,1
E0-lite: source TF-IDF+LR,source_test,"真的很棒,没啥说的了,嗯嗯,棒棒的",1,0.503301,1,1
E0-lite: source TF-IDF+LR,source_test,泡馍送到汤全没了。坨成一团没法吃。勾魂凉皮难吃至极佐料都没放什么味道都没有。除了辣什么味道也没有。不会再来买饭。贵品质差,0,0.445069,0,1
E0-lite: source TF-IDF+LR,source_test,非常快，没有肉，估计是不在正餐时间的原因,1,0.492543,0,0
E0-lite: source TF-IDF+LR,source_test,差评！！！实在不知道该说什么，事情太复杂，送餐人员一开始就打了一个电话，因为手机静音没有接到，马上就打回去了，结果说已经到别的学校了，好吧，那就等，结果期间又打了三个电话，还是晚了五十分钟送到了，总共等了将近两个小时。送到了也就没什么了，结果取餐的时候，我们还没说什么，送餐人员直接抢白，说因为我一开始没有接电话，他送了一圈饭，最后又回来我们这边。我们都能理解送餐人员的辛苦，可是您态度太不好了吧！说句凶残的话，怪我咯！！总之，任性，就三星！,0,0.421547,0,1
E0-lite: source TF-IDF+LR,source_test,送餐晚到半小时不说，还给弄翻一道菜，菜汤弄的哪都是，真是无语了。,0,0.454753,0,1
E0-lite: source TF-IDF+LR,source_test,点这家三次了，每次都把东西洒出来，让人怎么吃呢！,0,0.471777,0,1
E0-lite: source TF-IDF+LR,source_test,好吃，送货员很好，就是太大了，切开就好了,1,0.560869,1,1
E0-lite: source TF-IDF+LR,source_test,送餐太慢，导致粉都坨了,0,0.456269,0,1
E0-lite: source TF-IDF+LR,source_test,好评，送餐的小哥送的很快,1,0.520754,1,1
E0-lite: source TF-IDF+LR,source_test,味道很差，饭很油,0,0.50161,1,0
E0-lite: source TF-IDF+LR,source_test,准时到达，非常满意,1,0.52642,1,1
E0-lite: source TF-IDF+LR,source_test,饭菜不错，量足，但手机没信号就没接到电话，打电话过去服务员态度特别不好,0,0.500361,1,0
E0-lite: source TF-IDF+LR,source_test,包装精美，送餐及时，送餐员态度好。肉多味道好。,1,0.528782,1,1
E0-lite: source TF-IDF+LR,source_test,好吃哦，皮蛋粥也不错,1,0.538709,1,1
E0-lite: source TF-IDF+LR,source_test,东西味道还可以但是送餐送了俩小时非高峰时段这速度真无语,0,0.493332,0,1
E0-lite: source TF-IDF+LR,source_test,辣椒醋备注了都不给我，啥意思,0,0.466723,0,1
E0-lite: source TF-IDF+LR,source_test,太慢了……等了127分钟,0,0.448087,0,1
E0-lite: source TF-IDF+LR,source_test,13元的煎饼口味也不是很特别，送餐85分钟，距离1公里，不知道这服务以后怎么做外卖,0,0.476768,0,1
E0-lite: source TF-IDF+LR,source_test,"要了两份米饭，只给了一盒。,一份菜是侧着放的，菜汤流了一桌子。",0,0.463446,0,1
E0-lite: source TF-IDF+LR,source_test,米线没问题、可是送来汤全洒了、写了要带辣椒也没有带,0,0.459227,0,1
E0-lite: source TF-IDF+LR,source_test,"两个小时才送到,非常差,不会再定了",0,0.434995,0,1
E0-lite: source TF-IDF+LR,source_test,这次好快！第一次吃酱香鸡肉的，不过鸡肉还不是太入味儿啦，然后吃起来略干。,0,0.49515,0,1
E0-lite: source TF-IDF+LR,source_test,居然里面还有油炸蟑螂！！！请问怎么投诉！！是打消费者热线吗！！！,0,0.449684,0,1
E0-lite: source TF-IDF+LR,source_test,送餐费用怎么回事。要了我十块钱送餐费，大雨天的不差送餐员的确辛苦，但是能不能透明消费！,0,0.49356,0,1
E0-lite: source TF-IDF+LR,source_test,口味还好，就是送餐太慢,0,0.501299,1,0
E0-lite: source TF-IDF+LR,source_test,很划算，就是送的慢了点，送餐师傅可能新来的，对地形特别不熟,1,0.522287,1,1
E0-lite: source TF-IDF+LR,source_test,好喝好喝，超级喜欢这家的饮料，小哥送餐也很快,1,0.546927,1,1
E0-lite: source TF-IDF+LR,source_test,味道还行，但是送得好慢,1,0.491563,0,0
E0-lite: source TF-IDF+LR,source_test,什么都不想说了，什么玩意儿，再订这一家我宁愿吃翔,0,0.459065,0,1
E0-lite: source TF-IDF+LR,source_test,少我一个菜酸辣瓜条，投诉也没人理我,0,0.467841,0,1
E0-lite: source TF-IDF+LR,source_test,配送太慢，东西没收到，就被确认收到,0,0.466776,0,1
E0-lite: source TF-IDF+LR,source_test,调味料的味道太浓了，不是很喜欢,0,0.496618,0,1
E0-lite: source TF-IDF+LR,source_test,葱花饼好吃，一份不够吃有点。建议出大小份,1,0.518465,1,1
E0-lite: source TF-IDF+LR,source_test,色香味俱全，不错不错好吃好吃！！！,1,0.556595,1,1
E0-lite: source TF-IDF+LR,source_test,差评，点的螺丝竟然不给牙签，宫保鸡丁味道一般，快递联系不上,0,0.460569,0,1
E0-lite: source TF-IDF+LR,source_test,过油的都糊了，吃到嘴里一股子糊味,0,0.474641,0,1
E0-lite: source TF-IDF+LR,source_test,点了肘子拌饭和一份南瓜粥，送来时没有南瓜粥，打电话说给送过来，这都晚上了，还是没影，不给了就明说，不就6块钱吗,0,0.449205,0,1
E0-lite: source TF-IDF+LR,source_test,不要点番茄肥牛，因为里面没有肥牛，不要另加肥牛，因为另加也没有,0,0.455319,0,1
E0-lite: source TF-IDF+LR,source_test,加米不加，菜分量不足,0,0.498027,0,1
E0-lite: source TF-IDF+LR,source_test,守时守信！非常好的骑士,1,0.562955,1,1
E0-lite: source TF-IDF+LR,source_test,要的披萨和小吃拼盘，披萨送了45分钟，然后快递说小吃拼盘忘了拿了，我都在快递包里看到了，以为是别人的，后来又过了45分钟才来，拼盘是冷的。,0,0.468525,0,1
E0-lite: source TF-IDF+LR,source_test,菜真的很一般，还是店里吃好些,0,0.468482,0,1
E0-lite: source TF-IDF+LR,source_test,面都成一坨了，完全是一坨好吗,0,0.468416,0,1
E0-lite: source TF-IDF+LR,source_test,一般，速度很慢，慢，慢，无法想象的慢,0,0.486973,0,1
E0-lite: source TF-IDF+LR,source_test,送餐态度恶劣，非常非常不好,0,0.518709,1,0
E0-lite: source TF-IDF+LR,source_test,宫爆鸡丁太难吃了,0,0.461738,0,1
E0-lite: source TF-IDF+LR,source_test,"坛坛东坡肘子,好辣",1,0.495871,0,0
E0-lite: source TF-IDF+LR,source_test,时间有点长，都这么晚了~还很忙啊~我都快饿死了,0,0.474942,0,1
E0-lite: source TF-IDF+LR,source_test,还可以，附赠了手套和纸巾,0,0.502536,1,0
E0-lite: source TF-IDF+LR,source_test,飞一般的速度,1,0.490136,0,0
E0-lite: source TF-IDF+LR,source_test,只给一点点菜，比一份凉菜都少，根本不够，超级差评！没见过比他家给的菜再少的了！以后再也不买他家东西了！,0,0.457043,0,1
E0-lite: source TF-IDF+LR,source_test,"还是那个味道,都很喜欢",1,0.513606,1,1
E0-lite: source TF-IDF+LR,source_test,豆浆撒的有点儿严重……,1,0.509197,1,1
E0-lite: source TF-IDF+LR,source_test,承诺60分钟送到，从来没有做到过。汉堡和薯条都凉了，还能有什么味道？,0,0.443079,0,1
E0-lite: source TF-IDF+LR,source_test,今天的菜太淡了。,0,0.488588,0,1
E0-lite: source TF-IDF+LR,source_test,超级香，就是送到的时候稍稍有点凉了,1,0.497089,0,0
E0-lite: source TF-IDF+LR,source_test,"百度外卖，赞。,店家的包装要提高，都洒了！！！",1,0.478837,0,0
E0-lite: source TF-IDF+LR,source_test,饭没什么可说的，外送从取餐到送到用了40分钟，实际距离1公里左右，面条类的东西这样还能吃？,0,0.465414,0,1
E0-lite: source TF-IDF+LR,source_test,我要的是炒菜，结果送来的是盖饭！太不负责任了！,0,0.462727,0,1
E0-lite: source TF-IDF+LR,source_test,"发票又没给,不知道是派送员的问题还是店家的问题,已经投诉,希望百度公司加强管理,然后最让我震惊的是纯净水瓶已经被开了,你TM在逗我么？",0,0.462155,0,1
E0-lite: source TF-IDF+LR,target_test,@---iris--- 没听到[晕],0,0.494543,0,1
E0-lite: source TF-IDF+LR,target_test,想吃麻辣香锅，想吃酸辣粉，可是都不能吃[泪][泪],0,0.487038,0,1
E0-lite: source TF-IDF+LR,target_test,玩笑 玩笑 不要过于担心 哈哈//: [晕][晕][晕]意思就好了，兄弟们千万别整人！都是自己人捏！大老远过来！哈哈//: 三碗[哈哈]//: 三杯如何?阿聪肝颤了[嘻嘻] //:先来个下马酒 接风酒 哈哈//: 也算给你接个风[嘻嘻][嘻嘻] //,0,0.496259,0,1
E0-lite: source TF-IDF+LR,target_test,让你老实交代今晚行程，但是你没有！！[泪],0,0.44758,0,1
E0-lite: source TF-IDF+LR,target_test,宝小指甲长太快，刚剪完没几天又长了，随我还往尖了长，喂奶给我身上抓花瓜了[衰][衰],0,0.485372,0,1
E0-lite: source TF-IDF+LR,target_test,简体字毕竟写和认较为方便，不能一概否认。//：不该丢的都丢了~[衰] //：。,0,0.496223,0,1
E0-lite: source TF-IDF+LR,target_test,[飞机]捧场去??? //:?庄 是俺的第10000个粉丝，支持一下阳江程村生蚝！[鼓掌],1,0.490142,0,0
E0-lite: source TF-IDF+LR,target_test,[鼓掌]欢迎入住V12店[抱抱]好好享受您的丽江之旅[爱你][爱你][爱你],1,0.493907,0,0
E0-lite: source TF-IDF+LR,target_test,穿着红色衣服，骑一圈自行车，粘一身小腻虫，烦[哼][怒],0,0.495566,0,1
E0-lite: source TF-IDF+LR,target_test,今天生日，却发起38.3度高烧，我的＜泰坦尼克＞也不能看了，明天一定要补上~~![泪],0,0.467256,0,1
E0-lite: source TF-IDF+LR,target_test,今天又吃多了[抓狂]这劲爆的音乐配上如此的美味，实在无法抗拒啊！黑菌意大利米饭配烤奶酪片太香，南美烤牛尾配的那个黑豆泥太美，阿根廷牛腩卷里的蔬菜不要太好吃啊[馋嘴]期待甜品！对了，那瓶阿根廷红酒真心不错，现在已经飘飘然了！,0,0.504097,1,0
E0-lite: source TF-IDF+LR,target_test,其他可以忍~向sir这么帅你也让他挂？！[泪],0,0.485037,0,1
E0-lite: source TF-IDF+LR,target_test,你是说刘文彩吧[衰],0,0.494543,0,1
E0-lite: source TF-IDF+LR,target_test,有空带上家人朋友再来宁夏游历哦 别忘了沙湖[哈哈],1,0.508359,1,1
E0-lite: source TF-IDF+LR,target_test,你叫我来也没告诉我是录制现场！我都没打扮的貌美如花呀！还有个机位一直对着我！[抓狂][抓狂][抓狂][抓狂],0,0.473774,0,1
E0-lite: source TF-IDF+LR,target_test,【超级笑星微直播】2号选手衡小珍，刘文友两位老伙计亲密合作~不过小编偶想问~这是哪国的歌曲呀~ [衰]听的快晕咯~,0,0.509257,1,0
E0-lite: source TF-IDF+LR,target_test,汪汪在旅途找酒店落脚， 明天再来机场了[悲伤],0,0.501695,1,0
E0-lite: source TF-IDF+LR,target_test,我的奔驰在哪里??[抓狂],0,0.486003,0,1
E0-lite: source TF-IDF+LR,target_test,回复:有的！[哈哈] //:好地方啊。不带另一半去太可惜了。八人间有没有？我们一行八个人。,1,0.474168,0,0
E0-lite: source TF-IDF+LR,target_test,苛捐杂税猛于虎[衰],0,0.494543,0,1
E0-lite: source TF-IDF+LR,target_test,[衰]// :[伤心] // : 现在的警察战斗力不如当年我们宣传的国民党腐败警察 // :// :,0,0.488667,0,1
E0-lite: source TF-IDF+LR,target_test,//://:图让人心酸 。。。[泪]//:配图信息量太大了[生病],0,0.471861,0,1
E0-lite: source TF-IDF+LR,target_test,发现 网友 的探店分享：鲜芋仙(SOHO现代城店)产检又抽我的血[泪][哼]必须鲜芋仙甜品一个补起来[嘻嘻]哼哼～>>,0,0.483582,0,1
E0-lite: source TF-IDF+LR,target_test,这是什么状况[吃惊]//:把他从88楼摔下去[怒],0,0.475707,0,1
E0-lite: source TF-IDF+LR,target_test,青春，梦想，远航[good][鼓掌],1,0.494543,0,0
E0-lite: source TF-IDF+LR,target_test,等着看看。 //:确实白求恩[哈哈] //: 文章好文笔也好，看问题入幕三分，这么伟大的作者，他一定是得了斯伟江的真传！,1,0.506636,1,1
E0-lite: source TF-IDF+LR,target_test,三观要毁！！//: 毁童年[衰],0,0.461668,0,1
E0-lite: source TF-IDF+LR,target_test,台上的狗日的在培养仇人[衰] //:蠢！//: 将愚蠢进行到底[衰]//:当地有关部门如此愚蠢？ //:非常过份！//: 政府在暴露自己的愚蠢！在暴露自己的错误！//:过分了 //:怎么能这样//: 怎么能这样,0,0.479172,0,1
E0-lite: source TF-IDF+LR,target_test,胡了[哈哈] //:[哈哈][哈哈] //:哈哈,1,0.511481,1,1
E0-lite: source TF-IDF+LR,target_test,这一上午被你们骗的，我想问问你们＂好??玩??吗？＂[抓狂]。大家要小心,0,0.476037,0,1
E0-lite: source TF-IDF+LR,target_test,回复 :不伦不类的中西合壁[怒][怒][怒] //:吃什么的？,0,0.463694,0,1
E0-lite: source TF-IDF+LR,target_test,白天看邮件晚上看攻略，白天写文档晚上写功略，白天做原型晚上画地图，白天找会议室晚上找酒店！！人生啊，10.1要飞的人现在酒店还没订！！对着满屏英文的时候有木有痛恨没好好背单词的日子！！[泪]穷游很烦心有木有！！怪就怪上次拉萨行给二呆挑刺挑到二呆不做攻略了[泪]作孽啊,0,0.469528,0,1
E0-lite: source TF-IDF+LR,target_test,你要是妹子就给打折否则打折（蛇）[哈哈] //:可是我没有闺蜜啊，还给打折吗？[泪]//:谜一样的小兵，38妇女节当天风林火山将对光临的妹子及闺蜜提供全单9折优惠，你要不要再过来露一小脸儿？妹子会很多呦～,1,0.473594,0,0
E0-lite: source TF-IDF+LR,target_test,瞧瞧咱干儿子收到俺的礼物那表情 - 值了！[哈哈][哈哈][哈哈],1,0.50324,1,1
E0-lite: source TF-IDF+LR,target_test,王勇平接到免职通知最后含泪说：“这只能说是事故的奇迹”、“至于你下不下课，我反正下课了”[泪][泪],0,0.480325,0,1
E0-lite: source TF-IDF+LR,target_test,祝福！//: 祝10对老夫妻阖家幸福，度过一个温馨的重阳节[鼓掌],1,0.471799,0,0
E0-lite: source TF-IDF+LR,target_test,感悟夏天发烧有一大好处，自己的体温与外界环境温度接近，不觉得热，不出汗，如果烧的高一点还会有点儿冷。[哈哈][哈哈][哈哈]烧死我吧[泪],0,0.506063,1,0
E0-lite: source TF-IDF+LR,target_test,你最讨厌！我才没买包头的东西！我！我！我才没骗售货员！[怒骂][哼],0,0.485357,0,1
E0-lite: source TF-IDF+LR,target_test,望京一代民间艺术家们的造诣精湛，而且版权保护意识强烈，为防止＂不法人员＂破坏，画前很有秩序地摆了一坨坨..还好我眼疾脚快[衰],0,0.478332,0,1
E0-lite: source TF-IDF+LR,target_test,湖南旅游频道地球上最像月球的地方，你去过吗？[晕]130910下午17点-18点【驴友圈】土耳其卡帕多西亚【签到处嘉宾预告】 带你上天入地玩透【土耳其】[哈哈]（图片来自嘉宾）想做嘉宾？私信 吧！在线收听：芒果网,1,0.477049,0,0
E0-lite: source TF-IDF+LR,target_test,兄弟酒店发来贺电，嘉里开启圣诞纪[鼓掌],1,0.494543,0,0
E0-lite: source TF-IDF+LR,target_test,回复:[嘻嘻]谢谢 //:很开心，还送鸡卷，祝你们越办越好！ //:很开心吧,1,0.508156,1,1
E0-lite: source TF-IDF+LR,target_test,离开公司前看了眼小花，好像快死了。。[泪]而且我发现我的花茎上布满了小虫。。。看了一眼你得-缪士颖 也有少数几个小虫。。。不知道是不是虫的原因。。。[泪]不知道怎么驱虫啊啊 啊啊,0,0.447325,0,1
E0-lite: source TF-IDF+LR,target_test,股市？除了牛市的时候跟着赚点儿，其他时候一概不要参与[lt切克闹]//: 回复:怕与不怕在于内心有多强大[嘻嘻] //:-上市公司调研网 你们都是高人 别闲聊了 研究一下吧 //,1,0.475803,0,0
E0-lite: source TF-IDF+LR,target_test,//: 这是爱国还是害国啊[伤心]//: 太恐怖了。,0,0.474523,0,1
E0-lite: source TF-IDF+LR,target_test,刚刚从英国归来的花子，此次以购物作伦敦行的串联（女人啊…），伦敦奥运比赛正酣，抵达伦敦的您除了赛场激情一番，场下去哪里血拼呢？听今天的节目就没错啦![哈哈],1,0.487075,0,0
E0-lite: source TF-IDF+LR,target_test,神右[哈哈] //--Kitty:哈哈哈//: →_→//: 那日经过华妃宫中，采月被人叫了去，仔细着会早些回来，却不料遭如此毒手！[伤心],0,0.507985,1,0
E0-lite: source TF-IDF+LR,target_test,有财真是六千一斤 //: 5000到6000左右吧看样子这条鱼大概有六斤左右[晕] //:应该在2000多吧 //-青蛙王子: 回复 :[鼓掌]好样儿的知道多少钱一斤吗 //: 野生大黄鱼吧[思考][思考][思考][思考],0,0.487676,0,1
E0-lite: source TF-IDF+LR,target_test,号称央视新闻，却如此无知的盗用我的照片[怒]。,0,0.486003,0,1
E0-lite: source TF-IDF+LR,target_test,干了，干//: 啥都不耽误，有工作日，有假期。哈哈哈。 //:那就干了，面子不重要，兜里有是硬道理[哈哈] //：谁说的，尼姑庵赚的一点都不少。 //：女人能干吗？尼姑估计没和尚赚得多啊 //：回复:总感觉抹不开这个面子似的，要不等头发退休了啊，哈哈。,1,0.483105,0,0
E0-lite: source TF-IDF+LR,target_test,[衰]传说是用网易彩票买的……,0,0.486119,0,1
E0-lite: source TF-IDF+LR,target_test,想我姑娘了、前天我姑娘问我你为啥在北京、我说在北京挣钱多、挣钱给孩花！[泪],0,0.494657,0,1
E0-lite: source TF-IDF+LR,target_test,乐蜂网盛女节大胆秀出你的美！我是Candy，超萌萝莉邦派女，永远20岁的心态是萝莉必备武器！尽管我是最早的80后[亲亲]，又怎样？甜美可爱不代表我没有力量，天真烂漫是我内心的绽放。去盛开，去做一个萝莉盛女，遇见另一个未知的自己，再不折腾我们就老了！,1,0.466148,0,0
E0-lite: source TF-IDF+LR,target_test,//: //:学习把耐心和宽容留给最亲近和最爱的人！！！[悲伤],0,0.461859,0,1
E0-lite: source TF-IDF+LR,target_test,我好想养一个干脆面君哦...哈哈哈...谁能告诉我哪儿有卖的？！？[抓狂][抓狂][抓狂][抓狂][抓狂][抓狂],0,0.483345,0,1
E0-lite: source TF-IDF+LR,target_test,[哈哈]嘘~用你的表现说话[偷笑] //: 几年前看过，仍然觉得有趣。come on England! //-R: For three lions//: 太搞了，给最近看欧洲杯的童鞋欢乐一下,1,0.488041,0,0
E0-lite: source TF-IDF+LR,target_test,//-demain:[爱你],1,0.494543,0,0
E0-lite: source TF-IDF+LR,target_test,月饼又＂显小＂了[泪],0,0.494543,0,1
E0-lite: source TF-IDF+LR,target_test,这一年你想吓我多少次？坐个单车也能伤成这样，你到底想我怎么做才行[泪]?su 我现在的心脏真的经不起吓啊[衰],0,0.475729,0,1
E0-lite: source TF-IDF+LR,target_test,哦//: -Avaux //:双鱼座（感情甜蜜）[鼓掌],1,0.494543,0,0
E0-lite: source TF-IDF+LR,target_test,[鼓掌][鼓掌]欢迎微信咨询酒店信息,1,0.494543,0,0
E0-lite: source TF-IDF+LR,target_test,晚餐 大家都在着急的跟2014挥手，那也先吃好难忘的2013年最后一顿饭吧。[鼓掌] [花心] 和果子一起吃！肉！,1,0.488572,0,0
E0-lite: source TF-IDF+LR,target_test,我右边脸现在都僵了[泪],0,0.491584,0,1
E0-lite: source TF-IDF+LR,target_test,谢谢幸福的棒哥~[嘻嘻]我坐等天上掉情人,1,0.519773,1,1
E0-lite: source TF-IDF+LR,target_test,[泪] //://:很恨偷狗贼！我家威威失踪后，多次出现在我梦里。 //: 狗贩子偷别人的伴侣动物，家人，只是卖几百块钱肉钱。忍心赚这种钱的人无耻可恶我们不谈，政府对这种行为的纵容袒护令人悲愤，难道公民真要被逼用暴力才能惩恶！,0,0.482992,0,1
E0-lite: source TF-IDF+LR,target_test,怀念[泪]//: //: //: 。,0,0.494543,0,1
E0-lite: source TF-IDF+LR,target_test,发现最近的生活好忙好忙！搬家，买家具，考试，还有工作上疯狂三月的活动！！！！求分身！我的驾照何时才能学啊？？？？[衰],0,0.462109,0,1
E0-lite: source TF-IDF+LR,target_test,尕2??踏伦敦大街，有点犀利哥[嘻嘻],1,0.510391,1,1
E0-lite: source TF-IDF+LR,target_test,桥脆脆[衰] //:介个应该不是豆腐渣工程或者豆腐脑工程，不知道能不能算上豆浆工程//: 哎呀我去。。。//:因货车超载导致桥梁坍塌，能再不要脸点么 //:上午发博就估计要找这原因，不要脸！ //:让我们一起大声说:不要脸！！,0,0.457772,0,1
E0-lite: source TF-IDF+LR,target_test,去你妈的阴阳怪气[怒][怒][怒]什么是“可怕且毫无意义”？？你意思是还有一类是“可怕且很有意义”吗？？,0,0.467255,0,1
E0-lite: source TF-IDF+LR,target_test,[泪][泪][泪] //: 他忘记了一切，但从未忘记爱你。欠父母的恩情，永远报答不完，也许只有将爱，一代代往下传！祝天下父母身体健康，幸福快乐！,0,0.46999,0,1
E0-lite: source TF-IDF+LR,target_test,"满身尘埃。早安,悉尼。[泪][泪][泪][泪][泪][泪][泪][泪][泪][泪][泪][泪]",0,0.494543,0,1
E0-lite: source TF-IDF+LR,target_test,回复:身高不到1.2米应该可以的吧~[偷笑] //:周末才回家，还能赶得上么？[泪]俺20了，能给儿童价不？ //:回复-杰521:有儿童价 //-杰521:有没有学生价 //:回复@?美美:感谢您的认可！欢迎常来,0,0.471234,0,1
E0-lite: source TF-IDF+LR,target_test,脚要断了[泪][泪]听到青峰的声音就啥米都忘记了[泪]跳的high啊！！现在坐地铁上每个脚趾头都疼啊！！尼玛为了高于人群看到青峰，我穿着7，8cm的高跟鞋站了7个小时蹦啊！！[泪][泪][泪]还被一群疯子推过来跳过去踩了N脚！[泪][泪],0,0.452377,0,1
E0-lite: source TF-IDF+LR,target_test,今天在皇冠假日参加西南地区的FHC展，淘了很多好货啊！[嘻嘻][嘻嘻][嘻嘻],1,0.493567,0,0
E0-lite: source TF-IDF+LR,target_test,当听见一辉喊弟弟的时候，就。。[晕]//:小时候还没有漫画版进来。。看贴画一直认为他是女的。。。看了漫画和动画后破灭了。。 //: 小时候觉得只有阿瞬一个女的，其他人怎么分//: 真爱！+1 //:,0,0.44621,0,1
E0-lite: source TF-IDF+LR,target_test,可言可语昨天晚饭时，可可说：妈妈，只有爷爷是最爱我的。虽惊讶但好像也意料之中，我问：难道妈妈不爱你吗？可可答：爷爷从来都不会骂我，但是你会。[泪][挖鼻屎],0,0.465283,0,1
E0-lite: source TF-IDF+LR,target_test,大家胃口都好//:鬼老、还吊我们胃口的说呢[悲伤]//:好，你也好,0,0.507594,1,0
E0-lite: source TF-IDF+LR,target_test,笑贫不笑娼，这种思想，毁人！//: //: //: //:[怒][怒][怒] //:借用一个还没当官的小头头的话：“我身边年轻漂亮的很多，想搞点儿婚外情还不容易。”这年头，当官的……[嘘]//:这怎么话儿说的？没有情妇就当不了官吗？ [怒]//,0,0.474689,0,1
E0-lite: source TF-IDF+LR,target_test,扩散//: [怒]//: [生病] 如果你家有以下药品，请停止使用！！！求扩散,0,0.467327,0,1
E0-lite: source TF-IDF+LR,target_test,瓦伦西亚话就是有点山东口音[挖鼻屎]//: [话筒]翻译如下：纳达尔说：费雷尔这家伙在睡觉，我们拿舒缓泡沫去捉弄捉弄他[偷笑]。费雷尔醒了大叫：[抓狂]CABRON混球，你对俺干了啥？你个小兔崽子，你给俺这喷的是啥玩意儿[黑线]？,0,0.490433,0,1
E0-lite: source TF-IDF+LR,target_test,诶，突然想起了太原早早的麻辣烫，好神奇！[抓狂]不知道还有木有…[钱],0,0.490163,0,1
E0-lite: source TF-IDF+LR,target_test,你是外星人 什?都有效~~[嘻嘻]//?JPM_J: ?真的很有效！阿?！,1,0.503567,1,1
E0-lite: source TF-IDF+LR,target_test,吃遍世界【一个吃货的全球欲望手册[花心] 】你有列出过欲望清单，再一个一个划掉的吗？[嘻嘻] 简直了！这是每个吃货的终极梦想有木有哇~[抓狂],0,0.461341,0,1
E0-lite: source TF-IDF+LR,target_test,哈尼尼，正式生日快乐！！越来越美丽，迷人！[蛋糕][礼物][爱你]晚安！,1,0.472056,0,0
E0-lite: source TF-IDF+LR,target_test,是动着我哪跟神经了么？这几天为什么无缘无故的就笑？扯的伤口都疼[晕],0,0.471417,0,1
E0-lite: source TF-IDF+LR,target_test,//: //:这个世界很温暖。//: 感动！为送衣人，为这老汉！[泪]//: 我咋看着就想哭呢？寒士之寒令人寒心，善人之善令人心暖。//: //: 真好。//: 写得好，难得不酸，实在，有心。//: //:真有才[手套],0,0.498001,0,1
E0-lite: source TF-IDF+LR,target_test,饿了~[抓狂],0,0.493758,0,1
E0-lite: source TF-IDF+LR,target_test,回复:您的鼓励也打动了小编柔弱的心，我们会继续努力[泪] //:72家房客用一颗平常心来对待每一个活动，以一份真诚来打动小编的内心。或许我不是最幸运的那个粉丝，但我一定是最用心的哦！在此祝福小编工作顺利，我会一直支持你们的活动的~！ 地址：,0,0.484109,0,1
E0-lite: source TF-IDF+LR,target_test,血尿酸正常值应该200多到400多，我的结果是500多，进门我就跟大夫说：＂您不用看了，我确诊自己是痛风了，你就看怎么治吧！＂大夫说：＂没治，控制饮食吧，这是熊猫病＂是很稀少的病？我问。＂不是，是以后熊猫吃什么你就吃什么，只能吃一些根茎类植物了＂[衰]从此以后我的生活也是熊猫的颜色了[泪],0,0.452265,0,1
E0-lite: source TF-IDF+LR,target_test,攒肥了再看//:日剧控们准备开追吧~[太开心],1,0.494543,0,0
E0-lite: source TF-IDF+LR,target_test,老子遭不住老。[抓狂] //:北京朋友不要流口水 //: 我靠，秧白最老，二妹最?，小象最肥。 //:。,0,0.49063,0,1
E0-lite: source TF-IDF+LR,target_test,我是从1变成了2，从2变成了4[泪],0,0.484628,0,1
E0-lite: source TF-IDF+LR,target_test,下了飞机又继续开工，这次又是大制作。筹备 平面电影拍摄。 [嘻嘻],1,0.497773,0,0
E0-lite: source TF-IDF+LR,target_test,回复:今天也要黑八哥？ //:这么美~早知道八哥应该点评一下的！留八手~ //@?巍EVA: [嘻嘻][嘻嘻],1,0.481772,0,0
E0-lite: source TF-IDF+LR,target_test,在石最后15分钟上场！主罚全场唯一点球！[酷]没看到GARY啊！韩国队1：0领先后现场终于齐声大喊＂中国队加油＂好感动[泪][泪][泪]虞伟亮还是很神勇的！,0,0.482533,0,1
E0-lite: source TF-IDF+LR,target_test,"你说话啊，你就请 去你那品尝一下吧//: [委屈]都第九式了...在第六式时,我就己经招架不住, 不敌招式,饿的身亡....[怒骂]我想吃...",0,0.477146,0,1
E0-lite: source TF-IDF+LR,target_test,收完再送给该送的人 //:咱俩这收来收去有用吗//:收到 //: [爱你],1,0.484596,0,0
E0-lite: source TF-IDF+LR,target_test,你未痊愈，我不敢老！[泪] //:你未痊愈，我不敢老。 //?:伟大的母亲,0,0.488284,0,1
E0-lite: source TF-IDF+LR,target_test,带小孩真的好辛苦，胳膊手腕都好酸。这两天他还学会要抱抱才睡觉[泪],0,0.515918,1,0
E0-lite: source TF-IDF+LR,target_test,“我一个学计算机的朋友，被老婆发现他大学时代写给其他姑娘的情诗，勒令三天之内写出十首新情诗献给老婆，要比舒婷写得好，诗里还不能有“0”或“1”。--冯唐《活着活着就老了》” [哈哈]今日阅读最让我开心的段子，晚安。,1,0.49705,0,0
E0-lite: source TF-IDF+LR,target_test,旅人小结[呵呵] //:回复:??...你要?自去?橙子[嘻嘻]我?的很多??，越?越?自交通。鼓浪?最?魂之?是?有?甚至自行?，完全可以安?下?用腿走路。箜曲酒店能留下你的耳朵， 能留住你的胃， 姑娘能留下你的心...,1,0.482093,0,0
E0-lite: source TF-IDF+LR,target_test,那这一切到底是为了神马~？[思考] [疑问] [抓狂] [衰],0,0.488838,0,1
E0-lite: source TF-IDF+LR,target_test,天语感觉给阿里云忽悠了啊[晕],0,0.491956,0,1
E0-lite: source TF-IDF+LR,target_test,同志们都到家了么？写几百字的感谢发三回发不出，一行字发的倒迅猛[晕]为今日奋战14小时的同志们说句：晚安，感谢！,0,0.493035,0,1
E0-lite: source TF-IDF+LR,target_test,我要赵小姐！！[抓狂][抓狂][抓狂][抓狂][抓狂][抓狂][抓狂][抓狂][抓狂][抓狂][抓狂][抓狂][抓狂][抓狂][钱][抓狂][钱][抓狂][抓狂]] //:哎呀呀等你们过来呢！！！！,0,0.456154,0,1
E0-lite: source TF-IDF+LR,target_test,[哈哈][哈哈][哈哈] //:[泪][泪],0,0.511481,1,0
E0-lite: source TF-IDF+LR,target_test,//:真搞笑就不太高清郁闷了[抓狂],0,0.484309,0,1
E0-lite: source TF-IDF+LR,target_test,回复:现在就能送啊，把快递信息私信我们[哈哈]我们对老朋友总是有求必应的[爱你] //:哈哈，等我下次订的时候送我。 //:[爱你][爱你]下次要再和我们同游哦[带着微博去旅行],1,0.500589,1,1
E0-lite: source TF-IDF+LR,target_test,尼玛这都是什么事儿啊？！！！ //:猪狗不如！陪孩子一起去吧[怒],0,0.452755,0,1
E0-lite: source TF-IDF+LR,target_test,快吓尿了[生病][晕],0,0.494543,0,1
E0-lite: source TF-IDF+LR,target_test,恭喜-林小姐 成为杭州站幸运网友！三位将于明天亲临发布会现场，见证雪花《中国古典园林》五书在杭州的发布。主页君在西子湖畔等你们咯。另外，在此感谢其他小伙伴们对本次活动的大力支持！[太开心],1,0.502941,1,1
E0-lite: source TF-IDF+LR,target_test,六一儿童节的第一个礼物，手机流量又回来了[偷笑]..节日快乐！周末快乐！[哈哈],1,0.483476,0,0
E0-lite: source TF-IDF+LR,target_test,顺带把销售也做了，岂不更牛！[哈哈],1,0.484189,0,0
E0-lite: source TF-IDF+LR,target_test,-自游海洋//:离开前搬去那的四天~打开窗帘便是大海，坐在阳台吃着泡面看日落，还有海滩旁的shout！太幸福了！还有还有blue bay的snorkeling~一晃半年多了[泪],0,0.483664,0,1
E0-lite: source TF-IDF+LR,target_test,睡前一根可爱多！让我的小肚腩变得多可爱！肉啊~长吧~就这么放松自己吧！[哈哈][哈哈],1,0.491343,0,0
E0-lite: source TF-IDF+LR,target_test,回复 :[哈哈][哈哈]中华旅游名博贵州行 //:我是不知道[偷笑],1,0.492391,0,0
E0-lite: source TF-IDF+LR,target_test,常来玩儿啊! //:哈哈！好好上班[哈哈][偷笑] //:表妹 我咬着小手绢 目送你离开,1,0.512497,1,1
E0-lite: source TF-IDF+LR,target_test,你回去了吗~[可怜][爱你],1,0.490551,0,0
E0-lite: source TF-IDF+LR,target_test,[衰]大家都要注意哦！,0,0.495512,0,1
E0-lite: source TF-IDF+LR,target_test,"出版者的浮燥,整出了什么""浅阅读""!!!杯具啊!!![抓狂] //:内心品格的修炼！ //:人人都想当明星，几人想当先哲？ //: 明星的一条无聊微博，为什么会有上万次的转发？娱乐社会。 //:先哲的百句箴言抵不上当红明星的一句戏言",0,0.464596,0,1
E0-lite: source TF-IDF+LR,target_test,我个人认为尚雯婕唱歌的感觉很高级，非常的国际大咔感，我愿意花钱去看她的演唱会[耶][耶]ps：今晚上海芮欧百货Lanvin的大秀尚雯婕会作为表演嘉宾唱两首歌，本来我会去，结果在新加坡错过了，实在可惜[泪],0,0.488724,0,1
E0-lite: source TF-IDF+LR,target_test,无奈 //:同问！[抓狂],0,0.494543,0,1
E0-lite: source TF-IDF+LR,target_test,原来我只知道水游城假日的地段好[good]，离夫子庙走走才10分钟[钟]，每想到泳池也这么棒[吃惊]，后悔啊，上次花了500元住豪华房，没去游啊[抓狂],0,0.468633,0,1
E0-lite: source TF-IDF+LR,target_test,做了一夜的梦，感觉很累，一早6点就醒了，真不知道我是怎么了，难道这点压力就能难倒我吗。现在头好痛，还是起来呼吸些新鲜空气去吧，这么早上班是不是早了点儿啊[晕][疑问],0,0.455182,0,1
E0-lite: source TF-IDF+LR,target_test,请问这款多少银子？[威武][围观][爱你],1,0.494543,0,0
E0-lite: source TF-IDF+LR,target_test,啦啦啦啦。撒花祝贺@-柴叔- [鼓掌][江南style][爱你]//@-柴叔-: 自己撒花庆祝一下我和 在2012年完成的动画短片《Girl Meets Boys》进入2012华人原创动画短片TOP10~~,1,0.477107,0,0
E0-lite: source TF-IDF+LR,target_test,自己关门把手挤了～流血了[泪]我好笨[生病],0,0.484563,0,1
E0-lite: source TF-IDF+LR,target_test,外星人告别地球演唱会 //:[哈哈][哈哈][哈哈][哈哈] //:听马云这么说，周一我都不好意思去上班[怒][怒][怒],1,0.494631,0,0
E0-lite: source TF-IDF+LR,target_test,刚发现 在家乐福超市＂一元专柜＂购买的纸巾 竟然是赠品！但确实收了一元钱！消费者深表，防不胜防[怒],0,0.486002,0,1
E0-lite: source TF-IDF+LR,target_test,超级传神！内流满面啊[泪][泪][泪][泪][泪],0,0.518872,1,0
E0-lite: source TF-IDF+LR,target_test,还未见你们回复！[怒],0,0.483412,0,1
E0-lite: source TF-IDF+LR,target_test,[哈哈]太欢乐了！！,1,0.476246,0,0
E0-lite: source TF-IDF+LR,target_test,天天向上 ：【嘉宾征集】4月22日，节目组征集魅力心理学教授 和“神秘大来宾”一起参与主题录制！[威武]男女不限，欢迎大家积极推荐！[爱你] 相信大家第一个想到的是 教授，不知还有哪些漏网之鱼呢？[思考]欢迎大家进入该话题参与推荐讨论哦！[心],1,0.479375,0,0
E0-lite: source TF-IDF+LR,target_test,哇，好消息哈~火狐的出现说明贺兰山的生态环境真的在好转~ //: 那意思是它寻找不到伴侣而忧伤啊。//: 火狐是国家二级保护动物时候，是鼠类等有害动物的天敌。好忧伤的回眸，这时节，正是赤狐发情、交配的时候喔~[哈哈],1,0.489266,0,0
E0-lite: source TF-IDF+LR,target_test,宁波的同学们都好吧？[哈哈],1,0.499056,0,0
E0-lite: source TF-IDF+LR,target_test,有点意思~！ [哈哈],1,0.516175,1,1
E0-lite: source TF-IDF+LR,target_test,南澳的讲座安排比较紧凑，见了不少老朋友，又结识了不少新朋友！//: [威武] //:大佬们的占地面积都很大啊[哈哈][嘻嘻][抓狂],1,0.501242,1,1
E0-lite: source TF-IDF+LR,target_test,全北京向你们致敬！！！！好人平安//: [赞][心]//: [泪],0,0.463293,0,1
E0-lite: source TF-IDF+LR,target_test,[挖鼻屎][衰][酷],0,0.494543,0,1
E0-lite: source TF-IDF+LR,target_test,踏着轻快的脚步进村，低头见这可爱的小果果，记得某人昨天说这肯定特甜，这果果的主人刚刚告诉饺子，这是小米辣椒，一颗就能让人落泪的那种，幸亏昨天没当场摘一个尝尝[哼][哼][哼][抓狂][抓狂][抓狂],0,0.474924,0,1
E0-lite: source TF-IDF+LR,target_test,这不就是我们爱过的证据[嘻嘻]~~~//@-?介石-: 直击内心的公益广告//:你把我灌醉//: 慈次奥//: 。。。//?:哈哈//: //:现身说法的戒酒公益广告,1,0.493178,0,0
E0-lite: source TF-IDF+LR,target_test,//:[吃惊]//: 广州的汽车和广告从业人员三分之一要下岗[泪] //:7月汽车开始限购，广州将面临着与北京相同的问题 //: //: //: //:地产与汽车在北京均受政策特殊“照顾”，双双受限，因而北京报纸-10.6%，,0,0.487539,0,1
E0-lite: source TF-IDF+LR,target_test,噢买噶！开车的危险，途人更危险 //:[抓狂],0,0.494543,0,1
E0-lite: source TF-IDF+LR,target_test,一?三千，月入五千?，我??良多吧。。。[汗][晕][生病],0,0.469374,0,1
E0-lite: source TF-IDF+LR,target_test,摇摇有一个心愿：2012年11月11日之前，有一个乘着 来接我，并且当面对我说：“这个节咱不过，好吗？”[泪],0,0.47771,0,1
E0-lite: source TF-IDF+LR,target_test,//: [衰] //: 人家三胖才叫自信。//: 【不怕不识货，就怕货比货】世袭制[威武]！禅让制[衰]……再也用不着雇用马屁文人反宪政了[笑哈哈]！,0,0.499432,0,1
E0-lite: source TF-IDF+LR,target_test,[爱你]oh～Dear Penny～ 我在这里:,1,0.494718,0,0
E0-lite: source TF-IDF+LR,target_test,太美了[抓狂] //:我证明，原版是你[偷笑] //: 盗我图付钱了没？,0,0.489809,0,1
E0-lite: source TF-IDF+LR,target_test,"哎呀，这工作人员都这么养眼，哈哈亮瞎了啊，哈哈。 Hit FM， gear up, ready go!![哈哈]",1,0.505531,1,1
E0-lite: source TF-IDF+LR,target_test,手艺不错哦[鼓掌][鼓掌][鼓掌],1,0.535674,1,1
E0-lite: source TF-IDF+LR,target_test,[伤心] 变态//: [怒]//:丑陋的中国人 //:[蜡烛],0,0.494543,0,1
E0-lite: source TF-IDF+LR,target_test,拿到驾照，俺就买车！[嘻嘻],1,0.494543,0,0
E0-lite: source TF-IDF+LR,target_test,真的耶，我也是打小儿看你的节目??吓大的[鼓掌] //:回复:我就。。怒摔[怒][怒][怒][怒] //:关注那么久，看了这张图才知道你就是我小时候看做菜的主持人，我了个去，小时候就想吃你做的菜,0,0.463792,0,1
E0-lite: source TF-IDF+LR,target_test,水库惊魂终于上日程了[哈哈][哈哈],1,0.510023,1,1
E0-lite: source TF-IDF+LR,target_test,苏花公路旁的七星潭，这片海就是太平洋啊~[抓狂] //: 嗯，碧浪白沙，就是不知道在哪儿……话说，我的台湾通行证各种证件终于齐全了啊~,0,0.488239,0,1
E0-lite: source TF-IDF+LR,target_test,全新的形式，不变的心意，何尝不是一种“再生”？[可爱] //:音乐！不需要语言！能够传递信念！才能感动众生！我们一定不是第一个！但却希望你能赶上我们的节奏[给力]内地原创音乐加油！,1,0.484803,0,0
E0-lite: source TF-IDF+LR,target_test,今天因为公公病逝没能参加聚会，没能见到 [泪] //:回复:好呀！少宇兄下次聚会叫上您[偷笑] //:下次带我们认识一下啊,0,0.488748,0,1
E0-lite: source TF-IDF+LR,target_test,[蜡烛][蜡烛][蜡烛] //:[泪][泪][泪][蜡烛][蜡烛][蜡烛] //:[蜡烛][蜡烛][蜡烛]//: 小皓博，请你安息[蜡烛][蜡烛][蜡烛],0,0.494543,0,1
E0-lite: source TF-IDF+LR,target_test,[蜡烛][蜡烛]//: [蜡烛][蜡烛][蜡烛][蜡烛][绿丝带] //:[蜡烛] //@?太白: [蜡烛] //: [蜡烛]走好！ //:[泪]战友走好！！！敬礼！！！[蜡烛][蜡烛][蜡烛],0,0.475173,0,1
E0-lite: source TF-IDF+LR,target_test,明天不接需求，一定要好好找个让人会喜欢喝水的杯子，不能再继续这样整天喝饮料了。[怒],0,0.482984,0,1
E0-lite: source TF-IDF+LR,target_test,【因为爱情[心][泪]】90后郑州女孩冯莹患上恶性脑瘤，生命已进入倒计时。她不想连累深爱的男友，提出分手。男友说，你在一天，我就陪着你一天；你在一年，我就陪着你一年！昨天，这对90后情侣步入婚姻的殿堂，爱心人士免费为他们操办婚礼，上千人自发前往送上祝福。祝福新人！[心],0,0.481838,0,1
E0-lite: source TF-IDF+LR,target_test,啥都不说了！眼泪刷刷的。。。[泪]感谢 的耐心等待和理解！[握手]这本书不错，希望你喜欢；也欢迎继续支持须叔的活动～,0,0.517341,1,0
E0-lite: source TF-IDF+LR,target_test,//: [衰]//:[衰],0,0.494543,0,1
E0-lite: source TF-IDF+LR,target_test,中药草菅人命，SFDA为虎作伥。[怒],0,0.494543,0,1
E0-lite: source TF-IDF+LR,target_test,上海预祝北京同事活动组织顺利、圆满，期待分享，[鼓掌] //-jennyma: 鼎力支持！一定会圆满成功的！,1,0.496038,0,0
E0-lite: source TF-IDF+LR,target_test,有点小失望，不过依然支持德国队！期待德国德比！7月26日，拜仁VS沃尔夫斯堡，在广州哦！！[嘻嘻][鼓掌],1,0.492762,0,0
E0-lite: source TF-IDF+LR,target_test,亲，感谢您对都太餐厅的喜爱，三文鱼绝对管够哦！还有很多美食亲一定要都尝尝哦！[嘻嘻],1,0.498212,0,0
E0-lite: source TF-IDF+LR,target_test,亲爱的，你来北京，不但包饭还包住包完。。//: 最近都可以打我电话我陪你玩嘛直接过来见面也成说了包饭别犹豫了a快来快来hhhh[哈哈],1,0.468815,0,0
E0-lite: source TF-IDF+LR,target_test,在平顶山爱之家，朱永红姊妹讲一个救助经历：一个先心病母亲（少时因穷错过手术机会）意外怀孕，她决心保留孩子。身体不支，孩子早产母亲垂危，家贫，母子皆放弃出院。朱姊妹将早产婴儿救助回医院，那母亲己不能说话，手抚婴儿头发，恋恋不舍，流泪看最后一眼。她抱走婴儿，儿奔生，娘奔死...[泪],0,0.471072,0,1
E0-lite: source TF-IDF+LR,target_test,啊[吃惊]？那个套套你竟然能用4年？！我内牛满面~[泪],0,0.482414,0,1
E0-lite: source TF-IDF+LR,target_test,少年富则国富。从我可以看出，可以知道我们国家有多穷。[泪],0,0.491114,0,1
E0-lite: source TF-IDF+LR,target_test,永远的不公 //:媒体称北京公务员将涨薪 隐性收入变奖金发放 //:[怒],0,0.4866,0,1
E0-lite: source TF-IDF+LR,target_test,扯淡、//:[怒]//: 昨晚，马国防部长称“中国卫星数据误导了搜救”[怒][衰]//: [泪][蜡烛],0,0.494543,0,1
E0-lite: source TF-IDF+LR,target_test,[吃惊]//: 下次请弄切桑窝，弄则钢盔//: 吃桑窝＝挨揍，普及上海闲话！转转转//:记者到编辑都不是上海人//: 可悲~ //:上海话已经慢慢消失。。[泪][泪] //: [哈哈] 吃生活，吃桑窝,0,0.483718,0,1
E0-lite: source TF-IDF+LR,target_test,我需要正能量[抓狂][抓狂][抓狂],0,0.494543,0,1
E0-lite: source TF-IDF+LR,target_test,[爱你] //: 灰常好吃！,1,0.555318,1,1
E0-lite: source TF-IDF+LR,target_test,回复:又是一个很了解我的长嘴闺蜜！德国队啊，你可太对得起我这一觉了[泪][泪][泪] //:睁眼就天亮,0,0.476387,0,1
E0-lite: source TF-IDF+LR,target_test,[抓狂]为毛我吃抗过敏药都会过敏啊魂淡！,0,0.490315,0,1
E0-lite: source TF-IDF+LR,target_test,[衰]羡慕嫉妒恨，年底，你是取医保、还是取公积金准备过活？,0,0.488617,0,1
E0-lite: source TF-IDF+LR,target_test,又被当鸽子放了，老妈说没准备我的晚餐[泪] 臭小喵?喵,0,0.474073,0,1
E0-lite: source TF-IDF+LR,target_test,奶酪！[泪] //:有时候，吃到美味的东西并不是好事，因为你很难再愿意尝试别家，不能常常吃到心爱的食物是最痛苦的~,0,0.480785,0,1
E0-lite: source TF-IDF+LR,target_test,一群蛇精病，早不吃晚不吃偏偏现在吃！！！知道不知道现在这个时间段是对节食的人的大挑战！！！[泪][泪][泪][泪][泪],0,0.464985,0,1
E0-lite: source TF-IDF+LR,target_test,难得早早的就躺在床上，为繁忙一周的做充分准备，可怜俺家那位 刚到上海，就被没人性的老板叫去办公室改稿子！[委屈][可怜][可怜][怒骂][弱][弱]这样比起来，俺的领导 不知好多少！[偷笑][偷笑][good][good],0,0.48149,0,1
E0-lite: source TF-IDF+LR,target_test,开心早安 本来准备今年瘦成一道闪电，亮瞎你们的眼，结果胖成了坚果墙，挡住了你们的视线。[泪]想减肥的童鞋们快起床锻炼身体啦！大家早安哦~[嘻嘻],0,0.48221,0,1
E0-lite: source TF-IDF+LR,target_test,看完觉得很难受[衰]//:特别推荐！,0,0.496928,0,1
E0-lite: source TF-IDF+LR,target_test,早餐不错呀健康又营养[哈哈],1,0.558033,1,1
E0-lite: source TF-IDF+LR,target_test,[泪][泪][泪][感冒][感冒][感冒][打哈气][打哈气][打哈气] //:[吃惊],0,0.494543,0,1
E0-lite: source TF-IDF+LR,target_test,回复:起了，亲 //:您睡觉了吗！[晕],0,0.471421,0,1
E0-lite: source TF-IDF+LR,target_test,吃虾容易，虾大少见，肉满稀少，黄多难遇，三者皆具，唯，且吃且珍惜 [哈哈][威武][马到成功],1,0.497098,0,0
E0-lite: source TF-IDF+LR,target_test,我的大叔病倒了…能当贴身热水袋了，这叫一个烫[汗]快点好快点好[泪],0,0.472094,0,1
E0-lite: source TF-IDF+LR,target_test,看这名字！//: 回复 :大家一起猜？ -Julia //:图文都好漂酿！谢谢推荐[太开心]你猜猜神马是神马呢[偷笑],1,0.507667,1,1
E0-lite: source TF-IDF+LR,target_test,天籁广告夹杂着《海阔天空》的背景音乐，让我好有想买这车的冲动啊。[泪],0,0.48551,0,1
E0-lite: source TF-IDF+LR,target_test,4号线没事玩一个20分钟来一趟，起个大早，赶个晚急。法克。[怒][怒][怒][怒][怒][怒][怒][怒][怒][怒],0,0.47544,0,1
E0-lite: source TF-IDF+LR,target_test,回复:刚刚 说了 明天就能吃到了 先点吧[嘻嘻] //:我想吃 //:今天没有去 现在上新速度很快啊[嘻嘻] //: -诺-诺 尝尝新口味的小吃！[嘻嘻],1,0.521579,1,1
E0-lite: source TF-IDF+LR,target_test,信//:[衰] // :我也信,0,0.487888,0,1
E0-lite: source TF-IDF+LR,target_test,不要有用到的一天。祈祷和平没有杀戮！[泪][泪][泪]??,0,0.462503,0,1
E0-lite: source TF-IDF+LR,target_test,不堵，肯定可以很快吃到[哈哈],1,0.522482,1,1
E0-lite: source TF-IDF+LR,target_test,向伟大的妈妈致敬！比起宝宝羽泉排在遥远的第二位[嘻嘻]等孩子大点儿一起看哈Yu%[威武] //:欢迎来到郑州。上次来时我到现场了，但这次我刚生了宝宝去不了了[泪]祝一切顺利！,0,0.479013,0,1
E0-lite: source TF-IDF+LR,target_test,早起出门[太开心]，顺利坐车[耶]，堵车[生病]，车坏[衰]，走路[汗]，迟到[抓狂][抓狂]。TMD！！！,0,0.459023,0,1
E0-lite: source TF-IDF+LR,target_test,回复:诱人啊！我下午茶时间正好到了[馋嘴] //: [嘻嘻],1,0.478254,0,0
E0-lite: source TF-IDF+LR,target_test,[赞]//: 其实内容很庞杂，我没准备好，只能简述，怪我。 //:字不多，句句在理。收藏了[偷笑]。多多艾特俺啊[爱你],1,0.494478,0,0
E0-lite: source TF-IDF+LR,target_test,这个年代，真心病不起啊。早上刚交了2000，下午跟我说欠费了，而且已经欠了2500。不知道农村医保能报销多少啊？农村人，收入少，报销还要更少，真是有什么都不能有病。[泪]农村医保，现在癌症这种病能按多少比例报销？有知道的不？,0,0.459281,0,1
E0-lite: source TF-IDF+LR,target_test,我的六月[嘻嘻][嘻嘻][嘻嘻][嘻嘻][嘻嘻][威武][威武][威武][威武],1,0.486003,0,0
E0-lite: source TF-IDF+LR,target_test,是不是在家也要戴口罩啊。。。。[衰],0,0.467183,0,1
E0-lite: source TF-IDF+LR,target_test,我是个挺爱尝试新鲜事物的人啊，怎么唯独在看电视这事儿上那么执着呢？只要没看过的电视剧就想换台，没头没尾就不愿看，于是100个台换下来就停这儿了[衰]唉！没救了！,0,0.458404,0,1
E0-lite: source TF-IDF+LR,target_test,回复:也许我挖地很用心，就想我做人一样认真。也许我就地道农民一个！你们知识分子要接受再教育才行啊，毛主席说的。[笑哈哈] //:回复:有照片为证啊，你看你的地绿油油的。。可不能让他们这样偏向，要不我们会造反[怒][怒][抓狂][右哼哼][做鬼脸],0,0.484175,0,1
E0-lite: source TF-IDF+LR,target_test,//: _(:з」∠)_想变成座垫变成膏药//: [泪],0,0.487995,0,1
E0-lite: source TF-IDF+LR,target_test,回复:[怒]//:这货当年骂我是汉奸，因为他在课上问邱少云光荣不光荣，我说挪挪地儿是可以不死的，战场上爱惜生命的战士才是好战士。//:南开大学没个用人标准？,0,0.486981,0,1
E0-lite: source TF-IDF+LR,target_test,哈哈 //:丹丹[爱你][爱你]当我看到大字儿“王珞丹对侃孔二狗” 这行字上面那行小字时，我感到的是爱，人类间最真挚的爱[爱你]还有同情。[泪]//:买 //:呃..买？不？买？[挖鼻屎],1,0.477976,0,0
E0-lite: source TF-IDF+LR,target_test,采购年货，打扫卫生终于完成了。[晕]和儿子刚归置完卫生和整理不用的书。这活干的，减肥了。,0,0.476774,0,1
E0-lite: source TF-IDF+LR,target_test,早上8点多起床写稿子，这才发现一天中我脑袋最清醒的时间是早8点晚2点[衰],0,0.473847,0,1
E0-lite: source TF-IDF+LR,target_test,[泪] 我再也不相信爱情了。。,0,0.454052,0,1
E0-lite: source TF-IDF+LR,target_test,那后来那些出租车呢？[怒] //:自私麻木的帝都出租车们，蜕变的时候到了吧！昨晚一点多，我也是被一位住在双井附近的好心帅哥载回去的，他说一晚上都是在帮忙搭载单身小姑娘，因为最需要保护，好感动[爱心传递],0,0.473279,0,1
E0-lite: source TF-IDF+LR,target_test,今天继续哦[鼓掌],1,0.503145,1,1
E0-lite: source TF-IDF+LR,target_test,老潘头这车开的，直接把我晃迷糊了，晕车中。。。[晕][晕][晕][晕][晕][晕],0,0.454929,0,1
E0-lite: source TF-IDF+LR,target_test,"回覆:但??唔可?既? //:??BEBE黎架~[抱抱] //??房：??好老鼠啊, 其??咪???的?//：sweet sweet~[心] 但做乜?人落?杯度? 衰!!![抓狂] //??房:??好老鼠啊, 其??咪???的?",0,0.489618,0,1
E0-lite: source TF-IDF+LR,target_test,[鼓掌]//: 推荐阅读，写得不错！,1,0.534633,1,1
E0-lite: source TF-IDF+LR,target_test,[泪] //: 【请不要相信白羊座，其实你看到的只是假象】,0,0.484658,0,1
E0-lite: source TF-IDF+LR,target_test,又拉肚子啦~[泪]以后吃饭让我先吃，如果吃完没有拉肚子，证明这家真的很干净卫生！,0,0.481482,0,1
E0-lite: source TF-IDF+LR,target_test,各位注意：这可是大董家的秘密武器！您想想拿勃艮第当饮料喝的，您伤得起吗？[嘻嘻],1,0.483225,0,0
E0-lite: source TF-IDF+LR,target_test,有防水台 就不怕高 我们这帮为鞋着魔的女人啊~[抓狂],0,0.484542,0,1
E0-lite: source TF-IDF+LR,target_test,草根王之牛小丑?照[哈哈],1,0.511481,1,1
E0-lite: source TF-IDF+LR,target_test,[鼓掌]【成都到昆明只需10小时】26日上午，全长63.58公里的云南省武定至昆明高速公路建成通车，从昆明经武定、攀枝花前往成都的出滇入川大通道实现全程高速，10小时左右可以到达。以后去耍更方便啦！~,1,0.46504,0,0
E0-lite: source TF-IDF+LR,target_test,人世间的事大抵如此[泪],0,0.494543,0,1
E0-lite: source TF-IDF+LR,target_test,就等著你@ ?人?~[兔子]??的GYers~新年大?哈~[哈哈]多收?包?年?得?心些咯~[xyj拜年][xyj?包]?有?孩子~,1,0.511481,1,1
E0-lite: source TF-IDF+LR,target_test,我勒个去[抓狂]//: 跟英国学吗？咱 不只是罚超生，婚龄也有法律的好吧？公然挑战婚姻法底线有没有？？不过生出来了也没办法……,0,0.465506,0,1
E0-lite: source TF-IDF+LR,target_test,周末快到 吧！小丸跟麋鹿先生在 等你哟！[哈哈] //:我要去,1,0.497463,0,0
E0-lite: source TF-IDF+LR,target_test,我真有[失望][耶]//:我希望我可以选择性失忆。[心],0,0.48524,0,1
E0-lite: source TF-IDF+LR,target_test,[嘻嘻] 报道，俺算不算有缘人呢？,1,0.484205,0,0
E0-lite: source TF-IDF+LR,target_test,终于下班了~谁来把我拖回家啊..[抓狂][生病][打哈气][打哈气][打哈气][奥特曼],0,0.488896,0,1
E0-lite: source TF-IDF+LR,target_test,1.悟性很重要是俺朋友 说的，学习中……2.一直在强调整理规范文档，是不想被后来人骂，前面那个混蛋什么都没留下。3.全盘统筹，需求排定优先级再去执行，若总在救火，事情推进会出问题的。4.商麦做的真是挺好。 抽时间得请教下。 事情做不好，砸招牌，还得请你指教呀[失望],0,0.471093,0,1
E0-lite: source TF-IDF+LR,target_test,我的宝贝！好爱你！[可爱][爱你],1,0.494149,0,0
E0-lite: source TF-IDF+LR,target_test,晚上还有人来哈 //:原来大军压境，看来今天下午要多备些虾了[酷] //:微博没发完，3斤虾又见底了。[抓狂][抓狂][抓狂],0,0.478971,0,1
E0-lite: source TF-IDF+LR,target_test,[泪]牛腩君昨天也无缘亲眼见到 ，简直羡慕死店里的同事了！！怒转与你一同悔恨吧…K…CUP啊………,0,0.469578,0,1
E0-lite: source TF-IDF+LR,target_test,有人问：国航CAAC，是那几个词的缩写？答：Chinese Airline Always Cancel //: //:[哈哈]Thing Mather。。。事儿妈！,1,0.476515,0,0
E0-lite: source TF-IDF+LR,target_test,[晕] //：beers paradise //：这么大的冰箱...,0,0.484584,0,1
E0-lite: source TF-IDF+LR,target_test,我已经准备在飞机上过夜了..机舱门已关不让下！嗓子发不出声，也没力气发火了，睡去吧。 今晚见不到你了[泪][泪][泪] //:【北京城区出现新一轮降雨 局地雨势较大伴有雷电】北京城区今日21时左右开始出现降雨，局地雨势较大，并伴有雷电。我这已经下了,0,0.468206,0,1
E0-lite: source TF-IDF+LR,target_test,我正开会呢，靠！[哈哈]//:[哈哈]//: [衰][偷笑] //:尼妈 太励志了！！[哈哈],0,0.494542,0,1
E0-lite: source TF-IDF+LR,target_test,回覆:呜哇 命苦呀！ 姐又抑郁了。 //:转发此微博:姐，这也太痴情了点吧？！[抓狂][汗][嘻嘻][泪][兔子] //:太悲催了[?] // ：也太背了………… //:太悲催了[?] //：也太背了…………,0,0.479717,0,1
E0-lite: source TF-IDF+LR,target_test,[怒] //--张驰:我也经历过，坚决声讨[怒] //--张驰:恶意拖欠设计费，死不认账设计费，就是偷窃[怒] //:比起国内某著名商业地产公司的死不认帐来说，这算好的，有兴趣猜猜是哪个商业地产公司吗,0,0.506637,1,0
E0-lite: source TF-IDF+LR,target_test,是我们纳税人的血汗钱么？？？？[伤心],0,0.482413,0,1
E0-lite: source TF-IDF+LR,target_test,颈椎彻底报销了，疼得直冒汗，右侧智齿又肿了，却疼得习惯了，这个冬天我是肿木了？[衰],0,0.456978,0,1
E0-lite: source TF-IDF+LR,target_test,春天咱聚聚//:不光获得了宝贵的经验，更获得了难忘的知己！//: 怀念！ //:大家还记得吗？还有很多想法没实现，还有很多合作没做[泪]2010年我们日夜奋战的日子！ 想你们,0,0.479223,0,1
E0-lite: source TF-IDF+LR,target_test,我也喜欢老托的片子//:谢谢帅哥编辑//:就喜欢你的片子 //:谢谢编辑推荐[爱你]//://: [鼓掌],1,0.521794,1,1
E0-lite: source TF-IDF+LR,target_test,这摇号比例要有多幸运[衰],0,0.494543,0,1
E0-lite: source TF-IDF+LR,target_test,不喜???度的男的[怒][怒] 我在这里:,0,0.497155,0,1
E0-lite: source TF-IDF+LR,target_test,传说中的牛油九宫格火锅，原来不是九种味道，而是一锅红汤分开而已。现在胃袋里全是灼热感。[晕][晕] 我在这里:,0,0.484409,0,1
E0-lite: source TF-IDF+LR,target_test,[泪] //:[泪] //: 拒绝观看动物表演 把自由和生命还给它们!,0,0.495341,0,1
E0-lite: source TF-IDF+LR,target_test,心情大好，补张图。[太开心][太开心][太开心],1,0.541284,1,1
E0-lite: source TF-IDF+LR,target_test,//://:他们是把别人的孩子卖了，自己得钱！[怒]//:少养了孩子，多养了几百万计生人员,0,0.475193,0,1
E0-lite: source TF-IDF+LR,target_test,妹妹把车开走了，今天打车。出租车司机盯着我看半天说了句：电视上看不出来您黑啊？[泪]后来非说是我的忠实粉丝，不要钱！我说那怎么行？赶紧把钱扔在后坐然后跑了。后来一算多给了七块。心想还好我带零钱 了，要是一百的我不亏大了？[钱],0,0.458441,0,1
E0-lite: source TF-IDF+LR,target_test,[衰] //:所以现在还活着的中国人都是唐门后裔，百毒不浸呢 //:在中国，还有什么是安全的？[哼] //: 惨不忍睹//: 何止1000家？全国4000多家出水厂，实际上50%以上的水厂出水质量不合格。当高铁、高速路大跃进时，自来水工程，这个最基础的民生工程，被完全忽视,0,0.470276,0,1
E0-lite: source TF-IDF+LR,target_test,[哈哈] //:// : [衰],0,0.511481,1,0
E0-lite: source TF-IDF+LR,target_test,尼玛，不是吧？//: [泪]//://: //:此人是论坛里网友同事....其妻说，8点赶到现场时，119等已到，但救助不力，围观群众痛骂，才有一消防员下水搜救，10点左右，媒体和领导到现场，才真正开始大规模搜救...,0,0.468373,0,1
E0-lite: source TF-IDF+LR,target_test,终于快结束了！哈哈哈，，， //:[泪][泪]-伊万诺娃-库尔乐斯基 --的娘亲 倒计时开始，亲们~,0,0.502589,1,0
E0-lite: source TF-IDF+LR,target_test,气愤[怒]//: //：X//: 中国人太贱了，自己纳税请一帮地痞流氓来虐待自己！,0,0.469585,0,1
E0-lite: source TF-IDF+LR,target_test,哪?搞的？原?你真在推牛。[鼓掌],1,0.494543,0,0
E0-lite: source TF-IDF+LR,target_test,[鼓掌]感谢支持哦~//: 哈哈，很好看哇，开心开心[鼓掌]收藏咯、,1,0.553311,1,1
E0-lite: source TF-IDF+LR,target_test,大致不错 ！//-客八黄海爱国安: 欢迎回家//: //:大郅，欢迎回家[鼓掌][握手]//: 欢迎回家,1,0.543928,1,1
E0-lite: source TF-IDF+LR,target_test,这孩子理发超乖！[亲亲][亲亲][亲亲],1,0.494543,0,0
E0-lite: source TF-IDF+LR,target_test,请叫我德爱！//:请叫我勒油//: 请叫我什么呀！！[抓狂] //:请叫我慈爱。。//: 请叫我刺猬 //:请叫我执拗//: 请叫我理由 //:请叫我苏恩 //:请叫我李昂//: 请叫我挚爱 //:请叫我激昂,0,0.445868,0,1
E0-lite: source TF-IDF+LR,target_test,向节假日无休的筒子们致敬！[给力][给力] //:公司新闻部的同事非常敬业，无休息无间断的报导，打造全泰国最快最精准的专业华文微博即时新闻 [鼓掌][鼓掌][鼓掌][悲伤],0,0.520465,1,0
E0-lite: source TF-IDF+LR,target_test,我这双娇生惯养的脚呀。别说高跟鞋，就连皮鞋都穿不了[衰],0,0.49695,0,1
E0-lite: source TF-IDF+LR,target_test,[怒][怒] //://: 某些人太把自己当回事了 这哥们会被开除吗？//: 活该！//: 这事谁牛B了？一个ICU，一个刑事。,0,0.463728,0,1
E0-lite: source TF-IDF+LR,target_test,我的世界被摧毁了！我的心碎了，关键是我这个蠢货让最爱我的那颗心破碎了！我的世界从此没有阳光，只有阴霾！失去了你，世界对我来说已经没有意义了！让所有的痛苦都让我去独自承担！[泪][泪][泪],0,0.453849,0,1
E0-lite: source TF-IDF+LR,target_test,in 海德堡正是因为这些迷人的风景，海德堡又被称为“浪漫之城”[可爱],1,0.487907,0,0
E0-lite: source TF-IDF+LR,target_test,[衰][衰][衰]//:[哈哈],0,0.511481,1,0
E0-lite: source TF-IDF+LR,target_test,偏头痛，疼死啦…[泪][泪][泪],0,0.494543,0,1
E0-lite: source TF-IDF+LR,target_test,行动派和花言巧语的区别 //:比这更可恶的是：＂你怎么会发烧呢。 ：还有更可恶的，比如说：“发烧了去看医生啊！”[怒] // ：我也会。。。哈哈哈！// ：哈哈我好像听说人家发烧了也一定会说一句这个……// ：哈哈[哈哈][哈哈][哈哈],0,0.496294,0,1
E0-lite: source TF-IDF+LR,target_test,餐馆门口凉的花生米，一看没人，抓了一把[嘻嘻],1,0.471388,0,0
E0-lite: source TF-IDF+LR,target_test,美味因为美人儿的欣赏 而更添滋味[bm可爱][太开心],1,0.496849,0,0
E0-lite: source TF-IDF+LR,target_test,帽子给力了！[哈哈],1,0.505537,1,1
E0-lite: source TF-IDF+LR,target_test,兄弟的车怪病缠身半年，四处投医无果，买了各种名贵零件更换均无用。昨天下决心，召集来各路神仙，闭门修车，下军令不修好不给回家。奋战18小时，拆散全车，偶发现哈雷蜀黍真心有号召力，行车电脑法国嘀，喷油系统德国嘀，电管系统日本嘀…… 今日凌晨，终于发现病灶，节气门线组其中一条虚焊鸟[抓狂],0,0.473133,0,1
E0-lite: source TF-IDF+LR,target_test,//: [失望] //-UP:。,0,0.481463,0,1
E0-lite: source TF-IDF+LR,target_test,人人游戏招聘，求推荐简历到tani.lin-inc.com[泪][泪][泪][泪]急需 我在:,0,0.502509,1,0
E0-lite: source TF-IDF+LR,target_test,???[悲伤][悲伤]重量级贵宾，小编能想到现场是有多high阿，不知道接下来爆料的嘉宾是不是更加的大牌呢？期待期待,0,0.473882,0,1
E0-lite: source TF-IDF+LR,target_test,//??:一九一只鸡，二九一只鸭，三九还背着一个胖娃娃呀～咿呀咿?儿喂 //:[哈哈]这文化水平！//:[哈哈]//??42度牛二:哈哈哈//-大萝卜喵儿:一九一只鸡。。 //:[围观]//:介尼玛报道…,1,0.501954,1,1
E0-lite: source TF-IDF+LR,target_test,忽然????照片[偷笑] 在??拍?的?大家一起吃? 一上菜 很快的所有人 吃光光 後?才想到要?少?拍照??[?] ?果拍出?的效果都?菜了[失望] ~~哈哈哈哈 白拍了[偷笑] 只能?我?太???料理了~~,0,0.513787,1,0
E0-lite: source TF-IDF+LR,target_test,[衰]一PR美眉连着四封邮件把我名儿写成“杜圆圆”，我找谁哭去我。。,0,0.46962,0,1
E0-lite: source TF-IDF+LR,target_test,//: 共同努力才有共同繁荣。高尔夫从业者虽然听着高端，实际上是“弱势群体”[悲伤] //:路漫漫兮其修远，吾辈将上下而求索。。。中国高尔夫事业的发展还需要业内所有朋友共同的不懈努力。,0,0.478316,0,1
E0-lite: source TF-IDF+LR,target_test,//: 我的股票[怒][怒][怒] //:问题是真不行 真不会……这人水平不行吧真没得治的……,0,0.481295,0,1
E0-lite: source TF-IDF+LR,target_test,有人首杀我[泪],0,0.494543,0,1
E0-lite: source TF-IDF+LR,target_test,为涩么~一个月不来~苹果派就下架了，考虑过我们客户的心情嘛[泪][泪],0,0.464493,0,1
E0-lite: source TF-IDF+LR,target_test,爸爸妈妈！爱你们……往往等失去时才知道好！//:多陪爸爸妈妈[泪],0,0.491649,0,1
E0-lite: source TF-IDF+LR,target_test,今天又增加15场！时装周看个够！[鼓掌]//:漂亮！Oscar de la Renta这场称得上异常瑰丽！ 即时带来时装周权威报道，目前已播报纽约时装周超过115场秀，近万张图片，数篇业内点评，这是国内绝无仅有的专业线上报道，时装迷们请随时关注 猛戳链接查看更多更全！[花心],1,0.479836,0,0
E0-lite: source TF-IDF+LR,target_test,不得不转[哈哈] //: 回覆:?可能是他信仰藏教的原因～～BAZINGA！[哈哈] //:藏教不用戒色的呢,1,0.513739,1,1
E0-lite: source TF-IDF+LR,target_test,又把银行卡弄丢了[泪][泪][泪][泪][泪][泪]数不清第几次了。。。我怎么就不长点儿心呢！我下回一定记住。[衰][衰][怒][怒][怒][怒],0,0.465842,0,1
E0-lite: source TF-IDF+LR,target_test,无论你贫穷、富有！永远对你说＂我愿意＂的第一人就是~~母亲~~热泪盈眶中 [泪]//://-Jane:伟大的母亲！母亲节快乐！,0,0.505802,1,0
E0-lite: source TF-IDF+LR,target_test,[怒] //:太特么嚣张了，打死丫都不为过 //?-小神: 卧槽！这是马路边！！！尼马！路过的都是死人吗？！！！//:必须严惩！[怒]求公布处理结果！ //: 这老外怎么处理的！判刑！ //:[怒] //:这么嚣张，必须爆揍 //:严重关,0,0.445581,0,1
E0-lite: source TF-IDF+LR,target_test,哈哈哈，我们家的大盘子[哈哈][哈哈][心][酷],1,0.508101,1,1
E0-lite: source TF-IDF+LR,target_test,延村，聊斋拍摄景点，却找不到那个角落[嘻嘻][嘻嘻],1,0.493899,0,0
E0-lite: source TF-IDF+LR,target_test,寻找儿时记忆居然在北京看到了我们家乡的皮影戏[太开心]。作为世界非物质文化遗产，陕西华县的皮影戏以唱腔和精细的皮影著称，真是嘹咋咧！,1,0.479506,0,0
E0-lite: source TF-IDF+LR,target_test,你最闹心！ //:[泪][泪][泪],0,0.494543,0,1
E0-lite: source TF-IDF+LR,target_test,牙床子肿的我都受不了了。。。。啊啊[抓狂],0,0.466451,0,1
E0-lite: source TF-IDF+LR,target_test,上市首日就破发[哈哈],1,0.511481,1,1
E0-lite: source TF-IDF+LR,target_test,我次奥~~笑裂了~仰望星空派和国王蛋糕太他妈戳心窝子了[哈哈]//: 太黑暗了 //:哈哈哈，教授还是回来吧！//: 难怪教授说国外没有任何食物，我不该嘲笑你的，教授我错了[委屈]。 //:国王蛋糕笑尿了我[哈哈,1,0.491255,0,0
E0-lite: source TF-IDF+LR,target_test,[衰]那谁还会带女朋友去那吃啊//: 男盆友在门口等着[嘻嘻]//:女子餐厅，很有创意的想法//: 支持半份菜！最好出个小胃口女子餐厅 //:[嘻嘻]实在吃不了，咱也得把肉肉吃光光，对吧,0,0.484575,0,1
E0-lite: source TF-IDF+LR,target_test,【最新消息】在京家属统一收到信息 马航：飞机在南印度洋坠毁。信息译文“我们必须承认MH370已经失事，机上人员无一幸存。对此，马来西亚航空表示深深的遗憾。接下来，你们将听到马来西亚总理的讲话，我们现在收到的证据显示，飞机在南印度洋坠毁。”（南方都市报）[伤心][蜡烛],0,0.474391,0,1
E0-lite: source TF-IDF+LR,target_test,芒种了！北方忙着种忙着收割，广东呢？二十四节气[可爱],1,0.473853,0,0
E0-lite: source TF-IDF+LR,target_test,看游记就会觉得太多地方没有去，逛书店就会觉得太多书都没有读，这样不好，时间太少。[失望],0,0.449176,0,1
E0-lite: source TF-IDF+LR,target_test,[哈哈]//: 靠和素质奉献无关的身份组成俱乐部，然后再集体高尚互相吹捧，你这明明是在影射党校，坏人~//: 非常无奈的是，说不定将来还真是这批人当权啊。。。,1,0.484785,0,0
E0-lite: source TF-IDF+LR,target_test,"为毛!!!姐的高中同学都开始分享关于生孩纸坐月纸要注意的事了啊??我是有落后别人多少挖挖挖!深深的受了刺激,默默的反省一下…[泪]",0,0.489798,0,1
E0-lite: source TF-IDF+LR,target_test,我的猫在家里失踪了，所有地方都找了找不到，有什么办法可召唤它们出来吗[泪][泪][泪],0,0.460201,0,1
E0-lite: source TF-IDF+LR,target_test,《知道不知道》直播开始，在我的同事中，一直以老实巴交著称的 来到陷阱密布的《知道不知道》，就在刚刚，他居然把自己的那份题目放在了我俩中间，就在我准备偷看的时候，他恍然大悟，瞬间收起来了[怒]！赌张帆会赢的 你俩输定了。哈哈,0,0.477658,0,1
E0-lite: source TF-IDF+LR,target_test,一把年纪的，还收到表白，万分感谢主的厚爱，阿门。但这不是等于每天有人在诅咒我失恋嘛~~NONONO[抓狂],0,0.493766,0,1
E0-lite: source TF-IDF+LR,target_test,[哈哈][抓狂],1,0.511481,1,1
E0-lite: source TF-IDF+LR,target_test,问：如何管好中国经济？答：限呗..[衰] 限购、限贷、限外、限行、限价，现在高铁也开始限速了，正应验了葛大爷那句话：步子迈大了，容易扯着蛋。,0,0.467066,0,1
E0-lite: source TF-IDF+LR,target_test,豪华精选酒店大堂停放古董车，两者都是凝聚时间精华的无价之宝[太开心]欢迎下榻！,1,0.466581,0,0
E0-lite: source TF-IDF+LR,target_test,其?我真的很想?句：每次有?些新??出，有人??算有人?好?，大佬呀我住在??都唔?心你?4日3夜真的?心什?呢？?不是??、屠?或文革呵？//@?主PP:22至25?曼谷[泪][泪]?算,0,0.491437,0,1
E0-lite: source TF-IDF+LR,target_test,选题啊选题！[抓狂],0,0.494543,0,1
E0-lite: source TF-IDF+LR,target_test,尼玛还是人吗？？[怒骂] //:这种人爸爸应该凌迟处死。 //: 狼心狗肺的，丧心病狂的，动物才可以做出这样子遭天遣的事！make me sick![怒骂],0,0.47733,0,1
E0-lite: source TF-IDF+LR,target_test,善于总结，快快行动吧！[哈哈]加油,1,0.506389,1,1
E0-lite: source TF-IDF+LR,target_test,凌晨2点，很缺觉，但就是无法入睡。[失望]夜很静，我有想去四环兜圈的冲动！想我已故的最爱的父亲，我想他，但我无法见到他。就像寄宿的女儿在想我！我们三个想见不能见的孤独的人！珍惜在一起的时光吧，不要等到永远不能见时才知有他们多不一样！[神马],0,0.471817,0,1
E0-lite: source TF-IDF+LR,target_test,//: 【月静怕成为家里的负担 坚持出了院[泪]】因为高烧不退，陈月静半个月前在温州一家医院住了十多天院，医生多次劝她立即接受血透或腹透治疗。但她始终没有答应，而且等身体稍有好转，就坚持出了院。姐姐说，陈月静是怕自己成了家里的负担……,0,0.473423,0,1
E0-lite: source TF-IDF+LR,target_test,秦始皇派出了采蘑菇的女巫取仙丹[哈哈],1,0.506337,1,1
E0-lite: source TF-IDF+LR,target_test,//:哈哈哈，笑死我了！一张A4的打印纸谁不会阿！哈哈哈！还有这个批示也太瞎了吧！ //: [衰] //: 手哥证实下 //:,0,0.495825,0,1
E0-lite: source TF-IDF+LR,target_test,交友不慎啊[抓狂] //:我们找时间去首都吧？[偷笑][偷笑]//:仰望万元户[bm顶]//: 通过你之前各种晒好吃的，我确定你的工资已到达6位数，请客！！！//@-装嫩薇_:我可以直接泪崩不说话吗？ //:@-装嫩薇_ 万元户，你还好吗？？,0,0.480441,0,1
E0-lite: source TF-IDF+LR,target_test,转瞬间从收红包的就长成发红包的了[泪],0,0.497719,0,1
E0-lite: source TF-IDF+LR,target_test,一碗硬货，各类海鲜，尊补啊[泪][泪] 我在这里:,0,0.496451,0,1
E0-lite: source TF-IDF+LR,target_test,【来自甘肃的喜讯】‘主任，我老婆生了一个7斤6两的儿子，太谢谢您啦。’激动之后回想，她是一位弱不禁风的女孩子，第一胎因为发烧，孕六个月孩子夭折，再不怀孕。经过调理，她怀孕了，保胎至孕七个月，回到了老家。他们的信任让我感动。电话的那一端充满了喜悦。[哈哈][爱你],1,0.464731,0,0
E0-lite: source TF-IDF+LR,target_test,回复 :英雄呗![嘻嘻] //:天啊，怎么炸成这样，可怜啊！ //:靠，我是你师哥!暴宠…[怒骂][怒] // :哎哟我去..暴宠你很抢镜啊 后面那包子炸的有点过火了 // :快炸傻了[哈哈][奥特曼][奥特曼][奥特曼],0,0.482463,0,1
E0-lite: source TF-IDF+LR,target_test,谢谢我亲爱的邻居！[偷笑][偷笑][偷笑] //:瑶瑶[威武]//: 好成绩连连到啊！[鼓掌][鼓掌][鼓掌],1,0.511649,1,1
E0-lite: source TF-IDF+LR,target_test,感冒，咳嗽，嗓子哑。。。[泪][泪][泪],0,0.467874,0,1
E0-lite: source TF-IDF+LR,target_test,童玩 幽默 淘气 恶作剧 生活必备//:[泪][泪][泪]好吓人,0,0.494543,0,1
E0-lite: source TF-IDF+LR,target_test,靠，没见过这么拆台的，你个不厚道的家伙。[怒] //:超龄//:胡总给介绍个公司？[偷笑] //:进军娱乐圈?,0,0.480361,0,1
E0-lite: source TF-IDF+LR,target_test,次奥！！！为什么电脑里存的6000多字一下子消失了，变成 只有一千两百字？？？老纸昨天写了一天的啊！！而且明明保存了！！！这是为什么！！[抓狂][抓狂][抓狂],0,0.442122,0,1
E0-lite: source TF-IDF+LR,target_test,[good][鼓掌][鼓掌][鼓掌]太美了！ //:绝对的大福利哇！！大家准备好了吗？//: 8月1日，乐蜂网五周年生日party正式开场！这次准备的大礼可真是[鼓掌][鼓掌][鼓掌]，等你来哦?,1,0.483816,0,0
E0-lite: source TF-IDF+LR,target_test,[泪][泪][泪]//:,0,0.494543,0,1
E0-lite: source TF-IDF+LR,target_test,太不仗义了！ //:[抓狂],0,0.477446,0,1
E0-lite: source TF-IDF+LR,target_test,小清新的火龙果盆栽~！好美啊！[爱你],1,0.500081,1,1
E0-lite: source TF-IDF+LR,target_test,话说2012，很多人上船了。国庆红白喜事都有，已经是今年参加的第三场葬礼了[衰] 丧葬一条龙呢，也提供巧克力的。估计也有真假的说？[衰],0,0.482519,0,1
E0-lite: source TF-IDF+LR,target_test,大家怎么看？有单身节来看单口相声的吗？要是有我们就说～哈哈哈！做个调查！//-曲艺社:单身班主＂单身节＂说单口[偷笑]这个可以有!各位好朋友们，大家愿意一起乐呵不孤单吗?[嘻嘻]民意调查一下呗[哈哈],1,0.496336,0,0
E0-lite: source TF-IDF+LR,target_test,求安乐死[泪],0,0.494543,0,1
E0-lite: source TF-IDF+LR,target_test,回国记得请我吃饭！ //:[泪][泪] 回国见！,0,0.49125,0,1
E0-lite: source TF-IDF+LR,target_test,谁总结的，很形象啊！[嘻嘻],1,0.509872,1,1
E0-lite: source TF-IDF+LR,target_test,[嘻嘻]//: 好喜欢徐峥的声音，配的也好像，哈哈=！！,1,0.505402,1,1
E0-lite: source TF-IDF+LR,target_test,谁来拯救这帮丧失良知的人，不“不能称为人是动物”[怒]//: 见到他一定报他//: 弄死！[怒]让我碰见骂死丫的！什么东西！！[怒],0,0.465824,0,1
E0-lite: source TF-IDF+LR,target_test,[嘻嘻] //:七个白雪公主和一个小矮人，太需要更多保护了！,1,0.458519,0,0
E0-lite: source TF-IDF+LR,target_test,用筷子是习惯，可用这种一次的筷子的出产据我所知最多也多不过20年吧，这种筷子最初只是生产给日本人用，中国才没这种方便筷的习惯和传统。这二十年来是砍光了大小兴安岭的所有成材啊[悲伤],0,0.486014,0,1
E0-lite: source TF-IDF+LR,target_test,"[蜡烛][蜡烛][泪][泪] //: [蜡烛]//:人心怎能堕落到这等地步![蜡烛] “一个社会发展的程度,常常不是看这个社会是否出了雷锋式的人物,因为要在13亿中寻出一个雷锋式的人物并不难,而是要看活在社会底层、中层甚至上层的流氓、地痞、黑帮,他们的操守究竟怎样,为人是否还有人",0,0.47176,0,1
E0-lite: source TF-IDF+LR,target_test,[哈哈]//: 。,1,0.511481,1,1
E0-lite: source TF-IDF+LR,target_test,回复:踢足球，摔到手腕，肿得厉害，现在赶往医院途中，骨科。希望不要有事。手臂已经骨折过一次了，唉。养男孩，这是硬伤啊。[泪][泪]//:过敏？,0,0.472296,0,1
E0-lite: source TF-IDF+LR,target_test,"随手拍美食毛豆季又到了,最爱夏天的傍晚,一罐冰啤来盘子毛豆,慢慢悠悠的享受时光,日子过得平静也好,激情四射也好,一年四季的吃食就在那儿等着你,到时候你就来吃吧,什么季节吃什么,好的一定就别错过!人生也一样啊![嘻嘻]10分钟做好夏日餐馆点击率最高的下酒小菜",1,0.478003,0,0
E0-lite: source TF-IDF+LR,target_test,2013，爱你一生。祝大家新一年快快乐乐！[爱你],1,0.487149,0,0
E0-lite: source TF-IDF+LR,target_test,好教程。一定要记得邀请码哦：1589――要我发就填1589[嘻嘻]//: 真有创意，悲催的地方我就不说了[偷笑],1,0.483404,0,0
E0-lite: source TF-IDF+LR,target_test,又要问那个著名的问题，到底为党还是为人民服务？ //:彻底没有底线了 //: [泪][怒] //:一个车祸背后？ //-汽车与你:深圳，从此将被钉在耻辱柱上 //:真如此吗？深圳，你真是个特区，牛逼透了！,0,0.46334,0,1
E0-lite: source TF-IDF+LR,target_test,哎，震撼呀！[抓狂] //：//:无,0,0.494543,0,1
E0-lite: source TF-IDF+LR,target_test,有点看不懂。。。左边你看懂了么 //:贵圈微乱 //:这！个！是！什！么！！ //: 回复: [泪]婷婷对不起，我@ 错对象了 //:智商啊!这关人家 什么事儿？那是朕在联想都不敢想的妹子啊，你要,0,0.464989,0,1
E0-lite: source TF-IDF+LR,target_test,您想表达什么？告诉大家一历史事件？[泪],0,0.475754,0,1
E0-lite: source TF-IDF+LR,target_test,这才是真正的扯蛋???[偷笑]//: [巨汗][弱]//: 那你说介个有木有人性哇[挖鼻屎] //-悟: 真能扯，转走！[衰],0,0.494543,0,1
E0-lite: source TF-IDF+LR,target_test,回复:对呀你真聪明![哈哈] //:你是为了画工口漫画么？,1,0.497331,0,0
E0-lite: source TF-IDF+LR,target_test,心痛[伤心] //:世界需要他的照片。,0,0.495039,0,1
E0-lite: source TF-IDF+LR,target_test,什么时候才能来一场大雨，给大家都降降温啊！！！[泪],0,0.464056,0,1
E0-lite: source TF-IDF+LR,target_test,没辙、没辙的，文明被无情的践踏 //:他们不懂 //: 应该是，这种砖叫沟槽砖 //@???主: //: 文保单位成天都在做什么？[怒][哼],0,0.477859,0,1
E0-lite: source TF-IDF+LR,target_test,你妹！为毛毛给我起这么个名字！！！[怒],0,0.454848,0,1
E0-lite: source TF-IDF+LR,target_test,爆笑//:把自己当颗葱，谁拿你蘸酱啊 //://-Edwin:[衰]//:[衰],0,0.484563,0,1
E0-lite: source TF-IDF+LR,target_test,一叠钞票才换了两张欧元，落差好大啊[抓狂]。后天飞法国，有没有推荐的shopping哇。,0,0.476418,0,1
E0-lite: source TF-IDF+LR,target_test,经常性的跟同事们宣扬我公司不加班，然后我自己在办公室悄悄加班；一边学习政府工作文件加强维稳，一边看微博围观救中国；一边跟别人说工作要用脑，一边自己复制粘贴投标文档；我竟然没精神分裂，这绝对是个奇迹！[晕],0,0.477559,0,1
E0-lite: source TF-IDF+LR,target_test,呵呵，九江话＂害死人了＂在这不会让人有误会吧！[哈哈] //:好久没吃了 大中午的，害死人了～～～ //: //:,1,0.493884,0,0
E0-lite: source TF-IDF+LR,target_test,想纤体的我，却在美食面前投降了，晚上开斋了。不说了，回家反省去！[汗][泪]还有啊，怎么拍的那么傻呢！！！讨厌！[哼],0,0.441615,0,1
E0-lite: source TF-IDF+LR,target_test,//://://: 国外敌对势力又想做什么[怒] //:坚决不外流 //:[泪][泪] //:我们会自己把它吃完。[哈哈],0,0.485588,0,1
E0-lite: source TF-IDF+LR,target_test,还是会因为一句话就觉得。。。应该。。。不是那个人。。。[泪],0,0.466687,0,1
E0-lite: source TF-IDF+LR,target_test,我！要！睡！觉！[悲伤] 我在这里:,0,0.494718,0,1
E0-lite: source TF-IDF+LR,target_test,高级定制 vca定制系列...哇卡卡...今天又回来了一批...[哈哈][哈哈]18k黄金黑玛瑙单花项链 + 18k黄金黑玛瑙5花手链/18k黄金白贝母5花手链/18k白金白贝母5花手链...[做鬼脸]有现货哦...[嘘][哈哈]喜欢的要赶紧了哦[抓狂][抓狂][抓狂]没有了不要怪我没告诉你们哦...[酷][话筒][话筒][话筒],0,0.479129,0,1
E0-lite: source TF-IDF+LR,target_test,论与三胖谈恋爱之风险//: 这种国家太可怕了[衰],0,0.490249,0,1
E0-lite: source TF-IDF+LR,target_test,[哈哈][哈哈][哈哈][哈哈][哈哈] //: 今年广院必火！//@??清: [哈哈][哈哈][哈哈],1,0.511481,1,1
E0-lite: source TF-IDF+LR,target_test,烫头发太失败了，被整成花仙子小蓓的头型了，就差别2根三叶草了。[泪],0,0.461536,0,1
E0-lite: source TF-IDF+LR,target_test,我就fuck这个痛风，这不能吃那不能吃，变个天他还跑出来折磨你[抓狂][抓狂],0,0.483704,0,1
E0-lite: source TF-IDF+LR,target_test,还真是惊涛拍案，卷起千堆雪，诗人看了要哭了[泪],0,0.493226,0,1
E0-lite: source TF-IDF+LR,target_test,神器 [哈哈][哈哈][哈哈][哈哈],1,0.511481,1,1
E0-lite: source TF-IDF+LR,target_test,我要是再年轻点！！一定去韩国建国大学学艺术！[泪][泪]回不去的时间啊！！,0,0.468511,0,1
E0-lite: source TF-IDF+LR,target_test,//??: ?好留了?告不然怎??呢[抓狂],0,0.494543,0,1
E0-lite: source TF-IDF+LR,target_test,看看看看我家可怜的墙啊，第一张照片貌似墙面最新装饰一样。往后看吧！我这个头疼啊！！！ 茶壶和酒杯是被客人咋弄到墙里去的我表示很费解！一起吃饭的好朋友能打起来我也表示很费解！[抓狂][抓狂][抓狂],0,0.471337,0,1
E0-lite: source TF-IDF+LR,target_test,其实呢，我觉得我还可以，我从来没有删除过粉丝~大家关注我，也都是给面儿（当然也不排除按错了、误操作或者被迫的），但是，不知道为啥，看到这位盆友，忽然有种，“移除”的冲动~[衰][汗]李玖哲-小胖子的一天-,0,0.461738,0,1
E0-lite: source TF-IDF+LR,target_test,2013 smart 城市大行动谁能抵挡这一排城市小精灵的诱惑~ 精灵Party 我们来了~ [太开心],1,0.482265,0,0
E0-lite: source TF-IDF+LR,target_test,天宫一号我想到了电影“海洋”的一副画面。一只叫不上名的蜥蜴趴在美丽神秘的大海礁上，天空中出现了一枚火箭渐渐地划破天际，蜥蜴随即抬头看着火箭在天上飞过。我感觉也许它对眼前的一切感到好奇和莫名奇妙。之后呢？火箭的推进器会一节节掉进深蓝的大海里、落在无垠的草原上、坠到神秘的山谷里[泪],0,0.482031,0,1
E0-lite: source TF-IDF+LR,target_test,今天?加同事婚?，?拉?Q好?喔[爱你][爱你] -亚婷cindy ?游王翎芳,1,0.493183,0,0
E0-lite: source TF-IDF+LR,target_test,?，“食?奴”?告片?了！//:好想看！[鼓掌] //@?智?:食?奴 一你吃?咸?包?？,1,0.470826,0,0
E0-lite: source TF-IDF+LR,target_test,→_→//:好地费牛，好女费汉啊[嘻嘻],1,0.521531,1,1
E0-lite: source TF-IDF+LR,target_test,[哈哈]//: 我找出来了 //:补充一点，近三年来，在学生组织工作表现突出，现任某一要职//:绝对憨厚淳朴好男人！,1,0.489455,0,0
E0-lite: source TF-IDF+LR,target_test,中国好声音[赞][赞]感觉我自己不敢看了[泪][泪]难分难舍你们真的非常棒[good][good]都不要下台了[给力][给力] 姐您真的不容易 我在:,0,0.500004,1,0
E0-lite: source TF-IDF+LR,target_test,[怒][怒]是的话就好了[怒] //:看到牛了，您老这是打牛的出去玩吗？,0,0.483537,0,1
E0-lite: source TF-IDF+LR,target_test,//:[悲伤][悲伤][悲伤],0,0.494543,0,1
E0-lite: source TF-IDF+LR,target_test,有同事在西安结婚，组里几个人赶过去玩，我在短信里是这么写的：鼓楼回民街的平娃烤肉、贾三灌汤包（贾平凹）、八宝甜稀饭、红红酸菜炒米、涮肚、钟楼德发长饺子、西工大西门坊上人羊肉泡馍、魏家凉皮、樊记肉夹馍..还有必喝蓝马or汉斯小木屋果啤.我滴神啊，不行馋死我了[泪],0,0.472899,0,1
E0-lite: source TF-IDF+LR,target_test,[衰]//: 失去联系3天！！//:,0,0.469389,0,1
E0-lite: source TF-IDF+LR,target_test,太棒了[鼓掌] //:[耶],1,0.494543,0,0
E0-lite: source TF-IDF+LR,target_test,每天日出日落，我也快分不清楚了[偷笑][晕][酷]//:我还以为是日落…,0,0.487986,0,1
E0-lite: source TF-IDF+LR,target_test,北京队进总决赛了!准备到1.5万人的五棵松篮球中心看球![嘻嘻][哈哈],1,0.499175,0,0
E0-lite: source TF-IDF+LR,target_test,[失望] //:星座排行的作者[奥特曼] //:你们还相信星座吗？,0,0.469748,0,1
E0-lite: source TF-IDF+LR,target_test,继续踏实前进 //: 目前国内第一，超越admob了，童鞋们厉害！ [拳头] [拳头] [拳头] [拳头] [拳头] [拳头] [鼓掌],1,0.487411,0,0
E0-lite: source TF-IDF+LR,target_test,交委童鞋，你那么无能，给你?工资的那群知道么？[泪],0,0.481196,0,1
E0-lite: source TF-IDF+LR,target_test,发生了什么？[衰],0,0.472546,0,1
E0-lite: source TF-IDF+LR,target_test,墓碑 //:[怒][怒][怒][怒][怒][怒]这笔账怎么算？！,0,0.470453,0,1
E0-lite: source TF-IDF+LR,target_test,天蝎、巨蟹、双鱼是大吉啊。。。。其实我只想要大利就好了，缺钱[抓狂],0,0.47206,0,1
E0-lite: source TF-IDF+LR,target_test,[泪][蜡烛]生命健康成长已实数幸福，不苛求//:作为孩子的父母也应该受到谴责，把孩子单独放在车里本来就不对。希望这事给所有人以警醒！,0,0.48897,0,1
E0-lite: source TF-IDF+LR,target_test,李小璐和乃爸宝宝的满月Party上，小鹿主题的点心和装饰品太可爱了[可爱] 开始没多久就被妈妈们抢光了。我也给我家宝宝抢了几只[爱你] 八卦：贾乃亮的侄女（途中）是个小美女，我家领导还流着口水给人家照相，俨然一副怪蜀黍嘴脸[哼],1,0.467497,0,0
E0-lite: source TF-IDF+LR,target_test,老妈今天居然在我上班的小区路上捡到了我昨天丢的一颗扣子??顿时觉得丢手机的事情变得很渺小！[衰],0,0.482377,0,1
E0-lite: source TF-IDF+LR,target_test,文化部不让Suede唱Beautiful Ones? //:[抓狂]把我最爱的一首删了！！[怒] // :煞笔吧他们// :烦死我了// ：我操，真的假的？BEAUTIFUL ONES ?什??什?？?什?？BOB DYLAN不?唱 BLOWING IN THE WIND。。?道?人最熟悉的一律禁唱?,0,0.466888,0,1
E0-lite: source TF-IDF+LR,target_test,写战略合作协议需要灵感啊，何况一连写多份。[晕],0,0.489783,0,1
E0-lite: source TF-IDF+LR,target_test,[泪][泪][泪]??? //:[蜡烛],0,0.494543,0,1
E0-lite: source TF-IDF+LR,target_test,妈呀~~纠结死我啦~~抱着电脑看电视~~[抓狂][抓狂]我在这里: 朝阳区,0,0.499516,0,1
E0-lite: source TF-IDF+LR,target_test,我点开视频几秒钟就看不下去了那些工人又怎么可以如此冷酷的继续着他们的“工作”[泪]善待动物～,0,0.488497,0,1
E0-lite: source TF-IDF+LR,target_test,既然爱这么残酷，那情愿选择不爱！爱，不就是要让被爱的那个人快乐吗？那年我们曾同住一个房间，多么青涩的小妹妹；那年我们曾为她的幸福祈祷，多么美丽的新娘...还记得 师弟为他们夫妻拍的MV老公为老婆批上外套的那一段，深深打动了我[泪]如今是怎么了？婚姻...我们还可以进行吗？,0,0.4724,0,1
E0-lite: source TF-IDF+LR,target_test,准备周三展览会的活动，小马快快跑[哈哈],1,0.507011,1,1
E0-lite: source TF-IDF+LR,target_test,//:知足吧，中国人！[哈哈][泪],0,0.500825,1,0
E0-lite: source TF-IDF+LR,target_test,买了10个烧饼~掉了两个~[泪],0,0.47598,0,1
E0-lite: source TF-IDF+LR,target_test,陌陌就算了，不过n个月前，一位聪明剔透的美女妹妹就总结出了我们的生活状态--＂在微博中睡去，在微信中醒来＂[哈哈][哈哈][哈哈] //:[哈哈] //:[思考] 。。。那一定是成功人士！,1,0.487442,0,0
E0-lite: source TF-IDF+LR,target_test,当世事再没完美，可远在岁月如歌中找你...看得不行了，两人我都超爱啊[泪],0,0.474726,0,1
E0-lite: source TF-IDF+LR,target_test,"让别人伺候吃嘛[偷笑] //：吃螃蟹,对偶来说,实在是比写本10万字的书还要难10倍的技术活..[抓狂].",0,0.480376,0,1
E0-lite: source TF-IDF+LR,target_test,"老国展举办的美食优""品""在轻工，图书分享会，品尝到 @?轻食RockingHorse 最棒的甜品，聆听创作者的故事~其中饱含爱意细腻回味绵长的大理石征服了我。也是在这儿，我知道了自己原来是个喜欢一个人霸占厨房，又希望有人打下手儿的矛盾个体[晕]3本书抱回家拜读",0,0.481307,0,1
E0-lite: source TF-IDF+LR,target_test,[哈哈]//: 果然有神秘礼物哟！,1,0.511481,1,1
E0-lite: source TF-IDF+LR,target_test,果然是一位食家[鼓掌],1,0.488757,0,0
E0-lite: source TF-IDF+LR,target_test,海天共鉴，华宇婚典。沿着绵长的海岸线，许下相守一声的诺言。[可怜][亲亲],1,0.486937,0,0
E0-lite: source TF-IDF+LR,target_test,暴击+KO[衰],0,0.494543,0,1
E0-lite: source TF-IDF+LR,target_test,不能去??看演唱?的人望梅止渴[泪] //:你会不会忽然的出现，在街角的咖啡店，我会带着笑脸，挥手寒暄~~,0,0.473246,0,1
E0-lite: source TF-IDF+LR,target_test,各位妈 明请品尝菲式枣糕[哈哈],1,0.511481,1,1
E0-lite: source TF-IDF+LR,target_test,他那是想骗汉堡吃的苦情计，千万别上当[偷笑] //：早知道请你吃完汉堡再走啊[泪],0,0.487478,0,1
E0-lite: source TF-IDF+LR,target_test,又是分裂的一天，白天排练 老师的＜三人行不行＞，说着山东话唱着京剧各种洒狗血解放天性的表演训练，晚上来录和加拿大乐队 的合唱歌曲Jet Lag，竟然被要求我想像自己是个穿着黑色吊带丝袜拎着酒瓶子的朋克少女，这这这，要求太高了吧~[抓狂],0,0.475372,0,1
E0-lite: source TF-IDF+LR,target_test,国家和全社会什么时候重视并落实解决[衰] //:准时收看 //:看小[嘻嘻]嘉宾,0,0.483702,0,1
E0-lite: source TF-IDF+LR,target_test,我想知道当事犬是什么心情。。//:哈哈哈哈笑不行了 //:[哈哈],1,0.497501,0,0
E0-lite: source TF-IDF+LR,target_test,"感觉“好久”没刷围脖了，是在忙着上课，忙着考试，忙着写报告, 找stage...？ ? 我都不知最近都忙了神马，时间就木有了 ~~~~(>_<)~~~~ [泪]",0,0.484477,0,1
E0-lite: source TF-IDF+LR,target_test,没人了呢，好寒心~那么公布获奖名单了哦，本期中奖的幸运儿是 获得幸运奖的是 恭喜这两位啦，呱呱呱[可爱] (,1,0.491968,0,0
E0-lite: source TF-IDF+LR,target_test,收到的礼物，漂漂的蛋糕?[嘻嘻]非常好吃，受到一致好评，谢谢,1,0.55663,1,1
E0-lite: source TF-IDF+LR,target_test,早高峰8分钟间隔，疯了吧[抓狂],0,0.475308,0,1
E0-lite: source TF-IDF+LR,target_test,打电话回家，家里的同胞们真开心啊，妈妈姨妈小姨表弟表妹们各种吃饭各种聚！唯独我不在家！[泪]想想父母那一代，虽然过去家里孩子多日子苦些，但现在年纪大了兄弟姐妹常来常往也有个照应，多好！想想我们这一代，要不独子，要不就离得远，一年见不到几次，可怜呢。所以，有几个闺蜜何其重要！,0,0.47807,0,1
E0-lite: source TF-IDF+LR,target_test,"这是吊胃口，可以提高完整版的收视率[哈哈]//: 我去,停在最关键的地方[怒]可是最近的这一个是过去时啊还是现在进行时啊[思考]// : 四大冷艳系冰雪美人来啦,冰天雪地里的女神们，美丽冻人，很是心疼[玫瑰]",0,0.494547,0,1
E0-lite: source TF-IDF+LR,target_test,哈哈，看得出评估团的威力啦……石老师真可怜……//:石主任怎么变成罗老师了，太有才了！顶起！ [哈哈] [哈哈] [哈哈],1,0.486433,0,0
E0-lite: source TF-IDF+LR,target_test,[泪][泪]//: 白大爷走了一百天了，愿您天堂安好、[蜡烛][蜡烛][蜡烛][蜡烛][蜡烛][泪][泪][泪][泪][泪],0,0.440324,0,1
E0-lite: source TF-IDF+LR,target_test,我桌上有烟随便抽//: 酒没事儿，越老越陈，就跟咱俩似的[偷笑]//: 更悲催的是……烟也抽完了……[抓狂],0,0.485294,0,1
E0-lite: source TF-IDF+LR,target_test,[哈哈][哈哈] //:10010// :,1,0.498882,0,0
E0-lite: source TF-IDF+LR,target_test,设计专业化非一日之努力可达；支持设计的文化底蕴非一日之积淀。好与不好的判定能力的提升，就象看玉，看的多了，自然能看出成色的差异所在。革命没尚需努力。压力、动力[泪],0,0.479567,0,1
E0-lite: source TF-IDF+LR,target_test,//-北京:醍醐灌顶了，真心给国足道个歉[衰]//:再次转给所有黑国足的人，你们愧疚吗？[挖鼻屎],0,0.467698,0,1
E0-lite: source TF-IDF+LR,target_test,海航快闪看到粉丝发布视频了，但是小编想说，我不要看枪版，人家要看正版的！！[抓狂],0,0.459393,0,1
E0-lite: source TF-IDF+LR,target_test,[馋嘴][馋嘴][馋嘴][爱你][耶][耶][耶],1,0.494543,0,0
E0-lite: source TF-IDF+LR,target_test,空闲的时候就剩吃了[衰]?,0,0.475905,0,1
E0-lite: source TF-IDF+LR,target_test,??天都醒很早是在?哪?啊[抓狂][抓狂][抓狂],0,0.495698,0,1
E0-lite: source TF-IDF+LR,target_test,你们的活动怎么是周一啊。。。[泪]艾欣不能参加，但是呼唤大家来参加 超级靠谱的活动啦~~[笑哈哈],0,0.480678,0,1
E0-lite: source TF-IDF+LR,target_test,好不容易坚持了一礼拜，结果就被一碗肉丝炒蛋毁了。。。[泪],0,0.465922,0,1
E0-lite: source TF-IDF+LR,target_test,一个颈椎病突发智力受损然后丢了钱包的同学特发此图表达下复杂心情，她对现实世界到底有多不满意呢，请参照右边插腰的小背影并想象一下她的表情。 有人需要新钱包了[泪],0,0.485926,0,1
E0-lite: source TF-IDF+LR,target_test,教授堆儿里，本来就是一帮乌合之众！//: //: 什么教授，狗屁暴徒！！！ //: //-摄影-漆匠: 最起码的家教都没有也能当教授[衰] //: //: //:[赞] //: [赞],0,0.448788,0,1
E0-lite: source TF-IDF+LR,target_test,一声巨响，厨房墙上放各种调味品的隔板轰然倒塌，满地的酱油醋蚝油花椒大料盐，现在一屋子混合调料的味道，事故现场就不发了，总之一个惨不忍睹~~~[怒],0,0.488214,0,1
E0-lite: source TF-IDF+LR,target_test,哈哈 昨晚真的好热闹呢[哈哈],1,0.512855,1,1
E0-lite: source TF-IDF+LR,target_test,书白读了。[怒],0,0.467623,0,1
E0-lite: source TF-IDF+LR,target_test,各位小主儿都在哪里看得甄环传的呀，偶打算假期追下热剧呢。最好推荐PAD能看的萨[可爱],1,0.502509,1,1
E0-lite: source TF-IDF+LR,target_test,必胜客里等灰机[嘻嘻],1,0.494543,0,0
E0-lite: source TF-IDF+LR,target_test,海南旅游攻略 【看万景之胜地?品宁静之乡情?走进海韵万宁2日游】万宁美景数不胜数，要是真正的玩转万宁要花费花几天的功夫，本期攻略给大家选取比较有特色的景点，行走在万宁的大街小巷，每处都是景色迷人，来到万宁宛如天上人间一般，大家一起感受这里的海风海韵吧！[爱你],1,0.481033,0,0
E0-lite: source TF-IDF+LR,target_test,周末和天团的十位小朋友一起吃火锅，好胃口止不住，昨晚在家试试卤蛋，今早带来单位，谁来早谁吃[嘻嘻],1,0.498748,0,0
E0-lite: source TF-IDF+LR,target_test,能预定假期的人最划算了，提前交定金能拿到2-3折的价钱呢。[给力]像我这样假期遥遥无期，连周末都不知道能不能幸存的人就只有眼馋的份了[泪][泪],0,0.468794,0,1
E0-lite: source TF-IDF+LR,target_test,这个必须推广，罚不罚都是次要，意识很重要！我在美国开车习惯了，有次回国开车，人行道主动减速到完全停下，还被后面摁喇叭！[怒骂],0,0.471058,0,1
E0-lite: source TF-IDF+LR,target_test,被三个0点促销同时折腾的筋疲力尽。。。现在好想滚去睡。。。但是刚才精神过于紧张一点儿都不困了[泪][泪][泪],0,0.46631,0,1
E0-lite: source TF-IDF+LR,target_test,华丽丽的混乱八卦！ //:情伤爆肥的阿mei居然深情地对着哈林唱前男友之歌，导播居然给哈林和莫愁大镜头~「我太八卦了」[衰][委屈],0,0.483859,0,1
E0-lite: source TF-IDF+LR,target_test,微行迹 这里风景如画，值得一年四季游览！牦牛肉嫩，青稞酒香，美味佳肴，我都不想走了....据说九寨沟寨里的村民都很富有，百万不算少，千万不算多。每年年底还有分红。带着微博去旅行 哪怕在这里放三年牦牛也好啊[泪],0,0.480461,0,1
E0-lite: source TF-IDF+LR,target_test,回复:老牌子，你多大的咖啡馆？总投资多少？定位是什么？ //:[泪]呀，真的回覆了，太感?了，我看好一款拉帕瓦尼的??，??下月去北京?，??这款机器很耐用 //-咖啡大佬老冯:回复:哈哈，那你第―次喝益生糖是什么时候？[嘻嘻] //:是呀，再不捋就全忘了,0,0.460596,0,1
E0-lite: source TF-IDF+LR,target_test,早上起来，满脑子都是三天三夜的旋律[晕],0,0.481583,0,1
E0-lite: source TF-IDF+LR,target_test,亲们，就不一一 [汗]（最后发现爱特了「了」 ）[汗]//: [衰] //: 清明了 挺想你的~,0,0.484908,0,1
E0-lite: source TF-IDF+LR,target_test,[可爱]//: //:人固有一死，或死于白水，或死于藏猫，或死于连跳，更有死于高温者，最夸张的是死于二手烟雾中???//: 人故有一死[偷笑] //:回复:人故有一死，或抽烟死，或不抽烟死！ //:从前有个人，不烟、不酒、不赌、不嫖；,1,0.481091,0,0
E0-lite: source TF-IDF+LR,target_test,人在中山，对话厉无畏先生。来去匆匆，没吃到中山乳鸽，有些伤感。[失望],0,0.48449,0,1
E0-lite: source TF-IDF+LR,target_test,支持支持[抓狂][抓狂][抓狂][抓狂][抓狂][抓狂][抓狂][抓狂][抓狂][抓狂][抓狂][抓狂][抓狂][抓狂][抓狂][抓狂][抓狂][抓狂][抓狂][抓狂][抓狂],0,0.500028,1,0
E0-lite: source TF-IDF+LR,target_test,快看 拉的便便糖！据本人透露是香蕉黄瓜和杨梅！太有才，多美的屁股拉得这样有型！ [嘻嘻],1,0.486785,0,0
E0-lite: source TF-IDF+LR,target_test,体制内都是些啥货色呀，各个龌龊至极！[衰],0,0.471353,0,1
E0-lite: source TF-IDF+LR,target_test,哈哈~~~北京消防太有爱了 //: 视频版都出来了[嘻嘻]，走你//: 【航母style视频征集】如果你也有你的态度，你的style，想来参与PK，那就拿起 记录下你的身姿加入到航母style活动中来吧！走你~[走你]活动详情：,1,0.49324,0,0
E0-lite: source TF-IDF+LR,target_test,某心灵手巧男纯手工出品[鼓掌][good][赞][兔子][给力],1,0.511744,1,1
E0-lite: source TF-IDF+LR,target_test,畜生都不如！[怒] //:畜生！[衰][怒],0,0.483304,0,1
E0-lite: source TF-IDF+LR,target_test,"每日一新[熊猫]以希??士靴?融入?代的?方文化,???感更????而出的迷人造型,???感又???尚的扣???,再搭配??的大型皮???更能感受?特的??~[爱你]?南鞋店地址:上海市?安??西南路80?:021-62891014~",1,0.492759,0,0
E0-lite: source TF-IDF+LR,target_test,快乐滑雪队2012活动圆满结束，临走前刷了万龙最长的游龙道，全长3.4公里，13分钟完成，用六只脚手机版记录的图和数据很靠谱啊！到北京了，开堵[怒],0,0.466989,0,1
E0-lite: source TF-IDF+LR,target_test,不要取笑强迫症好不？他们好痛苦的。[泪] //：我也一定要抠下来安好~~~[抓狂],0,0.490013,0,1
E0-lite: source TF-IDF+LR,target_test,这秃子不敢@ 被害人家属，是怕破坏军婚被收拾么？[挖鼻屎]//: →_→//:[晕]→ → → → →//: 呔，这个拉皮条的秃子，娶了她吧,0,0.479863,0,1
E0-lite: source TF-IDF+LR,target_test,呵呵，还是养狗狗可以当神仙[嘻嘻],1,0.488267,0,0
E0-lite: source TF-IDF+LR,target_test,得上传染病了，千万别碰我，眼睛都睁不开了，驾照考试怎么办啊[泪][泪][泪],0,0.432085,0,1
E0-lite: source TF-IDF+LR,target_test,牙神经还是疼啊！[泪],0,0.492197,0,1
E0-lite: source TF-IDF+LR,target_test,看到你这条微博我表示很开心，看到苦逼的你我内心得到极大平衡[哈哈]谁叫你那观山湖豪宅不住搬个狗屁家，瞎折腾。,1,0.4985,0,0
E0-lite: source TF-IDF+LR,target_test,除了不停地向你们道谢，我不知道自己还能做些什么！[泪][泪] -薇薇 @,0,0.464285,0,1
E0-lite: source TF-IDF+LR,target_test,哇喔，快乐愚人节[爱你],1,0.504097,1,1
E0-lite: source TF-IDF+LR,target_test,烤乳猪，太诱人了[嘻嘻],1,0.479499,0,0
E0-lite: source TF-IDF+LR,target_test,//: 中枪了![泪],0,0.494543,0,1
E0-lite: source TF-IDF+LR,target_test,尼斯漫记原来这个世界上真有旋转木马这个童话般的东西哦！我也想坐……[爱你][爱你][爱你],1,0.481694,0,0
E0-lite: source TF-IDF+LR,target_test,Loli厨房出品今日早餐是本帮酱鸭米线。配菜是酱鸭，青菜，玉米，青豆，还有一盘盐水毛豆[哈哈]昨儿， 说我早餐一成不变的，可以换换了[汗]不知道你早餐吃的啥呀？究竟有多丰富？！[疑问][左哼哼],1,0.482453,0,0
E0-lite: source TF-IDF+LR,target_test,越看越不对，你找谁啪啪我？//: [怒][怒]让你爷们啪啪你//:好吧//: 好吧，我文盲//:别解释！再解释也是不通[偷笑]//:没睡醒呢就开会了//:大哥，言语不通，该重修语文[挖鼻屎],0,0.483043,0,1
E0-lite: source TF-IDF+LR,target_test,看着公车都空的没天理的开过，为啥我的公交迟迟不来。[晕],0,0.487247,0,1
E0-lite: source TF-IDF+LR,target_test,三清新闻三清山旅游宣传短片亮相美国纽约时代广场，让美国人也瞧瞧小清的风姿[嘻嘻]欢迎更多的国外游客来江西，来三清山旅游，we are ready ！[给力],1,0.496102,0,0
E0-lite: source TF-IDF+LR,target_test,把腰带解下来换酒！[哈哈] //:我们这种消费，说是法国的你孙总也不信啊[泪] //: 英国红酒？ //:回复:五粮液还是五粮醇，忘了！还有英国红酒！[害羞] //:喝的什么高级酒呢？[思考] //:回复:已晕乎[晕] //:可惜，你喝少了[嘻嘻],0,0.472906,0,1
E0-lite: source TF-IDF+LR,target_test,许久没有来西直门，竟然在换乘站迷路了[泪],0,0.450936,0,1
E0-lite: source TF-IDF+LR,target_test,带3岁多的小盆友出来旅游，无论是耐心或体力都是一种考验和挑战。。[泪],0,0.472675,0,1
E0-lite: source TF-IDF+LR,target_test,[怒] //:[吃惊],0,0.494543,0,1
E0-lite: source TF-IDF+LR,target_test,[哈哈][哈哈][哈哈]苹果Siri被指提供”嫖娼指南” 娱乐场所喊冤,1,0.511481,1,1
E0-lite: source TF-IDF+LR,target_test,偷我手机的人，我让你过年[怒]，你把里面重要的信息都还给我吧~[泪],0,0.473391,0,1
E0-lite: source TF-IDF+LR,target_test,掏钱受虐 求年会早点结束[泪] 我在这里:,0,0.494718,0,1
E0-lite: source TF-IDF+LR,target_test,两周不见，尼玛，miumiu吃成猪了！！！！[怒][抓狂][抓狂][抓狂],0,0.455009,0,1
E0-lite: source TF-IDF+LR,target_test,孩子做错事是可以原谅的，但这孙子根本就没有认错的心！[衰] //:让他火！！//: 不明白这些个爱乱刻的人，什么地方刻字最多难道他们不知道么。。。乱刻就欠剁手~ //: 这孙子要火大了 //: //: 法老的诅咒！,0,0.448383,0,1
E0-lite: source TF-IDF+LR,target_test,Loli厨房出品蕃茄包菜，牛肉酱炒空心菜，土豆鸡毛菜蛋汤，柠汁烤小黄鱼（从烤盘夹出来就破相了[泪]），红豆饭。,0,0.484645,0,1
E0-lite: source TF-IDF+LR,target_test,这都什么人！//?:肺疼[衰][泪] //?: 在此深深地表达一下我对 ? 童鞋以身吸毒的默默牺牲和奉献的崇敬之情。更值得提倡的是 童鞋以跑步明志扩充肺活量吸更多毒，发挥先锋带头作用，成为新北京学习的楷模。阿门，上帝保佑你们[绿丝带]//:明天果然令人期待。。。,0,0.461733,0,1
E0-lite: source TF-IDF+LR,target_test,[害羞] 小枣真不好意思呀//:吃过了小枣手做饼干，我再也不敢说我会做饼干了[爱你],1,0.464162,0,0
E0-lite: source TF-IDF+LR,target_test,STAY的Sunday brunch失望啊[泪] 海鲜套的头盘生冷得丝毫不惊艳，三文鱼生蚝尔，尤其是所谓龙虾肉居然是麻小，好失落[晕]；肉套的火腿冷盘和塔塔牛肉倒是有点意思，可惜主菜的烤鸡肉干如粗柴，大大扣分；最好吃的反而是菜单上毫不起眼的蔬菜餐，无论是荤素配比还是温度，都不至于太难为我脆弱的小胃,0,0.500448,1,0
E0-lite: source TF-IDF+LR,target_test,朝阳大悦城店 竟然用变了质臭鱼 糊弄顾客！！！芥兰老的带梗！厨师说没问题，前厅经理说你可以自己处理。靠！！ 这菜品 这服务[弱][弱][弱][怒][怒][怒][怒],0,0.469737,0,1
E0-lite: source TF-IDF+LR,target_test,连看两部电影。。。结束了这个点了[晕],0,0.467102,0,1
E0-lite: source TF-IDF+LR,target_test,这么好的天气，走！踏青去[爱你],1,0.499076,0,0
E0-lite: source TF-IDF+LR,target_test,美女们！[花心]应大家要求[太开心][爱心传递][爱心传递]这款平跟过膝靴到货咯[做鬼脸][做鬼脸]！,1,0.486741,0,0
E0-lite: source TF-IDF+LR,target_test,[围观]//://:[哈哈][哈哈][哈哈][嘻嘻][嘻嘻][嘻嘻] //-刘:？ //: //: 又一次惨烈的冲击了中国社会的道德底线 让有良心 行善的人不敢做好事 此恶性循环必然带来更多恶果 //??中文?:震撼转载,1,0.506159,1,1
E0-lite: source TF-IDF+LR,target_test,[泪]致敬,0,0.494543,0,1
E0-lite: source TF-IDF+LR,target_test,在复工的第一天po这个实在是太不应该了，不过照片也太美啦?原来有这么多地方没去过！你觉得哪里最浪漫呢？巴黎不错哦！[爱你],1,0.490834,0,0
E0-lite: source TF-IDF+LR,target_test,"?得北京下起??大雨,[抓狂]",0,0.494543,0,1
E0-lite: source TF-IDF+LR,target_test,-金利多慈善基金 //:心酸酸的[悲伤] //:政府撒钱给美国、欧洲、非洲、朝鲜……为什么不拿出一点点给这些孩子呢，他们是这个国家的未来呀！,0,0.471737,0,1
E0-lite: source TF-IDF+LR,target_test,厄?这笑话隐藏好深?[汗][晕] //:上万转发啊。。。比我狠 //:,0,0.469971,0,1
E0-lite: source TF-IDF+LR,target_test,麻辣戈壁，买到山寨的红牛了[黑线][黑线]富民产的[抓狂] 在包装是否存在侵权[思考],0,0.507332,1,0
E0-lite: source TF-IDF+LR,target_test,明天怎么上班阿，都爬不起来了[泪],0,0.473077,0,1
E0-lite: source TF-IDF+LR,target_test,明天还要开车去深圳开会呢.. 明天金光华广场还有奥迪技术巡展呢... 让我们共同期待暴风雨过后的绚丽巡展！[嘻嘻],1,0.478314,0,0
E0-lite: source TF-IDF+LR,target_test,泪奔！ //:[心][心][泪] //:父爱的伟大！好感动哦！ //:[泪][泪] //:超感动哇[泪],0,0.501663,1,0
E0-lite: source TF-IDF+LR,target_test,在网上买了一瓶特价的高级香水，名牌，超级便宜！本以为自己赚着了，但当我拿到香水的时候我彻底崩溃了！！[可怜]浓香型“榴莲味”高级香水……[失望][感冒],0,0.464207,0,1
E0-lite: source TF-IDF+LR,target_test,安排休息的屋子一股怪味，说送饭到屋子，等饿的不行了，问服务员才说忘记送了，于是拿到了不值五元的白菜套餐。电话没信号，发现居然电话线都没接。[怒],0,0.447166,0,1
E0-lite: source TF-IDF+LR,target_test,哎u。胳膊疼。不能右手打弯了。1分钟变杨过[抓狂][抓狂][抓狂]这可肿末办？,0,0.468629,0,1
E0-lite: source TF-IDF+LR,target_test,跨栏和标枪的好逗啊[哈哈]//: 第一张和最后一张好帅哇[哈哈]//:[哈哈][哈哈][哈哈] //:太帅了捏 //:太可爱了……,1,0.506073,1,1
E0-lite: source TF-IDF+LR,target_test,[good] //:还有，在所有妹妹眼里哥哥都是帅哥/:)/:在所有母亲眼里，自己的儿子都是帅哥[呵呵] ，转了！ //:认为你儿子会是帅哥的请转走。。。[嘻嘻],1,0.453516,0,0
E0-lite: source TF-IDF+LR,target_test,在上海真好……[泪][泪][泪],0,0.488697,0,1
E0-lite: source TF-IDF+LR,target_test,想去//: [哈哈][赞]//:[哈哈]给你养养眼！//:最近跟风景干上了！//:,1,0.501321,1,1
E0-lite: source TF-IDF+LR,target_test,一枚激动的汤包~见到我后，流下幸福汁液~[哈哈],1,0.503752,1,1
E0-lite: source TF-IDF+LR,target_test,生快！美女！我家 。著名的小美女，号称幂姐哦，想认识的，就加她微博祝她生日快乐吧！呵呵[蛋糕][哈哈],1,0.503557,1,1
E0-lite: source TF-IDF+LR,target_test,您老人家能不饭点儿转吗？[抓狂]//:销售经理，你是不是打算赔死洒家。。。,0,0.465493,0,1
E0-lite: source TF-IDF+LR,target_test,一到过年，海口政府所在的国兴大道就成了卖花大道[衰]这些小贩子干脆进政府去得了,0,0.491436,0,1
E0-lite: source TF-IDF+LR,target_test,这够抓起来了吧？！//:[吃惊]亲妈？神经病？ //:[怒] //: 还是人吗？[怒] //-:实在是不敢相信！艹[怒] //:虎毒不食子，你毒过虎！[怒] //:是不是亲妈？[怒],0,0.469089,0,1
E0-lite: source TF-IDF+LR,target_test,吃好喝好，出差去不了了！ //:吃好喝好，开会去不了了！[泪] //: 吃好喝好，出差去不了了！[泪],0,0.512794,1,0
E0-lite: source TF-IDF+LR,target_test,今天 第二间拍摄番禺广场科尔海悦酒店的南岗喜宴[嘻嘻][嘻嘻][嘻嘻][嘻嘻],1,0.493824,0,0
E0-lite: source TF-IDF+LR,target_test,可惜，好声音，结束了。只好吹吹江风看看人。//: 这人潮不是节日还看不到呢。。。转一个//: 外滩好堵啊[抓狂][抓狂],0,0.462688,0,1
E0-lite: source TF-IDF+LR,target_test,您这是要献哈达呀。[偷笑][嘻嘻][哈哈],1,0.501759,1,1
E0-lite: source TF-IDF+LR,target_test,在俄罗斯，移动的短信始终发不出去，这个问题反映了几次，始终没解决，只好在酒店时跟朋友们用微信交流交流。到了莫斯科，微信退出了！联通的号码，平时不用没开通国际漫游，连不回去了[泪]谁知道我的微信号啊？有没有来过莫斯科的朋友给个必去攻略？ 我在:,0,0.467622,0,1
E0-lite: source TF-IDF+LR,target_test,是冬天了吗，昨晚又闷又热的，简直睡不着，想着那些苦逼的稿子，就像是上辈子欠的债[抓狂],0,0.494979,0,1
E0-lite: source TF-IDF+LR,target_test,呦，老帅哥的新戏俺得转呀，得大力支持，[嘻嘻]//: 吼吼 哪来得老帅哥啊？,1,0.498215,0,0
E0-lite: source TF-IDF+LR,target_test,回复:20公里骑行，4公里跑步，是有点多[泪] //:哎～～！,0,0.503897,1,0
E0-lite: source TF-IDF+LR,target_test,蓝精灵2 看的英文原版，那么多孩子听不懂只能看乐呵了，谁说只适合儿童看？明明是3D成人广告片好么[晕]成人台词不少，开房这还算是小清新的[汗]，难怪现在的孩子早熟。植入广告多的无底线了， 东方卫视达人秀，新浪微博，时光网，蓝月亮等数不过来了，广告收入都能收回成本。影片上座率高！,0,0.460179,0,1
E0-lite: source TF-IDF+LR,target_test,宝宝吃饭好香~~[亲亲],1,0.497823,0,0
E0-lite: source TF-IDF+LR,target_test,转，梦中享受一下//:[抓狂]必须转，太帅气了,0,0.487918,0,1
E0-lite: source TF-IDF+LR,target_test,[哈哈] [哈哈] [哈哈] //：这不是升级后的炮咩[偷笑],1,0.506838,1,1
E0-lite: source TF-IDF+LR,target_test,到家了饿了[抓狂],0,0.492132,0,1
E0-lite: source TF-IDF+LR,target_test,我欲哭无泪呀[悲伤],0,0.494543,0,1
E0-lite: source TF-IDF+LR,target_test,[泪][泪][泪]魔兽来了 Yeah!!,0,0.485547,0,1
E0-lite: source TF-IDF+LR,target_test,回复: 出锅应该将锅倒扣出来，不应该像我这样用筷子夹，结果冰花就碎了[泪] //:果然是传说中的冰花煎饺[赞],0,0.46987,0,1
E0-lite: source TF-IDF+LR,target_test,是人吗？ //:屮尼妈[怒][怒] //:,0,0.475768,0,1
E0-lite: source TF-IDF+LR,target_test,//: 期待第二段的播出[抓狂],0,0.496093,0,1
E0-lite: source TF-IDF+LR,target_test,什么情况呀[怒][怒][怒] //:保安也闲不住了……[怒]//:,0,0.473881,0,1
E0-lite: source TF-IDF+LR,target_test,回复:本宫对乃这个答复很满意~[嘻嘻] //:这是开胃菜,1,0.497446,0,0
E0-lite: source TF-IDF+LR,target_test,这事告诉我们买车一定要带天窗的。[抓狂] //:途胜车主因为一场大雨被淹死在北京的大马路上！这算什么世道？[衰],0,0.480608,0,1
E0-lite: source TF-IDF+LR,target_test,就怕大宵总说话！咱能把微博关了么//: [泪],0,0.494543,0,1
E0-lite: source TF-IDF+LR,target_test,小戴子做节目怎可如此无底线！[怒]逝者为大，在我们这代人的心中，翁美玲是美好、可爱的代名词，她永远是我们心中无可取代的俏黄蓉。收视压力让行业的从业人员无耻的秀下限，已经到了不择手段的地步了…这么娱乐、消费逝者，试问有想过当事人家属的难堪吗？,0,0.481647,0,1
E0-lite: source TF-IDF+LR,target_test,简直不知道怎么形容 文曲星下凡吧//://://: //:这才是学者，才叫知识分子。[泪]（虽然从出版的角度，这种书印量太低，千字八十也很难营利，但此书填补了一个学科的空白，理应得到当局特别的奖励！！！）,0,0.456103,0,1
E0-lite: source TF-IDF+LR,target_test,大半夜的饿的睡不着，难道重新爬起来加班？[抓狂],0,0.491639,0,1
E0-lite: source TF-IDF+LR,target_test,你以为你以为的就是你以为的吗？[鄙视][鄙视][鄙视][衰] //:玩天下人于微博呢?,0,0.494982,0,1
E0-lite: source TF-IDF+LR,target_test,周六下午的茶会是一次史无前例的拔光脱光茶会。茶主极其敏锐而开拓喜谈了。她一边淡定地泡茶，一边大刀阔斧地开始拔光脱光~首先被扒的是A先生..然后是Z...X和Y也被无情的扒光。BCD。终于我和来喝茶的烨还有F女也被她犀利地扒光[黑?]茶会结束我，我和烨对这场从头扒的尾的八卦茶会表示感觉良好。[嘻嘻],1,0.469549,0,0
E0-lite: source TF-IDF+LR,target_test,清明节最堵的两个地方，八宝山扫墓，玉渊潭赏花！结果…我都赶上了！[晕],0,0.467229,0,1
E0-lite: source TF-IDF+LR,target_test,光大?行、光大证券一直都很诡异!期指空头瞬间湮灭66亿，独立套利系统肯定干的不是临时工的活。话说国债期货，刚小心翼翼伸出的头，会缩回去吗?[怒][怒],0,0.489747,0,1
E0-lite: source TF-IDF+LR,target_test,这沙宝亮穿的是防狼服吗？[哈哈][哈哈],1,0.495761,0,0
E0-lite: source TF-IDF+LR,target_test,//: 加油！//:??大家的支持 要?常?哦 [哈哈][哈哈] //:牛肉??光 胡椒??光 ???也?光了 ??大家的??支持 我?我姐?心了 想吃的明天再?唷,1,0.505381,1,1
E0-lite: source TF-IDF+LR,target_test,//: 本条微博热门微博Top76[鼓掌],1,0.494543,0,0
E0-lite: source TF-IDF+LR,target_test,恭喜小盆友啦～继续支持我们南方少儿频道的《南方小记者》栏目啦[爱你],1,0.503887,1,1
E0-lite: source TF-IDF+LR,target_test,//: 回复 :一审时五个被判聚众斗殴罪各三年，原定于今天开庭的另一个未成年人一审，常熟市法院通知取消。 //:天下奇闻，叹为观止[怒] // // : 这就是“法律的威力”，可以用来对付民工。[怒] // :此案值得媒体关注，我们将拭目以待。,0,0.488517,0,1
E0-lite: source TF-IDF+LR,target_test,【岂有此理！光天化日女子遭骑车男精液涂面！[怒]】24日上午，上海外高桥附近，一男子边骑电瓶车边手淫，然后将精液涂在一过路女子的脸上。女子随即报警，经调取监控，警方迅速抓获该“色魔”。警方提醒广大女士，遇到此类案件，切勿有羞怯心理，一定要及时报警！ via东方网,0,0.488614,0,1
E0-lite: source TF-IDF+LR,target_test,回复:败的EL奢宠级，虽然比专柜便宜n多，但还是贵啊，很纠结，下个目的地的机票少一半了[泪][泪][泪][泪][泪][泪][泪][泪] //:肿么个情况,0,0.494477,0,1
E0-lite: source TF-IDF+LR,target_test,啦啦啦[嘻嘻]这是馒头呢馒头呢 还我是馒头呢 哈哈，元宵节快乐O(∩_∩)O 美图秀秀Android版,1,0.49968,0,0
E0-lite: source TF-IDF+LR,target_test,//：还有我一只猪手[嘻嘻],1,0.490459,0,0
E0-lite: source TF-IDF+LR,target_test,[泪]其实每天都在过愚人节,0,0.492516,0,1
E0-lite: source TF-IDF+LR,target_test,只有国庆和春节的时间，这座城市才叫北京，平时请叫他首都！怀念北京城！这座城市肩负的东西太多了！也请给他减减负吧！[抓狂][给力],0,0.478489,0,1
E0-lite: source TF-IDF+LR,target_test,出门后手一摸才想起忘了刮胡子。[衰]幸好今天没约什么陌生人见面。。[挖鼻屎],0,0.474064,0,1
E0-lite: source TF-IDF+LR,target_test,下午跟资方开完会聊天，问我做过最疯狂的事。我想了想好像真没有。他给我讲了三个他的故事，太可以入戏了[抓狂]大奶牛诚不我欺，等我讲你听。,0,0.464219,0,1
E0-lite: source TF-IDF+LR,target_test,[?力][鼓掌]加油喔！ 期待你的音? //:李伊啊! 我们期待著你一步步朝向大歌星的路?展，加油哦!!!哪天把吉他??店里~我要听??版啦!! ^_^,1,0.482089,0,0
E0-lite: source TF-IDF+LR,target_test,"彻底考晕了[衰][衰][衰]我在这里:北京市,海淀区,展春园西路北京语言大学 [奥特曼] 我在:",0,0.494718,0,1
E0-lite: source TF-IDF+LR,target_test,最后一次享受金卡待遇，竟碰到了升舱，还真不习惯啊！咱就是经济舱的身子啊..[衰],0,0.488878,0,1
E0-lite: source TF-IDF+LR,target_test,看评论都说胖的好，可伦家还是觉得瘦的美[泪]//:坏就坏在16：9的屏幕。 //: 还真是添一分太肥，减一分太瘦[ok] //:俺是古典美。[偷笑],0,0.508358,1,0
E0-lite: source TF-IDF+LR,target_test,//:[good] // :哈哈，太有才了！[哈哈],1,0.496678,0,0
E0-lite: source TF-IDF+LR,target_test,回复:很专业嘛[嘻嘻] //:视觉，手感上佳，而且有防油墨设计 //:回复:你敢包一个试试？[怒骂] //:还不赶紧搞个中国之翼包书皮大赛 ，咱们的人肯定赢…… //:人世间最痛的就是爱恨纠结！,0,0.486847,0,1
E0-lite: source TF-IDF+LR,target_test,回复:才10多块一个，黄特多 //:哎呦，好肥美的大闸蟹呀[哈哈],1,0.501314,1,1
E0-lite: source TF-IDF+LR,target_test,[哈哈]糖果就是孩子的整个世界，i am serious//: [哈哈]笑得眼泪都出来了！,1,0.499305,0,0
E0-lite: source TF-IDF+LR,target_test,回复:顺便游览“金鸡湖”，美景美食美心情。 //:有机会一定一一吃之！[嘻嘻] //:回复:[馋嘴]江南运河这一段什么镇江、丹阳、常州、无锡、苏州、吴江、嘉兴、桐乡、杭州吃食太多了，大晚上的，不说了，[抓狂] //:这大晚上的！[泪][馋嘴],0,0.467121,0,1
E0-lite: source TF-IDF+LR,target_test,少喝啊 要等我[做鬼?] //:[哈哈]往死跑! //?宋健:回复:是跑得 ?不住?[做鬼?][做鬼?] //:收到！飞前来电！我近一周会乱跑！,1,0.492195,0,0
E0-lite: source TF-IDF+LR,target_test,啊。。。在保定折腾了一天。[怒],0,0.467057,0,1
E0-lite: source TF-IDF+LR,target_test,早上7点半就开堵了[泪] //: 年度恐怖大片《丫们回来了》！//:幸亏没开车！//: 首都模式开启，各位请耐心做好堵车准备，路上多听听广播、看看书、玩玩手机纾解情绪吧…,0,0.478301,0,1
E0-lite: source TF-IDF+LR,target_test,发现除了料理，熨烫衣服也是一个怀着美丽心情干的家务，老有成就感了[哈哈] 平时也就周末有空，今儿早，全部给它熨一遍[偷笑][威武],1,0.482102,0,0
E0-lite: source TF-IDF+LR,target_test,西昌机场，真大啊，快赶上丰台火车站了！[晕],0,0.482376,0,1
E0-lite: source TF-IDF+LR,target_test,在携程预订最低仅需268元哦，戳右边去小蛮腰体验世界最高摩天轮啦>>> //:肯定好爽啊 超刺激的吧～？其实我也好想去哦，但就是，荷包叫紧啊，[泪][泪],0,0.50113,1,0
E0-lite: source TF-IDF+LR,target_test,您能喜欢我真是非常高兴哦，我跟拍的。呵呵！好开心！[哈哈] //:实在喜欢这张组合。,1,0.513317,1,1
E0-lite: source TF-IDF+LR,target_test,//: 想掩盖什么真相？都己经是赤贫户了，还不让人死得有点尊严，太无耻！[怒],0,0.474807,0,1
E0-lite: source TF-IDF+LR,target_test,今年的第一株桂花香[爱你],1,0.488623,0,0
E0-lite: source TF-IDF+LR,target_test,我想看电影[泪][泪][泪][泪][泪][泪],0,0.493791,0,1
E0-lite: source TF-IDF+LR,target_test,感谢你给我的简单平凡感动的七夕。我们传奇的相识到相知到现在，我相信我们会一直走到最后。有你在的每一天都是情人节。爱你[爱你][爱你],1,0.479638,0,0
E0-lite: source TF-IDF+LR,target_test,[哈哈][哈哈]还真是，估计能组织一个榔头帮[哈哈],1,0.501192,1,1
E0-lite: source TF-IDF+LR,target_test,精辟啊，特别是最后一条！深恶痛绝啊[怒],0,0.496343,0,1
E0-lite: source TF-IDF+LR,target_test,回复:有效期过，还超龄。[失望] //:详情请见：,0,0.480055,0,1
E0-lite: source TF-IDF+LR,target_test,仁者见仁，智者见智，靠不住者见靠不住。[哈哈] //:这样读名著啊！[哈哈][围观],1,0.504287,1,1
E0-lite: source TF-IDF+LR,target_test,公车上温馨的看到推荐[可爱] 美好的一周早安 谢谢小编[心] //:你的负担将变成礼物，你受的苦将照亮你的路。――泰戈尔 推荐摄影师作品花与美好[心]更多图片欣赏,1,0.500105,1,1
E0-lite: source TF-IDF+LR,target_test,[泪][泪][泪][泪]物是人非 //:十八年，导演真的很有耐心，我们喝片中人物一起长大，结婚，离婚，养孩子抑或。。。本周日下午2点半，拾楼说电影 别错过~,0,0.469187,0,1
E0-lite: source TF-IDF+LR,target_test,//:也许是给自己一个美丽的希望。。。[爱你],1,0.464822,0,0
E0-lite: source TF-IDF+LR,target_test,每次看到这种都流眼泪。。我们的宝贝女儿，现在就开始舍不得你了。。[泪]但粑粑麻麻一定伴你快乐成长，给你一个幸福的童年～青春的路上，一定要阳光向上～[爱你]粑粑麻麻爱你！@?氏?? [心] //:@?氏?? [委屈]唉！老父垂暮时，你终往新枝[泪]。@??兔拉拉 //:,0,0.467927,0,1
E0-lite: source TF-IDF+LR,target_test,[泪][泪] //:看到刘翔母亲的话，心酸的想流泪，一个伟大的运动员已经不属于自己，不属于自己的父母，当把自己的一切交给国家时，他背负的压力是常人无法想象的，无论成败，都应该好好呵护他，不离不弃，像对待自己的孩子一样！,0,0.47383,0,1
E0-lite: source TF-IDF+LR,target_test,回家刚一天明又远离家乡奔赴城市了这里的安宁好似一桶清泉给了我从头到脚的冲刷洗去了过去一年在城市的浮躁，让我一身轻松[太开心]，小时候骑马很艰难的到山顶喂桑现在可以开车很轻松的到达山顶 有点不适应[吃惊] 呵呵！祝大家在新的一年里 万事吉祥 扎西德勒！,1,0.479961,0,0
E0-lite: source TF-IDF+LR,target_test,就因为我小学时不爱背手，觉得好累，结果被老师骂过好多次，还罚过站[泪] //:当时看了这个封面，也有同样的感受//: 如果一个国家的教育是为了培养公民，它必然会鼓励独立的观察、思考和判别，必然会尊重言论和表达自由，必然会包容与众不同和奇思异想，必然会教人求真向善,0,0.475726,0,1
E0-lite: source TF-IDF+LR,target_test,-夏 生日快乐[哈哈][蛋糕]?Ella 白头偕老 我在:,1,0.500058,1,1
E0-lite: source TF-IDF+LR,target_test,回复:电闪雷鸣 //:下雨很大呢。？ //:听雨[嘻嘻],1,0.50203,1,1
E0-lite: source TF-IDF+LR,target_test,我在这里: 东城区美好的天气，悲催的我[泪],0,0.500239,1,0
E0-lite: source TF-IDF+LR,target_test,没敢问，她男朋友在旁边呢。。[泪]//: 你问问她能不能调成静音模式,0,0.485282,0,1
E0-lite: source TF-IDF+LR,target_test,对号入座啊[哈哈][哈哈][哈哈]//: 靠。照这么说，怎么都嫁不出去了,1,0.492916,0,0
E0-lite: source TF-IDF+LR,target_test,生病了[泪]快点好吧,0,0.489491,0,1
E0-lite: source TF-IDF+LR,target_test,太过份了[怒]赶快说地址 //:[馋嘴],0,0.495863,0,1
E0-lite: source TF-IDF+LR,target_test,李晨挺好个小伙怎么就看上张馨予了呢？[晕],0,0.485105,0,1
E0-lite: source TF-IDF+LR,target_test,演出前各种状况[晕][吃惊]司机不见鸟，又走错路 长长的裙子拉链坏掉了[泪]感谢大学我没逃的手工课[汗]录制现场重新清场折返酒店，节目备播录制拖到凌晨[晕]不管怎样，最后OK就好[太阳] 辛苦了，明天还一场呢……加油[奥特曼],0,0.503234,1,0
E0-lite: source TF-IDF+LR,target_test,我不但错过了你的生日还错过了今年北京冬天的第一场雪[泪]！我亲爱的西施玲姐生日快乐噢[蛋糕][蛋糕][礼物][心]！永远美丽！[花心][嘻嘻],0,0.486519,0,1
E0-lite: source TF-IDF+LR,target_test,[怒] //:武汉电视问政 -武汉网络电视,0,0.494543,0,1
E0-lite: source TF-IDF+LR,target_test,在北京的川籍精英可以聚聚[鼓掌],1,0.494238,0,0
E0-lite: source TF-IDF+LR,target_test,[给力][给力][鼓掌][鼓掌]谢谢陀陀 //:[鼓掌],1,0.520609,1,1
E0-lite: source TF-IDF+LR,target_test,[泪]普通员工3个月才能买得起的东西，高层就2天工资就可以随便置办了。Matthew Effect,0,0.479266,0,1
E0-lite: source TF-IDF+LR,target_test,大家周末都干嘛呢？[思考]我在家等快递，结果等到了，就悲哀了！一箱豆奶从西双版纳运来，24瓶碎了4瓶，无论包装都严实，都经不住暴力快递的摧残！中通快递够差劲的！[悲伤][怒骂],0,0.485384,0,1
E0-lite: source TF-IDF+LR,target_test,[抓狂][抓狂][抓狂] //?昊:,0,0.494543,0,1
E0-lite: source TF-IDF+LR,target_test,终于到赤峰了。这车座的真特么的累[晕][晕],0,0.484567,0,1
E0-lite: source TF-IDF+LR,target_test,一个男人，比女人还懂得搔首弄姿，我作为女人深感惭愧！！万分羞愧！！！[泪]每次去这个店，最想避开的就是这个＂姐妹＂啊！[抓狂][泪][泪][泪][泪][泪][泪][泪][泪][泪][泪],0,0.469258,0,1
E0-lite: source TF-IDF+LR,target_test,回复:[哈哈][哈哈][哈哈]新年快乐！ //:渔夫你不要这样…………明显是一副事后的表情……[衰],0,0.494951,0,1
E0-lite: source TF-IDF+LR,target_test,[爱你]飘雪赏腊梅，掌灯泡岩茶！,1,0.494543,0,0
E0-lite: source TF-IDF+LR,target_test,历史总是惊人的相似[泪],0,0.494543,0,1
E0-lite: source TF-IDF+LR,target_test,回复@??V:早点应该ok，个人单间民宿200多，套餐自游人含门票的300，应该划算的！乌镇！台湾美食在乌镇台客栈 //@??V:那儿压根就订不到 我两年前来过乌镇 //:是啊，满到我花台上面了！[泪] //:这两天，乌镇人爆满了吧。,0,0.481129,0,1
E0-lite: source TF-IDF+LR,target_test,好吧我带拍立得去 记得提我[嘻嘻][嘻嘻][嘻嘻] //:checky 全记录 厦门啊，鼓浪屿啊，绝对是拍风景片的好地方，你们去过嘛[馋嘴]？,1,0.484238,0,0
E0-lite: source TF-IDF+LR,target_test,[哈哈][心]//: [嘻嘻],1,0.511481,1,1
E0-lite: source TF-IDF+LR,target_test,回复 :温度计泡开水来着吧！太狡猾！ //:我觉得这是个阴谋，丫故意装病逃避组织审训。 //:一看就是弥补前晚的错误！ //:亏不亏心呀，早特么不烧了！而且昨天我按照 的吩咐鞠躬尽瘁伺候您到39度怎么不表啊？[失望],0,0.475463,0,1
E0-lite: source TF-IDF+LR,target_test,[偷笑]李老师点出了现状！ //:[泪]手机当电脑用，电脑当电视用，电视当装饰用…//: [赞]点出了问题的本质！,0,0.489859,0,1
E0-lite: source TF-IDF+LR,target_test,[晕][晕][威武],0,0.494543,0,1
E0-lite: source TF-IDF+LR,target_test,北京提醒【亲们看好自家的宝贝儿吧！西三旗附近的亲们注意了！】西三旗森林大地小区自8月开始陆续有人投毒！共死亡猫狗、喜鹊、刺猬、黄鼠狼40余只！此毒药闻后导致内脏衰竭窒息而死。-钢琴 的公主Summer从发作到毙命仅20分钟。她只有七个月，还没有体验过完整的春去秋来！[泪],0,0.465463,0,1
E0-lite: source TF-IDF+LR,target_test,怎么不把高考日子改了呢！取消得了！彻底给各国大人物行方便！[怒],0,0.478663,0,1
E0-lite: source TF-IDF+LR,target_test,一雨夹雪路上都是事故[泪]冷冷冷[泪],0,0.471353,0,1
E0-lite: source TF-IDF+LR,target_test,右边这位你真心疼我！！！[怒][怒][怒][抓狂][抓狂][抓狂][泪][泪][泪] //: 我知道你现在不能吃，所以转发图片让你看饱了吧，据说能缓解...,0,0.464491,0,1
E0-lite: source TF-IDF+LR,target_test,泰达又赢了！[太开心],1,0.470826,0,0
E0-lite: source TF-IDF+LR,target_test,我前两天还被陌生人提醒过文明扣没系，丝袜漏了大洞，一大坨米粒黏在头发上。想想好伤心…[泪] //: 这有个和你一样的,0,0.485225,0,1
E0-lite: source TF-IDF+LR,target_test,谢谢喽 //-橙色咖啡:转发确认！想去非洲旅行的就找他～～[哈哈],1,0.507912,1,1
E0-lite: source TF-IDF+LR,target_test,一上车，身穿23号球衣的老黑盘踞在我的上铺；我说这是我的位置，他淡定点头后又稳妥的躺下了[晕]80岁的白发老太挂着一手写胸牌，写道，我是美国人；成功买到中铺后摘下牌子开始跟23号搭讪，Hi，r U MJ？老黑表情淡漠，只听同行的眉眼女气中国男子指挥???哈哈，虽说挤点，火车出行也别有乐趣的！,0,0.487665,0,1
E0-lite: source TF-IDF+LR,target_test,永远在一起！[鼓掌] //:[哈哈] //:我宣布 在一起新歌首发，倒计时开始！：ONE、TWO、THREE、FOR...哦，SORRY，数反了...,1,0.485067,0,0
E0-lite: source TF-IDF+LR,target_test,本地超大新?反而上了香港??，新加坡唯一英文?只能在第四页??。唉，我?的报社也常自吹自擂?自己的新?已???水平，真不要?。[怒][怒],0,0.474887,0,1
E0-lite: source TF-IDF+LR,target_test,[委屈] //：[泪] [失望],0,0.481463,0,1
E0-lite: source TF-IDF+LR,target_test,射手真的很重情//：【分手后，心最痛的星座】:冠军: 射手座；【恋爱后，最专一的星座】:冠军:射手座;【结婚后，最顾家的星座】:冠军:射手座;【爱人死后，跟着死的星座】:冠军:射手座;（不要轻易的和射手座分开）[抓狂],0,0.488316,0,1
E0-lite: source TF-IDF+LR,target_test,[怒]伤天害理,0,0.494543,0,1
E0-lite: source TF-IDF+LR,target_test,哈哈 太坏了 //: [泪],0,0.502782,1,0
E0-lite: source TF-IDF+LR,target_test,改个颜色就能上啊[衰]//: 赤裸裸的抄袭啊[鄙视][鄙视],0,0.494543,0,1
E0-lite: source TF-IDF+LR,target_test,最后知道真相的我眼泪掉下来。。。[泪],0,0.468177,0,1
E0-lite: source TF-IDF+LR,target_test,这...[汗] //:回复-vic:从没放弃过，你知道我的[泪] //-vic:加油 //:[泪],0,0.474374,0,1
E0-lite: source TF-IDF+LR,target_test,人生最大的遗憾是：子欲养，而亲不待……[泪],0,0.489987,0,1
E0-lite: source TF-IDF+LR,target_test,好萌的干脆面~[爱你],1,0.494543,0,0
E0-lite: source TF-IDF+LR,target_test,[衰]这个更狠 //:把牙齿敲掉[嘻嘻] //?沉: 回复?客:从昨晚纠结到今天了 我有强迫症 不挑出来难受 //?客:含口醋，泡软它，再剔。。。。瞧您这日子过的，这时间吃肉[打哈气],0,0.46158,0,1
E0-lite: source TF-IDF+LR,target_test,是他自己亲生的么//:次奥 有这样的爹吗？[衰],0,0.473997,0,1
E0-lite: source TF-IDF+LR,target_test,这辈子做的最正确的一个决定：就是当了一枚吃货。[哈哈][哈哈],1,0.495406,0,0
E0-lite: source TF-IDF+LR,target_test,娃玩命儿哭，爹死活哄不住，于是，掏出手机，开始放歌剧。娃，神奇的不哭了，改我不出意外的哭了[抓狂][抓狂][抓狂]。,0,0.476109,0,1
E0-lite: source TF-IDF+LR,target_test,重阳夜，难聚首[泪][泪][泪]//://:,0,0.490628,0,1
E0-lite: source TF-IDF+LR,target_test,回复:[汗]谁请啊[太开心][江南style] //:你上海一日游 整出这么大动静干哈？还以为到北京了呐 有人请你素菜馆吃斋 //:回复:这招儿厉害的！ //:去哪里？报上经纬度！[咖啡]伺候,1,0.484123,0,0
E0-lite: source TF-IDF+LR,target_test,说出图里你最讨厌的话[怒骂],0,0.495589,0,1
E0-lite: source TF-IDF+LR,target_test,现在我吃它，一会它吃我。出发喂魔鬼鱼去[鼓掌],1,0.484504,0,0
E0-lite: source TF-IDF+LR,target_test,网帖《中国互联网十大约炮圣地》[?]：豆瓣Top1；新浪微勃；世纪佳缘；微信；美空；劲舞团；陌陌；QQ；百度贴吧；知乎[围观] 不只服务男性狼友、也有唯一“女性视角”约炮网站知乎，嗜才华男的女狼友福利！不过围脖肿么约的？叔落伍了，看来没V就是没前途啊[哈哈],1,0.509568,1,1
E0-lite: source TF-IDF+LR,target_test,中国达人秀 【微直播】I want you，I need you，I love you！美少女战士 一曲《无尽旋转》有没有让你想起青春洋溢、无忧无虑的中学时代呢？有和小达一样看萌妹子看晕的吗，真真儿找不到焦点了！[晕]用萌妹子的话来说就是“SNH48，总有一款适合您”！[得意地笑]全网独播，尽在21:50,0,0.471801,0,1
E0-lite: source TF-IDF+LR,target_test,那些美好的礼物一大早收到各地的明信片好开心呀，谢谢大家 [爱你][爱你][爱你][爱你],1,0.514735,1,1
E0-lite: source TF-IDF+LR,target_test,转给 同学，借此告诉你，你很标致，不肥滴。 //:肥胖是会呼吸的痛，它流在血液中来回滚动，后悔不减肥会痛，恨不节食会痛，想瘦不能瘦最痛。。。[抓狂],0,0.464752,0,1
E0-lite: source TF-IDF+LR,target_test,[鼓掌][鼓掌][赞] //:[good][鼓掌] //:[蜡烛]//: 当当网独家定制的嘎玛仁波切《生命的觉醒》签名毛边书正在参加活动，喜欢收藏和衷情佛法的诸位别错过了,1,0.507617,1,1
E0-lite: source TF-IDF+LR,target_test,背带裤 × 卫衣 × 运动鞋[爱你],1,0.494543,0,0
E0-lite: source TF-IDF+LR,target_test,呵呵！来吧！三样菜欢迎你！[偷笑] //-小瑜:你们最喜欢吃三样菜里面的什么啊，2月份我要去北京，有人招待我没//:最遗憾的就是730张杰在三样菜门外一圈一圈的转啊，被星星吓的都不敢下车[哈哈]//: 传说中的三样菜真的很好吃哦！ 一直听你们在说三样菜,1,0.515061,1,1
E0-lite: source TF-IDF+LR,target_test,?了一部??我竟然煮焦一盆菜，只好早上再??。[泪][泪],0,0.472164,0,1
E0-lite: source TF-IDF+LR,target_test,堵车堵死了，彻底的迟到了[泪],0,0.464457,0,1
E0-lite: source TF-IDF+LR,target_test,亲，你说得小编我都流口水了[花心]可怜小编发了那么多福利自己都木有尝尝看呢！[泪]其他朋友们如果想像这位吃货一样免费品尝 的小龙虾，记得转发每天傍晚的福利微博哦~我们每天都会抽出三位中奖者~,0,0.482627,0,1
E0-lite: source TF-IDF+LR,target_test,[鼓掌][鼓掌][鼓掌] 到位的很！//:各位，看看俺点评的还到位？[嘻嘻]PS：谁让我减肥来着？这看上去不胖嘛。、、谁在让我减肥我跟谁急[怒][嘻嘻],0,0.491544,0,1
E0-lite: source TF-IDF+LR,target_test,我们就是狐?，快上菜！[酷] //:好想在动物园找份工作啊！！！[泪][泪][泪] //:萌死了[哈哈],0,0.484871,0,1
E0-lite: source TF-IDF+LR,target_test,橡皮鸭，橡皮鸭你要环游世界吗？香港的同学有眼福~[泪],0,0.475768,0,1
E0-lite: source TF-IDF+LR,target_test,【包茂高速法拉利车队两车追尾 车辆散架】 目击者称十多辆法拉利车呼啸而过，其中两辆发生追尾。兄弟，你开飞机呢？？法拉利又怎样？安全驾驶才是王道呀！！[抓狂],0,0.472143,0,1
E0-lite: source TF-IDF+LR,target_test,大早上的跑到保合寨本想借着拍戏顺便踏个青，结果被一鼓鼓的化肥味熏的头晕眼花的！！[晕][抓狂],0,0.466769,0,1
E0-lite: source TF-IDF+LR,target_test,水上世界欢乐多！[哈哈],1,0.511481,1,1
E0-lite: source TF-IDF+LR,target_test,杨洋转发据 【航空史上六大飞机消失谜案】虽说一架飞机凭空消失极为罕见，但航空史上还是出现数次谜一般的失踪事件以及从雷达屏幕上突然消失的案例↓↓马航飞机失联祈祷[泪]晚安,0,0.459086,0,1
E0-lite: source TF-IDF+LR,target_test,[可爱]哈哈～我要吃成小胖纸！为了《情歌怎么唱》疯狂增肥中[馋嘴]我要演示灰姑娘的～美和犹豫[做鬼脸]一首很煽情的伤感情歌～12月即将全国首发[嘻嘻]为了艺术～“献身”疯狂增肥中[可爱] 我在这里:,1,0.481869,0,0
E0-lite: source TF-IDF+LR,target_test,小香家山茶花加大logo丝巾入手，灰常美丽，已经充满凉意的帝都，明日带起！[嘻嘻][嘻嘻][兔子][兔子],1,0.485902,0,0
E0-lite: source TF-IDF+LR,target_test,果然没有我。//: 很是有理吧[瞌睡][瞌睡]温顺滴外表只是假象！[抓狂][抓狂],0,0.473882,0,1
E0-lite: source TF-IDF+LR,target_test,好甜啊。。//：aom~take care of yourself ！！！[可怜] have a good rest!!!![心] [心] [心] we hope you get better quickly[泪],0,0.458306,0,1
E0-lite: source TF-IDF+LR,target_test,木有出息 //:微博有居然小鸡鸡了 [偷笑] //: 回复:哥，社长大人，商量个事呗，您觉得我这名字怎么样……是不是不太雅？咱改回去咋样？！ //:我关注你了，快回粉！[抓狂] //:回复:我都这样了，你到底想干嘛…… //:,0,0.461504,0,1
E0-lite: source TF-IDF+LR,target_test,快来啊梓琳婷婷主持 //:好期待观看同学们这周集训的成果[鼓掌]//: 明天下午[来]赶紧报名噢。精彩的演出等着你[给力],1,0.500577,1,1
E0-lite: source TF-IDF+LR,target_test,错过什么？那是偶错过啦！[泪][泪],0,0.479818,0,1
E0-lite: source TF-IDF+LR,target_test,期待诗人的精彩书评呀！//: 哪友谊好！旅友送一本呗[嘻嘻][太开心][太开心][太开心],1,0.506803,1,1
E0-lite: source TF-IDF+LR,target_test,一大清早阴差阳错把借的车弄丢了[泪][泪][泪][泪][泪]客服说:没有关系。租车卡无限期使用。饿滴神啊![奥特曼][奥特曼][奥特曼]9903341号车啊![雪人][雪人][雪人]是哪位好心人骑走啦!快还回去吧![手套][手套][手套],0,0.483493,0,1
E0-lite: source TF-IDF+LR,target_test,大太阳的去工厂亲自质检，新品研发。[泪]这钱真的不好赚… 我们怎么像古今穿越的组合灵芝妹妹的感觉[馋嘴][馋嘴][馋嘴],0,0.466593,0,1
E0-lite: source TF-IDF+LR,target_test,可以啊，多喝点，新年快乐[哈哈],1,0.50784,1,1
E0-lite: source TF-IDF+LR,target_test,[怒骂]又第一,0,0.488623,0,1
E0-lite: source TF-IDF+LR,target_test,今儿方在M记早餐袋上看到叮当的新玩具，姿态极是可人，私心想着若是这俩玩意能收归囊中，定可增添喜意，对工作效率想必也是极好的!奈何SaIes言售磬，只可择日再寻。 说人话：抱着记忆面包的叮当卖噻了。。。[泪],0,0.47757,0,1
E0-lite: source TF-IDF+LR,target_test,我突然想起一事儿，我今天中午没吃饭[恐怖]，没吃饭还四点半回来呢，这要是中午吃了饭，下班前就回不来了[抓狂]，这一天啊。赶紧吃午/晚饭去~,0,0.47671,0,1
E0-lite: source TF-IDF+LR,target_test,回复:电报船长给你批示北京探亲否？[衰] //:形式都没有，那想念闷心里多不着边际啊。。 //:我们想念在心头！形式住往是磕头，烧香的信徒，妹纸，你落俗鸟[哈哈][哈哈],0,0.470499,0,1
E0-lite: source TF-IDF+LR,target_test,有奖竞猜[嘻嘻],1,0.494543,0,0
E0-lite: source TF-IDF+LR,target_test,呦~~ 真棒[鼓掌],1,0.499744,0,0
E0-lite: source TF-IDF+LR,target_test,哈哈[哈哈][哈哈][哈哈] -爱橙子 --妞儿 //@?事搜一搜:[赞],1,0.511481,1,1
E0-lite: source TF-IDF+LR,target_test,MiaMiaMia，偶又饿了[泪],0,0.493758,0,1
E0-lite: source TF-IDF+LR,target_test,[呵呵]玉林烤鸭建达店特别推出会员菜及会员专享活动――精品烤鸭、王牌烤鸭，吃一套送一只鸭券，敬请莅临品鉴！[鼓掌]（活动截止日期待定，届时我们会提前在微博上予以公布）//: 想问一下这个活动持续到哪一天,1,0.491852,0,0
E0-lite: source TF-IDF+LR,target_test,问叶子长的像谁？答曰：不像爸爸，爸爸有胡子，我没有；我长发，爸爸短发。眉毛，眼睛，鼻子，嘴都不像妈妈，看妈妈很失落的样子，急忙补充到，胳膊挺像妈妈的，咱们三个胳膊都一样[汗][抓狂][衰]！闺女，有这么逗人玩的吗？？？,0,0.463782,0,1
E0-lite: source TF-IDF+LR,target_test,周末到了，我还想去吃，[泪][泪][泪][泪][泪][泪],0,0.478975,0,1
E0-lite: source TF-IDF+LR,target_test,请参阅《刘思敏：小长假得不偿失 恢复五一黄金周才是福音》 回复:[嘻嘻] //:之前的论文要是借鉴这些，就充实了，就能发核心了，哈哈,1,0.488079,0,0
E0-lite: source TF-IDF+LR,target_test,回复:不热那叫吐鲁番？玩儿的就是热！[酷] //:回复:[嘻嘻]太热了！ //:回复:再去高昌故城徒步呗！[嘻嘻][lxhx走] //:我和老爷子一样热爱吐鲁番,1,0.495914,0,0
E0-lite: source TF-IDF+LR,target_test,想去看电影，想看一部记忆中的电影，想看那么一种感觉[伤心],0,0.483357,0,1
E0-lite: source TF-IDF+LR,target_test,咳嗽~~咳咳咳~[衰],0,0.499744,0,1
E0-lite: source TF-IDF+LR,target_test,在外办事，跟人约时间是按半天为单位计算的，俺现在晚上基本不工作了，，所以一天只能有两件事。北京不能成为效率之都，因为我们的经济增长靠的不是提高效率，而是你们懂得那些规则。。。多数时间我只能在车里坐着望天，浪费生命，可下车还得收停车费。。。怀念有烟抽的日子[泪][可怜][泪],0,0.455234,0,1
E0-lite: source TF-IDF+LR,target_test,谢哥哥吉言了！我也觉得老爷子演个彭丽媛小意思！[太开心] //:老爷子好运！没问题的！等您出了院可以投身演艺界，演彭老总我觉得没问题！,1,0.479102,0,0
E0-lite: source TF-IDF+LR,target_test,见过好多，就是学不来啊[衰],0,0.517637,1,0
E0-lite: source TF-IDF+LR,target_test,我不高兴的时候就听歌，狠狠的听，我就能高兴了[失望],0,0.475865,0,1
E0-lite: source TF-IDF+LR,target_test,[悲伤]多么痛的领悟,0,0.494543,0,1
E0-lite: source TF-IDF+LR,target_test,好开心[嘻嘻] 才半个月就收到来自 的明信片，thank you very much[给力][兔子] . 有木有觉得还是中国邮政给力[赞][酷],1,0.501306,1,1
E0-lite: source TF-IDF+LR,target_test,中暑。坚持着熬了点绿豆汤，心慌近虚脱，赶紧卧倒休息。快过去三伏天了，孕妇夏天真难熬。[晕],0,0.481979,0,1
E0-lite: source TF-IDF+LR,target_test,回复:除了屁股，另外?送你十?掌嘴~ [委屈] 1、2、3。。[生病][泪][吐] //:妹子，别怕，偶那几下你都挨得住，加上你最近连续＂火狐狸＂膘肉劲长，我觉得接下来的那些责罚对你真是太小小不言了，好了，时辰已到，着民女安东拖出去重杖二十，全打在左边屁股上！,0,0.463441,0,1
E0-lite: source TF-IDF+LR,target_test,[伤心] //:[伤心][话筒],0,0.494543,0,1
E0-lite: source TF-IDF+LR,target_test,哈哈//：比此...比此... //?GT法?克:你也有才// ：[哈哈][哈哈][哈哈]小明你太有才了...,1,0.492745,0,0
E0-lite: source TF-IDF+LR,target_test,品鉴妙味烤鱼吧午餐时间到了~~ 鲜嫩的麻辣牛蛙仔，蒜瓣肉麻辣鲜嫩[馋嘴]一上桌瞬间就被抢光了[泪],0,0.483107,0,1
E0-lite: source TF-IDF+LR,target_test,人为刀俎，我为鱼肉[哈哈],1,0.499343,0,0
E0-lite: source TF-IDF+LR,target_test,上午与爹妈、洋帅以及兜姐一起在吴山广场转悠了一圈，无惊喜，全国各地的此种地方都大同小异。收获还是有的，一是两把张小泉剪刀，二是我开始发烧38.5![悲伤]疯大发了，下午哪儿不去，酒店里躺下，希望一如继往病来如山倒病去也如山倒！?,0,0.475842,0,1
E0-lite: source TF-IDF+LR,target_test,[泪]感动！ //--贝贝:狗狗快吃饭饭吧，你在天堂的主人会心疼的…[可怜][可怜][泪],0,0.484035,0,1
E0-lite: source TF-IDF+LR,target_test,有！高速清明节 免费！！！1[怒] //:这是一个恶性循环！,0,0.457603,0,1
E0-lite: source TF-IDF+LR,target_test,虽然我也爱旅游摄影，不过写这些就有点矫情。子非鱼安知鱼之乐乎？ //:[泪],0,0.506476,1,0
E0-lite: source TF-IDF+LR,target_test,装修中，一切想省心的幻想都是可耻的[衰],0,0.482558,0,1
E0-lite: source TF-IDF+LR,target_test,刷头收到啦，包装好用心哦！[嘻嘻][手套][手套][手套],1,0.50963,1,1
E0-lite: source TF-IDF+LR,target_test,还去马来西亚？ //:[抓狂][晕][吃惊][汗],0,0.494543,0,1
E0-lite: source TF-IDF+LR,target_test,过敏性结膜炎让哥很痛苦！[泪],0,0.499701,0,1
E0-lite: source TF-IDF+LR,target_test,愿莪们一同带着甜美的微笑奔向幸福的彼岸！[爱你][爱你][爱你]//:好感动呀…眼泪哗哗的[泪][泪][泪],0,0.494543,0,1
E0-lite: source TF-IDF+LR,target_test,遇领导，说：你来早了吧？我：对。。[抓狂]职场乌龙,0,0.478693,0,1
E0-lite: source TF-IDF+LR,target_test,回复:[嘻嘻][嘻嘻] //:奔驰第二让人不可思议，这个破车。[晕],0,0.482557,0,1
E0-lite: source TF-IDF+LR,target_test,关机键坏了真麻烦，好不容易破个记录，还得用别人手机照！截不了图！[衰][衰],0,0.500809,1,0
E0-lite: source TF-IDF+LR,target_test,同学的妈妈乳腺癌手术一年半后又全面扩散。。病危。[泪]关掉手机也无法阻挡坏消息的传来。。艳阳天里心生悲凉。。。谁能告诉我点好消息。。哪怕是谁家狗狗又下崽了。。。,0,0.464048,0,1
E0-lite: source TF-IDF+LR,target_test,山竹的壳怎么那么硬啊[衰] 肿么才能打开吃到呢[抓狂],0,0.473734,0,1
E0-lite: source TF-IDF+LR,target_test,路上被截..[抓狂],0,0.483737,0,1
E0-lite: source TF-IDF+LR,target_test,始发站就抛锚的司机，请不要把车坏了说的那么理直气壮！1.你站上休息的那么久时间在做什么？2.你知不知道你是公共设施，有多少人坐着你的车上班？3.你知不知道因为你拖了一班车，带动的是怎样的一条时间链？4.你知不知道这一班车的人因为你的工作失误而被罚款的总金额会有多大？[衰],0,0.453694,0,1
E0-lite: source TF-IDF+LR,target_test,是因为感冒啦，只喝了一半就喝不了啦[衰],0,0.473133,0,1
E0-lite: source TF-IDF+LR,target_test,山下开始下雨了，据说这里一年到头都下不了几次雨，结果我们一来就赶上了[汗][汗]他们说这样的话我们要去的古玉矿上就必然会下雪[泪][泪]幸好准备了防寒利器，羽绒服穿上就不冷啦[嘻嘻][嘻嘻]在村子里休整一晚，无论如何，希望接下来上山的行程能一切顺利！ @??WRD -南哥,0,0.472814,0,1
E0-lite: source TF-IDF+LR,target_test,的 既然算数做不好那咱就不喝罢了，遂到楼上的 ，单份15，双份20，加shot是5元，三份买单是25元，然后站旁边等咖啡，我靠这一看吓一跳啊！整个咖啡机上下左右到处都是苍蝇，不下10只哦，奶壶壶上都是，拜托，入乡随俗开苍蝇咖啡馆吗？[怒],0,0.454666,0,1
E0-lite: source TF-IDF+LR,target_test,"拯救、保护西部的?河，己刻不容缓！[抓狂][抓狂][抓狂]//:自由奔涌的才是江河!不禁悲从心头起,亿万的中国人竟阻止不了技术官僚、水电利益集团斩断江河的屠刀?",0,0.496793,0,1
E0-lite: source TF-IDF+LR,target_test,最后一句[泪][泪] 我会少吃//?zyz:手脚冰凉的MM记得啊！转,0,0.485267,0,1
E0-lite: source TF-IDF+LR,target_test,真实情况可能是：第一件是因为身体快不行了才不得已为之；第二件是即使后悔了也必须嘴硬死也不能承认；第三件是不管你后不后悔都已经改变不了什么了。。。[哈哈]//: 先做第一件。//: 来，一件一件做,1,0.459456,0,0
E0-lite: source TF-IDF+LR,target_test,哇！这不是为80哥量身定制的吗？传递爱心，咱们走起来！[给力] //:[嘻嘻] 深度合作，共享平台咯,1,0.489431,0,0
E0-lite: source TF-IDF+LR,target_test,连好基友也要离职了....[泪] [哈哈]！ 200%支持~~~,0,0.490915,0,1
E0-lite: source TF-IDF+LR,target_test,这地方真不赖[哈哈],1,0.500991,1,1
E0-lite: source TF-IDF+LR,target_test,累惨了，累屁了，累的找不着北了！！[抓狂][抓狂][抓狂][抓狂][抓狂][抓狂][抓狂]以后再不做如此二B的决定。[飞机][飞机][飞机][飞机][飞机][飞机][飞机][飞机][飞机][飞机][飞机][飞机][飞机][飞机][飞机][飞机][飞机][飞机][飞机][飞机],0,0.449222,0,1
E0-lite: source TF-IDF+LR,target_test,喝到手机掉了[泪]//: 最后还是追加了 Domaine de Chevalier 2004[good]没有评酒师的饭局，不算完美[爱你][爱你],0,0.471479,0,1
E0-lite: source TF-IDF+LR,target_test,茅台泡鸡蛋[哼] 吃了生双胞胎？！这是哪个神医说的！！！！我又进行了人生新尝试。。。[泪][悲伤][委屈][伤心] 你们也试试吧！ @?小鬼,0,0.449595,0,1
E0-lite: source TF-IDF+LR,target_test,可惜我都成年了．[失望][失望],0,0.484391,0,1
E0-lite: source TF-IDF+LR,target_test,好吧！来了都有[偷笑] //-迪迪:怎么会没有我的呢? //:呵呵，没关系啦！等下次过来我送你啦 //-VJ格格:[泪]翻微博，看到这条微博，留下一把辛酸泪啊！呢天去菜菜家吃饭张总把这个给我了，然后吃了一夜喝了一夜，第二天走的时候落在呢里忘记带了！！！回来了发现少了样东西！！,0,0.435429,0,1
E0-lite: source TF-IDF+LR,target_test,是因为我忘记了腊八这件事了！太让人生气了！！[怒][怒]//:回?: 你不是在享受丰盛的简餐？！[哼],0,0.461289,0,1
E0-lite: source TF-IDF+LR,target_test,随手拍小宝贝[爱你][爱你][爱你],1,0.494543,0,0
E0-lite: source TF-IDF+LR,target_test,桑心呀[伤心]，深似太平洋的深深桑心[泪]，今天是蛇年第一骑，上次骑车是2个月前了，今天目的地四岔路，我几乎不敢相信自己的体力直线下降，最后居然掉队了[泪]，（具体原因..此处省去三百字），之前的领骑，今天的掉队，我无颜面对微骑行[衰]，谁都别拉我，我要面壁5分钟，同时请辞微骑行代言人。,0,0.467825,0,1
E0-lite: source TF-IDF+LR,target_test,坏人哪！//: 太缺德了！要求严惩！//: [怒]不得好死！！！！//: 妈的！！！什么事啊 [怒] 咱俩上个月转发的那条寻人....//: [怒][泪] //: +1//: 这就是来建设北京的~//: 求严打！//: 真可怕！人心叵测,0,0.455078,0,1
E0-lite: source TF-IDF+LR,target_test,终于还是没忍住！烙了两张芝麻酱糖饼[晕]用了一大瓶芝麻酱四两红糖[晕][晕]减个屁肥！[馋嘴][嘻嘻][嘻嘻][威武],0,0.483085,0,1
E0-lite: source TF-IDF+LR,target_test,福利来了！ [爱你][爱你][爱你],1,0.472869,0,0
E0-lite: source TF-IDF+LR,target_test,TMD刚出门车胎瘪了~！！[怒][怒][抓狂]我在这里: 朝阳区,0,0.477442,0,1
E0-lite: source TF-IDF+LR,target_test,好[给力]！定要大大地佳赏二人[嘻嘻],1,0.511744,1,1
E0-lite: source TF-IDF+LR,target_test,夏季，奔腾的不只有长江、黄河，也有雨后的街子古镇~~[悲伤],0,0.488286,0,1
E0-lite: source TF-IDF+LR,target_test,你俩的互动太欢乐了，今天我也当了一回二师兄。 //:回复:我有说过孙。。孙。。。吗？[泪] //:二师兄，保护好师傅！,0,0.460883,0,1
E0-lite: source TF-IDF+LR,target_test,研究 给小9梳的天秤头...进行中...好难...明天继续...[嘻嘻],1,0.484387,0,0
E0-lite: source TF-IDF+LR,target_test,回复:[威武] //:做为一个不具有中国特色的中国人，是允许说真话的。[鼓掌]我是党国精英，我骄傲！[鼓掌] //:回复:在咱们天朝，国人不是很难，是根本不可能享受这种待遇！[怒] //:[偷笑]国人怕是很难得享受那种待遇阿。,0,0.474641,0,1
E0-lite: source TF-IDF+LR,target_test,回复:感谢支持！偷偷剧透，4月刊有不输3月刊的好内容，好想快点让大家看到。[可爱] // :回复:很好看，买了，期待下一期,1,0.518948,1,1
E0-lite: source TF-IDF+LR,target_test,[害羞]公主好感动[爱你][亲亲] //:生日那个快乐！公主永远最美！[蛋糕]// : 谢谢亲爱的，不晚不晚[爱你][爱你] // :呀！生日快乐啊大美妞，虽然好像有点晚了[委屈] // :哎呀！老同你这照片拍的太有水平了！亲爱的们，我真的好爱你们，这几天生日过的太开心了！,1,0.481419,0,0
E0-lite: source TF-IDF+LR,target_test,最近定制印刷还慢啊，为什么我还没有拿到~~~[泪],0,0.466029,0,1
E0-lite: source TF-IDF+LR,target_test,大家想要什么涅[可爱],1,0.477055,0,0
E0-lite: source TF-IDF+LR,target_test,河神挺萌的！[嘻嘻],1,0.489646,0,0
E0-lite: source TF-IDF+LR,target_test,求证//:据当事人说是在救人呢// ：他是认真的// ? ：[哈哈]。。。当我傻子啊[打哈气]// :不管你信不信，我反正信了！ // :这真是一个奇迹。。,1,0.467748,0,0
E0-lite: source TF-IDF+LR,target_test,全中了。。。[泪]，我都不敢直视自己了。。。你们呢？,0,0.456422,0,1
E0-lite: source TF-IDF+LR,target_test,张雨生，天妒英才…//:[蜡烛]我期待，有一天＂你＂会回来[泪][蜡烛],0,0.491851,0,1
E0-lite: source TF-IDF+LR,target_test,我离开，你叫了两次，那叫声，就像有病的孩子哭着不让父母离去，别舍弃他。你真的有生命，我们真的有感情。独自躺在床上，外面下着大雨，你还好吗？放心吧，无论如何，我不会扔下你，会让你一辈子跟着我！???[泪][泪][泪] 我在:,0,0.480464,0,1
E0-lite: source TF-IDF+LR,target_test,体验瑜珈[哈哈] 我在:,1,0.50458,1,1
E0-lite: source TF-IDF+LR,target_test,求谷歌不崩溃的方法[泪],0,0.494543,0,1
E0-lite: source TF-IDF+LR,target_test,虽没那么专业，但深有同感。很多人经常问的一句话就是：你英语专业的连这个都不会？中国才出了几个翻译大家啊！！！[怒],0,0.46915,0,1
E0-lite: source TF-IDF+LR,target_test,真挺恐怖的//:[衰] 还有哪几位，一时想不出来，中午不午睡，脑瓜子不好使，就不一一@ 了。。大家自己注意吧。。,0,0.46154,0,1
E0-lite: source TF-IDF+LR,target_test,海口的特色生态演出…印象海南岛…想看么？[嘻嘻],1,0.489391,0,0
E0-lite: source TF-IDF+LR,target_test,这个钟点，当你最可信任的人忘了接你，亲人们在家守着电脑电视没人理你，你的猫？肯定已经睡死过去时，饥饿难耐间，惊喜滴发现，公司楼下那盏灯还亮着，为你！你迅猛扑上去大声说，老板，煎饼来一个，俩鸡蛋，不要葱！ [晕],0,0.472347,0,1
E0-lite: source TF-IDF+LR,target_test,好得很，支持实名举报！//?: [围观]实名举报一定转。//: [围观]//: //://://:农行副行长刚刚被抓，这条鱼还没那么大[怒骂],0,0.483207,0,1
E0-lite: source TF-IDF+LR,target_test,告诉你 干不完 晚上不准吃饭 起来 ?偷懒[威武][酷][哈哈],1,0.496937,0,0
E0-lite: source TF-IDF+LR,target_test,哎哟喂！闪着我的狗眼了！！桃你这算闪婚吗！说好的我先结的，不带这样的[泪][泪][泪],0,0.468397,0,1
E0-lite: source TF-IDF+LR,target_test,专门购买了日本产的环保食品级袋子，有牛皮纸袋专门用来封装面粉，另外还有对应封装巧克力和可可粉一类的，以后可以直接到店购买分装类产品咯！[嘻嘻][嘻嘻][嘻嘻],1,0.488553,0,0
E0-lite: source TF-IDF+LR,target_test,我：出来看春晚。他：不好看。我：大过年的不一起看春晚还能干啥，我爸爸21点就睡，你看到21点再进屋呗。他：好。。骗子，现在就22点多了。我：[哈哈][哈哈],1,0.470799,0,0
E0-lite: source TF-IDF+LR,target_test,通过总公司找来的维修把冰箱拉走了，留一个小旧冰箱暂用。事实证明前边真是受骗了，那小伙子在整流器背后假装充冷冻液，如果我稍微再好奇一点儿就能看到其实那里是空的，根本不是充液的地方。真正充液的地方完全没动。就这么明骗了我300块！[衰]朋友提醒我不要用百度找维修，那里排名可以拿钱做的。,0,0.456586,0,1
E0-lite: source TF-IDF+LR,target_test,[怒]//-mac: 切，胡扯//: 这个必须转了，哈哈//: 说的没错[偷笑] //: 哈~北京女孩真的挺好的[害羞] //:是那么个理儿。贼准,0,0.499175,0,1
E0-lite: source TF-IDF+LR,target_test,恭喜彩姐！不是山本那?，是上?啦 [哈哈],1,0.492147,0,0
E0-lite: source TF-IDF+LR,target_test,这里的交通真是伤不起，8：00堵到10：00还堵[泪][泪][泪],0,0.485446,0,1
E0-lite: source TF-IDF+LR,target_test,罪过[怒] //:造孽[蜡烛] //?KevinH:人作孽，不可活！//:阿鼻地狱来收拾这帮杂碎吧！还世间太平！,0,0.481119,0,1
E0-lite: source TF-IDF+LR,target_test,he found home [哈哈],1,0.511481,1,1
E0-lite: source TF-IDF+LR,target_test,??? //:妈的，一帮吃屎的警察 //@ ??:fuck[怒] //-999:我曾经这么被抢了心爱的包包被装上假的里程表和发票机继续跑出租，一般人很难识别，这些车基本都是套牌，司机主要来自北京周边，他们在出事故后会直接弃车,0,0.466024,0,1
E0-lite: source TF-IDF+LR,target_test,"自嘲,我的节气哪去了[泪]//:这句话争议很大的，只是个人觉得还是过于偏激了一点，也有说这是日本人之言，我没有深入了解过，但我觉得这句话，太过妄自菲薄，虽然传统文化尚待复兴，那种精神骨气也要培养，这不是我们该做的吗？这句话岂不是在嘲讽自己了。 //:崖山之后无中国",0,0.45904,0,1
E0-lite: source TF-IDF+LR,target_test,睡得好差[抓狂],0,0.494543,0,1
E0-lite: source TF-IDF+LR,target_test,在这拍戏晚上就黑了[泪],0,0.493295,0,1
E0-lite: source TF-IDF+LR,target_test,女人好厉害！//：[哈哈] 好主意！,1,0.510754,1,1
E0-lite: source TF-IDF+LR,target_test,这烤人的天呀[抓狂],0,0.49961,0,1
E0-lite: source TF-IDF+LR,target_test,撒哈拉沙漠上的单峰驼，它叫吉米，十岁了，骑了这个高大的货之后大腿疼了好几天[泪],0,0.4853,0,1
E0-lite: source TF-IDF+LR,target_test,我无语了！怎么过了一年大家都变坏了！世道变了[泪][衰],0,0.460342,0,1
E0-lite: source TF-IDF+LR,target_test,我家[泪][泪],0,0.494543,0,1
E0-lite: source TF-IDF+LR,target_test,太赞了！每个城市最吸引人的就是这些集市了，有集市控的驴友们请举手[鼓掌]//:[呵呵]有幸来了新疆两次，这两个巴扎都给我留下了太多美好的印象！想减肥，在新疆咱就别指望了[抓狂][泪] //:喀什大巴扎比二道桥的大巴扎还有名，你见到真正的大巴扎了，恨自己的胃小吧。,0,0.468202,0,1
E0-lite: source TF-IDF+LR,target_test,这才是我亲嫂子[嘻嘻],1,0.492511,0,0
E0-lite: source TF-IDF+LR,target_test,从美国和中国最近不断发生的互联网企业进入不同行业的投资和收购事件来看 原先的工业经济企业在这些方面将逐步沦为配角[泪] 但互联网企业对未来的影响将越来越成为主流[威武] 一个新的时代已经到来 还不赶紧抓住这次大潮 [疑问],0,0.478557,0,1
E0-lite: source TF-IDF+LR,target_test,也太低了吧.[嘻嘻],1,0.480908,0,0
E0-lite: source TF-IDF+LR,target_test,我以为是你呢//: 会是谁呢？[晕][晕][晕],0,0.488473,0,1
E0-lite: source TF-IDF+LR,target_test,眼睛好漂亮！ //:有没有哪个好心人可以给宝贝一个温暖的家啊？ // : 百度猫 [抱抱] // -domisol ：这只是公猫。。。度娘魅力很大嗯。。,1,0.462593,0,0
E0-lite: source TF-IDF+LR,target_test,谢谢！谢谢。。您时刻惦记着我。出去吃顿饭每个菜都。我吃过午饭了，也无兴趣看美食，求您了。放过我，甭理我了。受不了了。[泪],0,0.472607,0,1
E0-lite: source TF-IDF+LR,target_test,请！~~[爱你] //：打错字了，想说全是请我吃烤鱼…重新… 都请我吃烤鱼吧… -小刚炮儿,1,0.476929,0,0
E0-lite: source TF-IDF+LR,target_test,[爱你][爱你][爱你][爱你]//?胎?骨:我想要[抓狂][抓狂][抓狂],0,0.493791,0,1
E0-lite: source TF-IDF+LR,target_test,回复:[抓狂]同感,0,0.494543,0,1
E0-lite: source TF-IDF+LR,target_test,[哈哈][哈哈][哈哈] //:人确实有病,1,0.511525,1,1
E0-lite: source TF-IDF+LR,target_test,今晚先听「幸福有多远」，下次专场再唱LRS啦~[可爱],1,0.508402,1,1
E0-lite: source TF-IDF+LR,target_test,这个配置已经让我产生强迫症了[抓狂],0,0.480616,0,1
E0-lite: source TF-IDF+LR,target_test,[ok] //:接天莲叶无穷尽，映日荷花别样红。新的文艺复兴似乎要从武夷山开始了[哈哈] //:感觉是诗人辈出，文字青年排对了[偷笑][偷笑][哈哈][鼓掌],1,0.506365,1,1
E0-lite: source TF-IDF+LR,target_test,BB一叫二十年[衰],0,0.494543,0,1
E0-lite: source TF-IDF+LR,target_test,胃疼的忍不了了，去了村里的卫生所。这个医生听村民讲是自学成医。本想打点滴，医生说太冷时间太久，最后给屁股打了2针。从小最怕打针了....爸爸妈妈我好想你们。[泪][泪][泪] 还要谢谢这次一起出行的朋友们，照顾关心我。我体弱多病的，感谢有你们。[爱心传递][爱你],0,0.470692,0,1
E0-lite: source TF-IDF+LR,target_test,"[鼓掌][鼓掌]//: [鼓掌][鼓掌][鼓掌][鼓掌][鼓掌][鼓掌] //:回复:我大声吆喝，木有对象的看过来，23号八马有相亲会哦! //:马老师热心肠~这是给众女弟子做广告嘛？[哈哈]23号咱们八马有相亲会哦~ //:呼唤喜欢茶又未婚的男童鞋,我们有很多未婚会泡茶的菇凉哦!",1,0.489706,0,0
E0-lite: source TF-IDF+LR,target_test,回复-TinaCKone:必须友情价 //-TinaCKone:来个友情折扣价，我也亲子下[偷笑] //:公园门票50元，房车酒店1000元一晚，谢谢关注[嘻嘻],1,0.497098,0,0
E0-lite: source TF-IDF+LR,target_test,情收了，财在哪？[晕],0,0.436375,0,1
E0-lite: source TF-IDF+LR,target_test,菇凉，淡定，我特么也和你受过同一拨人的委屈！[泪],0,0.482603,0,1
E0-lite: source TF-IDF+LR,target_test,联通啊联通，我已经不指望你信号好，覆盖广，也不指望你稳定。只求你事实求是的显示有没有信号，都不行么？别满格+3G的时候连个电话都打不出去，更别说上网了！！消费者就这么一步步妥协，不断降低期望值，得到的仍然是失望[失望]你能指着绑定iphone活一辈子嘛！？[鄙视][鄙视],0,0.445655,0,1
E0-lite: source TF-IDF+LR,target_test,事实证明不到万不得已千万不要国际tele transfer外汇，兑换汇率低的不行加上各行各种手续费，亏得我的那个小心脏 [泪] Im at 上海浦东国际机场T2航站楼,0,0.472147,0,1
E0-lite: source TF-IDF+LR,target_test,吐槽我真心不理解，人类都能登上月球了，非将很多厨卫的管子设计得那么不科学。洗手池下管子漏水，哥回家就一直摆弄修理了一小时，压力测试都弄掉了一桶水。其他都弄好了，最后搞不定一根弯曲的橡胶环……[抓狂][抓狂][抓狂][抓狂]次奥次奥次奥……,0,0.455559,0,1
E0-lite: source TF-IDF+LR,target_test,[怒] //:习总最烦粗鄙之徒！没文化的、犯浑求的一律滚蛋！[哈哈] //:这么快？衰人啊，不知现在是微博时代[衰] //: 北京密云爆粗口政协委员已被取消资格~~ //: 正邪委员真牛啊[威武],0,0.482076,0,1
E0-lite: source TF-IDF+LR,target_test,想都吃，会不会太贪心啊[泪],0,0.49046,0,1
E0-lite: source TF-IDF+LR,target_test,我错大发了！如梦方醒！总不能撒谎吧！真相害死人呀！悲催的！[汗][抓狂],0,0.478445,0,1
E0-lite: source TF-IDF+LR,target_test,我怎么没赶上！ //:是滴撒。[挖鼻屎] // @-小俊囝- ：// :你看旁边戴眼睛的那个男滴[衰] 好猥琐呀[鄙视] 。借着眼睛斜视更衣女[怒] 想看还要装…想看就大胆看，又不是偷看,0,0.475997,0,1
E0-lite: source TF-IDF+LR,target_test,回复-CC:得换100台[晕] //-CC:拿你桌子上红色的音箱来换。[哈哈],0,0.497215,0,1
E0-lite: source TF-IDF+LR,target_test,[衰]//:删前转//:,0,0.494543,0,1
E0-lite: source TF-IDF+LR,target_test,真好 永远幸福啊 矮胖子[抱抱],1,0.494543,0,0
E0-lite: source TF-IDF+LR,target_test,好孩子[爱你]后面开着的窗户看着好吓人啊，小心磕着爱动物的五毛小朋友,1,0.493844,0,0
E0-lite: source TF-IDF+LR,target_test,[馋嘴][馋嘴][馋嘴][馋嘴]//:每次带中国朋友在巴黎各种吃，这是最受欢迎的一顿…今晚我在，可以跟感兴趣的朋友讲讲这个源自北非的文化…[来][太开心],1,0.492548,0,0
E0-lite: source TF-IDF+LR,target_test,为了座辆性价比高的车，果然过路车就是会晚点掉链子，好热的在东站静静等待，少动少流汗[泪][晕][悲伤]有时候等待也是种幸福，开始不抱怨的世界,0,0.495472,0,1
E0-lite: source TF-IDF+LR,target_test,次奥！让不让吃？[怒] //:公然走后门就不好了吗//:马叔儿！蟹控举手求携带！[可怜] //:好//:??蟹中?也有，只是胃寒之人不宜食用，生食大寒……想吃的?留言，??在 家??[抠鼻屎]//:大晚上发这个 太残忍 哈哈,0,0.481996,0,1
E0-lite: source TF-IDF+LR,target_test,哎，写作水平直线下降。编辑直言不讳，虽然不好接受，但还是感激涕零！[泪]一定要加油了，回到原来的水平线上！,0,0.466336,0,1
E0-lite: source TF-IDF+LR,target_test,[good][鼓掌][鼓掌] //: 谢谢王老师的鼓励！,1,0.519773,1,1
E0-lite: source TF-IDF+LR,target_test,回复:感谢沈老师[鼓掌] //:预祝您考试顺利 //:回复:嘻嘻好的沈老师下周我们就考试啦高技实操 //:[嘻嘻]您下周二继续上节目么 //:哈哈试试运气,1,0.519739,1,1
E0-lite: source TF-IDF+LR,target_test,之前看过一个店名叫帮赛！[抓狂],0,0.481761,0,1
E0-lite: source TF-IDF+LR,target_test,//:老虎说旅游 节事旅游在现代社会，也要符合节事伦理。否则适得其反 //: //:??吃狗！拜??世上食物?充足了，放?狗狗吧? //:[抓狂][鄙视][怒骂]..,0,0.471589,0,1
E0-lite: source TF-IDF+LR,target_test,明天准备在家做烤肉！刚才我给大家分工！爸爸妈妈明天负责去市场选肉，我和夫人去超市负责买海鲜和调料！结果父母同时批评我说我没有团队精神[衰][衰][衰]说去哪都要一起！要知道我们是个团队！我瞬间石化。。。,0,0.459467,0,1
E0-lite: source TF-IDF+LR,target_test,[鼓掌] [赞] //：往事幽深,1,0.494543,0,0
E0-lite: source TF-IDF+LR,target_test,阿黄，一直没瘦过耶 //:怎么，又胖了？[偷笑] //:谢谢，届时你会不相信自己的眼睛[嘻嘻] //:哈哈哈，我曾经胖过。。。[偷笑][偷笑] 看你的了，我两个月不见你！,1,0.46974,0,0
E0-lite: source TF-IDF+LR,target_test,回复:维景酒店边上的惠丰湖哦！[嘻嘻] //:?是唐山的什麽地方呢？,1,0.486929,0,0
E0-lite: source TF-IDF+LR,target_test,回复:哭啥，上路啊 //:[泪],0,0.494543,0,1
E0-lite: source TF-IDF+LR,target_test,看了好几次，生没看出谢老师的意思是桂三要拆了。我有阅读障碍？波波，组织一下，火速回去缅怀一下。//: 要拆了吗，要拆了吗，要拆了吗，要去缅怀下啊？！//: 今天开车路过桂三，已经人去楼空，一个暑假过后，便会不见了踪影，那段美好的回忆仿佛即将无法承载，顿觉伤感[悲伤],0,0.479293,0,1
E0-lite: source TF-IDF+LR,target_test,啊！怎么半夜才下节目么？哎呀，快补补，快补补~~[爱你][哈哈] //:不肯吃盒饭下了节目看这饿呀[泪],1,0.499326,0,0
E0-lite: source TF-IDF+LR,target_test,怎么样[嘻嘻],1,0.476771,0,0
E0-lite: source TF-IDF+LR,target_test,当你真爱一个人的时候，你是会忘记自己的苦乐得失，而只是关心对方的苦乐得失的。 //:哎呀，太[泪]了 //:好浪漫，感动ing[心],0,0.474421,0,1
E0-lite: source TF-IDF+LR,target_test,签名签了一天还没签完[泪][泪][泪]幸福滴眼泪[晕][晕][晕]看来下次不能轻易说“送～亲笔签名”这几个字了[晕][晕][晕]等～签名滴人太多～工程好大呀[汗] 我在这里:,0,0.480236,0,1
E0-lite: source TF-IDF+LR,target_test,最近是车荒吗？一辆空车也没有。。。[怒],0,0.43969,0,1
E0-lite: source TF-IDF+LR,target_test,美食美味[爱你][花心]//:,1,0.504157,1,1
E0-lite: source TF-IDF+LR,target_test,可能是电视剧。//: [怒]//: //: //: 确定这不是在拍戏吗？,0,0.479744,0,1
E0-lite: source TF-IDF+LR,target_test,回复:这棵巴西木我也养了十几年了，别着急，你家的也会开花的。呵呵！[笑哈哈] //:竟然养开花了！！！！我家也有个巴西木 从来没有开过花啊 [泪],0,0.448641,0,1
E0-lite: source TF-IDF+LR,target_test,饿… //:[衰]//：还记得那把簪子吗？千颂伊看到簪子时一下就被吸引。这其实是伏笔，千颂伊其实是八百年前来到地球的第一波外星人，因为某原因没有及时回去而失去超能力和记忆。最终唤醒了记忆和超能力，他们一起回了外星。李辉京继承家业，变成天文爱好者，刘世美孤独终老。,0,0.476768,0,1
E0-lite: source TF-IDF+LR,target_test,//: 哎呀 笑死我了！ //:[哈哈][哈哈] 喃们都看看//:是啊 //: ：老大老二是不是也能这样[哈哈][哈哈][哈哈],1,0.500533,1,1
E0-lite: source TF-IDF+LR,target_test,好吃啊[抓狂]//:回复:上次吃了，还专门发微博说难吃[哈哈],0,0.481942,0,1
E0-lite: source TF-IDF+LR,target_test,[哈哈]//: [哈哈]//: [哈哈]//: [哈哈]//: [哈哈]//-100: [哈哈]//: [哈哈]//: [哈哈],1,0.50971,1,1
E0-lite: source TF-IDF+LR,target_test,[鼓掌][鼓掌]一块儿干！吃饺子也叫上我！ //:为什么每次我看时间的时候，总会是11点11分………… //:真为你们开心，来它八十盘八十个饺子 //:祝，干了 //-SHE:你是此生最美的风景。,1,0.463197,0,0
E0-lite: source TF-IDF+LR,target_test,?今天发现原来好多人都生病了，早上蹭哈成的牛黄解毒丸吃，希望病早点好， 化妆达人看下，这眼妆怎样？有点凶吧，我有想把睫毛拽下来的冲动，难受死[晕],0,0.49281,0,1
E0-lite: source TF-IDF+LR,target_test,【百变大咖秀第五季微直播】费翔+谢娜+蔡依林，这三个不搭嘎的人，你能看出有什么联系？没联系不要紧，关键在于模仿的人和歌曲错位后，原来的舞蹈还能合上！要不是看到他们演绎得这么带劲，谁能想到《舞娘》的动作配上《冬天里的一把火》的音乐会那么和谐？ -Julius [哈哈],1,0.470686,0,0
E0-lite: source TF-IDF+LR,target_test,雨 能再大点嘛？！！[抓狂],0,0.472163,0,1
E0-lite: source TF-IDF+LR,target_test,肚子又饿了……每天都是这样= =今天 下班一定要去超市买零食带着[泪],0,0.478363,0,1
E0-lite: source TF-IDF+LR,target_test,这个@ 我是个神马意思，睡不惯凉席的北方孩纸飘过[晕],0,0.487658,0,1
E0-lite: source TF-IDF+LR,target_test,本周六晚20：10，一起来跟官微君见证综艺界新星的华丽诞生[鼓掌]中国殿堂级女演员凯丽老师，跟她聊天分分钟笑到肺炸，吐槽技能瞬间get无数[笑哈哈]本周六晚20：10，如果你觉得你是见过市面的人，不妨来看看这位阆苑奇葩[偷笑]拍胸保证你有收获，综艺新贵冉冉升起的节奏根本停不下来！[得意地笑],1,0.476744,0,0
E0-lite: source TF-IDF+LR,target_test,昨天在超市看到草莓，6元一小盒，颜色稍红但是味道比较寡淡。某人看我今天看到?又走不动路的样子，（这个颜色实在太漂亮了！暗红色，一看就好吃）一咬牙就给我买了。这草莓实在是太好吃啦~好吃啦~吃啦~啦~！！！[抓狂]就是价格实在太棘手！ 好东西多做做活动阿。,0,0.498851,0,1
E0-lite: source TF-IDF+LR,target_test,这九年，却是一生幸福的美满前奏！纪念日快乐！白头偕老！爱你们！[爱你][干杯][礼物],1,0.483784,0,0
E0-lite: source TF-IDF+LR,target_test,我愿意把你放在这里面。[可爱]不管结果是什么，先做了再说。,1,0.473361,0,0
E0-lite: source TF-IDF+LR,target_test,回复:这娃娃太可爱了！[爱你][可爱] //:回复:[给力][握手][爱你],1,0.49429,0,0
E0-lite: source TF-IDF+LR,target_test,话中话[嘻嘻],1,0.494543,0,0
E0-lite: source TF-IDF+LR,target_test,期待着 期待着 期待着春运的开始 马路上能清静些 好嘛 早上 北京依然堵得跟MLGB一样～～～[衰][抓狂],0,0.503542,1,0
E0-lite: source TF-IDF+LR,target_test,极品凤凰男嫁不得啊，嫁了也得赶紧离！！//-毛: 如果是我，我肯定不嫁这样家庭的孩子。孩子和家都是一脉相承的，此时的一句话，什么也代表不了。后面是慢慢的人生呀。//: [衰]姑娘。。好自为之啊。。,0,0.453757,0,1
E0-lite: source TF-IDF+LR,target_test,有机无价啊。。。//: //: [鼓掌][鼓掌][鼓掌]//:拍吧，非同寻常的扑克 //:拍,1,0.473308,0,0
E0-lite: source TF-IDF+LR,target_test,[可怜]可怜的孩子[鄙视]可恶的医生[鄙视][怒骂],0,0.486937,0,1
E0-lite: source TF-IDF+LR,target_test,忍不住了~~~哈哈//-Xia: 额[晕],0,0.506519,1,0
E0-lite: source TF-IDF+LR,target_test,"今非昔比，真的不能再骗自己还很年轻了。再也没有人管我叫姐姐，取而代之的都是张口就叫阿姨。前两天，vendor看到我真人后说，您看着还真年轻，估计也就29,30吧。我当时表面上笑容灿烂的说猜的差不多啦。心里念着，NND，这哥们一定还往年轻着说我呢，估计心里在想这妇女估计得有30多了[泪]",0,0.459497,0,1
E0-lite: source TF-IDF+LR,target_test,最近半年熬夜得厉害 必须警告自己[怒],0,0.491287,0,1
E0-lite: source TF-IDF+LR,target_test,万圣之夜，紫荆之巅[浮云]你在哪里HIGH[衰]?,0,0.494543,0,1
E0-lite: source TF-IDF+LR,target_test,[泪]真不是广告贴！收不了几个钱啊,0,0.482561,0,1
E0-lite: source TF-IDF+LR,target_test,【美丽的崇武海滨】崇武古城―― 一座古朴雄壮的城，更是一座光辉灿烂的城！[爱你]//：照片美死了//：⊙o⊙哇，好美，太棒了，好稀饭！//：喜欢这色调,1,0.496305,0,0
E0-lite: source TF-IDF+LR,target_test,春暖花开了，脸颊又痒的不行。恨不得把自己给抓烂。同事一见：呦！打腮红了？我：[衰],0,0.470848,0,1
E0-lite: source TF-IDF+LR,target_test,很惟美哦//: 谢谢宋兄！[兔子][嘻嘻] //:好！,1,0.530721,1,1
E0-lite: source TF-IDF+LR,target_test,回复:[哈哈] //:那必然啊！ 没用过快播的男人... 那还算是男人么？ //:快播会员的意义在哪里呢？,1,0.484917,0,0
E0-lite: source TF-IDF+LR,target_test,【来自锦州的喜讯】她喜得贵子。‘感激心情无法用语言表达，，，有时间去北京看您。’这是当送子观音最幸福的时刻。我爱你们。[爱你][哈哈][鼓掌][大红灯笼],1,0.487305,0,0
E0-lite: source TF-IDF+LR,target_test,赵传大哥M空间演唱会圆满结束，庆功宴上大家玩的都很嗨[鼓掌]，不过，姜还是老的辣，唱的是真好哇[耶][耶][耶],1,0.49466,0,0
E0-lite: source TF-IDF+LR,target_test,中海油最近是怎么了[抓狂],0,0.467209,0,1
E0-lite: source TF-IDF+LR,target_test,对于南戴河的“临海公寓”，原本真有点小动心――好几位盆友都买了。文艺如你，自然懂的……但前夜，因为修路和车祸，被堵在回京高速路上寸步难行，四周全是颤颤巍巍的超载大货车，和摇摇晃晃的双层卧铺大巴，3个来小时的路程愣是哆哆嗦嗦开了8、9个小时……嗳，我还是北京龟缩着吧[晕],0,0.454157,0,1
E0-lite: source TF-IDF+LR,target_test,特逗?看看~//: 人家有十多亿票房撑着你怎么斗的过人家？ //: //: //: 王自健把周立波的家丑全都搬出来了[怒骂]！评：得道多助，失道寡助，做事要讲分寸。,0,0.474067,0,1
E0-lite: source TF-IDF+LR,target_test,"【触摸朱丽叶】在著名的“朱丽叶阳台”的左下方的院子里有一尊与真人比例相同的朱丽叶青铜塑像，轻柔的长裙衬裹着她那苗条的身姿，她左手曲在胸前，右手提起裙子的一角,亭亭玉立，她是年轻人心目中的“情圣”，据说抚摸朱丽叶铜像的右手臂和右乳房会给情侣们带来好运。据说已经换了好几块胸了[哈哈]",1,0.49354,0,0
E0-lite: source TF-IDF+LR,target_test,挑挑就好了，培养咱家儿子干这事//:我是伪有机吗？我确实怕虫子[悲伤][悲伤]//:回复:以后我们卖虫子吧？ //: 的芹菜在冰箱放了一周虫子还活着 //:这个的确怪我！我家虫子与菜是共生关系！,0,0.47556,0,1
E0-lite: source TF-IDF+LR,target_test,前日在重庆一百货为母亲节买礼物，后到客服处领取赠品，一工作人员头也不抬说道：＂ling sha zi＂，咱听不懂啊[晕]，亲，能给姐说普通话吗？！他又来一遍：＂ling sha zi＂[吃惊][吃惊][吃惊]极度晕，＂你傻子？！＂[思考][思考]这下他抬头了，大喊一声：＂领什么？！＂,0,0.463634,0,1
E0-lite: source TF-IDF+LR,target_test,怎么回事，我也来一糖呗//: //: 你去马来呗 //@?文?的喵星人: [晕] //:[衰]//: 刚搜索证实了下，往返30元，好便宜哟~,0,0.486358,0,1
E0-lite: source TF-IDF+LR,target_test,[衰] //:[哈哈]好欢乐～,0,0.511481,1,0
E0-lite: source TF-IDF+LR,target_test,那个红罐的加多宝真是难喝[失望],0,0.48452,0,1
E0-lite: source TF-IDF+LR,target_test,单臂长袖斜肩长筒连衣裙 //:哈哈//: [哈哈],1,0.511481,1,1
E0-lite: source TF-IDF+LR,target_test,台式电脑屏幕上又贴满了黄便签，一抬头就一脑门子官司[怒] 很多事要去做、去解决，逃避不是办法。如果事情注定要发生，就要勇敢去面对；如果结局注定不完美，也要勇于承受，你说对吗？[挖鼻屎],0,0.482637,0,1
E0-lite: source TF-IDF+LR,target_test,回复:是啊很像的[哈哈] //:好像有张震岳。,1,0.505646,1,1
E0-lite: source TF-IDF+LR,target_test,我们不应该谴责这两位老人！应该追寻这背后的原因！是什么原因造成两位老人这样滴？这不是两位老人滴悲哀，是有关部门滴悲哀，是社会滴悲哀！ //:可怜人必有可恨处，这个问题，不知有人想过没有？ //: “如果有一天我老无所依，请把我埋在时光里……”[泪],0,0.460288,0,1
E0-lite: source TF-IDF+LR,target_test,早晨5点起床，６点奔机场，现在才到酒店，一路看了七集?潜行狙击?，头疼[晕]，酒店不错，窗户看出去泳池和瀑布,0,0.546237,1,0
E0-lite: source TF-IDF+LR,target_test,回复 :呵呵，不好意思啊 //:现在是晚上十点啊！[怒骂] 杀人啊！！！！[可怜] 不多不少的鸡油泛出的油花，多好看啊！ //:不错吧！ //:哗,0,0.471471,0,1
E0-lite: source TF-IDF+LR,target_test,木看到[泪]//: silicon valley from Jerry Seinfeld //: 这么说今天在望京一号遇到的那一桌可能真是国产硅胶,0,0.483789,0,1
E0-lite: source TF-IDF+LR,target_test,你们在吃饭，我在跑啊跑！[泪],0,0.478491,0,1
E0-lite: source TF-IDF+LR,target_test,那你来试试我的奶茶！乌镇台客栈 //:我是奶茶控[偷笑] //:差不多可以计划来乌镇了！ //:好想念呢[悲伤] //:必须的 //:奶茶…,0,0.494712,0,1
E0-lite: source TF-IDF+LR,target_test,开家长会也是体力活，2点半开到现在还木有完[泪],0,0.478268,0,1
E0-lite: source TF-IDF+LR,target_test,有那么多钱外援却不自治，这就是为什么一直在＂发展中＂了[晕],0,0.476958,0,1
E0-lite: source TF-IDF+LR,target_test,行行出状元！ [赞]//:Accor Professional Challenge活动已经开始报名啦，获胜的两名同事即将赴法国参加全球比赛，[花心]各位酒店的同学还等什么呢？[鼓掌][鼓掌]，如果你还没有加入雅高，想与世界高手一决高下的各类酒店高手们，现在加入雅高也还来的及！[嘻嘻],1,0.464463,0,0
E0-lite: source TF-IDF+LR,target_test,厨房滴童鞋们，工作很辛苦，请打起精神配合一下！[嘻嘻]1、2、3... 茄子。。。[耶],1,0.484282,0,0
E0-lite: source TF-IDF+LR,target_test,求辟谣[怒]//: [吃惊]//: 真的吗？ //:求辟谣！[话筒]//:求辟谣。如果是真的，恐怕是李天一后面那几个人的力量更大吧,0,0.485893,0,1
E0-lite: source TF-IDF+LR,target_test,看了《忠犬八公》，我哭了！感人的小八让我明白了忠诚的意义，那就是：“不要忘记所有你爱过的人！”八公是我心目中的英雄！！[泪][泪],0,0.470879,0,1
E0-lite: source TF-IDF+LR,target_test,[泪]周一家里电才买回来，带着媳妇儿孩子跑酒店来了。桑不起，这一套装备深深的出卖了我是个it民工。 我在这里:,0,0.473656,0,1
E0-lite: source TF-IDF+LR,target_test,[威武] //:[围观] 有飙泪的冲动！[泪] 这才是原汁原味。。。唱的真的是超级棒,0,0.484445,0,1
E0-lite: source TF-IDF+LR,target_test,[晕] //：[嘻嘻],1,0.494543,0,0
E0-lite: source TF-IDF+LR,target_test,我死这都值了[抓狂],0,0.494543,0,1
E0-lite: source TF-IDF+LR,target_test,【乌镇（西栅）韩文网上线试运行】韩国朋友帮乌镇制作的网站，于今日上线试运行，内容涵盖了吃住行游购娱等基本信息，有懂“哦吧”的童鞋，请帮忙提出宝贵意见哦。[抱抱] 传送门： 来自星星的你很火哦，都教授表演很给力，不过印刷术源自中国，乌镇也是中国的哦[挤眼],1,0.503261,1,1
E0-lite: source TF-IDF+LR,target_test,今天生日，三里屯做完头发去南锣鼓巷，人多的要命，进的去出不来[晕] 大掌柜好好，8拼蛋糕[爱你]，打开消灭两块，榴莲和蓝莓芝士[馋嘴]。话说大掌柜又买车了[花心]，捷安特牌的[酷],1,0.49491,0,0
E0-lite: source TF-IDF+LR,target_test,长的太美了 所以肯定是[嘻嘻],1,0.486053,0,0
E0-lite: source TF-IDF+LR,target_test,我本一心照明月，奈何明月照地沟[哼]//: 能不伤心嘛[泪] 你这个混蛋//: 我有点小伤心呀，你呢？//: 终于出版了，强力推荐！,0,0.488578,0,1
E0-lite: source TF-IDF+LR,target_test,回复:今天还在值班啊[抓狂] //:回复:明天我就休喽,0,0.490453,0,1
E0-lite: source TF-IDF+LR,target_test,[抓狂][抓狂][悲伤],0,0.494543,0,1
E0-lite: source TF-IDF+LR,target_test,[泪][泪][泪]猫小D只会把逗猫棒叼给我,0,0.47464,0,1
E0-lite: source TF-IDF+LR,target_test,超喜欢这版本的无所谓说实话比昆哥唱的好[哈哈][哈哈]可惜了[泪][泪] 我在:,0,0.517893,1,0
E0-lite: source TF-IDF+LR,target_test,[泪]还是限号好…,0,0.490351,0,1
E0-lite: source TF-IDF+LR,target_test,各种雷[衰],0,0.492397,0,1
E0-lite: source TF-IDF+LR,target_test,终于迎来自欺欺人的节日//: 愚人节快乐//:[嘻嘻]求评论//: //: 呵呵！人民群众的智慧都被激活了！ //: 重温了。,1,0.472398,0,0
E0-lite: source TF-IDF+LR,target_test,旗袍我的最爱，再自恋一把[爱你],1,0.484375,0,0
E0-lite: source TF-IDF+LR,target_test,我也抑郁了很久[委屈]//: 哭着读完，然后很长一段时间的抑郁[悲伤],0,0.47967,0,1
E0-lite: source TF-IDF+LR,target_test,//://: //:[抓狂],0,0.494543,0,1
E0-lite: source TF-IDF+LR,target_test,介个也要分上下部的嘛？？哈利波特耗了我7年滴青春，暮光还要瓜分偶2年？？[泪] //-jojo：个是国外的上映时间吧//：等..,0,0.472661,0,1
E0-lite: source TF-IDF+LR,target_test,这个世界太疯狂了//: [衰]我被雷焦了//: 保安哥哥很危险，一不小心就会被那些女生拖入草丛！[哈哈] //://: //: 各种汗！[汗],0,0.499854,0,1
E0-lite: source TF-IDF+LR,target_test,【收看方式】登录视讯中国官方网站 享旅游频道或潮体育频道收看精彩节目！！！快快行动起来吧！！！[嘻嘻],1,0.460887,0,0
E0-lite: source TF-IDF+LR,target_test,有反骨，来日或成大器？ //:[衰],0,0.494543,0,1
E0-lite: source TF-IDF+LR,target_test,用手机看了一个小时视频，还下载了一堆东西，突然发现忘把家里wifi打开了，应该不会一下就超了这个月流量吧。。。笨死我算了[悲伤],0,0.432803,0,1
E0-lite: source TF-IDF+LR,target_test,[怒] //--酒店人:[围观]无语！,0,0.486249,0,1
E0-lite: source TF-IDF+LR,target_test,[汗][汗][汗]晕了，是马年，还真是马上出差的节奏！本来今晚还有朋友约了一起吃饭的，现在也吃不成了[抓狂][抓狂][抓狂]……,0,0.470118,0,1
E0-lite: source TF-IDF+LR,target_test,最右是最牛的表扬[嘻嘻]//:嘿，你占我便宜不是！[怒]//: 真是好孩子，比他爹强[哈哈],1,0.490684,0,0
E0-lite: source TF-IDF+LR,target_test,回复:嘻嘻好的沈老师下周我们就考试啦高技实操 //:[嘻嘻]您下周二继续上节目么 //:哈哈试试运气 //:烤鸭[馋嘴] [嘻嘻],1,0.512945,1,1
E0-lite: source TF-IDF+LR,target_test,一堆的疑问？？？等待答案。//：[怒],0,0.482517,0,1
E0-lite: source TF-IDF+LR,target_test,还真像[哈哈],1,0.511481,1,1
E0-lite: source TF-IDF+LR,target_test,这协议也能公开？[哈哈] //: 你的协议怎么会到别人手里啊？太不小心了！,1,0.480084,0,0
E0-lite: source TF-IDF+LR,target_test,最大的无赖，流氓不讲理的是国企！ //:// :nnd……[怒],0,0.486232,0,1
E0-lite: source TF-IDF+LR,target_test,没有之一[嘻嘻]只有唯一[威武]景谷水印[围观] //: @,1,0.453287,0,0
E0-lite: source TF-IDF+LR,target_test,流?!!!//???: 姿?[good]//:森赛你来教我打野球好么[泪],0,0.489146,0,1
E0-lite: source TF-IDF+LR,target_test,@?氏?? ：“爸爸[疑问]啊呀！？原来我的足反射遗传原自你[抓狂]”@??兔拉拉,0,0.486003,0,1
E0-lite: source TF-IDF+LR,target_test,今天那个忙呀[晕] //://: 晚饭是在杨桃院子同个老板开的?捞海坞?解决的，闹中取静的一个院子，环境很小资，服务态度也超好。感叹下鼓浪屿的时间确实是用来浪费的，到处都是幽静的环境，慵懒的音乐。。,0,0.49303,0,1
E0-lite: source TF-IDF+LR,target_test,新店导航【大年初一】新开的大饭店，纯东北农家风格，味道很不错。 光顾吃了，没拍菜[抓狂][抓狂][抓狂]据说菜色还行，味道挺不错，靠大鹅好吃，农家的每天现杀，菜饼子好吃，装修好有农家特色啊[哈哈][哈哈],0,0.575155,1,0
E0-lite: source TF-IDF+LR,target_test,Nobody understands my pain. Nobody..so I fucking pray...[抓狂],0,0.482259,0,1
E0-lite: source TF-IDF+LR,target_test,[鼓掌][围观] //:[给力]//-OYEEO: 感谢漫话大师的鼓励和支持！我们会继续加油的！,1,0.509626,1,1
E0-lite: source TF-IDF+LR,target_test,哈哈//://-北京:很应景的翻译 //:这翻译真真是极好的[哈哈],1,0.509465,1,1
E0-lite: source TF-IDF+LR,target_test,今年以来，多个因“挪假”产生的“超级工作周”和“凌乱工作模式”让“中国式休假”再度被推上风口浪尖。原本作为“福利”的小长假被指成为人们的难负之重。[泪][泪][晕] 我在:,0,0.49898,0,1
E0-lite: source TF-IDF+LR,target_test,"[可爱]如果你在机场附近又没来得及准备礼物送给心爱的（她）他，就快来首都机场希尔顿酒店吧！我们有可爱的小熊Charles,可口的蛋糕和巧克力供您挑选[礼物] 前5位私信我的亲们，就可以免费获得我们可爱的小熊一个哦[得意地笑]期待幸运的你哦~",1,0.486794,0,0
E0-lite: source TF-IDF+LR,target_test,Nepal Day 2：奇特旺国家森林公园 大象舰队出来接客啦！一只大象坐四个人，中雨的时候有多悲剧！又颠又挤又湿身，还常被树枝抽[泪]以下天然结婚拱门，大象尾巴及大脚印，大耳朵鹿一家，以及水生四叶草的水塘,0,0.490853,0,1
E0-lite: source TF-IDF+LR,target_test,我好像有点明白长辈们哥哥姐姐们说的 要有梦想 要常常想起梦想 要坚持梦想 如果十年后的我带着记忆回到今天，肯定有好多话想对自己说吧。今天的我会说今天真的是不错的一天哦[爱你],1,0.505115,1,1
E0-lite: source TF-IDF+LR,target_test,回复:最近忙些，过段时间我们聚聚 //:回复:还好。您啥时候来抽空给指导下[呵呵]//:这些骗子就欠扁[怒],0,0.48984,0,1
E0-lite: source TF-IDF+LR,target_test,一起二 更快乐！[偷笑] //: 人不得瑟枉少年[爱你],1,0.487543,0,0
E0-lite: source TF-IDF+LR,target_test,真维斯楼考试归来[衰]不管怎样 考试噩梦暂时结束[酷],0,0.494543,0,1
E0-lite: source TF-IDF+LR,target_test,下班赶去见一个初中同学，好多年没见，难免心存忐忑，好像是赶去见多年前的自己。出公司一小时了，班车走出500米，北京的交通，把我那点忐忑情愫完全耗没了，真伟大~[泪][泪][泪],0,0.467114,0,1
E0-lite: source TF-IDF+LR,target_test,表吓我！！！[晕][抓狂][阴险] //: ?_IanYeung 离不开的好朋友 好基友！,0,0.473109,0,1
E0-lite: source TF-IDF+LR,target_test,某人带来的青芒还挺甜[偷笑][偷笑]！有机会你带俩回去[爱你][爱你] 我在松榆东里社区,1,0.485667,0,0
E0-lite: source TF-IDF+LR,target_test,作为一个大连人，我曾打心底里感谢过他，尽情地享受过他给我带来一个作为大连人的自豪。金钱女人我都可以原谅他，毕竟他给老百姓做过实事。可对生命的摧残，让我不得不说他是恶魔的儿子。。。[泪],0,0.469122,0,1
E0-lite: source TF-IDF+LR,target_test,咳嗽咳到偶已经失声说不出来话了…可是可是不就是咳嗽嘛有必要吃这么多药吗…而且还木有偶最爱的枇杷糖浆…纠结死我了[抓狂]……,0,0.485126,0,1
E0-lite: source TF-IDF+LR,target_test,回复:你开抬杠铺的，学也不学远点的，随便给你说段传统相声，你告诉我抄袭谁的，作者是谁， //:就你也好意思说这话，有能耐以后你就别说前辈说过的传统段子啊[哈哈],1,0.483039,0,0
E0-lite: source TF-IDF+LR,target_test,//: [泪]好可怕。。//: 啊哦~~-BG1TAV //: [泪][泪]唉，怎么了。,0,0.463145,0,1
E0-lite: source TF-IDF+LR,target_test,[爱你] 想要一台旁轴的！大爱x100~,1,0.490591,0,0
E0-lite: source TF-IDF+LR,target_test,我先订一套 //:太给力了。可惜我没内另1伴儿[泪] //: @ All [可爱],1,0.494848,0,0
E0-lite: source TF-IDF+LR,target_test,[晕] //： //：深情投入[哈哈],0,0.511481,1,0
E0-lite: source TF-IDF+LR,target_test,[嘻嘻]//: 上班不怕堵车了。 //:马丁飞行包，明年开始发售~,1,0.478313,0,0
E0-lite: source TF-IDF+LR,target_test,[嘻嘻]//: [偷笑]//: [哈哈][哈哈][哈哈]//:噗[可爱] //://?天涯的??倩:,1,0.511481,1,1
E0-lite: source TF-IDF+LR,target_test,[鼓掌] //: 今天活动继续哦！欢迎参加！//: -好之旅,1,0.502897,1,1
E0-lite: source TF-IDF+LR,target_test,悲催的。一晚的睡眠被分割几段，小腿抽筋抽上瘾了。。痛苦的想把它送肉联厂。[泪],0,0.475888,0,1
E0-lite: source TF-IDF+LR,target_test,但愿你们都安好。[悲伤]//:,0,0.496428,0,1
E0-lite: source TF-IDF+LR,target_test,熊导 生日快乐，成名要趁晚。好莱坞、宝莱坞、金鸡百花还等着您踏足呢[哈哈]John Lennon-Beautiful Boy-,1,0.503206,1,1
E0-lite: source TF-IDF+LR,target_test,绣球花，还是密集才美丽，…… [抓狂][抓狂][抓狂] -达达-DJ小峡,0,0.489516,0,1
E0-lite: source TF-IDF+LR,target_test,//: 谢谢您支持我[鼓掌] 有了好朋友[haha],1,0.506746,1,1
E0-lite: source TF-IDF+LR,target_test,我想去噶陀寺 [泪] //:顶礼,0,0.493791,0,1
E0-lite: source TF-IDF+LR,target_test,//: 大忽悠![怒] //:年初还在忽悠大家对股市要有信心呢。。。。[怒骂] //: 股市我不管啦!股民拜拜吧!爱骂谁就骂谁去没我事了!拜拜啦您嘞![哈哈][哈哈] //:回头等他回天津，您问问,1,0.484634,0,0
E0-lite: source TF-IDF+LR,target_test,[抓狂]让你别买吧//: 70%air//: ..不要说出来嘛..,0,0.476551,0,1
E0-lite: source TF-IDF+LR,target_test,晚餐吃什么来 吃的才是涮羊肉，长这么大之前的都白吃了[泪] ，小料讲究，涮法讲究，吃法讲究，让涮羊肉不再是炸酱面吃法！羊肉牛肉都很嫩，口感好！糖火烧比芝麻火烧好吃！洪师傅全程教我们怎么吃！地址：广渠路6号，人均消费 173元 >> （来自 ）,0,0.49695,0,1
E0-lite: source TF-IDF+LR,target_test,稀饭她的歌[爱你],1,0.494543,0,0
E0-lite: source TF-IDF+LR,target_test,啊，什么鬼天气啊！头一抬外边倾盆大雨，天空灰沉的要倒下来似的！房间里设置了21度依然觉得寒气袭人。五点多开上高速，眼前整个被雨水灯光雾气笼罩。冬季毫不留情的来了，伴随着漫漫黑夜。。。[泪],0,0.45998,0,1
E0-lite: source TF-IDF+LR,target_test,我还挣扎在金老板，啊啊啊啊，后面还有方木头、顾老板…任务艰巨…[泪]//:真帅! // :// :为毛一见小叛徒的脸我就喷了...我不是黑啊啊啊 // :美SHI了~我爱民国戏><,0,0.478032,0,1
E0-lite: source TF-IDF+LR,target_test,[泪]你没丢啥吧…下次让你弟来领安慰奖。//--刘博韬:是啊，就像那天和弟弟吃完牛板筋，他去学校，我回公司，他把手机丢了...,0,0.485419,0,1
E0-lite: source TF-IDF+LR,target_test,曾经是最爱吃?的地方，可怕 //:[吐][衰]好恶心啊！ //: //: //:哈泥心，不敢吃生蚝了闹 //: [吐][吐][吐]再也不去了哦 //:,0,0.474203,0,1
E0-lite: source TF-IDF+LR,target_test,错到现在[泪][泪][泪] //:你用对麦了吗？[din赞好][din看看][din说话][din看看][din挥手],0,0.482992,0,1
E0-lite: source TF-IDF+LR,target_test,柳絮乱飞迷人眼，我要瞎了..[泪][泪],0,0.476744,0,1
E0-lite: source TF-IDF+LR,target_test,永步节 Yon Bua Festival 是很久很久以前北榄府（Samut Prakan）邦利（Bang Phli）人的节日，被一代一代的人们传袭了下来。它在每年从阴历十一月上弦月的第十三天到第十四天的清晨举行。成群的人们会等着将莲花头道装载着佛像的船上。有时花的贡礼会多得盖过雕像的头部。[鼓掌],1,0.486993,0,0
E0-lite: source TF-IDF+LR,target_test,[爱你] //-德吉:我也努力哈！[偷笑]//-ziyi://:[心]我努力！阿妈我爱你[爱你] //: -德吉,1,0.487888,0,0
E0-lite: source TF-IDF+LR,target_test,泣天地，撼人间//：好吧，再信一次。。 //:[汗] //：[泪] //：[泪] //：象动物一样相爱吧 //：整个世界都黯淡下来，悲伤布满了他的整个面庞 //: //：动物的行为绝不仅仅是条件反射的低级形式,0,0.47545,0,1
E0-lite: source TF-IDF+LR,target_test,[怒]这个人都三天没回家了，画圈圈诅咒那些让他回不了家的大坏蛋。[抓狂],0,0.48182,0,1
E0-lite: source TF-IDF+LR,target_test,周一，扑面而来[衰],0,0.494543,0,1
E0-lite: source TF-IDF+LR,target_test,回复:傻子才不要呢，弄一活的还用菜谱儿？直接说，你给我弄一这个，弄一那个，多方便[威武]//:回复:售出给你？你要吗[泪][泪],0,0.480539,0,1
E0-lite: source TF-IDF+LR,target_test,越怕越担心，越担心越要来，最终还是出现了![抓狂][抓狂]飞机延误了!说北京的灰机[飞机]飞不过来？[吐][弱]登机廊道空空的！晕菜啊！[晕][晕][晕][抓狂][抓狂][抓狂],0,0.480727,0,1
E0-lite: source TF-IDF+LR,target_test,[抓狂]//: 诱惑一下你[偷笑],0,0.491735,0,1
E0-lite: source TF-IDF+LR,target_test,新钱包到了，旧的哪儿去了你们懂的[泪],0,0.477088,0,1
E0-lite: source TF-IDF+LR,target_test,[蜡烛][蜡烛][蜡烛] //:嫌疑人归案，婴儿已逝。[蜡烛][蜡烛]魂淡，你怎么能下得去手！！[怒],0,0.461476,0,1
E0-lite: source TF-IDF+LR,target_test,河洛石刻，原来是个ipad，看那手法，还有投影呢[怒]。。。唉，好好的轩辕剑改的啊，没意思,0,0.481843,0,1
E0-lite: source TF-IDF+LR,target_test,安外，你真是大门不出，二门不迈啊！ //:我没去过！[失望] //: [赞] //: 《甲方乙方》中阿依吐拉公主的宫殿――北京人定湖公园，在德胜门外。,0,0.479793,0,1
E0-lite: source TF-IDF+LR,target_test,[给力][赞][哈哈]//: 确实很美[酷]还记得去年暑假从黄山游玩回去的火车上，偶遇一个妹纸，就是单独去婺源玩的，跟我介绍婺源怎样怎样漂亮，不过我之前还真不知道婺源这个地方，她就来了句没文化真可怕[汗],1,0.49554,0,0
E0-lite: source TF-IDF+LR,target_test,回复:狮子都受不了，处女更受不了。 //:我就处女[泪]确实抓狂了…… //:回复:也是狮子，也受不了?我讨厌人家东西放边边，不小心一碰就掉，刀/杯子/手机／碗/第东西更是危险，很讨压人屡教不改，如不巧在这类人边上，会帮他们把东西摆好。,0,0.476398,0,1
E0-lite: source TF-IDF+LR,target_test,[可爱]//: 肯定好吃[赞] //:我最爱腊味儿[馋嘴]//: 又是腊肉又是腊排骨的，莫非丽江的亲很爱吃腊的？会不会很咸啊//:,1,0.505963,1,1
E0-lite: source TF-IDF+LR,target_test,姐妹品牌 送电影票啦~~ 蜜友们，走起~ 快去抢喽~ [嘻嘻][嘻嘻],1,0.499744,0,0
E0-lite: source TF-IDF+LR,target_test,【超级笑星微直播】这么欢脱的唐长老~大家见过么？ 你真的不是八戒假扮的女王陛下么？[哈哈]小编终于知道！为什么当初师徒四人决定不留在女儿国了~[偷笑],1,0.479995,0,0
E0-lite: source TF-IDF+LR,target_test,英文对白，精彩展示。晓园支行各位兄弟姐妹们辛苦了。[鼓掌][爱心传递][握手][礼物],1,0.523627,1,1
E0-lite: source TF-IDF+LR,target_test,好呀好呀，人多力量大，还可以多点几个菜！吃着更爽呀：）//: [哈哈]一起一起//:是呀，计划着啥时候再去呢：）//: [偷笑]好吃总是吃不够的//:看着不怎么着，吃着还真是不,1,0.494404,0,0
E0-lite: source TF-IDF+LR,target_test,「教父」太阳刚，看完都觉得女人只是生活附属品[晕]或者仅是心灵港湾某一个驿站。男权思想？还好我不是男生，不然不晓得要祸害多少妹纸。,0,0.483546,0,1
E0-lite: source TF-IDF+LR,target_test,店员说，多半是不行了，即使修价格估计跟买个新的差不多，硬盘数据多半也会有损失，店里还没有设备，可以自己上淘宝买一个。惨惨惨，两年无数个深夜熬出来的方案啊，价值不菲的闹。[泪][泪][泪][泪],0,0.458129,0,1
E0-lite: source TF-IDF+LR,target_test,[哈哈][哈哈][哈哈]这个一定要转[太开心][太开心][太开心],1,0.507453,1,1
E0-lite: source TF-IDF+LR,target_test,有机会尝尝，味道不错的说[围观] //:这对减肥滴我来说，怎木经得住诱惑呢？[泪],0,0.550102,1,0
E0-lite: source TF-IDF+LR,target_test,谢谢亲对酒店的喜爱，希望亲在这里度过一个愉快而难忘的假期！[爱你],1,0.50097,1,1
E0-lite: source TF-IDF+LR,target_test,//:难就难在每个人都强，中专艺校练出来的基本功打底了。音乐，编舞和飘逸的上衣，完美结合。[爱你]//: 愤怒吧！ -孙璐,1,0.477775,0,0
E0-lite: source TF-IDF+LR,target_test,10点就做完片子了，结果因为要出一个不抖字的1080，到现在都出不好，怎么都是TM抖的，抖啊抖抖啊抖，抖你妹啊！！！我要回家啊！！[抓狂][抓狂][抓狂],0,0.445097,0,1
E0-lite: source TF-IDF+LR,target_test,突然感觉好无助[泪]不会再爱了[泪]//:不是地球人，是颤抖吧中国人！//://-病蛹:[汗]//-深圳:,0,0.471374,0,1
E0-lite: source TF-IDF+LR,target_test,太疯狂了[泪]//:真为这个社会感到悲哀！！,0,0.46819,0,1
E0-lite: source TF-IDF+LR,target_test,旅行的一大乐趣在于因不确定性带来的意外惊喜。例如你现在的情况，用广东话讲是“冷手捡了个热煎堆”，“行运行到脚趾公”；又例如艳遇带出的“一夜情”和“跨国闪婚”等等，要真出现了故事，般般可要上博分享哦！[哈哈][哈哈],1,0.494141,0,0
E0-lite: source TF-IDF+LR,target_test,cash宝生病了，是我这个做妈妈的不合格[泪],0,0.470429,0,1
E0-lite: source TF-IDF+LR,target_test,"儿子长胖是从吃鸿福面开始[泪]省了58块钱造就了今天250斤[泪][泪]老板,我可没怪你,""子不教父之过""怪我那天没跟他一快去吃. //:别无长技，只是个饭桶，化悲痛为饭量，希望鸿福面吃了可以有鸿福。",0,0.483532,0,1
E0-lite: source TF-IDF+LR,target_test,因为一个马桶事件，我挺伤心的[泪][泪][泪],0,0.476147,0,1
E0-lite: source TF-IDF+LR,target_test,看起来不错！可以试试 //:宫保虾球~[抓狂] ，推荐关注,0,0.525652,1,0
E0-lite: source TF-IDF+LR,target_test,//: 彻底被感动了[泪] [爱心传递][good][威武]//: //://://://:为让人动容的亲情转发。[爱心传递],0,0.485241,0,1
E0-lite: source TF-IDF+LR,target_test,有什么好玩的一定要推荐给大家啊， 等着分享呢 //：嘻嘻嘻，你们辛苦啊……其实只能过过眼瘾，划拉划拉眼珠子，活动下午三点半就要开始了，工作[抓狂][抓狂][抓狂] //:天气真好~不错哦！可以忙里偷闲结束后小度假一下,0,0.489282,0,1
E0-lite: source TF-IDF+LR,target_test,[哈哈]好吧！这个造型我喜欢！,1,0.501501,1,1
E0-lite: source TF-IDF+LR,target_test,他到底犯了什么错你们要这样对待他[泪] 屁股好翘[心] 我在:,0,0.465085,0,1
E0-lite: source TF-IDF+LR,target_test,今晚辛苦了，我有在???前支持！不?，我最?心的是...?碗面在哪?可以吃得到？[嘻嘻][嘻嘻][嘻嘻],1,0.49079,0,0
E0-lite: source TF-IDF+LR,target_test,每次翻照片都觉得人生何止苦短[泪],0,0.495909,0,1
E0-lite: source TF-IDF+LR,target_test,明天还有一场~住在旁边就好了~[泪],0,0.499517,0,1
E0-lite: source TF-IDF+LR,target_test,400万的纪念日我的博客今天点击率突破400万了[威武] 突然发现，好开心！感谢支持我的朋友们！[爱你] 再接再厉继续分享我的心情语录及旅行日记，欢迎微博的朋友也常来坐坐哦！[心] 猛戳--》博客地址：,1,0.496307,0,0
E0-lite: source TF-IDF+LR,target_test,帝国任重道远啊[衰],0,0.494543,0,1
E0-lite: source TF-IDF+LR,target_test,雪花肥牛，58的那个性价比最好~~~ 要点鸭肠，毛肚，超好吃的[偷笑] 我又馋了[泪],0,0.517261,1,0
E0-lite: source TF-IDF+LR,target_test,人家 是名人好不啦 //: 你什么时候这么有才了？怎么多了一个一？[嘻嘻],1,0.451969,0,0
E0-lite: source TF-IDF+LR,target_test,。。。//@??: 想知道村长家什么样[怒],0,0.458364,0,1
E0-lite: source TF-IDF+LR,target_test,回复:我应该再去添一双恨天高！ //:我回去翻箱倒柜去?你再配双高跟?我来双平地……[哈哈][哈哈] //:该艾特你吗？[嘻嘻] //:和姐妹们一起穿出混搭风吧~,1,0.496209,0,0
E0-lite: source TF-IDF+LR,target_test,早晨阳光又晒又堵车，咳嗽不断脑袋疼，[书呆子][抓狂]我想冬眠…,0,0.493791,0,1
E0-lite: source TF-IDF+LR,target_test,我的橙色军团呀，哎呦喂~[悲伤],0,0.486003,0,1
E0-lite: source TF-IDF+LR,target_test,不要刺激我[泪] //:好看吧，他们家的亲子鞋相当嗲，可惜你们家是儿子，哈哈//:真好看[花心] //:,0,0.488345,0,1
E0-lite: source TF-IDF+LR,target_test,吃货们看过来，有自助也有单点的哟！[嘻嘻][嘻嘻],1,0.474764,0,0
E0-lite: source TF-IDF+LR,target_test,我要赞助去西藏一定多喝水，我就赞助水一瓶吧！额，不好意思，刚不小心喝了一半，那就半瓶吧！ 加油！虽然是骆驼，但也要喝点啊！[哈哈] 我在这里:,1,0.47173,0,0
E0-lite: source TF-IDF+LR,target_test,[泪]不免之就降之吧,0,0.494543,0,1
E0-lite: source TF-IDF+LR,target_test,台北木有啊 [泪],0,0.494543,0,1
E0-lite: source TF-IDF+LR,target_test,下午15:50，黑成这样儿了，要下大雨[哈哈],1,0.478096,0,0
E0-lite: source TF-IDF+LR,target_test,蝈蝈和中国股市永垂不朽//: : 胡说！红军字典里哪有投降二字？最多也就战略大转移而已[哈哈] //:[偷笑]哥~~！俺没骗你吧？侯宁是卧底！ //:回复:为了你投降伤心![泪] //,0,0.498417,0,1
E0-lite: source TF-IDF+LR,target_test,大门口的新流浪猫，个子小小的黑亮的皮毛黄钻石般眼睛，不怕人喜欢亮肚皮让你摸，好像是一只耳的朋友，只有半截尾巴[泪]，流浪猫的寿命在3，5年，如果你愿意收留它，它可以多存在在这个世界几年，天要冷了 ＞＜,0,0.491681,0,1
E0-lite: source TF-IDF+LR,target_test,[泪][蜡烛] //://: 微博消息，越南海军确认飞机坠落，越南救援队已出发,0,0.489161,0,1
E0-lite: source TF-IDF+LR,target_test,CCAV刚才插播了10秒的昆明事件口播新闻，内容就是啥都不知道，然后继续克里米亚[衰][衰][衰][鄙视],0,0.481978,0,1
E0-lite: source TF-IDF+LR,target_test,帮转 //:[怒] //:年轻版的[哈哈]//: 有点儿像你嘿！[偷笑]//: 转，往照片上的人能归还~,0,0.510409,1,0
E0-lite: source TF-IDF+LR,target_test,【1月刊】封面是第四张――查理大桥上亲吻的新人。这一期猜中封面的小伙伴并不多哦，恭喜 ，请将地址、电话、姓名和邮编私信小编[鼓掌]大家新年快乐！,1,0.494165,0,0
E0-lite: source TF-IDF+LR,target_test,啊哈哈！笑死！[哈哈],1,0.511481,1,1
E0-lite: source TF-IDF+LR,target_test,爱佑播报今天下午，美国威斯康星州东南部脑瘫联合协会United Cerebral Palsy执行主任Yvonne K. Stueber和资深咨询师Joan L. Stewart登门拜访爱佑，与爱佑针对国内外脑瘫现状、教学理念及方式方法进行深入沟通与交流，双方约定进一步互通资源，友好合作。[可爱],1,0.486875,0,0
E0-lite: source TF-IDF+LR,target_test,就说我总是和你们是反的，陈阳仅次于刘小枫[怒] 莫名其妙啊,0,0.483902,0,1
E0-lite: source TF-IDF+LR,target_test,。。无敌兔时代就这样过去了。。可我还没攒够钱呢[泪],0,0.465775,0,1
E0-lite: source TF-IDF+LR,target_test,如果是我，遇到这样的母女会很痛心，陌生人的帮助远比一个公仔更值得欢心，中国人缺少爱的教育。//: //: 我忘记说了，那女孩儿至少有二十二岁。她妈五十多。[泪]//:作为一个成人，这么点小事还要走心吗？还等“谢谢”是什么心态？,0,0.468656,0,1
E0-lite: source TF-IDF+LR,target_test,够派 //: 想吃！ [泪],0,0.511585,1,0
E0-lite: source TF-IDF+LR,target_test,木有！[抓狂] //:带孩子的男人性感得要命啊，有木有！,0,0.493897,0,1
E0-lite: source TF-IDF+LR,target_test,回复:我都已经凤凰涅磐重生了[衰] //:怎么现在酒店全都给PR也定target，这还让不让人活了啊[抓狂],0,0.471707,0,1
E0-lite: source TF-IDF+LR,target_test,网民成了道具、慈善成了商品。[悲伤],0,0.491436,0,1
E0-lite: source TF-IDF+LR,target_test,同情//: 劳资的书悲剧了[泪],0,0.494543,0,1
E0-lite: source TF-IDF+LR,target_test,王老师又真相了！ //:喝普洱不能减肥，但会使人饿（刺激胃酸分泌，加快消化）从而造成减脂的假象！用普洱减肥，纯属自欺欺人。//:王医生，请问喝普洱茶真能减肥吗?//:一天就卖出了3000余斤！说明很受欢迎啊[抓狂],0,0.477268,0,1
E0-lite: source TF-IDF+LR,target_test,你就捆着双手封着嘴忍着吧[抓狂][抓狂][抓狂][偷笑][偷笑][偷笑],0,0.494543,0,1
E0-lite: source TF-IDF+LR,target_test,我好像没吃过，看起来很恶心，转一下提醒身边人。 //:什么？！ //: 突然觉得自己能活到现在真是不容易！ //-缇娜和emily:我彻底可以减肥了 //:又来了！[衰],0,0.473022,0,1
E0-lite: source TF-IDF+LR,target_test,天！[吃惊][晕]管不了 只能往前冲了！水已没过了我的胯骨??? DJ啊！你在哪？[挖鼻屎][生病][思考],0,0.477994,0,1
E0-lite: source TF-IDF+LR,target_test,我心中的浪漫情人节是什么样的？A:一起用晚餐，简单就好，最重要的是两个人在一起的感觉。B:一起看场电影，顺便可以在看电影的时候悄悄牵你的手。C:在一个人潮人涌的地方吻你。简单吧，一个人无论如何也不可能把这样浪漫的事情完成。[怒],0,0.463548,0,1
E0-lite: source TF-IDF+LR,target_test,[生病] 快挂了。。。上吐下泻。。。从内到外。。。从上到下，每块肉都在疼，五脏六腑每个器官都快胀了[晕] 下午还有一个重要的会[?] [orz] 折腾不起了,0,0.458113,0,1
E0-lite: source TF-IDF+LR,target_test,云婚礼菲律宾长滩岛，性价比极高的海拍之地！丰富的海色、淳朴的当地人、独特的日落、美味的食物，这统统都是长滩岛带给我们的回忆。走吧，带着你爱的她，我们一起上路吧~[爱你] 2013年3月，菲律宾 长滩岛 婚纱Pre-Wedding之旅，未来视界seven,1,0.477,0,0
E0-lite: source TF-IDF+LR,target_test,准么 准么 我不是这样的对不 我是肿木了[泪],0,0.483155,0,1
E0-lite: source TF-IDF+LR,target_test,老爷子太棒了！[鼓掌],1,0.470826,0,0
E0-lite: source TF-IDF+LR,target_test,南京也看3D[嘻嘻] 我在:,1,0.494543,0,0
E0-lite: source TF-IDF+LR,target_test,欢迎你来捧场，咱家就是胡同里大妈家的粗茶淡饭[可爱]有空常来呀,1,0.513366,1,1
E0-lite: source TF-IDF+LR,target_test,回复:真心觉得雕爷牛腩很不好吃！高调做人不如高调做事！潮汕人不懂牛肉，那请问不懂的人怎么能做出绝美的口味，而自称爷的那位，为何你们的出品这么倒胃口！也希望美食评论者能采访与暗访各来一次，做出真心的真实的评价！ //: 你看看去[怒],0,0.480654,0,1
E0-lite: source TF-IDF+LR,target_test,什么眼神？//:[晕] //:这。。。,0,0.457843,0,1
E0-lite: source TF-IDF+LR,target_test,这是谁总结的呢？[衰],0,0.483193,0,1
E0-lite: source TF-IDF+LR,target_test,那就到巴里坤――约会“雾凇”去吧！[鼓掌] //:,1,0.497467,0,0
E0-lite: source TF-IDF+LR,target_test,有那么点意思[委屈] //:[衰],0,0.482706,0,1
E0-lite: source TF-IDF+LR,target_test,饭后又打了一锅…结果不说了…[泪] 我在:,0,0.469482,0,1
E0-lite: source TF-IDF+LR,target_test,人才啊~//: 这是哪个报啊？ //:好标题...[bed凌乱] //:这标题。。。[晕],0,0.467602,0,1
E0-lite: source TF-IDF+LR,target_test,某人还在加班…三点前回的来么[泪],0,0.494543,0,1
E0-lite: source TF-IDF+LR,target_test,ICS洋厨房拍摄，我们最英俊的潘师傅上场了[赞]和美女主持的搭档可谓默契十足啊[嘻嘻],1,0.49996,0,0
E0-lite: source TF-IDF+LR,target_test,支持笼包申遗！支持煎饼果子申遗！支持……[感冒]//:笼包带兵入韩[怒] //:饺子拍案而起[怒][哈哈],0,0.503516,1,0
E0-lite: source TF-IDF+LR,target_test,晒一下我在办公室养的“绿毛龟”，没想到，只三天就长这么大了。[哈哈][嘻嘻] 我在:,1,0.478084,0,0
E0-lite: source TF-IDF+LR,target_test,谢谢万总鼓励！继续努力！//: 色彩不错！祝大卖！//: 回复?游王翎芳:期待和王总进行深度合作。“蓝鲸旅行”正式起航…… //?游王翎芳:哇！回?起肖社?半夜?我去印刷?看打?的??！[泪]很感人！今年?到?社?你陪我了！[嘻嘻],0,0.526276,1,0
E0-lite: source TF-IDF+LR,target_test,法斗好心人赶紧领养，吃狗肉当心嘴唇长到脑门上去！//: 四川的朋友快快给它找个主人吧，多可爱的牛牛怎么忍心吃掉啊[泪][抓狂]//: 哪个愿意领养,0,0.479687,0,1
E0-lite: source TF-IDF+LR,target_test,休假之前特别忙：昨天与 录节目至半夜，现在给三个活动写方案、中午一会儿就为活动细节进行谈判；下午四点去林溪湾做TNT的圈层活动..休息一次要赶多少活儿啊[晕]转念一想：越忙碌越好，让我休息的时候什么也不想[熊猫],0,0.483295,0,1
E0-lite: source TF-IDF+LR,target_test,饿死我了！终于下课了！怎么赶紧饿过劲了！[泪],0,0.465051,0,1
E0-lite: source TF-IDF+LR,target_test,为什么每次突发事件都会发生这么2b的事，制定紧急预案有这么难吗[怒]//:日啊！[怒] //:去他妈的成雅高速，我是雅安人，因为电话不通了，今天早上9点过我从雨城区到名山区找家人，老路封闭了，只能高速，收费站排了很长慢慢收费！我日他妈的，这就是成雅高速的应急方案！！！,0,0.45446,0,1
E0-lite: source TF-IDF+LR,target_test,回复--t:这张相片太容易让人误会了，我就吃了一盒。 //--t:这都是您吃的? //:我的吃相太“抽象”了[晕],0,0.463793,0,1
E0-lite: source TF-IDF+LR,target_test,"[泪] //:好感人,以后对你的宠物好点，再好点[爱你]",0,0.491774,0,1
E0-lite: source TF-IDF+LR,target_test,四个现代化似乎还是没实现呀[泪],0,0.494263,0,1
E0-lite: source TF-IDF+LR,target_test,最大的问题是竟然用的是冷冻蟹钳，吃起来一大股冷冻海鲜的味道，蟹肉外面已经干裂，完全没肉汁，而且总共只有12支！12支真多啊，不过最长的也只有5厘米啊！除了蟹钳其他什么都没有啦！这尼玛完全坑爹啊！有木有！这可是你家的招牌啊！[怒][怒][怒],0,0.469254,0,1
E0-lite: source TF-IDF+LR,target_test,师傅，那必须是你野徒弟啊，哈哈哈//：是，谁这么有艺术细胞[伤心] //:收了，师傅你太有才了！[good] [偷笑] 你也收一个做纪念吧，新娘子～,0,0.494918,0,1
E0-lite: source TF-IDF+LR,target_test,什么都记得呢，就是忘了社会餐饮休息的问题。刚出去走了一圈，基本都关门了，不得已自掏腰包37块+15%，点了份自己家的蛋炒饭[泪],0,0.474124,0,1
E0-lite: source TF-IDF+LR,target_test,天生我材必有用，千金散尽还复来[嘻嘻]，晚安~,1,0.489948,0,0
E0-lite: source TF-IDF+LR,target_test,//:期盼生还！但是希望渺茫！[怒][怒][怒] //:[泪],0,0.491951,0,1
E0-lite: source TF-IDF+LR,target_test,回复:街头暗号：有福公社[哈哈] //:回复:去吃的话，以围脖为证？ //:能带家属吗？能打包吗？,1,0.488376,0,0
E0-lite: source TF-IDF+LR,target_test,新年第一天，手上被烫两个泡[泪][泪],0,0.483638,0,1
E0-lite: source TF-IDF+LR,target_test,胃痛，躺在床上怎么都睡不着，还有两个小时就要起床开工，好难过！[泪][泪],0,0.446588,0,1
E0-lite: source TF-IDF+LR,target_test,//??子: 这条微博很不错，属于美丽营销~在全海南的微博中很罕见。。。//: 哈哈哈！还有这么一出！！！！//: [爱你][爱你],1,0.505465,1,1
E0-lite: source TF-IDF+LR,target_test,重庆火锅：羊肉卷包花椒，吃下去只能发微博啦，休息[晕],0,0.490016,0,1
E0-lite: source TF-IDF+LR,target_test,用高铁灭掉了10后[泪],0,0.484991,0,1
E0-lite: source TF-IDF+LR,target_test,不用道歉，下跪就行了。//:[怒]必须道歉！//:[怒] 必须道歉！//:[怒] 必须道歉！//:[怒] 必须道歉！//:[怒] 必须道歉！//:[怒] 必须道歉！//:[怒] 必须道歉！,0,0.496957,0,1
E0-lite: source TF-IDF+LR,target_test,刚在ATM机取现金，前面有个小姑娘拿着不下十张银行卡在进行交易，一张木钱两张木钱三张木钱……就这样把手里所有的银行卡试了个遍[抓狂]我说了句：姑娘我着急能先用一下吗！那小姑娘哇的就哭了！吓死我了[汗],0,0.471046,0,1
E0-lite: source TF-IDF+LR,target_test,忍不住转 //: //:搜狐也搜的太给力了！[哈哈] //: //:严肃批判，太蛋定 //:[晕] 神马媒体呀?,1,0.491007,0,0
E0-lite: source TF-IDF+LR,target_test,明天就要上班啦，特别特别不想去咋办。[抓狂],0,0.500893,1,0
E0-lite: source TF-IDF+LR,target_test,回复:哈哈哈！小编有创意，至于猥琐的人想到什么，不必理会～[哈哈] //:[哈哈][哈哈] //:漫游厦门bra，[被电]你竟然说最后一张像B！R！A！我和我的二逼伙伴都惊呆了，你还我节操。[泪]//: 最后一张?什麽有bra的??[黑线]//:小编太骚了。。。,0,0.4816,0,1
E0-lite: source TF-IDF+LR,target_test,甜蜜蜜~~[爱你],1,0.499744,0,0
E0-lite: source TF-IDF+LR,target_test,主动问童鞋们，要不要发票，我来帮忙，上哪找我这么好的银呀？！[可爱],1,0.474601,0,0
E0-lite: source TF-IDF+LR,target_test,健身房洗澡时，看到一黑种模特穿着黑色比基尼从游泳池上来，忍不住去多看几眼，年轻就是好！立马表示，要狠，不能再偷懒了！减肉！！[抓狂],0,0.478788,0,1
E0-lite: source TF-IDF+LR,target_test,来自雪山脚下今年的竹笋系列人没动，物先行[尴尬]朗园店开业准备中[爱你],1,0.494543,0,0
E0-lite: source TF-IDF+LR,target_test,今儿个都别来撞我枪口！我保证丫来一个爆一个！[怒],0,0.484589,0,1
E0-lite: source TF-IDF+LR,target_test,[衰]洗猫比拖地累多了，不上算噻//: @??嘉-不?-?喜 ? -杨倩 建议初七、加菲、话话、胡小闹同学学习,0,0.470626,0,1
E0-lite: source TF-IDF+LR,target_test,//: 想要更大的地图，拜托再多画几条马路，要搜集[脚印]//: [兔子] //:我们最喜欢逛富民路、巨鹿路、长乐路了，这张地图做的好可爱!![可爱],1,0.483072,0,0
E0-lite: source TF-IDF+LR,target_test,在北京吃点好的容易嘛[泪]，这点儿才吃上[馋嘴],0,0.49785,0,1
E0-lite: source TF-IDF+LR,target_test,可??:我?於知道睡尼?不到仨小?就醒是什??奏了。是特?39.5°的?奏[泪][泪][泪]?身冷，?受，鼻子不通?。。。,0,0.461801,0,1
E0-lite: source TF-IDF+LR,target_test,没的吃了，也没得刷了[泪] //: 天！我也要买牙膏回来！ //:羞愧！前一阵去美国出差忘带牙膏，在当地买了新的，没有泡沫，口味大异，刷后清新，就悄悄带回国，没好意思说。原来差别巨大！,0,0.459806,0,1
E0-lite: source TF-IDF+LR,target_test,终极解释！[哈哈]//:！ //:赞！,1,0.513847,1,1
E0-lite: source TF-IDF+LR,target_test,这家三口人肯定会后悔的 //: [怒][衰]过分到极点！良心何在？ //:[怒]不平！ //: 被救的人、后半生能过踏实吗? //: //: //：扶不起后的【救不起】，人性怎么会沦落到这样呢 //: /,0,0.476517,0,1
E0-lite: source TF-IDF+LR,target_test,碎尸万段！都不能解气！//: 南京日报快讯：9点18分，孩子妈妈突发心脏病，被担架抬出公安局。。[悲伤],0,0.473512,0,1
E0-lite: source TF-IDF+LR,target_test,[泪][泪]神医救救孩子！大家扩散！[爱心传递],0,0.500175,1,0
E0-lite: source TF-IDF+LR,target_test,[鼓掌][鼓掌]圣诞继续吧哈哈,1,0.516053,1,1
E0-lite: source TF-IDF+LR,target_test,小米杯酒人生白标的婚礼上用的香槟，粉红色的是情人节必喝！[爱你]人这一生心情好坏需要酒来陪伴！苦酒自己喝不告诉任何人，[泪]幸福时浪漫时需要分享更离不开香槟！法国香槟区以外申请注册的加州香槟，传统酿造，奇妙地酵母冷冻蹦出方式在古老的KORBEL WINERY领教了，祝大家都快乐！[抱抱],0,0.468858,0,1
E0-lite: source TF-IDF+LR,target_test,我爱泡白开水吃//:我小时候，京味桃酥是我奶奶的最爱，固定搭配是一杯茉莉花茶。桃酥买回来时包在油纸里，回家放在铁皮桶里保存，她吃桃酥，我就爱掏里面的渣子吃[泪],0,0.470326,0,1
E0-lite: source TF-IDF+LR,target_test,//: 多练习几次就会了。[哈哈],1,0.494522,0,0
E0-lite: source TF-IDF+LR,target_test,这条规则值得思考、值得推广，难以用道德约束的时候，用规则的制约排除灰色空间，腐然也会少很多。 //:这个可以有、[嘻嘻] //: [哈哈],1,0.497165,0,0
E0-lite: source TF-IDF+LR,target_test,当所有人说你?B的时候，拜托你就不要卖萌装可爱了[怒]，一个女人起码知道什么叫尊重？什么叫自重？,0,0.451285,0,1
E0-lite: source TF-IDF+LR,target_test,生物老师，体育老师，美术老师，音乐老师。。。唉 [失望][委屈][泪],0,0.464927,0,1
E0-lite: source TF-IDF+LR,target_test,[嘻嘻] 除了拔河还有啥？,1,0.488593,0,0
E0-lite: source TF-IDF+LR,target_test,祈祷..//: 祈祷野三坡到张坊现在都是无人区~//-M: 我操！！别下了[泪] //:[衰]//: //: ……擦！怎么办呢…………[抓狂],0,0.470246,0,1
E0-lite: source TF-IDF+LR,target_test,没赶上今年的10.10.10“十全十美”；那就等明年的11.11.11“一心一意”；还不行的话那就后年的12.12.12“一辈子一爱”；要再不行还有大后年的13.1.4“一生一世”；要实在再不行就等大大后年的14.5.20“一世我爱你”；要再找不着结婚的对象，我就打算剩着！[嘻嘻] [嘻嘻] [嘻嘻] ……,1,0.470207,0,0
E0-lite: source TF-IDF+LR,target_test,[哈哈] //：回覆:[嘻嘻] //:倒数第2件 我喜欢 //:转,1,0.519694,1,1
E0-lite: source TF-IDF+LR,target_test,希望它能和我们来钱儿一样遇到好心人。友情建议！在附近多贴传单比客更实用！ //:奥斯卡最喜欢往我身上贴…// :附近的朋友帮帮忙，我们会很感激的，// :北京东四环百子湾附近的朋友，帮帮忙啊~ 奥斯卡是我们大家的宝贝，真的不能失去它! [抓狂][泪][伤心],0,0.489183,0,1
E0-lite: source TF-IDF+LR,target_test,就在刚刚，这条蝾螈死了！[泪],0,0.470025,0,1
E0-lite: source TF-IDF+LR,target_test,500了？悲催啊[泪],0,0.485617,0,1
E0-lite: source TF-IDF+LR,target_test,上海小菜[嘻嘻][嘻嘻],1,0.494543,0,0
E0-lite: source TF-IDF+LR,target_test,当一个做菜的开始做互联网！结果会是什么样呢？我准备试试！[晕][晕][晕],0,0.46733,0,1
E0-lite: source TF-IDF+LR,target_test,酒不醉人人自呆！ //:[哈哈] //: [兔子]萌萌太萌了！[兔子] //:[酷]微博邀配文，萌翻多少人！？[哈哈] //:[哈哈] /酒逢千杯知己少，话到嘴边不出唇。 [哈哈] //: 麻麻我错呢… [泪][萌],0,0.504128,1,0
E0-lite: source TF-IDF+LR,target_test,你居然把脸露出来鸟~~亲耐滴~//：萌呆！//：[爱你] ?达达~,1,0.48686,0,0
E0-lite: source TF-IDF+LR,target_test,我去翻翻冰箱！[泪][馋嘴]//: 为了保持体力…我开始吃面包了//:继续吧 //: 我靠 这是你们新的一轮进攻么 //:非常同意//: 估计这是针对你刚刚那句“减肥”说的。。[笑哈哈],0,0.495686,0,1
E0-lite: source TF-IDF+LR,target_test,终于登机了，但愿一切顺利，祈祷首都杌场能打到车。[晕],0,0.470974,0,1
E0-lite: source TF-IDF+LR,target_test,[酷] //-：你们怎么都喜欢他！[晕],0,0.483725,0,1
E0-lite: source TF-IDF+LR,target_test,"微博没了往日的热闹,还真有点不适应,难道都去忙年了?[嘻嘻]",1,0.494995,0,0
E0-lite: source TF-IDF+LR,target_test,登机，终于可以回家啦...[泪],0,0.484593,0,1
E0-lite: source TF-IDF+LR,target_test,[鼓掌]继续加油呀亲！,1,0.508039,1,1
E0-lite: source TF-IDF+LR,target_test,[哈哈]//: 经常上火的童鞋收藏！[花],1,0.511317,1,1
E0-lite: source TF-IDF+LR,target_test,哪个区？//: 关键看市委和省委大院停没停水。麻痹！[衰]//:今晚一家人是跑到杜岭街一朋友家吃的饭。他们住三楼，还好有水。,0,0.499094,0,1
E0-lite: source TF-IDF+LR,target_test,昨晚做梦见到了林彪，真奇怪，还看到他用电脑，又想到他应该80多了怎么这年轻？我说：我们是老乡不会说出来见到了你，正想问他到底怎么没死?醒了！[晕],0,0.468167,0,1
E0-lite: source TF-IDF+LR,target_test,啊啊啊 这个级别的才2000多w [泪],0,0.488174,0,1
E0-lite: source TF-IDF+LR,target_test,随手拍 我们是如何用手机毁掉自己生活的。。。[伤心][伤心][伤心]以前一说网瘾就如临大敌，现在还有平板电脑，未来还会有什么人类公敌？[晕],0,0.472877,0,1
E0-lite: source TF-IDF+LR,target_test,"关于国内外的中小学教育对比，有人评论到：“从知识掌握的深度来说，天朝处于领先地位，而且领先很多；美国很多中小学出来的孩子，笨得跟猪一样""。后面有人华丽丽的跟了一句：""你回贴用的电脑正是这些猪发明的，情何以堪啊！"" 情何以堪啊!![泪]",0,0.477768,0,1
E0-lite: source TF-IDF+LR,target_test,好想回k2[泪],0,0.494543,0,1
E0-lite: source TF-IDF+LR,target_test,//: 对，圆头煮[哈哈] //:洒家95年曾去圆头煮一游，还在那鼋头上照了相，一别18年了。我读的对么？ //:刚来无锡一个月，还没去过鼋头渚，话说你们都会念这三个字吗？//: [给力]//: 镜头下的无锡、向往~,1,0.473078,0,0
E0-lite: source TF-IDF+LR,target_test,[威武][给力][good] //:关键是这两年，哇哈哈哈//:[haha][haha][haha] //:不得不承认，我看了都好感动，公关2年，也谢谢有你们！[泪][泪] //:[haha] //-京腔儿的姑娘:看哭了。。,0,0.498049,0,1
E0-lite: source TF-IDF+LR,target_test,我喜欢的风格～[嘻嘻] //:圣诞节的节奏~[鼓掌],1,0.513581,1,1
E0-lite: source TF-IDF+LR,target_test,越来越卡哇伊了[鼓掌]新歌快快来哦[耶],1,0.483667,0,0
E0-lite: source TF-IDF+LR,target_test,我可不想起个大早，赶个晚集。[汗][汗][晕],0,0.488101,0,1
E0-lite: source TF-IDF+LR,target_test,[鄙视]神马叫嘴拙...新烤一炉切达奶酪饼干，咸鲜香酥，奶味浓郁，爱不释口。喂到 嘴里，Y闭目细品后居然问：你是拿果园老农的果仁做的么？...果仁你妹啊，你见过绵软奶香味的果仁么...你见过高温烘焙后会融化焦化的果仁么...你个果仁脑袋...[抓狂],0,0.478833,0,1
E0-lite: source TF-IDF+LR,target_test,我业余爱好！ //-有教师资格证的王老师:好么，你们俩上这个课干嘛啊？当老师去？//-火龙果儿:是一甲 //:有天津话一甲考试吗？我可以试试～[太开心],1,0.482642,0,0
E0-lite: source TF-IDF+LR,target_test,珠峰大本营纪念[嘻嘻],1,0.494543,0,0
E0-lite: source TF-IDF+LR,target_test,每到上火就走智齿，多年前拔了一颗，结果之后上火就走另外一颗智齿[泪]，门牙边的一颗牙越长越歪，刷牙总出血，想戴牙套怕拔牙怕疼，最怕看牙了，国内为何不推广全麻看牙，不光是对儿童，像我这种吱哇乱叫的大人也应该全麻，省得招大夫烦[泪],0,0.462223,0,1
E0-lite: source TF-IDF+LR,target_test,【妈妈9个QQ表情盼儿归 网友：看红了眼眶[泪]】不少网友称看这篇“表情文”红了眼眶。一名网友感慨：每次要回家前，妈妈每天都会打个电话，催促她早点回家。回家后妈妈对她特别好，可是过了两三天，两人就要互相拌嘴，到了要走的时候，又特别舍不得。你的妈妈是这样吗？详戳：,0,0.49231,0,1
E0-lite: source TF-IDF+LR,target_test,一身的豪迈气概都毁了……[泪],0,0.485867,0,1
E0-lite: source TF-IDF+LR,target_test,难道前几天的6.8级地震演练是有预谋的？怕怕！[悲伤] //://:快讯【福建省福州市长乐市附近海域3.3级地震】2012年09月29日00时23分在福建省福州市长乐市附近海域(北纬26.0度，东经119.9度)发生3.3级地震，震源深度8公里。（来源 ）,0,0.487548,0,1
E0-lite: source TF-IDF+LR,target_test,//: 中枪！[泪] //: [哈哈][哈哈],0,0.511481,1,0
E0-lite: source TF-IDF+LR,target_test,回覆:是 //:小胜靠智，大胜靠德。 //:神鬼之别 //: [蜡烛][蜡烛][蜡烛][蜡烛][蜡烛][蜡烛]怀念毛主席[泪][泪][泪],0,0.498269,0,1
E0-lite: source TF-IDF+LR,target_test,[鼓掌]春节日本旅游走起[飞机],1,0.494543,0,0
E0-lite: source TF-IDF+LR,target_test,【北京Oyster Talks Pekin生蚝吧】他家的生蚝都是当天空运至店，后厨会“挑肥拣瘦”，只选最好的肥货。餐厅还有西班牙四年期的火腿、各种经典海鲜及扒类主菜，甜点更是独家特制，品尝后令人无比幸福～[爱你],1,0.484591,0,0
E0-lite: source TF-IDF+LR,target_test,看吧，这位就是员工的典范，号召各地全体员工集体膜拜[哈哈][鼓掌][鼓掌][鼓掌],1,0.505526,1,1
E0-lite: source TF-IDF+LR,target_test,顺其自然。[嘻嘻] //:会发生什么？,1,0.472546,0,0
E0-lite: source TF-IDF+LR,target_test,//?裕太Love_二?小?: ?於出正式消息啦! 女主是我女神耶[抱抱]//: //-凌-: //?大神??我RP吧挖泥:あさみちゃん！,1,0.492511,0,0
E0-lite: source TF-IDF+LR,target_test,本来打算好好玩一天的。。。结果有个人病了[泪][黑线],0,0.484844,0,1
E0-lite: source TF-IDF+LR,target_test,你俩也是《因为爱情》！[哈哈],1,0.494458,0,0
E0-lite: source TF-IDF+LR,target_test,蕾答应的事必须雷厉风行的去完成！到了蕾的家乡重庆，温暖你就成了火锅蕾的使命[偷笑]遗憾没邀请大家狂搓一顿毛肚、鹅肠、耗儿鱼论斤卖的山城原始老火锅[泪]下次继续...火锅吃起...干碟点起...口水流起[馋嘴],0,0.484081,0,1
E0-lite: source TF-IDF+LR,target_test,回复:拼音也是feiji[哈哈]//:回复:尼玛拼音也算啊[怒] //:埃及。。。 //:回复:没想到这么快就被你破解鸟 //:石家庄。。,0,0.479186,0,1
E0-lite: source TF-IDF+LR,target_test,估计是把沙僧一并烤了[哈哈]//: 沙僧呢。。。,1,0.47999,0,0
E0-lite: source TF-IDF+LR,target_test,请更多的人记住他！[蜡烛] //：[泪] //:眼泪模糊了视线，不知该说什么才能宽慰这个7岁的孩子。只希望他知道，他的父亲是个好人，也是个尽职的好司机！他用自己的生命挽救了许多生命，可以说，他是个当之无愧的英雄！,0,0.471434,0,1
E0-lite: source TF-IDF+LR,target_test,回复-:索马力亚！不要看错 //:他在家练了很多年 //: //: 那么大的飞机一路畅通无阻的跨越那么多国家飞到非洲？不可能把[衰] //: //: //: 好消息！,0,0.485268,0,1
E0-lite: source TF-IDF+LR,target_test,真的 //:全世界[真V5]~~~//: 人家也这么讲的 还是排比句[委屈] //:[泪]//: 长的好看真的太重要了！[衰] //:[good] 牛掰的评论！[偷笑]//:,0,0.487392,0,1
E0-lite: source TF-IDF+LR,target_test,又来吃这家火锅了，魅力实在无法抵挡啊。[泪]真是边吃边忏悔啊。,0,0.474951,0,1
E0-lite: source TF-IDF+LR,target_test,如夏俊峰年薪三万，或许三条年轻的生命就不会毁灭。 //:不信但看杯中酒，美女先敬有钱人。马蔚华2007年的年薪便达到了963万啊。[哈哈]//: [泪],1,0.484502,0,0
E0-lite: source TF-IDF+LR,target_test,无比热泪盈眶的感谢尊敬的亲爱的 在国庆期间，国家大剧院话剧王府井一票难求的情况下给潘娟的老爹老娘弄到了三张票[泪]虽然我的票被 抢了，但我...春节看过了[偷笑]感谢老爹老娘让99班更团结更温暖... 任重道远！,0,0.480452,0,1
E0-lite: source TF-IDF+LR,target_test,这是黄立行和太太吗[抓狂],0,0.48619,0,1
E0-lite: source TF-IDF+LR,target_test,今天有几个台有我演的和导的小品。时间太仓促，有些自己还不太满意。都没敢法微薄通知大家。现在演完了。坐等大家吐嘈。[泪],0,0.476045,0,1
E0-lite: source TF-IDF+LR,target_test,有车主长假去玩，收获3次超速50%以上的罚单，问该怎么办？交警的权威回复：先吊销驾照，罚1000，从新学习考试考新驾照；再吊销再罚1000再学习再考试得再得新驾照；接着再吊销再罚1000再学再考再发[生病] 有木有让小伙伴惊呆了？记得美国有坏蛋被判了3次死刑，现在终于明白是怎么执行的，医生辛苦了[泪],0,0.487685,0,1
E0-lite: source TF-IDF+LR,target_test,"//:啥也不说了,只想转 // : [泪]",0,0.466315,0,1
E0-lite: source TF-IDF+LR,target_test,[泪][泪][泪][泪]老了//: 老去，从对待自己身体的态度开始！[泪][泪][泪][泪],0,0.488388,0,1
E0-lite: source TF-IDF+LR,target_test,我今天没有赶上，只听了个开头，有没有录音啊？求录音啊~~[泪],0,0.460949,0,1
E0-lite: source TF-IDF+LR,target_test,[太开心]真心感谢大家的关注和参与，中奖数量有限，可是我们的活动无限，希望大家多多参与，欢迎来到温泉水公园游玩体验！//: 温泉水公园1111之前倒计时连发三弹都木有中，小小心脏那个伤啊[泪]，好在 活动一波接一波，让我们双十一相约温泉水公园，一起幸福＂脱光＂[嘻嘻],0,0.494451,0,1
E0-lite: source TF-IDF+LR,target_test,还真有犯人可以游过来[抓狂]大鲨鱼好多,0,0.48734,0,1
E0-lite: source TF-IDF+LR,target_test,根据最高院的相关司法解释，事实清楚证据确凿的案件可以快速审判，没有人的话能赶上清明了[晕] 我在:,0,0.463385,0,1
E0-lite: source TF-IDF+LR,target_test,Loli厨房出品今日早餐，菜肉大馄饨+小紫薯+橙子。上学的时候，常在店里吃大馄饨。汤底必须是紫菜虾皮，若是再来点蛋皮更好[馋嘴]考究点的用高汤做汤头，想想就美阿[嘻嘻]冬天，再来点辣酱，红油飘飘，颜色诱人。总觉得以前的食物好好吃，现在都没有了[汗]牛肉拉面，蛋饼，辣肉面，咸菜面，遗憾呐！,1,0.487017,0,0
E0-lite: source TF-IDF+LR,target_test,[衰][吃惊][吃惊][衰][抓狂][抓狂][抓狂][抓狂][抓狂],0,0.494543,0,1
E0-lite: source TF-IDF+LR,target_test,我是80后，但我怎么不认识这些课本封面？？？ //:[泪],0,0.475206,0,1
E0-lite: source TF-IDF+LR,target_test,大家看看真正的人?地?！世界各地都一?！?在食?的朋友???慈悲心吧！真的！[伤心],0,0.489194,0,1
E0-lite: source TF-IDF+LR,target_test,唉只要一体检心跳就猛快，总觉得焦虑怕万一有什么问题，还脸红，有什么办法让我血压降下来，心跳缓下来[抓狂][抓狂][抓狂][抓狂][抓狂],0,0.481538,0,1
E0-lite: source TF-IDF+LR,target_test,这犯规实在有点多啊！小动作实在多！赶上流氓足球队了！[怒],0,0.488526,0,1
E0-lite: source TF-IDF+LR,target_test,回复:那给你贴上没有啊，你这只是个受理单啊，你没把通行证给他们啊？[晕]//:回复:没说啊 人来说好了,0,0.479506,0,1
E0-lite: source TF-IDF+LR,target_test,哈哈哈，这说明我还年青！还在发育和成长[哈哈][哈哈][哈哈][哈哈]//:赐教不敢！分享可以：吃货分几个阶段第1阶段：爱吃（什么都行，没有什么特定目标，得什么吃什么！只要消费的起就去吃）第2阶段：会吃（知道那的好吃！特色是什么主题是什么！需一定的经济实力）,1,0.488167,0,0
E0-lite: source TF-IDF+LR,target_test,头晕了。。。//: 真的耶！！！这个都可以有保健操的作用了！！！//: 真的！！！//: 擦，真的可以……//: 擦。。。//: 要死啊[抓狂] //:脖子要断了,0,0.44873,0,1
E0-lite: source TF-IDF+LR,target_test,北京有元祖了感人[泪],0,0.494543,0,1
E0-lite: source TF-IDF+LR,target_test,偶像，我不笑，我就乐！//: 为什么都在笑我，你们知道当时我有多努力么[泪] //:哈哈哈 [做鬼脸] //:真对不住，我也笑了。[哈哈][偷笑] //:为什么这么多嘲笑，这世界还会好么？,0,0.472783,0,1
E0-lite: source TF-IDF+LR,target_test,"okna,ta nong mee wang,p ya chuan kun geenkao duigan ,hai peng duo ok dai[嘻嘻]",1,0.494543,0,0
E0-lite: source TF-IDF+LR,target_test,开复还挺幽默搞鬼的，呵呵。[哈哈],1,0.497515,0,0
E0-lite: source TF-IDF+LR,target_test,"哈哈，哪天过来吃吧//:[哈哈] //-万卿:俺想吃你家大鹅了,上次那一只大鹅俺就吃着一块儿,昨晚你家的煮花生带到市集之后俺连袋儿都没看见,下厨的人命怎么这么苦呢[泪][泪][泪][泪] //:[馋嘴][馋嘴]看着就香。",0,0.481362,0,1
E0-lite: source TF-IDF+LR,target_test,回复:呵呵，汪峰的歌宽容度高，有胸怀。我挺喜欢新专辑里的那首《爱你的方式》，硬汉的柔情，很动人~~ //:本想也你这样过一天闲淡生活，木想还要去修被猪追尾的车[衰],0,0.49585,0,1
E0-lite: source TF-IDF+LR,target_test,"尼玛,一个小时才写了几行,[抓狂]人家半个小时就写一篇论文的孩子真是人才,我表示伤不起[泪][泪] 姐,火了,不写了,洗澡睡觉[酷]",0,0.433399,0,1
E0-lite: source TF-IDF+LR,target_test,美食盘点又到了一期节目，五种美食的日子了，今天我们要盘点的关键词只有一个字：辣！干爽直辣，妖娆胡辣，咸香呛辣你喜欢什么样的辣呢？ps：关于昨天的互动，由于大家见多吃广，大多数人都答对了（一点都不给小编面子[泪]）。小编就瞎子点灯随便选一位朋友了恭喜,0,0.466848,0,1
E0-lite: source TF-IDF+LR,target_test,敏感、多疑、缺乏安全感[抓狂][抓狂],0,0.494543,0,1
E0-lite: source TF-IDF+LR,target_test,这。。。真的不会晕么。。。//: 李云迪也表示望尘莫及啊！//:[哈哈]//：那一刻，贝多疯的灵魂苏醒//：相比之下，左边这位好像在电脑打字～,1,0.469698,0,0
E0-lite: source TF-IDF+LR,target_test,告诉自己，死都不能哭！！[怒],0,0.465751,0,1
E0-lite: source TF-IDF+LR,target_test,今天感冒的症状非常严重，快屎啦[泪],0,0.526085,1,0
E0-lite: source TF-IDF+LR,target_test,哈哈！一片??！ //:[哈哈][哈哈][哈哈][哈哈][哈哈]太欢乐了吧！//:213少年欢乐多啊。。,1,0.503761,1,1
E0-lite: source TF-IDF+LR,target_test,扩散！//: 去这一路上又反复勘察了两遍，路边草丛、汽车底部神马的，就差木有翻垃圾桶了，目前依然木有什么线索。给派出所和居委会都打了电话，求好心人那[泪],0,0.460359,0,1
E0-lite: source TF-IDF+LR,target_test,不习惯歇了！一看就是职业妇女。//: 天生倒霉的劳碌命[衰],0,0.496089,0,1
E0-lite: source TF-IDF+LR,target_test,大家都太热情啦！票已经全部赠罄！木有拿到票的朋友们不要不开心啦！拿到票的朋友们要多多为我们的演员加油啊！[嘻嘻] //:要票就找万能宝！[哈哈] //:【粉丝福利】,1,0.496239,0,0
E0-lite: source TF-IDF+LR,target_test,三里屯，3.3，4楼，鸿雅依莲，美甲店，放着我一年前，最爱的各种歌曲[泪][泪][泪] 大爱漂亮的水晶[爱你][礼物][围观][威武]38快乐，习惯的，快来噢-,0,0.492276,0,1
E0-lite: source TF-IDF+LR,target_test,哈哈哈，靓仔果然闷骚。[哈哈][哈哈]其实我也很闷骚，很爷们儿 //?zzz: 很闷骚， 很傻，?在这里 很2！！我很爷！[偷笑][偷笑][偷笑][钟][猪头][猪头][猪头],1,0.514683,1,1
E0-lite: source TF-IDF+LR,target_test,我：要一起出去看月亮吗？他：不能。牛夫人。[怒][怒][怒][怒],0,0.476038,0,1
E0-lite: source TF-IDF+LR,target_test,"喜?看使用?明的我，因?相信了社交通??件＂LINE""的引?，就??手?的居然就把在?大半年累?的??人??全?了！！[泪][泪][泪]",0,0.47046,0,1
E0-lite: source TF-IDF+LR,target_test,[汗] //:[哈哈][哈哈][哈哈],1,0.511481,1,1
E0-lite: source TF-IDF+LR,target_test,[哈哈] 太Cute了,1,0.511481,1,1
E0-lite: source TF-IDF+LR,target_test,太形象了[哈哈] //:[哈哈][哈哈][哈哈]// @-蝶野茴- :无,1,0.511481,1,1
E0-lite: source TF-IDF+LR,target_test,就是那个小的碗！ //:八碗[晕] // ：[汗] 八碗。。。。是右下角那么大的碗么？// ：多大的碗啊？八碗！[思考] // ：八碗[吃惊]吃。。 // : 哎呀！我现在才看到！刚才我在房间里和谢娜张杰聊天！他们也很爱喝豆汤碗豆苗！张杰都喝了八碗！真的好开心！,0,0.478119,0,1
E0-lite: source TF-IDF+LR,target_test,"皇后皇后[鼓掌] //: 平民[泪]//: 我是王母啊,[哈哈][哈哈] @ //: -李明珠 我是皇后，啊哈哈//:把你测试结果说出来吧。。。我是乞丐，",0,0.487971,0,1
E0-lite: source TF-IDF+LR,target_test,//: 春，你的位置太牛了//: 太巧了啊！在郑州吗？//:我日[哈哈],1,0.492181,0,0
E0-lite: source TF-IDF+LR,target_test,[让红包飞][求红包]只有2天~《超级笑星大拜年》就要在除夕夜爆笑上演啦~最丰富的喜剧大餐马上开席哦~[哈哈]//: [威武][威武][威武][威武]祝福大家马上有一切[威武][威武][威武][威武][哈哈] //:[哈哈][给力][威武][围观]祝大家马上有钱哦[哈哈][爱你],1,0.512759,1,1
E0-lite: source TF-IDF+LR,target_test,争取今年能落地中国[鼓掌],1,0.494543,0,0
E0-lite: source TF-IDF+LR,target_test,好的，手机在近三天之内第五次成为新手机[衰][抓狂],0,0.504209,1,0
E1-lite: source + target calibration,source_test,一共就五六块牛筋，其他都是菜，菜量也不多，这好意思好称30的套餐。。送餐员不认路，隔100米就要让我自己下楼去拿，这也叫外卖？,0,0.46563,0,1
E1-lite: source + target calibration,source_test,"还不错,就是想吃两个蛋的煎饼不知道怎么算价格",0,0.508647,1,0
E1-lite: source + target calibration,source_test,豆腐脑很淡，不太喜欢，猪蹄不错！,1,0.515528,1,1
E1-lite: source + target calibration,source_test,额，还行吧，下雨天送餐员不容易,1,0.489369,1,1
E1-lite: source + target calibration,source_test,味道好，速度快，不错。,1,0.56271,1,1
E1-lite: source + target calibration,source_test,但很好吃，但量很小。送餐嘛一小时以上，还没带筷子,0,0.515538,1,0
E1-lite: source + target calibration,source_test,菜难吃，送餐员态度极差，送不好餐回家种田去，别在这丢人,0,0.47354,1,0
E1-lite: source + target calibration,source_test,送餐员态度很好，唯一不足是送餐时间较长,0,0.513909,1,0
E1-lite: source + target calibration,source_test,大冷天的，快递小哥跟热情，准时，辛苦辛苦，很感谢,1,0.543435,1,1
E1-lite: source + target calibration,source_test,味道不错～～～从订餐到吃～～～服务也得周到超赞！！,1,0.528418,1,1
E1-lite: source + target calibration,source_test,太难吃了，跟以前吃的明显两个样，送餐也很慢,0,0.45922,0,1
E1-lite: source + target calibration,source_test,好吃好吃好吃，重要的事说三遍,1,0.570015,1,1
E1-lite: source + target calibration,source_test,订单量大送的慢可以理解，可是怎么可以忘了给我放荤菜，而且留言里说了不要鱼豆腐和豆芽，还是放了一大把，太倒胃口了,0,0.458994,0,1
E1-lite: source + target calibration,source_test,不脆了可惜,1,0.487197,1,1
E1-lite: source + target calibration,source_test,饭盒里的汤汁都洒出来了，整个袋子都油的，下次能注意点吗！？,0,0.473535,1,0
E1-lite: source + target calibration,source_test,挺好的，味道不错，送餐挺快,1,0.579056,1,1
E1-lite: source + target calibration,source_test,过完春节第一次用百度外卖，下单时写了凉皮不要辣结果放了辣椒，点了两份食物给了一双筷子，这外卖送的，除了涨价了没什么区别,0,0.453617,0,1
E1-lite: source + target calibration,source_test,送餐超级慢，味道还可以,0,0.503204,1,0
E1-lite: source + target calibration,source_test,支付宝最好用了，支持支付宝,1,0.478467,1,1
E1-lite: source + target calibration,source_test,肉很多啊，超值，下次尝试其他口味,1,0.50102,1,1
E1-lite: source + target calibration,source_test,骑个自行车送饭，不好吃，下次不会再订了。,0,0.468672,0,1
E1-lite: source + target calibration,source_test,用心做的饭菜就是好,1,0.492336,1,1
E1-lite: source + target calibration,source_test,口味一般！蕨菜用塑料袋装的，感觉很不好，为什么不用小碗装呢？以后不会吃了,0,0.455413,0,1
E1-lite: source + target calibration,source_test,我自己去买也用不了这么长时间,0,0.462951,0,1
E1-lite: source + target calibration,source_test,米饭太少了！,0,0.460172,0,1
E1-lite: source + target calibration,source_test,味道就不用说了，关键送的超快，从下单到吃到只用了30分钟，热乎乎的，骑士给力！,1,0.488707,1,1
E1-lite: source + target calibration,source_test,速度太快啦，很好吃,1,0.565377,1,1
E1-lite: source + target calibration,source_test,说得再好也是虚的，只有自己吃了才知道。,1,0.462171,0,0
E1-lite: source + target calibration,source_test,很不错，以前都在店里吃，现在方便了,1,0.52666,1,1
E1-lite: source + target calibration,source_test,有点凉了，不好吃，没什么味道。不是很满意。,0,0.478391,1,0
E1-lite: source + target calibration,source_test,一如既往的好，配送超级快，南瓜粥没有上次稠,1,0.517938,1,1
E1-lite: source + target calibration,source_test,说好的加一份油麦菜呢？,0,0.473995,1,0
E1-lite: source + target calibration,source_test,"饼厚,肉没味儿,用的是柿子椒而不是尖椒",0,0.470796,1,0
E1-lite: source + target calibration,source_test,凉皮是厚的条，不麻酱少，不好吃,0,0.462695,0,1
E1-lite: source + target calibration,source_test,送饭很快，态度很好，赞，,1,0.560263,1,1
E1-lite: source + target calibration,source_test,味道和送餐没得说，不过本来29减价现在边30了。唉,1,0.480664,1,1
E1-lite: source + target calibration,source_test,"吃起来不方便...,而且似乎有股异味..,闻起来。",0,0.473489,1,0
E1-lite: source + target calibration,source_test,速度快，态度好，好评！,1,0.543522,1,1
E1-lite: source + target calibration,source_test,一如既往好吃又快捷！！！,1,0.491088,1,1
E1-lite: source + target calibration,source_test,希望米饭给一满盒。一满盒。一满盒,0,0.485318,1,0
E1-lite: source + target calibration,source_test,送餐超快，赞一个,1,0.521442,1,1
E1-lite: source + target calibration,source_test,第一次买，送餐师父很好，而且能看的出真是用心做的，太喜欢包装的那句话了，加油,1,0.507793,1,1
E1-lite: source + target calibration,source_test,一如既往的好，配送非常快。,1,0.528877,1,1
E1-lite: source + target calibration,source_test,送餐时间太长，饭太一般了，汤是调料冲的,0,0.438233,0,1
E1-lite: source + target calibration,source_test,"选择宇卷是一场发了疯的订餐.不管输赢我也只会疯这一把.,by一位被牛皮纸袋欺骗的买家",0,0.477339,1,0
E1-lite: source + target calibration,source_test,确实很快，食物也不错，比吉野家便宜。好好好。,1,0.555299,1,1
E1-lite: source + target calibration,source_test,以前用烙饼卷的还好，现在是面皮了，反正我觉得不好吃,0,0.480495,1,0
E1-lite: source + target calibration,source_test,不好意思，评论晚了。。。。,1,0.446905,0,0
E1-lite: source + target calibration,source_test,非常实惠，不错！,1,0.537293,1,1
E1-lite: source + target calibration,source_test,难吃，秘制炸鸡，送来都软的不行了，不仅贵，口味还垃圾！！！,0,0.44027,0,1
E1-lite: source + target calibration,source_test,有点慢，因为是现蒸的，着急的就别催了,1,0.488527,1,1
E1-lite: source + target calibration,source_test,丸子特别多、几乎都是,0,0.482042,1,0
E1-lite: source + target calibration,source_test,等了200分钟，终于到了！真快！！！！,0,0.448353,0,1
E1-lite: source + target calibration,source_test,鸡丁有点儿咸没有在店面吃的好吃有甜味,1,0.508746,1,1
E1-lite: source + target calibration,source_test,"在店里吃的菜量很足,外送的菜量只有三分之一,下次不会再点了,建议直接去店里吃",0,0.471289,1,0
E1-lite: source + target calibration,source_test,能清楚的标明饺子馅就更好了！,1,0.483792,1,1
E1-lite: source + target calibration,source_test,差评，差评，没吃过这么恶心的冷面，一口就吃吐了,0,0.455017,0,1
E1-lite: source + target calibration,source_test,东西很棒，送餐服务很不好。迟到半个小时，也没表达什么歉意。,0,0.462609,0,1
E1-lite: source + target calibration,source_test,"以后再也不会要宏状元了,送餐跟蜗牛一样",0,0.457702,0,1
E1-lite: source + target calibration,source_test,非常好，送餐大哥很可爱。,1,0.543182,1,1
E1-lite: source + target calibration,source_test,这时间我就懒得吐槽了，各种服务态度差成狗,0,0.484488,1,0
E1-lite: source + target calibration,source_test,送餐晚不说，打电话没回复，一点沟通都没有，差差差，绝不会再定,0,0.428561,0,1
E1-lite: source + target calibration,source_test,"哎呀,超喜欢,都好吃,期待能有更多新品,更多选择",1,0.52722,1,1
E1-lite: source + target calibration,source_test,就是时间稍微长些,0,0.497984,1,0
E1-lite: source + target calibration,source_test,送餐人员态度很好，非常满意。但是对于老板私自替顾客决定换菜的行为非常不满意，我点的鳕鱼，直接换鸡腿，好歹打个电话确认一下！,0,0.514126,1,0
E1-lite: source + target calibration,source_test,还可以，就是等得太久太久了，两个小时,1,0.455702,0,0
E1-lite: source + target calibration,source_test,比预计的快，菜品质量跟大堂的没太大差别。,1,0.501066,1,1
E1-lite: source + target calibration,source_test,不给我多加点米饭！！！,0,0.435127,0,1
E1-lite: source + target calibration,source_test,煎饼很好吃！送餐很快！,1,0.56581,1,1
E1-lite: source + target calibration,source_test,莫名的涨价了,0,0.485658,1,0
E1-lite: source + target calibration,source_test,口味不错，送货速度快，下次还会预定！,1,0.56362,1,1
E1-lite: source + target calibration,source_test,配送大哥很热情，东西很好吃,1,0.551932,1,1
E1-lite: source + target calibration,source_test,"牛肉饼里肉还没小拇哥大呢,这会偷工减料,以后不点了",0,0.469183,0,1
E1-lite: source + target calibration,source_test,煎饼果子，吉不可耐！吃吃吃！太像广告了吗？,1,0.480422,1,1
E1-lite: source + target calibration,source_test,"好吃,非常好吃",1,0.564041,1,1
E1-lite: source + target calibration,source_test,漏发一份披萨，筷子没给，幸好自己有多余的，不然怎么吃，整体心情超差,0,0.460554,0,1
E1-lite: source + target calibration,source_test,很好，比肯德基外卖还便宜。,1,0.54276,1,1
E1-lite: source + target calibration,source_test,1.等1小时都没送出，2.东西食之无味，弃之可惜。,0,0.454254,0,1
E1-lite: source + target calibration,source_test,差评！定的时间是12点一刻，结果刚11点就送来了！果断退单。送餐前不看时间吗？,0,0.443698,0,1
E1-lite: source + target calibration,source_test,虽然快递小哥送来单时连连道歉，但是也夸张到等了两个小时。等待期间我打了两次商家电话都是先是没人接，后提示电话是空号。另外我的备注，快递小哥表示并没有理睬。给两颗星是多还是少？,0,0.460203,0,1
E1-lite: source + target calibration,source_test,汤都撒了，怎么伴着吃啊？,0,0.461803,0,1
E1-lite: source + target calibration,source_test,一次买了40个哈哈。好吃,1,0.508611,1,1
E1-lite: source + target calibration,source_test,饭菜质量一般般，可选的饮料种类也少,0,0.462948,0,1
E1-lite: source + target calibration,source_test,里面有蘑菇。总体不错啦,1,0.511834,1,1
E1-lite: source + target calibration,source_test,百度配送没得说非常好，但餐厅真的是无语了，不想说了,0,0.502219,1,0
E1-lite: source + target calibration,source_test,送餐很快～师傅很好～面也好吃,1,0.558581,1,1
E1-lite: source + target calibration,source_test,超级实惠，就是有点肥,1,0.52452,1,1
E1-lite: source + target calibration,source_test,"南瓜粥味道很好,但是竟然迟到刷碗的小铁丝,焖面油油的,干干的味道不好",0,0.532611,1,0
E1-lite: source + target calibration,source_test,不错，没想到宇宙卷饼是这个样子的，粥还是热的！！！,1,0.497316,1,1
E1-lite: source + target calibration,source_test,骑士辛苦了。app还是评价不了，很麻烦,1,0.510841,1,1
E1-lite: source + target calibration,source_test,就是不辣，辣椒酱啊,0,0.490906,1,0
E1-lite: source + target calibration,source_test,还行吧～味道不太能适应,0,0.517196,1,0
E1-lite: source + target calibration,source_test,蔬菜不好吃,1,0.475134,1,1
E1-lite: source + target calibration,source_test,就是快递慢了点,1,0.506745,1,1
E1-lite: source + target calibration,source_test,师傅送货很快，宫保鸡丁和川式腊味拼味道不错,1,0.561257,1,1
E1-lite: source + target calibration,source_test,"分量很大。对于食量小的妹纸是可以俩人吃一份的…。味道也不错,送的又快。非常赞！",1,0.525393,1,1
E1-lite: source + target calibration,source_test,"凉菜的盒子竖着放,凉菜都洒到包装袋里面了",0,0.47976,1,0
E1-lite: source + target calibration,source_test,以前吃这家挺好吃的，今天吃了下完全没有以前好吃了，这是为什么呢？你家厨师失恋了吗？,0,0.47131,1,0
E1-lite: source + target calibration,source_test,全是肉。有点干,1,0.497858,1,1
E1-lite: source + target calibration,source_test,就那么回事吧，两个菜都油乎乎的。每点一个菜还要收餐盒费,0,0.460003,0,1
E1-lite: source + target calibration,source_test,"比上面提醒的时间早很多。,速度挺快的",1,0.49619,1,1
E1-lite: source + target calibration,source_test,送餐时间耽误好久，都凉了！很难吃,0,0.438022,0,1
E1-lite: source + target calibration,source_test,备注了放辣椒结果也没放，煎饼口味很奇怪，是甜的,0,0.473268,1,0
E1-lite: source + target calibration,source_test,几乎没怎么等，就到了！包装严实，服务完美！亟待二次消费，哈哈！,1,0.498938,1,1
E1-lite: source + target calibration,source_test,鱼可以，豆腐这次好像没盐。主要是送餐太慢。要啊饿死了。,0,0.461581,0,1
E1-lite: source + target calibration,source_test,送餐速度比蜗牛还慢，100分钟才送到，而且要求不要放的蔬菜也往里面放，态度也不好,0,0.45151,0,1
E1-lite: source + target calibration,source_test,卷饼的量太小了，，,0,0.472907,1,0
E1-lite: source + target calibration,source_test,好吃，真的是大肘子肉,1,0.500166,1,1
E1-lite: source + target calibration,source_test,外送员很赞，商家能不能仔细看订单啊！点的干拌面送来的是汤面，说了粉汤羊血要多加辣椒送来的一点儿辣没有！！,0,0.454517,0,1
E1-lite: source + target calibration,source_test,不错，就是披萨有些小,1,0.554056,1,1
E1-lite: source + target calibration,source_test,肉不新鲜，吃完就拉肚子了！,0,0.469129,0,1
E1-lite: source + target calibration,source_test,分量有点少，鸡腿肉不好吃，八宝菜原来是咸菜。。。,1,0.475478,1,1
E1-lite: source + target calibration,source_test,送货很快，经常吃他家的，很棒,1,0.541641,1,1
E1-lite: source + target calibration,source_test,很快好开心,1,0.519884,1,1
E1-lite: source + target calibration,source_test,很快，没有撒，必须赞,1,0.504237,1,1
E1-lite: source + target calibration,source_test,酸辣粉还好！凉皮一股发霉的味道，没吃，再也不买他家的了！,0,0.482004,1,0
E1-lite: source + target calibration,source_test,我这是第一次订餐，也是最后一次了，送餐用了一个半小时,0,0.441867,0,1
E1-lite: source + target calibration,source_test,小炒肉不错，还得说一句他家宫爆鸡丁太难吃，甜的齁死人,0,0.501798,1,0
E1-lite: source + target calibration,source_test,东西还好，餐送的很慢,0,0.496985,1,0
E1-lite: source + target calibration,source_test,点了个套餐，豆腐脑没勺子、饮品没吸管～你叫我怎么吃？,0,0.461993,0,1
E1-lite: source + target calibration,source_test,好吃到停不下来...好评！！！,1,0.478281,1,1
E1-lite: source + target calibration,source_test,"还不错就是皮蛋粥,不好喝",1,0.524791,1,1
E1-lite: source + target calibration,source_test,"汤的味道还行,就是送餐小哥第一次来这边,用了很长时间",0,0.508424,1,0
E1-lite: source + target calibration,source_test,等了接近两个小时，太慢了,0,0.405191,0,1
E1-lite: source + target calibration,source_test,"去你大爷,送的晚,电话不接,接了屁用没有,做毛服务业",0,0.457802,0,1
E1-lite: source + target calibration,source_test,"点了两份粥，咸死了！喝了两口就扔了！为什么弄这么咸！！,配送服务还可以，就是粥太咸太闲太闲！！",0,0.462356,0,1
E1-lite: source + target calibration,source_test,好喝～不用去外面买了～,1,0.497474,1,1
E1-lite: source + target calibration,source_test,"卷饼里面吃出红色塑胶线,！！",0,0.47465,1,0
E1-lite: source + target calibration,source_test,"虽然时间长了些但是很准时。下次记得给些番茄酱就更好了。,一个人吃足够了。好好吃",1,0.489074,1,1
E1-lite: source + target calibration,source_test,稍微有点咸了,0,0.507375,1,0
E1-lite: source + target calibration,source_test,这一单不错，完全满足需求,1,0.566086,1,1
E1-lite: source + target calibration,source_test,菜汤全洒了出来，全是油,0,0.469493,0,1
E1-lite: source + target calibration,source_test,外卖小哥态度超好！辛苦了！,1,0.533391,1,1
E1-lite: source + target calibration,source_test,点的配菜一样都没有，不知道商家是怎么回事，一点诚信都没有,0,0.428323,0,1
E1-lite: source + target calibration,source_test,等了一个半小时，最后还是自取的！,0,0.427134,0,1
E1-lite: source + target calibration,source_test,"包装超好,饼也很实惠！",1,0.526658,1,1
E1-lite: source + target calibration,source_test,如果你刚吃完，点这家没错的。如果你已经感觉到饿了，那换一家吧，我怕你撑不到餐来。。。,0,0.454936,0,1
E1-lite: source + target calibration,source_test,"很快很快,但是南瓜羹很难喝",1,0.518174,1,1
E1-lite: source + target calibration,source_test,让送辣椒也不送,0,0.467294,0,1
E1-lite: source + target calibration,source_test,粉都断的不成样,0,0.480445,1,0
E1-lite: source + target calibration,source_test,一般，量挺足，味道一般,0,0.463965,0,1
E1-lite: source + target calibration,source_test,鸡肉非常多，棒棒达。,1,0.509165,1,1
E1-lite: source + target calibration,source_test,"一定不要点炒面,2小时终于坨成了石头",0,0.463816,0,1
E1-lite: source + target calibration,source_test,我明明买的其中的是那个披萨套餐，送来的却只有披萨，没有套餐里的鸡翅，买个外卖也被骗,0,0.45549,0,1
E1-lite: source + target calibration,source_test,饭到的很快，服务非常好。,1,0.558906,1,1
E1-lite: source + target calibration,source_test,师傅人很好，服务很好，送得快~好评,1,0.566151,1,1
E1-lite: source + target calibration,source_test,炒饭略咸了，味道还是不错的，银耳汤还是那么好喝,1,0.505188,1,1
E1-lite: source + target calibration,source_test,外卖小哥和店家都很好,1,0.533393,1,1
E1-lite: source + target calibration,source_test,油菜可以少一点,0,0.478058,1,0
E1-lite: source + target calibration,source_test,很不错哦包装很好,1,0.574521,1,1
E1-lite: source + target calibration,source_test,送餐很快，菜像剩的，食材感觉用的都是边角料。,0,0.526459,1,0
E1-lite: source + target calibration,source_test,骑士太棒了，服务态度极好，地址好像写错了，非常抱歉，辛苦啦,1,0.524331,1,1
E1-lite: source + target calibration,source_test,晚到，不认识路的送餐员,0,0.487781,1,0
E1-lite: source + target calibration,source_test,送餐太慢了，垃圾,0,0.433964,0,1
E1-lite: source + target calibration,source_test,送的有点慢…酱香卷还是很好吃的,1,0.553977,1,1
E1-lite: source + target calibration,source_test,"等了两个小时,你们随意感受一下",0,0.431267,0,1
E1-lite: source + target calibration,source_test,鱿鱼炒饭比鱿鱼石锅拌饭好吃,1,0.501772,1,1
E1-lite: source + target calibration,source_test,这个卷饼的套餐配的很好，没有粥来冲淡一下的话，就又甜又咸又腻,1,0.502114,1,1
E1-lite: source + target calibration,source_test,"这个非常的不行啊,，，，我说的12点15送到,结果11送到的,公司的人都在工作,影响非常的不好啊",0,0.468598,0,1
E1-lite: source + target calibration,source_test,"啥也不说了,等了两个半小时",0,0.434442,0,1
E1-lite: source + target calibration,source_test,人好速度快，好评好评好评！！,1,0.526919,1,1
E1-lite: source + target calibration,source_test,不好，都已经凉了。...,0,0.455426,0,1
E1-lite: source + target calibration,source_test,10点下单，12点还不到，打电话催了5次，说是送丢了，最后下午1点送到的,0,0.434917,0,1
E1-lite: source + target calibration,source_test,饼有点硬，不好吃。,0,0.483664,1,0
E1-lite: source + target calibration,source_test,退了，呵呵,0,0.452522,0,1
E1-lite: source + target calibration,source_test,还可以吧，和平时差不多,1,0.474387,1,1
E1-lite: source + target calibration,source_test,等了整整一个小时，都凉透了。变得好难吃,0,0.409549,0,1
E1-lite: source + target calibration,source_test,好好！快递辛苦啦！,1,0.52646,1,1
E1-lite: source + target calibration,source_test,晚了将近一个小时,0,0.434244,0,1
E1-lite: source + target calibration,source_test,真她娘的慢，要等两个小时才送到，人都饿死了,0,0.408999,0,1
E1-lite: source + target calibration,source_test,特别特别好，外面马上就要下雨，小哥快马加鞭的来了～～神速～^_^,1,0.527359,1,1
E1-lite: source + target calibration,source_test,"说实话肉卷很好吃,就是送餐速度太慢了,不是一般的慢,希望送餐速度有待提高",1,0.506264,1,1
E1-lite: source + target calibration,source_test,很快，也好吃,1,0.566412,1,1
E1-lite: source + target calibration,source_test,四个人吃得很饱，要是能选择尺寸就更好了,1,0.493966,1,1
E1-lite: source + target calibration,source_test,服务态度特别好,1,0.521446,1,1
E1-lite: source + target calibration,source_test,送来东西都已经凉了，凉了味道就不好了，太不靠谱,0,0.443639,0,1
E1-lite: source + target calibration,source_test,还行。就是有点凉了,0,0.502064,1,0
E1-lite: source + target calibration,source_test,给力给力！,1,0.500595,1,1
E1-lite: source + target calibration,source_test,就是有点咸了，其他还好吧,1,0.498015,1,1
E1-lite: source + target calibration,source_test,不好吃，还是他家米线地道,0,0.486971,1,0
E1-lite: source + target calibration,source_test,速度快快快，饭菜热乎,1,0.52211,1,1
E1-lite: source + target calibration,source_test,很快。。卷饼味道一般但是很值。。。,1,0.471655,1,1
E1-lite: source + target calibration,source_test,服务很好，准时送到，菜品也很好,1,0.545143,1,1
E1-lite: source + target calibration,source_test,10点40点的立即，快一点才到,0,0.466691,0,1
E1-lite: source + target calibration,source_test,送货员送错了一份餐，也没有给发票,0,0.451074,0,1
E1-lite: source + target calibration,source_test,味道特别棒！,1,0.522969,1,1
E1-lite: source + target calibration,source_test,点了5串羊肉串，量少的可怜。和在店里吃的不一样,0,0.466439,0,1
E1-lite: source + target calibration,source_test,味道一般，而且少到可怜。,0,0.450612,0,1
E1-lite: source + target calibration,source_test,味道一般，但是看着比较干净健康,0,0.460281,0,1
E1-lite: source + target calibration,source_test,很好，百度骑士师傅很好，很快速的送到，大赞,1,0.56497,1,1
E1-lite: source + target calibration,source_test,还行，配菜改成包菜了，差评！！！,0,0.44324,0,1
E1-lite: source + target calibration,source_test,千万别吃这个菜，真不值这个钱，血和泪的教训,0,0.4752,1,0
E1-lite: source + target calibration,source_test,好吃好吃，有好吃又便宜，爱你家的卷饼，而且纸袋很高大上哦！,1,0.53161,1,1
E1-lite: source + target calibration,source_test,挺好滴，外卖师傅很可爱：）,1,0.505469,1,1
E1-lite: source + target calibration,source_test,"没有满减,不定了哼哼哼",1,0.454355,0,0
E1-lite: source + target calibration,source_test,说得再好也是假的，尝了就知道了,1,0.470913,1,1
E1-lite: source + target calibration,source_test,要是菜再多些就更好了,1,0.493851,1,1
E1-lite: source + target calibration,source_test,不错，菜品选择再多一些就好了,1,0.540695,1,1
E1-lite: source + target calibration,source_test,非常满意！量足味儿好！,1,0.520436,1,1
E1-lite: source + target calibration,source_test,感谢送餐小兄弟，几年前天天在他家吃炒面现在还是这个味，量足很好吃很满意，祝店生意兴隆,1,0.545219,1,1
E1-lite: source + target calibration,source_test,"有效率,非常好",1,0.538857,1,1
E1-lite: source + target calibration,source_test,除了米饭不好吃其他都还行,0,0.474949,1,0
E1-lite: source + target calibration,source_test,肉有点腻了,1,0.502271,1,1
E1-lite: source + target calibration,source_test,很好，分量足，好吃，包装严实,1,0.575148,1,1
E1-lite: source + target calibration,source_test,"口有点重,干煸豆角已经有些苦咸苦咸了,你们家的盐是马路捡来的么",0,0.477581,1,0
E1-lite: source + target calibration,source_test,好，味道不错，准时送达。,1,0.593111,1,1
E1-lite: source + target calibration,source_test,香肠炒饭太烂了。。。又少香肠不超过3片,0,0.456383,0,1
E1-lite: source + target calibration,source_test,"真棒，,这速度，,送餐在疯狂奔跑中,跑了俩小时。",0,0.483092,1,0
E1-lite: source + target calibration,source_test,"饺子不错,服务到位,因为急要,所以店家还帮忙送了过来,点个赞",1,0.506799,1,1
E1-lite: source + target calibration,source_test,"猪蹄每次大小不一致而且太肥过于油腻,配菜应该是海带丝,所以整体一般希望改进",0,0.467249,0,1
E1-lite: source + target calibration,source_test,给我配错了，中午的饭，等到晚上才给我解决，中间打了4次电话投诉都无效，差,0,0.452945,0,1
E1-lite: source + target calibration,source_test,额，卷饼好吃⊙▽⊙，但是送餐速度←_←的确有像向宇宙来的,1,0.506058,1,1
E1-lite: source + target calibration,source_test,又少给了烤肠无语,0,0.478836,1,0
E1-lite: source + target calibration,source_test,太糟糕了，大份的薯条只装了包装的不到一半。汉堡都像是儿童餐！,0,0.471316,1,0
E1-lite: source + target calibration,source_test,不会再吃了,0,0.459035,0,1
E1-lite: source + target calibration,source_test,"辣死了,但是送餐速度好快",0,0.491785,1,0
E1-lite: source + target calibration,source_test,肉再多一点儿就更好了~,1,0.494068,1,1
E1-lite: source + target calibration,source_test,还不错，就是买回来面有一点陀,1,0.54434,1,1
E1-lite: source + target calibration,source_test,前几年去他家店里吃特别正宗。这次外卖点的酸豆角肉末和小炒牛肉居然配菜都一样！！配菜都是酸豆角和蒜苔，太难吃了，肉末酸豆角居然放蒜苔。牛肉又小又少。两个菜一个味！！望改进。,0,0.442363,0,1
E1-lite: source + target calibration,source_test,"超时半个小时，还送错东西，并且还少了两杯豆浆，最后打了十几次客服电话竟然一直没人接,呵呵",0,0.441797,0,1
E1-lite: source + target calibration,source_test,外卖的米粉量有点小,1,0.49104,1,1
E1-lite: source + target calibration,source_test,又快又好！热腾腾，好吃好吃,1,0.558365,1,1
E1-lite: source + target calibration,source_test,速度快，服务好，非常赞,1,0.553554,1,1
E1-lite: source + target calibration,source_test,经济实惠还好吃,1,0.533875,1,1
E1-lite: source + target calibration,source_test,配送时间稍微晚了几分钟，但没关系，送餐的叔叔人很好，卷饼用锡纸包装，同事还以为是韩国快餐店的紫菜包饭，饼皮很筋斗，香菇鸡肉的夹料也很足，盒饭里面菜少了一些，但味道还不错。一个中号卷饼配一个盒饭，我觉得正好，,1,0.518297,1,1
E1-lite: source + target calibration,source_test,不好吃，挺难吃。,0,0.478693,1,0
E1-lite: source + target calibration,source_test,一如既往地好吃,1,0.514568,1,1
E1-lite: source + target calibration,source_test,好吃好吃好吃送餐还快！,1,0.56358,1,1
E1-lite: source + target calibration,source_test,味道挺赞，配送比预想中的快,1,0.509554,1,1
E1-lite: source + target calibration,source_test,韭菜没熟就送来了啊,0,0.47394,1,0
E1-lite: source + target calibration,source_test,小哥弄洒了奶茶，不过哈哈哈我并没有生气啦，只是故意调戏下～面辣辣的好吃～奶茶太甜了…,1,0.502392,1,1
E1-lite: source + target calibration,source_test,送的面由于送的时间长都不好吃了,0,0.462199,0,1
E1-lite: source + target calibration,source_test,百度小哥速度超快提前半小时到，非常感谢，这么冷的天真是不容易，再次感谢,1,0.501664,1,1
E1-lite: source + target calibration,source_test,我记得我是选择下午4点半送的，结果不知道为什么变成了1点多就送到了。鱼香肉丝盖饭好吃，皮蛋粥也好吃，赞赞,1,0.491376,1,1
E1-lite: source + target calibration,source_test,"很好吃,比想象中的分量要大",1,0.559137,1,1
E1-lite: source + target calibration,source_test,送得太慢了～味道很好,1,0.518088,1,1
E1-lite: source + target calibration,source_test,鸡排少了你敢信？被翻的乱七八糟,0,0.477039,1,0
E1-lite: source + target calibration,source_test,鱼送来凉了，有腥味，份量还少，没得吃,0,0.448422,0,1
E1-lite: source + target calibration,source_test,下了两单，第二单慢了点，味道还是不错的,1,0.510759,1,1
E1-lite: source + target calibration,source_test,很快很好～,1,0.563076,1,1
E1-lite: source + target calibration,source_test,"我马上就要饿死了,跟我说马上就到,马上就到,这马是没吃草吗,下次别放那咸菜了,味道难闻的要死",0,0.481034,1,0
E1-lite: source + target calibration,source_test,时间很快，但是居然没有给筷子！还少送了一盒米饭！,0,0.470243,1,0
E1-lite: source + target calibration,source_test,"1、尖椒土豆丝，说好的尖椒呢。。。全是土豆丝。,2、大号的卷饼，有点太大了。。,3、粥不错",1,0.488231,1,1
E1-lite: source + target calibration,source_test,"不好吃,特别特别咸,等了一个半小时",0,0.445543,0,1
E1-lite: source + target calibration,source_test,快递员挺好，速度挺快,0,0.527949,1,0
E1-lite: source + target calibration,source_test,送歺及时，服务周到，菜品可口,1,0.501612,1,1
E1-lite: source + target calibration,source_test,生病在家点的餐，份量很大，味道也不错,1,0.514655,1,1
E1-lite: source + target calibration,source_test,京酱肉丝有味道啊。坏了吧。,1,0.489711,1,1
E1-lite: source + target calibration,source_test,注明了不要辣，可还是辣的,0,0.47441,1,0
E1-lite: source + target calibration,source_test,11点半送，12点才送到！,0,0.447832,0,1
E1-lite: source + target calibration,source_test,50分钟才送到…粥洒了一半连句抱歉都没有，还推说因为不好找…不好找不会打电话问吗？订半亩园不是第一次了，以前的送餐骑士都很好，这次真心呵呵。,0,0.439656,0,1
E1-lite: source + target calibration,source_test,太咸了，太咸了，太咸了，重要的事情说三遍！,0,0.464805,0,1
E1-lite: source + target calibration,source_test,"被送餐员弄洒了半杯,滴的到处都是",0,0.478078,1,0
E1-lite: source + target calibration,source_test,简直神速…非常好喝。继续努力,1,0.54437,1,1
E1-lite: source + target calibration,source_test,"很好吃,棒,就是有点肥肉",1,0.555321,1,1
E1-lite: source + target calibration,source_test,"11:46下的单，首次送达就是13:34，而且酱香排骨豆花米线仅有菜没有米线。,再次送达米线时已经14:10。,等个饭等了2个多小时。",0,0.444281,0,1
E1-lite: source + target calibration,source_test,垃圾，我们在住院，居然不给带餐具,0,0.462489,0,1
E1-lite: source + target calibration,source_test,送的太早，11点30就送来了公司没有下班！,0,0.454196,0,1
E1-lite: source + target calibration,source_test,味道还是很不错！！速度也还行，包装很不错！,1,0.547799,1,1
E1-lite: source + target calibration,source_test,"好吃,满意",1,0.532807,1,1
E1-lite: source + target calibration,source_test,辛苦了，味道不错，比想象的还要好呢！速度巨快！,1,0.566661,1,1
E1-lite: source + target calibration,source_test,好吃，豆腐脑的盒子改良后比原来好多了！,1,0.503548,1,1
E1-lite: source + target calibration,source_test,"等了两小时,还超难吃",0,0.43997,0,1
E1-lite: source + target calibration,source_test,好方便，用了代金券比去店里买还划算,1,0.487964,1,1
E1-lite: source + target calibration,source_test,登了100多分钟，送餐用了2个小时,0,0.448765,0,1
E1-lite: source + target calibration,source_test,"餐盒漏了,菜油洒了一袋子",1,0.462269,0,0
E1-lite: source + target calibration,source_test,挺好的哟。,1,0.516455,1,1
E1-lite: source + target calibration,source_test,味道还可以，就是送的有点早，没在我写的时间送，到家吃都凉了。,0,0.482121,1,0
E1-lite: source + target calibration,source_test,卷饼很好吃，送餐也很快！,1,0.572497,1,1
E1-lite: source + target calibration,source_test,只想说这个配送速度简直吊炸天,1,0.497209,1,1
E1-lite: source + target calibration,source_test,好吃！送得很快！不错,1,0.55683,1,1
E1-lite: source + target calibration,source_test,味道不错，肉还挺多的,1,0.577005,1,1
E1-lite: source + target calibration,source_test,配送员很好,1,0.528301,1,1
E1-lite: source + target calibration,source_test,送的很快，也很好吃，但是说了多给一些汤底，还是跟上次去店里买的一样,1,0.546071,1,1
E1-lite: source + target calibration,source_test,"外卖小哥,大赞",1,0.510096,1,1
E1-lite: source + target calibration,source_test,面很好吃，送餐也很快，谢谢送餐小哥,1,0.590883,1,1
E1-lite: source + target calibration,source_test,没给我开发票。。呜呜,0,0.455703,0,1
E1-lite: source + target calibration,source_test,卷饼很不错，就是粥太淡了，应该咸一点。。。可能是我个人的口味。。。,1,0.509443,1,1
E1-lite: source + target calibration,source_test,好吃，挺饱的～,1,0.548935,1,1
E1-lite: source + target calibration,source_test,明明点的是土豆红烧肉盖饭送来的却是土豆牛肉盖饭，是店家太忙还是认不清字啊！两个盖饭也不是一个价格多收了我4元钱。,0,0.459552,0,1
E1-lite: source + target calibration,source_test,很好送货大哥,1,0.543879,1,1
E1-lite: source + target calibration,source_test,我点了鱼而不是牛肉/鸡肉,0,0.464707,0,1
E1-lite: source + target calibration,source_test,肘子卷真的难吃啊,0,0.471989,1,0
E1-lite: source + target calibration,source_test,写了要发票，没给发票,1,0.462403,0,0
E1-lite: source + target calibration,source_test,说好不要蒜的，结果两次都有蒜，简直太过分了！！！~~~以后不准备买了，有也不通知一下。,1,0.449756,0,0
E1-lite: source + target calibration,source_test,炒米线根本没熟，还是硬的，外卖人员态度特别差,0,0.477765,1,0
E1-lite: source + target calibration,source_test,1个多小时才到，还没有带酱包……味道还不错,0,0.460722,0,1
E1-lite: source + target calibration,source_test,提拉米苏很好。咖啡包装不严实，拿到后全洒了，杯底已经漏了。差爆了。,0,0.483421,1,0
E1-lite: source + target calibration,source_test,绝对不会来你家了，一个面条送了俩小时。送来全部融了，这怎么吃。以前还经常叫，这是最后一次。,0,0.43641,0,1
E1-lite: source + target calibration,source_test,包装用心，肘子卷饼肉超多，就是有点干，下次点个菜的。,1,0.515581,1,1
E1-lite: source + target calibration,source_test,送的很快，味道不错，不咸,1,0.586067,1,1
E1-lite: source + target calibration,source_test,太慢了，差评,0,0.425552,0,1
E1-lite: source + target calibration,source_test,"之前点的味道都很好,本来期望挺高，应为昨天点的原味米线很棒，今天尝试下番茄的米线，超级难吃，严重不推荐，而且还比原味的贵",0,0.495926,1,0
E1-lite: source + target calibration,source_test,口味可以，量不大。鸡块一般,0,0.47612,1,0
E1-lite: source + target calibration,source_test,很不错，饭菜量都很足,1,0.545738,1,1
E1-lite: source + target calibration,source_test,量少不好吃，其中葱油拌面成一坨了！,0,0.481488,1,0
E1-lite: source + target calibration,source_test,冷面真不好吃啊！真的不好吃…：,0,0.473159,1,0
E1-lite: source + target calibration,source_test,非常糟糕的送餐！！nmd送個東西歸龜毛毛的點的餐還來的不其！！！特別糟糕！！,0,0.467354,0,1
E1-lite: source + target calibration,source_test,京酱肉丝卷饼挺好吃的~就是口味偏甜了~不过总体来说还不错的说呦！,1,0.543724,1,1
E1-lite: source + target calibration,source_test,送餐的人说到了，压根没见到人，还冲我吼吼吼！,0,0.466922,0,1
E1-lite: source + target calibration,source_test,速度很快，32个赞，服务很好,1,0.568053,1,1
E1-lite: source + target calibration,source_test,"又快又好,小哥态度很好,好评",1,0.552924,1,1
E1-lite: source + target calibration,source_test,上次说错了，培根味道一般、美式密肉的好吃，真的鲜榨果汁！,1,0.481122,1,1
E1-lite: source + target calibration,source_test,好吃，肉很多。就是尖椒有点辣,1,0.531421,1,1
E1-lite: source + target calibration,source_test,"对来送外卖的先生很不好意思,没有零钱，送的非常快，还很热。菜的味道也不错,量不小。",1,0.512564,1,1
E1-lite: source + target calibration,source_test,越来越难吃了，换厨师了吧,0,0.447937,0,1
E1-lite: source + target calibration,source_test,开餐具袋的时候，你们餐具袋里锋利的牙签把同事的手都戳出血了，可惜不能上传图片……,0,0.462465,0,1
E1-lite: source + target calibration,source_test,"非常准确,送餐员一百个赞",1,0.518445,1,1
E1-lite: source + target calibration,source_test,好吃速度快,1,0.555027,1,1
E1-lite: source + target calibration,source_test,鱼香肉丝味道一般，南瓜粥太淡了,0,0.471958,1,0
E1-lite: source + target calibration,source_test,小牛肉比萨味道很浓！沙拉量很大！送餐快！,1,0.519825,1,1
E1-lite: source + target calibration,source_test,预计19点25送达，实际20点30才送到。这么久温度就不说了，粥撒了一半在塑料袋里，还真是挺稠的……万幸的是没给我餐具啊！这要给了餐具不都让粥泡了，真贴心,0,0.435226,0,1
E1-lite: source + target calibration,source_test,"网页上不是写配送费么,怎么还收3块",0,0.461566,0,1
E1-lite: source + target calibration,source_test,汉堡超小，跟烧饼似的，以前在店里吃的都觉得量很足所以才点的，没想到外卖差这么多。。。千万别买真的好小。。。,0,0.456922,0,1
E1-lite: source + target calibration,source_test,"基本上就没有肉……全是汤……而且味道也一般,垃圾中的战斗机！还金牌卤肉饭……就一个字差",0,0.456224,0,1
E1-lite: source + target calibration,source_test,点的是套餐送来的是单品，没有小菜和饮料～不知道是商家没给外卖员还是外卖员没给我。第一时间打电话给商家联系了让他们问一下外卖人员，不过之后也没有收到任何反馈。百度外卖做的真的不行，点了两次两次都很失望，第一次等了2个小时打给送餐人员说还要等半小时实在等不起最后无奈取消了，客服电话人员态度恶劣！建议百度要不就好好改进下这个版块，要不就关了吧～一水的差评影响百度声誉～,0,0.414681,0,1
E1-lite: source + target calibration,source_test,好评都是刷的吧，送了2小时，粥都变成饭了，卷饼都黏了,0,0.455725,0,1
E1-lite: source + target calibration,source_test,秒送！太快了！,1,0.489464,1,1
E1-lite: source + target calibration,source_test,很好，就是不喜欢炒生菜,0,0.554196,1,0
E1-lite: source + target calibration,source_test,"还凑合，第一次吃，从下单到吃到饼花了2小时。太慢。,饼有些凉了，而且酱料有点少。馅料也有点少。",0,0.467339,0,1
E1-lite: source + target calibration,source_test,10点订的餐，12点才送到！与同事前后下单，他的11点多到的，我的12点多才到，配餐的工作方法真是无语！,0,0.443238,0,1
E1-lite: source + target calibration,source_test,一定要及时吃啊,1,0.49613,1,1
E1-lite: source + target calibration,source_test,感觉还不错！配送很及时！刚刚好下班点送到！,1,0.510502,1,1
E1-lite: source + target calibration,source_test,味道不错，值得品尝！！！如果配送再快一些，那就完美了！,1,0.529661,1,1
E1-lite: source + target calibration,source_test,尖椒土豆丝不好吃，别的都不错,1,0.508048,1,1
E1-lite: source + target calibration,source_test,百度骑士服务很好，全五分好评,1,0.554872,1,1
E1-lite: source + target calibration,source_test,一个小时才送了，送餐员打电话说到楼下了，结果下去还要等他几分钟，而叫的烧鸡饭，才两三块肉，能不差评吗？！,0,0.414527,0,1
E1-lite: source + target calibration,source_test,"这次送餐时间有些长,打电话去催,客服服务很好,送餐员服务也很好,菜也是热的,所以还是五星啦！不过土豆肉丝卷基本没有肉",1,0.510757,1,1
E1-lite: source + target calibration,source_test,这次点了一个中份和一个大份，大份是第一次点的中份大小，应该是第一次点的中份送成大份了。中份量不大，大份还行。,1,0.469853,0,0
E1-lite: source + target calibration,source_test,服务好，速度快，赞,1,0.550582,1,1
E1-lite: source + target calibration,source_test,餐品挺好的，就是百度外面快递差点事。,0,0.523873,1,0
E1-lite: source + target calibration,source_test,只能说一般，不怎么好吃，米饭明显感觉不是当天做的，用水泡太久了，,0,0.459572,0,1
E1-lite: source + target calibration,source_test,快递师傅特别好～等了我10分钟,1,0.498428,1,1
E1-lite: source + target calibration,source_test,味道不错，还实惠,1,0.593339,1,1
E1-lite: source + target calibration,source_test,挺辣的，吃着还可以吧,1,0.483981,1,1
E1-lite: source + target calibration,source_test,骑手速度很快！人很好！感谢,1,0.572409,1,1
E1-lite: source + target calibration,source_test,差评，接单两个多小时没有送餐，打电话也没人接听，更无法取消订单，至今没有给予回复，这是订宵夜的节奏，送来带着锡纸都凉透了，你们都是只上夜班的吗？骗子！！！,0,0.400677,0,1
E1-lite: source + target calibration,source_test,菜品选择再多一点就好了,1,0.493963,1,1
E1-lite: source + target calibration,source_test,土豆丝太淡了，没有滋味,1,0.461464,0,0
E1-lite: source + target calibration,source_test,"好吃,大号也太大了,能不能别用铝箔包装,成本高加热也不方便,纸包装就挺好",1,0.506287,1,1
E1-lite: source + target calibration,source_test,付完钱发现没有给我优惠，打电话问客服，说我软件版本过低，我每天都在用，就今天告诉我这个？商家也不给取消订单，付了钱你们就把这钱吃定了？,0,0.439893,0,1
E1-lite: source + target calibration,source_test,"很不错,还放了芝士,棒",1,0.529534,1,1
E1-lite: source + target calibration,source_test,"为什么不给餐具？,洒的到处汤汤水水的",0,0.454349,0,1
E1-lite: source + target calibration,source_test,非常好吃的饼,1,0.563494,1,1
E1-lite: source + target calibration,source_test,送餐师傅态度很好，送餐也很快，谢谢师傅的服务。,1,0.578756,1,1
E1-lite: source + target calibration,source_test,鸡蛋沙拉没有沙拉，脆皮香蕉有点油。快递员忘记拿发票了，不高兴。,0,0.469086,0,1
E1-lite: source + target calibration,source_test,一勺一口姜，是不是把姜当蒜，放了2遍？,0,0.467986,0,1
E1-lite: source + target calibration,source_test,这次速度很快，味道不错。,1,0.595348,1,1
E1-lite: source + target calibration,source_test,十一点半定的，说十二点半到，我知道我定晚了～我没催你们吧，理解你们吧，结果两点多才到，我吃的是午饭么？！能不能干？不能干别接单！,0,0.441853,0,1
E1-lite: source + target calibration,source_test,送餐速度真是太快了！！,1,0.490938,1,1
E1-lite: source + target calibration,source_test,辛苦送餐师傅。肉夹馍一直都很好吃。,0,0.568233,1,0
E1-lite: source + target calibration,source_test,麻烦下次送餐能不能确认好再给？自己送错了反倒麻烦我楼上楼下来回跑好几趟，我点的多就应该送错是么？神马鬼理论，1分都不想给,0,0.464008,0,1
E1-lite: source + target calibration,source_test,送餐小哥神速～味道也好～,1,0.534199,1,1
E1-lite: source + target calibration,source_test,"还没有吃,感觉不错",1,0.492051,1,1
E1-lite: source + target calibration,source_test,点的饺子非常好吃，送餐也很快。,1,0.557883,1,1
E1-lite: source + target calibration,source_test,差差差！时间太久！,0,0.460243,0,1
E1-lite: source + target calibration,source_test,送餐小哥够速度！满意,1,0.536515,1,1
E1-lite: source + target calibration,source_test,"首先送的晚,然后我要的脱脂奶不加冰,做的又加奶又加冰！！！！",0,0.446201,0,1
E1-lite: source + target calibration,source_test,好吃极了，这次送的还比较快。,1,0.493804,1,1
E1-lite: source + target calibration,source_test,没有久久鸭店里买的新鲜,0,0.457645,0,1
E1-lite: source + target calibration,source_test,梅菜好多，海带味道怪怪的,0,0.504679,1,0
E1-lite: source + target calibration,source_test,送餐很给力！上次点餐留言说可乐换豆浆，谁料这次竟记住了这事！不得不再赞一次！同时看到有人抱怨送餐速度的问题，作为一个旁观者而言，我只想说，送餐员不是宇航员，电动车不是火箭，你住在火星非要享受住地球人的用餐待遇，怎么可能？我之所以选这家，首要原因是近，万万没想到，从此停不下来了！竟爱上了这个味！,1,0.484026,1,1
E1-lite: source + target calibration,source_test,快递员速度快服务好，辛苦了！,1,0.552267,1,1
E1-lite: source + target calibration,source_test,不错～特别皮蛋瘦肉粥超级好喝～,1,0.524621,1,1
E1-lite: source + target calibration,source_test,难吃得要命！,0,0.43973,0,1
E1-lite: source + target calibration,source_test,送的太晚等的着急。,0,0.476943,1,0
E1-lite: source + target calibration,source_test,下单之后接到商家电话，说因为饼没有了，要晚点才能送过来。虽然送到的时候已经比较晚了，但是服务态度还是很好的。另外鸡腿肉卷真的很不错。,1,0.479615,1,1
E1-lite: source + target calibration,source_test,"味道还行，送餐神速，就是有点贵,如果不减钱是不会吃的",1,0.503803,1,1
E1-lite: source + target calibration,source_test,很准时，而且这次包装很认真，用券太划算了！,1,0.49383,1,1
E1-lite: source + target calibration,source_test,好吃，馅料超级足！,1,0.563954,1,1
E1-lite: source + target calibration,source_test,准时，味道也好,1,0.521327,1,1
E1-lite: source + target calibration,source_test,宇宙无敌慢，等了一个小时20分钟。,0,0.425825,0,1
E1-lite: source + target calibration,source_test,套餐就够一个人吃了，点多了,1,0.462557,0,0
E1-lite: source + target calibration,source_test,1星都是多的，提前订了俩小时都没到,0,0.448795,0,1
E1-lite: source + target calibration,source_test,一般吧，没有期待中的感觉,1,0.447807,0,0
E1-lite: source + target calibration,source_test,"唉,太慢了",0,0.442478,0,1
E1-lite: source + target calibration,source_test,"建议以后别再出这款海鲜水果披萨了,真心的难吃，真心的奇葩",0,0.469966,0,1
E1-lite: source + target calibration,source_test,送的粥都酸了，你们是昨天前天的粥没卖出去么？这也能往外卖，要是这样子谁还来买？,0,0.462501,0,1
E1-lite: source + target calibration,source_test,特别好特别好特别好,1,0.520014,1,1
E1-lite: source + target calibration,source_test,非常差劲，饼都破了，漏了我一裤子油,0,0.484007,1,0
E1-lite: source + target calibration,source_test,"煎饼好吃,外卖速度快",1,0.538345,1,1
E1-lite: source + target calibration,source_test,"味道很好,皮薄有汤汁",1,0.560367,1,1
E1-lite: source + target calibration,source_test,鸡肉的加了酱汁，味道更好。送餐小哥态度也超级棒。全五分！,1,0.529065,1,1
E1-lite: source + target calibration,source_test,"量巨少,巨少,，再也不点",0,0.461653,0,1
E1-lite: source + target calibration,source_test,饭很好吃，不过送餐速度真的很慢，我等了三个小时，疯了,1,0.500329,1,1
E1-lite: source + target calibration,source_test,大哥送快点好么～～,1,0.500093,1,1
E1-lite: source + target calibration,source_test,"你们的餐是凉的可乐只有一半下次能找个熟门熟路,感觉得不好",0,0.459193,0,1
E1-lite: source + target calibration,source_test,"送餐很快,味道很好",1,0.558924,1,1
E1-lite: source + target calibration,source_test,很好，热干面有点干了，但是是正常的，好吃。,1,0.547116,1,1
E1-lite: source + target calibration,source_test,不如昨天的，今天鸡肉太老，饼都干硬了，吃完牙都疼了,0,0.468478,0,1
E1-lite: source + target calibration,source_test,"咖啡凉了,撒的不少,没以前好了",0,0.461461,0,1
E1-lite: source + target calibration,source_test,"送餐没有一次在60分钟以下的,为什么每次显示都是四十分钟",0,0.44608,0,1
E1-lite: source + target calibration,source_test,好吃，就是味道有点偏淡。,1,0.560415,1,1
E1-lite: source + target calibration,source_test,还是一样的好吃，今天还送个王老吉，很不错哦！,1,0.534695,1,1
E1-lite: source + target calibration,source_test,米线汤都洒外面了,0,0.479088,1,0
E1-lite: source + target calibration,source_test,好吃，就是能准时送就好了，早点就早点吧,1,0.528515,1,1
E1-lite: source + target calibration,source_test,"太差了,麻辣烫就一点点菜,全部都是粉条子",0,0.458663,0,1
E1-lite: source + target calibration,source_test,配送费越来越贵！！！！,1,0.453652,0,0
E1-lite: source + target calibration,source_test,第一，这个系统怎么回事？明明12:50才送到，下方黄字系统写的11:52到达。第二，这次包装很不妥，饮料把菜盒压扁，菜汤粘了饮料半罐，送的餐巾纸是用来擦这菜汤的吗？第三，米饭很一般。,0,0.448197,0,1
E1-lite: source + target calibration,source_test,送餐及时，煎饼还是在店里做完当时吃香。,1,0.489814,1,1
E1-lite: source + target calibration,source_test,还能比这速度更慢吗？,0,0.493884,1,0
E1-lite: source + target calibration,source_test,快递小哥很给力，很快哦,0,0.539471,1,0
E1-lite: source + target calibration,source_test,不错。很迅速,1,0.543595,1,1
E1-lite: source + target calibration,source_test,送了两个小时才到，我也是醉了,0,0.429556,0,1
E1-lite: source + target calibration,source_test,送餐员态度好，好评,1,0.521792,1,1
E1-lite: source + target calibration,source_test,不如实体店的好吃,0,0.512437,1,0
E1-lite: source + target calibration,source_test,量大，味道也不错，性价比超高。,1,0.539833,1,1
E1-lite: source + target calibration,source_test,粥一般，饼很大，卷的肉不太香，肉皮上还有毛。,0,0.468158,0,1
E1-lite: source + target calibration,source_test,果汁很细腻，搭配起来口感超级赞,1,0.497851,1,1
E1-lite: source + target calibration,source_test,"送的太快也不是好事=,=！",1,0.473394,1,1
E1-lite: source + target calibration,source_test,岩盐芝士绿茶每单必点,1,0.485658,1,1
E1-lite: source + target calibration,source_test,好大一份！,1,0.481162,1,1
E1-lite: source + target calibration,source_test,送餐晚了半个小时，也没报价。东西都洒了。,0,0.43828,0,1
E1-lite: source + target calibration,source_test,点的肘子卷饼，说实话，挺失望的。首先，全是大块的肉，只有几小块生的青椒，而且肉是整块的瘦肉，根本不是肥肥的肘花，而且饼很硬，肠胃不好的很难消化。作为妹子表示，全是肉吃得非常不开森。再说送餐速度吧，等了一个多小时才送到，真是挺失望的,0,0.426765,0,1
E1-lite: source + target calibration,source_test,"非常好,相当棒,很快，味道好好",1,0.578017,1,1
E1-lite: source + target calibration,source_test,"饭菜提前1个小时就送来了，而且都凉了，果断取消订单,挂断放弃，再也不会订了，连热饭菜都吃不上",0,0.425262,0,1
E1-lite: source + target calibration,source_test,"不错,略干",1,0.540645,1,1
E1-lite: source + target calibration,source_test,店大了欺客真明白什么意思了,0,0.471359,1,0
E1-lite: source + target calibration,source_test,速度很快，还行,0,0.554513,1,0
E1-lite: source + target calibration,source_test,要备注里写的根本没人看得到么……,0,0.464716,0,1
E1-lite: source + target calibration,source_test,味道还行，用百度外卖比到店里划算多了,1,0.484247,1,1
E1-lite: source + target calibration,source_test,送来的咖啡封口开着，洒了好多,0,0.465261,0,1
E1-lite: source + target calibration,source_test,绝对不会再点第二次，包装的锡纸跟烤糊了一样，脏！送餐的逼跟大爷一样，我在阳台凉衣服，第一次没接到这逼电话，第二个电话我接到了，丫跟审孙子一样问我点没点餐，先不说东西好不好吃，就TM这服务态度，等着关门吧！,0,0.467278,0,1
E1-lite: source + target calibration,source_test,图片仅供参考,0,0.485606,1,0
E1-lite: source + target calibration,source_test,速度快，好！,1,0.546666,1,1
E1-lite: source + target calibration,source_test,为啥网上没有15块钱套餐了。,0,0.454973,0,1
E1-lite: source + target calibration,source_test,"好吃,喜欢,他家的卷饼一向实惠,服务也贴心",1,0.525717,1,1
E1-lite: source + target calibration,source_test,饺子和盖饭都挺好的。就是酸辣粉不正宗感觉。不知道四不四因为时间长了。,1,0.48415,1,1
E1-lite: source + target calibration,source_test,怎么还没到,0,0.458479,0,1
E1-lite: source + target calibration,source_test,本单实际送达时间为82分钟！~！！~~！！~那么问题来了……你们的客服，还直接挂电话……我就不理解了！！~！~,0,0.439045,0,1
E1-lite: source + target calibration,source_test,速度好快！,1,0.521905,1,1
E1-lite: source + target calibration,source_test,太贵了，不是想象的那么好吃，还可以吧，一般。,1,0.468693,0,0
E1-lite: source + target calibration,source_test,饭菜少的可怜，都不够我五岁儿子吃。,0,0.468843,0,1
E1-lite: source + target calibration,source_test,包装牛逼，送餐速度……咳咳……,0,0.503159,1,0
E1-lite: source + target calibration,source_test,配送不错、态度也不错,1,0.534774,1,1
E1-lite: source + target calibration,source_test,太特么牛逼了，全是肉，卧槽！,1,0.462289,0,0
E1-lite: source + target calibration,source_test,味道很一般，比老车记差远了,0,0.478539,1,0
E1-lite: source + target calibration,source_test,靠。昨天中午的订单我取消了订单的。tmd太慢了。为什么没有退钱给我。我根本没有拿到订单。操。退钱！老板良心做生意啊,0,0.427533,0,1
E1-lite: source + target calibration,source_test,送餐很慢，态度很差，还要自己取！,0,0.486855,1,0
E1-lite: source + target calibration,source_test,味道没店里的好。订单少送一个绿豆沙，发票的单子的价格也是错的，懒得再打电话，送了1个小时20分钟才送到，再也不吃他家外卖了,0,0.428053,0,1
E1-lite: source + target calibration,source_test,特别好，没有之一,1,0.49979,1,1
E1-lite: source + target calibration,source_test,他家的事物真的很一般只是方便而已,0,0.477981,1,0
E1-lite: source + target calibration,source_test,好吃，就是慢，也怪我点餐晚,1,0.523318,1,1
E1-lite: source + target calibration,source_test,清炒时蔬你们能换一换别的菜吗？菜都是苦的你们自己尝尝好吗？太难吃了！！每次都是这种绿叶菜，每次都扔掉！,0,0.44594,0,1
E1-lite: source + target calibration,source_test,"东西好吃,送餐超级慢,送来都快死了,昨天挺快的今天慢的要死。。。",1,0.486058,1,1
E1-lite: source + target calibration,source_test,我等了两个多小时才到，一份饭没放盐，零一分直接泡成面粉了,0,0.428842,0,1
E1-lite: source + target calibration,source_test,一开始以为就是普通手抓饼，拿到后觉得好高大上，牛皮纸袋，锡纸包裹，重要的是肉肉好足，100个赞啊，如果要是再快一些就完美了,1,0.484436,1,1
E1-lite: source + target calibration,source_test,"好实在的卷饼,够值",1,0.491191,1,1
E1-lite: source + target calibration,source_test,点过中份感觉有点小小吃不饱，结果点了个大份，没把我撑死，这也太大了吧！！！,1,0.463998,0,0
E1-lite: source + target calibration,source_test,灰常满意，就是包装漏油了,1,0.523199,1,1
E1-lite: source + target calibration,source_test,送的越来越慢~不准时。。。,0,0.468134,0,1
E1-lite: source + target calibration,source_test,还凑合，最近套餐都不好吃,0,0.465139,0,1
E1-lite: source + target calibration,source_test,送餐超慢，对店家真是无语了。,0,0.466258,0,1
E1-lite: source + target calibration,source_test,来的时候汤洒了！面好吃.牛肉最好在炖的烂一点.,1,0.479081,1,1
E1-lite: source + target calibration,source_test,好吃！很新鲜！送餐小哥也很好,1,0.563299,1,1
E1-lite: source + target calibration,source_test,味道挺好的,0,0.531034,1,0
E1-lite: source + target calibration,source_test,就是量太少了，给同事点的貌似都不满意，请客没讨好哦,0,0.475997,1,0
E1-lite: source + target calibration,source_test,还不错，说好的11点30送，真的是哦，很准时,0,0.509037,1,0
E1-lite: source + target calibration,source_test,微辣，还不错,1,0.521315,1,1
E1-lite: source + target calibration,source_test,今天天气很冷，送餐师傅辛苦啦,1,0.519248,1,1
E1-lite: source + target calibration,source_test,鸡翅不是奥尔良味道，排骨不新鲜，送餐慢，披萨还凑合,0,0.476982,1,0
E1-lite: source + target calibration,source_test,这么恶劣的天气真是辛苦外卖小哥了！！！,1,0.483078,1,1
E1-lite: source + target calibration,source_test,送餐及时，可以说很快！大冷的天儿还能保证食物温度真的很感谢配餐小哥儿，更好的是服务还周到,1,0.52508,1,1
E1-lite: source + target calibration,source_test,很好吃，就是第一次吃，不知道吃法，好尴尬,1,0.534383,1,1
E1-lite: source + target calibration,source_test,送餐的没到就打电话，等了两分钟不来。之后问他到了吗，不回答还挂电话，什么态度！,0,0.441111,0,1
E1-lite: source + target calibration,source_test,送餐速度很快！,1,0.543966,1,1
E1-lite: source + target calibration,source_test,第二次吃第一次点外卖的时候还挺好的。这次点送的就比较慢。钟水饺的汤料洒了一袋子，燃面里面还特么有头发！！！这特么的怎么吃？！卧槽,0,0.461043,0,1
E1-lite: source + target calibration,source_test,太贵了，八个饺子大小的包子，几口就没了。,1,0.453714,0,0
E1-lite: source + target calibration,source_test,包装很精细，送货很快，送货员态度超好的,1,0.534866,1,1
E1-lite: source + target calibration,source_test,店家把水煮肉改良成水煮肥肉了！太恶心了！定了三碗米饭，洒了半盒，有一盒泡在洒了的菜汤里！无语了，店家干的漂亮！加油！,0,0.447377,0,1
E1-lite: source + target calibration,source_test,量很大但是竟然拌饭酱都要单独买，而且五花肉拌饭只有可怜的两片肉。。。,0,0.457859,0,1
E1-lite: source + target calibration,source_test,"是羊杂粉，一碗就饱了∠(,ᐛ,」∠)＿",1,0.48111,1,1
E1-lite: source + target calibration,source_test,很好吃，还会订,1,0.591805,1,1
E1-lite: source + target calibration,source_test,"太难吃了,..",0,0.44618,0,1
E1-lite: source + target calibration,source_test,"好~,小笼包也不错~",1,0.526055,1,1
E1-lite: source + target calibration,source_test,卖相和图片相差甚远,0,0.485606,1,0
E1-lite: source + target calibration,source_test,去人大店吃过一次，服务很好,1,0.525428,1,1
E1-lite: source + target calibration,source_test,周到贴心～细致热情,1,0.500933,1,1
E1-lite: source + target calibration,source_test,送来时有些凉了，感觉缺少了一些香味。餐盒路上坏了，吃时面里的汤没有了。,1,0.448918,0,0
E1-lite: source + target calibration,source_test,图片供参考,1,0.485606,1,1
E1-lite: source + target calibration,source_test,全撒了，撒了一身，让快递更换，也不管，要求退了，也不能退，非让我联系客服，投诉投诉。有照片,0,0.456128,0,1
E1-lite: source + target calibration,source_test,热情！速度快！,1,0.535043,1,1
E1-lite: source + target calibration,source_test,"特别快,感觉定完没几分钟就来了,送餐小哥很细心,赞一个",1,0.520365,1,1
E1-lite: source + target calibration,source_test,不错，就是吃不惯那个饼,1,0.547896,1,1
E1-lite: source + target calibration,source_test,神速啊！挺好吃的！,1,0.531651,1,1
E1-lite: source + target calibration,source_test,"送餐简直是坐火箭来的,太快啦。送餐小哥很热情。非常满意",1,0.524083,1,1
E1-lite: source + target calibration,source_test,卡布奇诺真的不知道怎么评价。根本送来的就不是我订的,0,0.449792,0,1
E1-lite: source + target calibration,source_test,配送时间过长，主要离得很近～,0,0.476804,1,0
E1-lite: source + target calibration,source_test,永远都差在效率上，11点订餐，要求12:15送到，结果13:00才到！,0,0.441305,0,1
E1-lite: source + target calibration,source_test,吃不了羊肉要了十个烤尖椒很好吃,1,0.536686,1,1
E1-lite: source + target calibration,source_test,送餐严重迟到，饮料没有吸管，煎饼已经凉了,0,0.456253,0,1
E1-lite: source + target calibration,source_test,快递小哥辛苦了！下雨天的真是辛苦您了！给你点赞！,1,0.525496,1,1
E1-lite: source + target calibration,source_test,非常快，服务很好，好,1,0.564482,1,1
E1-lite: source + target calibration,source_test,速度很快，味道也不错,1,0.569028,1,1
E1-lite: source + target calibration,source_test,"不错,很值",1,0.53695,1,1
E1-lite: source + target calibration,source_test,还可以，送的时间算快的了，半小时吧～,1,0.459851,0,0
E1-lite: source + target calibration,source_test,大过年的辛苦了,1,0.530756,1,1
E1-lite: source + target calibration,source_test,怎么觉得没以前好吃了呢,1,0.485095,1,1
E1-lite: source + target calibration,source_test,请问您给我一根筷子怎么用啊,0,0.46072,0,1
E1-lite: source + target calibration,source_test,速度挺快，感谢送货大姐！,1,0.530314,1,1
E1-lite: source + target calibration,source_test,配送就是掐着点送的……超过2点55要五折…结果52送到……点的套餐该给的饮料也没有给不满意,0,0.449254,0,1
E1-lite: source + target calibration,source_test,"赞赞赞,很好吃,小哥送餐也很快",1,0.564819,1,1
E1-lite: source + target calibration,source_test,送餐慢了点，餐还可以,1,0.484031,1,1
E1-lite: source + target calibration,source_test,宇宙卷饼非常棒,1,0.517417,1,1
E1-lite: source + target calibration,source_test,味道还好，就是量少,0,0.5236,1,0
E1-lite: source + target calibration,source_test,从地图上看到已经在这个小区了，又转到上一个小区。不过外面夏日炎炎，送餐不容易，总算还是吃到了。,0,0.462948,0,1
E1-lite: source + target calibration,source_test,速度很快，外送员辛苦了,1,0.564908,1,1
E1-lite: source + target calibration,source_test,不错…还挺快…还吃,1,0.53191,1,1
E1-lite: source + target calibration,source_test,2个小时送到的，气都不想生了，自己看着办吧,0,0.436147,0,1
E1-lite: source + target calibration,source_test,超级好喝，快递小哥非常给力。,1,0.546301,1,1
E1-lite: source + target calibration,source_test,挺好，掌握订餐的时间点还是很快的。,1,0.507249,1,1
E1-lite: source + target calibration,source_test,两小时送到简直没谁了,0,0.461493,0,1
E1-lite: source + target calibration,source_test,以前的优惠已不再,0,0.485604,1,0
E1-lite: source + target calibration,source_test,速度还可以！下着雨呢,1,0.492743,1,1
E1-lite: source + target calibration,source_test,南瓜粥一般，没有南瓜的香甜味道！,1,0.461757,0,0
E1-lite: source + target calibration,source_test,京酱肉丝和软炸鲜蘑整个是两道咸菜，没少喝水！,0,0.482199,1,0
E1-lite: source + target calibration,source_test,师傅人特别好！送货超认真,1,0.531562,1,1
E1-lite: source + target calibration,source_test,"粥里有头发,就没吃,剩下都好吃",1,0.495512,1,1
E1-lite: source + target calibration,source_test,快递师傅人超好，汤也好喝，送的快,1,0.528388,1,1
E1-lite: source + target calibration,source_test,饺子送过来都凉了，就吃了两口==,0,0.447001,0,1
E1-lite: source + target calibration,source_test,"原来有牛肉-,-就是混土豆里太少了没看见。。",0,0.475577,1,0
E1-lite: source + target calibration,source_test,汤汁洒的都没食欲了。,0,0.45939,0,1
E1-lite: source + target calibration,source_test,"还可以,有点干。",1,0.494572,1,1
E1-lite: source + target calibration,source_test,送餐早一点就好了。,1,0.487063,1,1
E1-lite: source + target calibration,source_test,全部超五星！！菜品和送餐速度全都棒棒哒！！！,1,0.482908,1,1
E1-lite: source + target calibration,source_test,意面好难吃,0,0.43973,0,1
E1-lite: source + target calibration,source_test,"11点31下单,12点51送到。这速度太慢了",0,0.449659,0,1
E1-lite: source + target calibration,source_test,肉的好吃。,1,0.516452,1,1
E1-lite: source + target calibration,source_test,一杯咖啡送到了洒了三分之一,0,0.469071,0,1
E1-lite: source + target calibration,source_test,这次的菜不一样，都是我不能吃的,0,0.463385,0,1
E1-lite: source + target calibration,source_test,东西少不说，说好的赠送花生呢？,0,0.470467,1,0
E1-lite: source + target calibration,source_test,"很好,赞！",1,0.546066,1,1
E1-lite: source + target calibration,source_test,师傅辛苦，很准时，点赞！,1,0.518554,1,1
E1-lite: source + target calibration,source_test,饭好难吃啊,0,0.458732,0,1
E1-lite: source + target calibration,source_test,送餐慢，13:40才送到，点的两样菜都不值得推荐,0,0.44598,0,1
E1-lite: source + target calibration,source_test,大冷天的辛苦快递师傅了～,1,0.524497,1,1
E1-lite: source + target calibration,source_test,海鲜豆腐汤，全是豆腐，现在想起豆腐都害怕了,0,0.477243,1,0
E1-lite: source + target calibration,source_test,很好吃！送餐速度快！品质好！,1,0.567411,1,1
E1-lite: source + target calibration,source_test,当时我们点的饭跟汤送达时都已经凉了，其他还好，就是送的时间长。,0,0.483294,1,0
E1-lite: source + target calibration,source_test,"到现在还没送来,还没人接电话",0,0.452562,0,1
E1-lite: source + target calibration,source_test,味道还行~豆腐脑的卤淀粉可能多了,1,0.48883,1,1
E1-lite: source + target calibration,source_test,快递很快，态度好，赞,1,0.549444,1,1
E1-lite: source + target calibration,source_test,等了五十分钟，受不了的龟速,0,0.466456,0,1
E1-lite: source + target calibration,source_test,好吃，很清淡,1,0.567281,1,1
E1-lite: source + target calibration,source_test,"太实惠了,味道好,好好好好",1,0.514579,1,1
E1-lite: source + target calibration,source_test,就是送的太慢，但服务不错,1,0.490052,1,1
E1-lite: source + target calibration,source_test,很满意，送的挺快，味道又好,1,0.524556,1,1
E1-lite: source + target calibration,source_test,小炒肉真心不是湖南小炒肉，坦白讲肉炒太老了，不推荐。鸭头不错,1,0.487132,1,1
E1-lite: source + target calibration,source_test,11点20就送到了给我打电话没接到陪笑去拿餐埃顿熊我去我不能每天坐着等您送餐吧我要上班上班要开会开会不能带手机的好不好！能不能让人好好的吃饭了！现在百度外卖的服务态度真是不敢恭维,0,0.463478,0,1
E1-lite: source + target calibration,source_test,夫妻肺片很腥，吃过的最难吃的夫妻肺片,0,0.471932,1,0
E1-lite: source + target calibration,source_test,挺好的，速度也快。凑满十个字,1,0.528701,1,1
E1-lite: source + target calibration,source_test,"送餐时间,有点长",0,0.47609,1,0
E1-lite: source + target calibration,source_test,快递非常给力！！,1,0.51227,1,1
E1-lite: source + target calibration,source_test,翻得一塌糊涂，备注要的东西一样都没给,0,0.461583,0,1
E1-lite: source + target calibration,source_test,特别好！很快送达…,1,0.536148,1,1
E1-lite: source + target calibration,source_test,太特么难吃了，豆干里的俺村蛋都硬的,0,0.454163,0,1
E1-lite: source + target calibration,source_test,"味道不错,味道不错。。",1,0.574108,1,1
E1-lite: source + target calibration,source_test,不是很慢，下雨天还很快,1,0.491006,1,1
E1-lite: source + target calibration,source_test,前俩天会很快。第三天么。。,0,0.511588,1,0
E1-lite: source + target calibration,source_test,"为什么不能用代金券,为什么没有满减,下次不定了",1,0.456717,0,0
E1-lite: source + target calibration,source_test,可惜不能发照片，不然我一定会让别人看看筷子和纸在菜里的照片,0,0.472696,1,0
E1-lite: source + target calibration,source_test,不错，非常好,1,0.590298,1,1
E1-lite: source + target calibration,source_test,快递很赞，食品质量一般,0,0.486148,1,0
E1-lite: source + target calibration,source_test,"很方便,！但是就是太慢了！都超时了！但是送餐员态度还是很好的！提前打电话联系。",0,0.477606,1,0
E1-lite: source + target calibration,source_test,送货员很赞，很到位，在单位都送到房间,1,0.503448,1,1
E1-lite: source + target calibration,source_test,量好小啊。,0,0.482215,1,0
E1-lite: source + target calibration,source_test,还不错，肥牛有点干。,1,0.561343,1,1
E1-lite: source + target calibration,source_test,主菜很失败！！！,0,0.454077,0,1
E1-lite: source + target calibration,source_test,"非常差,最差的一次,首先订餐过了1个半小时也没显示送餐,电话去问无论正一味还是百度外卖客服都一问三不知,要求客服回电至今未回,另外正一味的饭也是半生不熟非常差,和上次点的汉拿山的差远了,伤了心了,对百度外卖,我要投诉",0,0.453691,0,1
E1-lite: source + target calibration,source_test,和之前网友待遇一样：送餐慢；煎饼软塌不能吃；饮料外撒。,0,0.47024,1,0
E1-lite: source + target calibration,source_test,东北乱炖不是正宗的，而且油特大，只能吃半盒其余的全扔了,0,0.469628,0,1
E1-lite: source + target calibration,source_test,套餐里的可乐送到都洒了，有半杯在塑料带里，真是够了！都泡了！,0,0.445941,0,1
E1-lite: source + target calibration,source_test,送餐没准！！！想送就送，不想送就不送,0,0.452783,0,1
E1-lite: source + target calibration,source_test,第一次尝试，不好吃，没有鳕鱼好吃,0,0.474133,1,0
E1-lite: source + target calibration,source_test,难吃到爆~真心服了,0,0.46253,0,1
E1-lite: source + target calibration,source_test,真的不错！快递小哥也更不错！,1,0.543071,1,1
E1-lite: source + target calibration,source_test,"本单由,百度,配送并提供售后服务",1,0.50872,1,1
E1-lite: source + target calibration,source_test,外卖员不给送到地方，让自己出去拿，态度恶劣,0,0.467117,0,1
E1-lite: source + target calibration,source_test,"味道一般,唯一好处,量大,送餐慢",0,0.46501,0,1
E1-lite: source + target calibration,source_test,很好吃……送餐很快……推荐,1,0.554865,1,1
E1-lite: source + target calibration,source_test,送的太快了，师傅很辛苦，谢谢了。,1,0.507857,1,1
E1-lite: source + target calibration,source_test,木须肉不干净,0,0.48514,1,0
E1-lite: source + target calibration,source_test,有没有搞错，迟到一个多小时，这还有什么信誉可言。送来的饭菜全是凉的，简直糟透了！！再不信任百度外卖了，更别提正一味！！！,0,0.416101,0,1
E1-lite: source + target calibration,source_test,送的很慢送来的时候凉了,0,0.467109,0,1
E1-lite: source + target calibration,source_test,本来是常客了，可是在肉夹馍里吃到了一根黑毛貌似是鼻毛，什么都不想吃了，以后还敢定谁家外卖。。,0,0.444646,0,1
E1-lite: source + target calibration,source_test,还不错啊！很便宜！下次还买,1,0.52948,1,1
E1-lite: source + target calibration,source_test,今天有点点小雨，送餐真的慢。吃起来口味一般吧，可能是黄焖鸡就要特别热的吃才好吃。,0,0.497945,1,0
E1-lite: source + target calibration,source_test,点的饮料和粥都没送到,0,0.444327,0,1
E1-lite: source + target calibration,source_test,送外卖小伙服务真棒，很尽责！,1,0.507584,1,1
E1-lite: source + target calibration,source_test,便宜，实惠,1,0.498544,1,1
E1-lite: source + target calibration,source_test,为啥每次都不要辣的，每次都是辣的,0,0.472485,1,0
E1-lite: source + target calibration,source_test,蒜香鸡翅太坑爹了。果仁菠菜巨难吃,0,0.459977,0,1
E1-lite: source + target calibration,source_test,棒，是不是考虑办个会员卡呢,1,0.476348,1,1
E1-lite: source + target calibration,source_test,生生把中午饭送到了下午，将近2个小时，而且不止一两次，每次给机会，每次都如此，走路过去不到十分钟的事！等电梯的2分钟都要打电话催，一碗汤不如叫一口汤好了。差评，以后再也不订了。,0,0.431062,0,1
E1-lite: source + target calibration,source_test,"百度骑士很快,餐送过来时还冒着热气,赞一个",1,0.520717,1,1
E1-lite: source + target calibration,source_test,硬生生等了90分钟，呵呵，不会在这家订餐了，而且味道更不值。,0,0.453501,0,1
E1-lite: source + target calibration,source_test,"味道一如既往的好,就是粥碗变小了,米也少了说好11:15送达,结果12:30左右才收到",1,0.486751,1,1
E1-lite: source + target calibration,source_test,一个半小时才送到，图片上的饮料也没有，一点也不值21元。以后没有优惠卷活动了肯定不吃了。,0,0.399671,0,1
E1-lite: source + target calibration,source_test,东西好吃，就是只点了两份面还送错了一份！订的是牛杂面送了份牛肉面，价格也有差别呀！,1,0.494881,1,1
E1-lite: source + target calibration,source_test,"好吃,速度快！",1,0.55338,1,1
E1-lite: source + target calibration,source_test,送餐较慢、需提前一个半小时订餐、卷饼菜少、全是饼、粥也一般、但有优惠价格很实惠、也值了,1,0.447313,0,0
E1-lite: source + target calibration,source_test,味道超级棒！送餐员大冷天的也很辛苦！超赞！,1,0.535067,1,1
E1-lite: source + target calibration,source_test,几乎每天都吃了，爱吃，送餐也快,1,0.488954,1,1
E1-lite: source + target calibration,source_test,木耳太不新鲜，吃完拉肚子了,0,0.474032,1,0
E1-lite: source + target calibration,source_test,不错口味清单，老人孩子吃都可以,1,0.510465,1,1
E1-lite: source + target calibration,source_test,送餐两小时才送到。期间百度客服电话长时间占线。两次拨通以后到了投诉选项被自动挂断。手机客服等待半小时还在排队。第一次使用，也是最后一次使用,0,0.430333,0,1
E1-lite: source + target calibration,source_test,"送餐员差评,投诉,超次",0,0.481276,1,0
E1-lite: source + target calibration,source_test,"送来时都坨了,没一点汤了",0,0.464808,0,1
E1-lite: source + target calibration,source_test,挺好的，都是瘦肉，就是感觉里面多加点蔬菜就好了，都是肉，有点腻！,1,0.497678,1,1
E1-lite: source + target calibration,source_test,就冲等了108分钟就要打差评....电话也占线..,0,0.454984,0,1
E1-lite: source + target calibration,source_test,"送餐师傅帅爆了,赛晓明超霆锋",1,0.50541,1,1
E1-lite: source + target calibration,source_test,送餐超级慢，送餐员态度也不好，打客服催单也没人理，取消订单也取消不了，总之是超级差劲,0,0.47134,1,0
E1-lite: source + target calibration,source_test,卷饼太地道了，好吃！粥很清淡，不错,1,0.54929,1,1
E1-lite: source + target calibration,source_test,挺好吃的，满意，速度真快,1,0.53694,1,1
E1-lite: source + target calibration,source_test,订餐后一小时还没送，给黄太吉400打电话也一直忙线，最后是给百度外卖的400打电话才给催了,0,0.438815,0,1
E1-lite: source + target calibration,source_test,很快味道很好,1,0.574241,1,1
E1-lite: source + target calibration,source_test,"速度很快，味道不错,，送餐小哥态度也不错~",1,0.601616,1,1
E1-lite: source + target calibration,source_test,汤面类还是不要点吧，送来味道大打折扣。其他都不错。,1,0.502369,1,1
E1-lite: source + target calibration,source_test,"1.,十一点订的餐,一点三十才到,2.,12点催单，就说配送中了。,一点二十催单,还配送中。,我单位就在边上走路五分钟的地方,3.,给商家打电话,关机。,4.,送过来之后饼凉了,餐凉了,5.,肘子肉全是大肥肉和青椒,量也小的可怜。,口感我就不说啥了。千万别定",0,0.444729,0,1
E1-lite: source + target calibration,source_test,失误难免，，以后请注意。。,0,0.475585,1,0
E1-lite: source + target calibration,source_test,送餐员取餐之后辗转多地，才把我定的餐送过来，薯条，鸡块还有鸡米条都已经不脆了，汉堡的纸袋子也已经被水蒸气透湿了。要了两份中暑套餐，还有几份小食，总共就给了两包番茄酱，可乐也都洒了,0,0.45148,0,1
E1-lite: source + target calibration,source_test,好！希望一直这么好,1,0.49913,1,1
E1-lite: source + target calibration,source_test,味道很好就是送餐太慢,1,0.513824,1,1
E1-lite: source + target calibration,source_test,速度慢，都凉了。,0,0.459492,0,1
E1-lite: source + target calibration,source_test,"麻辣烫特次,份量特少,就一点菜,其余全是粉条,配送时间慢",0,0.470561,1,0
E1-lite: source + target calibration,source_test,菠萝冻过甜，柠檬冰冻也不太好，但大满贯一如既往的好,1,0.502374,1,1
E1-lite: source + target calibration,source_test,煎饼难吃死了。冒菜一点不辣巨麻，全都是花椒。也巨难吃。以后绝对不会吃了。,0,0.440878,0,1
E1-lite: source + target calibration,source_test,饭全部冷了,0,0.484966,1,0
E1-lite: source + target calibration,source_test,第二次点了，量大，很不错,1,0.514128,1,1
E1-lite: source + target calibration,source_test,除了慢，其他还错,0,0.484182,1,0
E1-lite: source + target calibration,source_test,肘子卷饼不好吃还贵,0,0.489805,1,0
E1-lite: source + target calibration,source_test,快递态度好，速度快,1,0.539359,1,1
E1-lite: source + target calibration,source_test,速度挺快的东西也挺好的给赞~,1,0.514338,1,1
E1-lite: source + target calibration,source_test,真心没什么优点可说的。,0,0.471879,1,0
E1-lite: source + target calibration,source_test,一如既往。不错哦。！！！！,1,0.482794,1,1
E1-lite: source + target calibration,source_test,"感觉里面的蛋糕,不是好蛋糕,不嫩。",0,0.475041,1,0
E1-lite: source + target calibration,source_test,"奶茶虽然有点洒,但送餐小哥速度很快,面也不错,给个好评吧",1,0.567908,1,1
E1-lite: source + target calibration,source_test,不错，就是豆浆橙汁都不好喝,1,0.541709,1,1
E1-lite: source + target calibration,source_test,下订单后一直不送，一小时后显示订单已完成！可是根本没有送啊。,0,0.444486,0,1
E1-lite: source + target calibration,source_test,"番茄酱没有,鸡块蘸酱也没有给,吸管也没有给,这次差评（︶︿︶）,！",0,0.438309,0,1
E1-lite: source + target calibration,source_test,每一样的很喜欢！会继续光顾哒,1,0.501074,1,1
E1-lite: source + target calibration,source_test,辛苦了，速度快~~~,1,0.520711,1,1
E1-lite: source + target calibration,source_test,把那个送外卖的废了吧，这么懒找借口不送到楼下，什么态度么,0,0.457779,0,1
E1-lite: source + target calibration,source_test,饺子皮太硬，有种没熟的感觉；厥根粉太甜；干煸四季豆放了那么多辣椒，一点辣味都没有；尖叫豆皮太咸，真是很不满意。,0,0.461495,0,1
E1-lite: source + target calibration,source_test,订歺后2小时才到,0,0.449116,0,1
E1-lite: source + target calibration,source_test,太好吃了，好吃哭了，太感动了。色香味俱全，爸妈很喜欢。,1,0.501616,1,1
E1-lite: source + target calibration,source_test,不愧是宇宙卷饼，送餐慢到宇宙外了，商家电话永远在通话中和关机中间，好不容易打通一次，结果给挂断了，差评！强烈要求这样的商家撤出百度外卖！,0,0.459545,0,1
E1-lite: source + target calibration,source_test,快递小哥以后继续加速啊，加油,1,0.518422,1,1
E1-lite: source + target calibration,source_test,好就一个字,1,0.47062,1,1
E1-lite: source + target calibration,source_test,速度快好多！,1,0.521466,1,1
E1-lite: source + target calibration,source_test,包装赞，送的也算快了。味道也很不错。,1,0.537831,1,1
E1-lite: source + target calibration,source_test,配送服务极其慢，从订餐到吃到东西，几乎用了2个小时，什么破玩意，再也不吃了！！！！,0,0.423145,0,1
E1-lite: source + target calibration,source_test,好好好！赞赞赞！态度好速度快！,1,0.530529,1,1
E1-lite: source + target calibration,source_test,从来不给人家差评不是撒麻酱就是要俩给一个。今天麻酱都给撒了,0,0.463386,0,1
E1-lite: source + target calibration,source_test,送餐很及时,1,0.508113,1,1
E1-lite: source + target calibration,source_test,提拉米苏同之前相比只有半个～而且还晚了45分钟～,0,0.466032,0,1
E1-lite: source + target calibration,source_test,味道还不错，稍微淡一点，下次还是选京酱肉丝吧,1,0.542219,1,1
E1-lite: source + target calibration,source_test,真心的觉得这个虾不好，都想吐了。虾肉不新鲜，虾肉一拔，虾肉就变成泥，肉质非常不好,0,0.471324,1,0
E1-lite: source + target calibration,source_test,送的还算快，但是肥肉太多，吃得有点恶心。皮蛋瘦肉粥一般般。总体一般般。,0,0.472491,1,0
E1-lite: source + target calibration,source_test,"第一次点的时候,送餐慢，服务态度不好，隔了好久，在看评论都说送餐慢，我也很犹豫，不过抱着侥幸赌运气的成分在里面，试着又点了一次，没想到送餐速度跟我预定的时间刚好，菜也好吃。完美。满分。",1,0.490532,1,1
E1-lite: source + target calibration,source_test,味道很好，本人味口小，剩了一些第二天吃了，还那么劲道。,1,0.516306,1,1
E1-lite: source + target calibration,source_test,好难吃啊，鸡块的油味道好大，面坨了，很难吃，就把煎蛋吃了，其他都扔了,0,0.469085,0,1
E1-lite: source + target calibration,source_test,这鱼头也太难吃了！米饭就装了半个盒子，是有多抠门？,0,0.452205,0,1
E1-lite: source + target calibration,source_test,送餐难倒是黑社会老大？太牛逼了,0,0.485729,1,0
E1-lite: source + target calibration,source_test,菜太咸啦！,0,0.48046,1,0
E1-lite: source + target calibration,source_test,鱿鱼饭送错了，送来的是辣白菜五花肉,0,0.457441,0,1
E1-lite: source + target calibration,source_test,送的太慢了，菜都凉了。,0,0.431901,0,1
E1-lite: source + target calibration,source_test,"这是红烧豆角啊,还红烧肉呢,什么啊",0,0.468368,0,1
E1-lite: source + target calibration,source_test,牛肉太老了,0,0.478812,1,0
E1-lite: source + target calibration,source_test,送餐慢'菜和粥都咸,0,0.480298,1,0
E1-lite: source + target calibration,source_test,吃了很多次,1,0.487807,1,1
E1-lite: source + target calibration,source_test,以前几乎天天吃，现在调料什么都不放，,0,0.472325,1,0
E1-lite: source + target calibration,source_test,味道有点淡,1,0.545995,1,1
E1-lite: source + target calibration,source_test,米饭忘记，餐具只给一套。极其不认真，辛苦快递员！,0,0.503149,1,0
E1-lite: source + target calibration,source_test,已是他家老客户，味道正宗，饺子料包齐全，以后最好能出台一个单份饺子套餐更好,1,0.488499,1,1
E1-lite: source + target calibration,source_test,最近迷恋金桔柠檬茶啊！,1,0.484593,1,1
E1-lite: source + target calibration,source_test,"口味适合比较清淡的人,南瓜粥还好,就是没放糖,喜欢甜的需要和卖家说",1,0.503021,1,1
E1-lite: source + target calibration,source_test,少，皮厚，果然只值一块,0,0.471668,1,0
E1-lite: source + target calibration,source_test,好吃！给力！,1,0.530236,1,1
E1-lite: source + target calibration,source_test,比预定时间晚了半小时,0,0.449696,0,1
E1-lite: source + target calibration,source_test,吃了牛肉，鸡肉和肘子，最后结论还是肘子好吃～,1,0.482404,1,1
E1-lite: source + target calibration,source_test,"难吃死了,特别难吃",0,0.447051,0,1
E1-lite: source + target calibration,source_test,好吃好吃赞赞！,1,0.544944,1,1
E1-lite: source + target calibration,source_test,快递小哥很快就送到了！赞！水煮牛肉肉质鲜嫩，辣的恰到好处，也很入味。不错，挺好吃的！,1,0.55891,1,1
E1-lite: source + target calibration,source_test,配送超快，态度很好！饭菜可口！,1,0.546454,1,1
E1-lite: source + target calibration,source_test,还不错，绿茶还是个人喝不惯。。。奶茶给赞,1,0.525115,1,1
E1-lite: source + target calibration,source_test,都很好吃而且送的特别快！非常感谢！,1,0.561174,1,1
E1-lite: source + target calibration,source_test,很好吃的饭跟芝士土豆球。就是速度有点慢。,1,0.560176,1,1
E1-lite: source + target calibration,source_test,汤洒了些，量不错不过洒了弄得袋子有些脏。鸡蛋非常好吃！,1,0.537732,1,1
E1-lite: source + target calibration,source_test,很好吃，分量足,1,0.576907,1,1
E1-lite: source + target calibration,source_test,送菜太慢。等了快仨小时，电话打了好几个。饿的不行了。以后打死也不订这家的了。,0,0.437732,0,1
E1-lite: source + target calibration,source_test,好吃！终于让我吃上了！,1,0.505141,1,1
E1-lite: source + target calibration,source_test,一如既往的的快，好吃。。。。真棒,1,0.503209,1,1
E1-lite: source + target calibration,source_test,菜还不错，米饭有股烟味、糊味,0,0.527554,1,0
E1-lite: source + target calibration,source_test,"鱼香肉丝的最好吃了,四川口味的",1,0.49607,1,1
E1-lite: source + target calibration,source_test,好吃！送餐时间准！赞！,1,0.501169,1,1
E1-lite: source + target calibration,source_test,桔梗太难吃了拌饭一般,0,0.4419,0,1
E1-lite: source + target calibration,source_test,红烧牛肉肉不多。都是青笋,0,0.470124,1,0
E1-lite: source + target calibration,source_test,很贴心，汤和馄饨分开装了,1,0.486466,1,1
E1-lite: source + target calibration,source_test,金枪鱼焗饭深得我心,1,0.485658,1,1
E1-lite: source + target calibration,source_test,我能说订你家餐都送餐超时吗？我也是醉了,0,0.467079,0,1
E1-lite: source + target calibration,source_test,菜量非常少，是给小孩准备的吗？？,0,0.482861,1,0
E1-lite: source + target calibration,source_test,一级棒，味道和送餐速度都很好。,1,0.547875,1,1
E1-lite: source + target calibration,source_test,"盛包子的饭盒太小了,而且下次要铺上什么以防包子粘饭盒底,汤包全漏了",1,0.465503,0,0
E1-lite: source + target calibration,source_test,非常准时！！！鸡肉的很好吃,1,0.532558,1,1
E1-lite: source + target calibration,source_test,"挺好的,挺好喝的,不错",1,0.533526,1,1
E1-lite: source + target calibration,source_test,送餐快，pizza味道也不错！,1,0.539743,1,1
E1-lite: source + target calibration,source_test,一般，很一般,0,0.454444,0,1
E1-lite: source + target calibration,source_test,这种口味怎么有信心开店的，不改变就等着倒闭吧,0,0.471337,1,0
E1-lite: source + target calibration,source_test,"这次我可要评价了，要了一个牛肉汤,要了一个大酱汤,结果,回来都是半份,气死我了,我还要下楼继续买别的吃的，因为根本不够了。花了54,还吃不饱。垃圾最后一次吃。",0,0.449334,0,1
E1-lite: source + target calibration,source_test,鳕鱼少了两块，每次都是五块,0,0.47392,1,0
E1-lite: source + target calibration,source_test,又一次没筷子，不过快递员服务很好，只能说店家太不细致了。味道也很一般,0,0.514633,1,0
E1-lite: source + target calibration,source_test,第一次忘送粥了,0,0.47816,1,0
E1-lite: source + target calibration,source_test,送餐比较慢，味道还行,0,0.496597,1,0
E1-lite: source + target calibration,source_test,长豆角注明不要辣，还是有辣。其他的还行,0,0.481096,1,0
E1-lite: source + target calibration,source_test,到家进门在百度外卖订餐，一会儿功夫，送货员就送到了热腾腾的饺子，大风下雨的天气，饺子就酒，太美啦,1,0.480265,1,1
E1-lite: source + target calibration,source_test,外送的总是跟店里吃差很远，,0,0.474986,1,0
E1-lite: source + target calibration,source_test,很好很满意！,1,0.52455,1,1
E1-lite: source + target calibration,source_test,非常快！配送员也特别好……,1,0.536308,1,1
E1-lite: source + target calibration,source_test,什么破海鲜炒饭就放了几块鱿鱼绿豆鸡蛋很难吃一点味道都没有还29元,0,0.447844,0,1
E1-lite: source + target calibration,source_test,里面的汤撒了,0,0.473185,1,0
E1-lite: source + target calibration,source_test,总感觉肉有点臭臭的,0,0.502237,1,0
E1-lite: source + target calibration,source_test,味道不错，品质依旧，不错,1,0.595984,1,1
E1-lite: source + target calibration,source_test,煎饼很好吃，豆腐脑一般，没放香菜和辣椒，味道差了一点，炸茄盒里面的肉馅没味道，知道靠着外面一点椒盐的味道，还有改进空间。,0,0.512202,1,0
E1-lite: source + target calibration,source_test,送餐员很礼貌，很快！好评,1,0.534317,1,1
E1-lite: source + target calibration,source_test,"东西挺好吃,就是送的太慢",0,0.504931,1,0
E1-lite: source + target calibration,source_test,"没别的,酱太多,难吃",0,0.463331,0,1
E1-lite: source + target calibration,source_test,卷饼很实在，京酱肉丝都是瘦肉。南瓜粥一般。,1,0.479936,1,1
E1-lite: source + target calibration,source_test,"好吃,就是贵",1,0.532299,1,1
E1-lite: source + target calibration,source_test,送的特别慢，服务态度不好,0,0.495753,1,0
E1-lite: source + target calibration,source_test,很快，好吃，味道足，量大,1,0.582472,1,1
E1-lite: source + target calibration,source_test,"配送很快,就是要了发票但商家没给",1,0.505632,1,1
E1-lite: source + target calibration,source_test,看到来送外卖的大叔疲倦的样子，真是各行各业都不容易，国家何时能让大家共同富裕起来，至少别等级差距这么悬殊。有的人好吃懒做贪污受贿穷凶恶极却位居高位。人民代表代表不了人民。底层社会的真相他们毫不知情。,1,0.479849,1,1
E1-lite: source + target calibration,source_test,少给了一根烤肠要的两根只给了一根,0,0.469766,0,1
E1-lite: source + target calibration,source_test,还行吧，偶尔吃一下还可以,1,0.476848,1,1
E1-lite: source + target calibration,source_test,这家的特点不是菜量大吗……上次给了很多很多…两个餐盒…这次餐盒小了，还就一盒…心情相当不爽,0,0.468265,0,1
E1-lite: source + target calibration,source_test,"特意备注写了不吃辣,。送来一层红油,看来还特意加了辣",0,0.467713,0,1
E1-lite: source + target calibration,source_test,送的挺快，点了一个bbq团餐，一个皇堡，结果送了2个皇堡，说好的bbq呢？着急出门，老公说咱们还是当回好人吧！虽然没去投诉，但我还是要在评价里说一下,0,0.458988,0,1
E1-lite: source + target calibration,source_test,"太少了。。。根本没吃饱,20元才12个饺子。。。",0,0.440747,0,1
E1-lite: source + target calibration,source_test,牛肉汉堡超级棒,1,0.488913,1,1
E1-lite: source + target calibration,source_test,好吃！以后常订！,1,0.531266,1,1
E1-lite: source + target calibration,source_test,送到之后面基本不能吃了,0,0.461464,0,1
E1-lite: source + target calibration,source_test,送餐太慢等一个半小时,0,0.428872,0,1
E1-lite: source + target calibration,source_test,量挺大的，送餐也及时，就是同事说肉吃着有些不一样。。。,0,0.490033,1,0
E1-lite: source + target calibration,source_test,给三星是因为送餐很快，但是美式都已经洒了很多，杯子外面都是咖啡,0,0.503747,1,0
E1-lite: source + target calibration,source_test,很准时，味道不错，不过还是没有现场吃好吃……送餐师傅辛苦了！,1,0.568126,1,1
E1-lite: source + target calibration,source_test,肉卷料很足，粥量有点少，送餐较快。,1,0.507438,1,1
E1-lite: source + target calibration,source_test,和传说中的一样，就是分店少了点，多开些分店，好在北京大部分地方都能吃到。,1,0.497434,1,1
E1-lite: source + target calibration,source_test,我的肘子卷变成了香菇卷。皮蛋粥变成了南瓜粥。。不太合适吧....,0,0.470287,1,0
E1-lite: source + target calibration,source_test,个人觉得和汉拿山差多啦！送的时候已经让人觉得没什么胃口了！,0,0.466751,0,1
E1-lite: source + target calibration,source_test,菜很好吃，不过最好别吃带汤的，因为送过来时会变软好多，味道还是不错的,1,0.538534,1,1
E1-lite: source + target calibration,source_test,商家因为某个东西售完直接取消了订单，就不能提前打个电话么，白等了半小时。,1,0.438496,0,0
E1-lite: source + target calibration,source_test,汤多些面少些更好。,1,0.497034,1,1
E1-lite: source + target calibration,source_test,这个菜也太难吃了，四季豆老的不行,0,0.449481,0,1
E1-lite: source + target calibration,source_test,太难吃了，吃到最后碗底有蟑螂，恶心死了,0,0.445149,0,1
E1-lite: source + target calibration,source_test,都好喝。烤珍珠尤其好喝,1,0.506891,1,1
E1-lite: source + target calibration,source_test,又快又好！！！,1,0.473735,1,1
E1-lite: source + target calibration,source_test,忘给筷子了…,0,0.472924,1,0
E1-lite: source + target calibration,source_test,里面有两根头发，差评，,0,0.464414,0,1
E1-lite: source + target calibration,source_test,比想象的高大上好多啊…很好吃。,1,0.552429,1,1
E1-lite: source + target calibration,source_test,实在是太慢了，等了一个半小时。菜都凉了，锅包肉凉了还能吃吗？,0,0.408831,0,1
E1-lite: source + target calibration,source_test,味道很好，分量足，好好吃,1,0.570519,1,1
E1-lite: source + target calibration,source_test,小炒肉卷饼好辣~,1,0.49695,1,1
E1-lite: source + target calibration,source_test,又慢又不好吃。。。谁订坑谁,0,0.465658,0,1
E1-lite: source + target calibration,source_test,还可以！非得写十个字吗？操蛋,1,0.476091,1,1
E1-lite: source + target calibration,source_test,送餐很快，但是太咸了。还是去店里的炖肉套餐好吃，外卖部划算。,0,0.516276,1,0
E1-lite: source + target calibration,source_test,五花肉泡菜饭里有两片肉，剩下都是泡菜，。。。呵呵，再见。。第一次也是最后一次订这家,0,0.455969,0,1
E1-lite: source + target calibration,source_test,还行，豆腐脑味道不行,1,0.499168,1,1
E1-lite: source + target calibration,source_test,牛肉蔬菜拌饭是辣的。不吃辣哎。这家还是宇宙饼最好吃。,1,0.490435,1,1
E1-lite: source + target calibration,source_test,这家店和百度外卖太配了，炒菜速度也快，送餐速度也快，全家都很满意，点了四个菜，宫保鸡丁、鱼香肉丝、酱茄子、酸辣土豆丝，土豆丝是面的，也挺好吃，其他几个菜品味道都不错，多吃了碗米饭，作为送餐能这样的效果超级知足了！还会再来！,1,0.528064,1,1
E1-lite: source + target calibration,source_test,配送很慢，味道一般一般,0,0.459104,0,1
E1-lite: source + target calibration,source_test,骑士太给力了，送餐快，直接到门口,1,0.507389,1,1
E1-lite: source + target calibration,source_test,百度骑士很好很快速送到了，这大雪天的百度骑士非常好，必须大赞,1,0.552219,1,1
E1-lite: source + target calibration,source_test,丽华饭量小了点,0,0.490615,1,0
E1-lite: source + target calibration,source_test,挺好的，也很快，好评！,1,0.554179,1,1
E1-lite: source + target calibration,source_test,东西好吃，包装也仔细，送餐很快！,1,0.556016,1,1
E1-lite: source + target calibration,source_test,极差评，百度你们的配送员太垃圾了。,0,0.471589,1,0
E1-lite: source + target calibration,source_test,披萨非常好吃,1,0.5603,1,1
E1-lite: source + target calibration,source_test,送来全洒了,0,0.466444,0,1
E1-lite: source + target calibration,source_test,都很不错，鸡翅略微有点咸，不过还能接受。,1,0.543541,1,1
E1-lite: source + target calibration,source_test,汤里有虫子，此生不买第二回,0,0.482967,1,0
E1-lite: source + target calibration,source_test,饼味道一般吧，很少的一碗粥。,1,0.465955,0,0
E1-lite: source + target calibration,source_test,太烂了，太无语了,0,0.461061,0,1
E1-lite: source + target calibration,source_test,太赞了～宇宙速度～10分钟就送到～,1,0.480011,1,1
E1-lite: source + target calibration,source_test,大牌就是靠谱!,1,0.49723,1,1
E1-lite: source + target calibration,source_test,大号卷饼太大。如果胃口比较大。推荐吃两个中。,1,0.486486,1,1
E1-lite: source + target calibration,source_test,一个半小时才送到，催单态度还不好！,0,0.422257,0,1
E1-lite: source + target calibration,source_test,餐也没收到！真心差,0,0.474874,1,0
E1-lite: source + target calibration,source_test,太少，太难吃！！！,0,0.441607,0,1
E1-lite: source + target calibration,source_test,很好吃很实惠～但有点不够吃，要是加送点当主食的饼就好了～,1,0.549763,1,1
E1-lite: source + target calibration,source_test,一般，量小，干净卫生,0,0.472274,1,0
E1-lite: source + target calibration,source_test,送餐小哥很细心,1,0.526285,1,1
E1-lite: source + target calibration,source_test,不能再赞了，我由于饿了让提前送了，居然20分钟就送来了，而且服务态度很好，送餐的打大叔态度也很好。重要的是食物好吃，我非常喜欢。好评全5分,1,0.521977,1,1
E1-lite: source + target calibration,source_test,这次的丸子做的没有味道！,0,0.475016,1,0
E1-lite: source + target calibration,source_test,一个半小时才给我送来，送到包子都凉了。,0,0.420338,0,1
E1-lite: source + target calibration,source_test,卷饼味道不错，值班人员服务很好，只是单点的南瓜粥酸了，竟然在热乎的感觉下以为是刚出锅的，喝完后小提了一下，值班人员一尝果然是馊了，退给我了单点的粥的费用，服务很好，只是不知道今晚上会不会拉肚子，好怕。,0,0.528436,1,0
E1-lite: source + target calibration,source_test,炒米条撒了一口袋，这是干什么呢？超时前2分钟到了，气人玩呢是么？傻逼玩意,0,0.447125,0,1
E1-lite: source + target calibration,source_test,包装很好，味道也不错，如果再有点菜叶就更好了，都是肉吃到最后有点腻,1,0.549178,1,1
E1-lite: source + target calibration,source_test,碰到最差的店铺！餐点不送上楼。蛋糕没有冰袋，收到已经软化。味道也很糟，丝绒杯用的还是植物奶油。服务差。味道也差…,0,0.496298,1,0
E1-lite: source + target calibration,source_test,不错，速度快,1,0.567579,1,1
E1-lite: source + target calibration,source_test,老板态度非常好,1,0.521683,1,1
E1-lite: source + target calibration,source_test,没勺子没法喝粥,0,0.471526,1,0
E1-lite: source + target calibration,source_test,酸菜味道超棒，送餐速度也很快，辛苦快递师傅了！,1,0.561792,1,1
E1-lite: source + target calibration,source_test,配送超级慢，垃圾！配送超级慢，垃圾！,0,0.482375,1,0
E1-lite: source + target calibration,source_test,非常棒！好吃,1,0.542262,1,1
E1-lite: source + target calibration,source_test,特别贴心的骑士。服务超级赞,1,0.525782,1,1
E1-lite: source + target calibration,source_test,天气不好，师傅辛苦了,1,0.518137,1,1
E1-lite: source + target calibration,source_test,"我住在北京科技大学里面,不到500米距离送了1个半小时。菜基本凉了,而且洒了一半,弄得我手上,钱包上,桌子上全是油。做的再好吃也是差评",0,0.435704,0,1
E1-lite: source + target calibration,source_test,挺不错的~,1,0.536169,1,1
E1-lite: source + target calibration,source_test,"这次东西没少,但是为什么每次送来的汤都是凉的,昨天是勉强有点温度,今天我的是彻底凉的,你们是把剩的给我送来了么",0,0.450894,0,1
E1-lite: source + target calibration,source_test,这几天都在点，今儿给朋友点了几杯她们都赞不绝口！赞！,1,0.490758,1,1
E1-lite: source + target calibration,source_test,百度送货员非常快就送来了，就是商家不给筷子不太方便！,1,0.50411,1,1
E1-lite: source + target calibration,source_test,很好吃，总爱点他家的饭当工作餐。,1,0.557138,1,1
E1-lite: source + target calibration,source_test,很准时！口味很好，大爱可可小丸子,1,0.544748,1,1
E1-lite: source + target calibration,source_test,送餐员态度还是很好，迟到了一个小时，看在送餐员的份上，才没有计较，下次不会订这个了,0,0.477762,1,0
E1-lite: source + target calibration,source_test,菜挺多饭挺多就是牛肉丝质量一般,1,0.472501,1,1
E1-lite: source + target calibration,source_test,太慢了，不想说什么了…,0,0.425188,0,1
E1-lite: source + target calibration,source_test,百度台太便了，大赞,1,0.471942,1,1
E1-lite: source + target calibration,source_test,谢谢骑士谢谢店家谢谢骑士,1,0.523505,1,1
E1-lite: source + target calibration,source_test,难吃死了不会再来，最差劲的韩餐,0,0.455382,0,1
E1-lite: source + target calibration,source_test,送来的凉透透的了，两小时才来,0,0.432662,0,1
E1-lite: source + target calibration,source_test,"送餐超快,面不坨,味道好",1,0.523802,1,1
E1-lite: source + target calibration,source_test,送餐师傅人不错，不过菜很不好吃，量也不够,0,0.534953,1,0
E1-lite: source + target calibration,source_test,师傅很好，辛苦啦，这么冷的天,1,0.538332,1,1
E1-lite: source + target calibration,source_test,不错！虽然量有点少，但是很干净卫生,1,0.514019,1,1
E1-lite: source + target calibration,source_test,还好吧。肉倒是挺足的，就是皮儿有点干。皮蛋瘦肉粥好喝，但是碗送来的时候裂开了，很多都漏了，可惜。,1,0.488558,1,1
E1-lite: source + target calibration,source_test,里面有大块鸡肉和一点生菜，个人感觉不好吃，有点失望啊，饼挺大，不松软,0,0.484145,1,0
E1-lite: source + target calibration,source_test,"太慢了,量太少",0,0.445912,0,1
E1-lite: source + target calibration,source_test,"吃到了苍蝇,太恶心了",0,0.470234,1,0
E1-lite: source + target calibration,source_test,送餐块，肉夹馍还好，南瓜饼和三鲜补好。,0,0.506544,1,0
E1-lite: source + target calibration,source_test,什么情况？不是已经打电话说好了取消订单吗？还给不给退款了？能不能有点信誉,0,0.443016,0,1
E1-lite: source + target calibration,source_test,挺好吃！就是炸土豆丝写的是10元，不知道为什么结账时就变20元了，后来就没点～,1,0.482662,1,1
E1-lite: source + target calibration,source_test,菜量和堂食比实在是太少了！备注让多带2包辣酱也没带！,0,0.463244,0,1
E1-lite: source + target calibration,source_test,饭没有在店里好吃，差远了,0,0.496556,1,0
E1-lite: source + target calibration,source_test,为什么我定的两个鸡蛋，来的时候只有一个，我以为下面有呢，吃完了都没看见，谁偷吃了呢，所以不是满星评价，请商家勿要再犯类似的低级错误！！,1,0.447377,0,0
E1-lite: source + target calibration,source_test,蔬菜卷里全是土豆丝。。。相当于粮食，放很多绿叶蔬菜不是更符合蔬菜卷的名号吗？京酱肉丝一如既往的好吃。如果能吃肉之外摄入真正的蔬菜就好了,1,0.49582,1,1
E1-lite: source + target calibration,source_test,等了一个半小时。上面标价20，其实也就值几块钱，不知道是商家骗百度补助，还是百度联合商家欺骗消费者，反正很不值，以后不会再买了,0,0.437008,0,1
E1-lite: source + target calibration,source_test,特别特别好，谢谢，很好吃,1,0.584013,1,1
E1-lite: source + target calibration,source_test,喜欢。明天还会点。！！,1,0.492372,1,1
E1-lite: source + target calibration,source_test,使劲催还一个半小时才送到，煎饼和豆浆都凉了,0,0.419534,0,1
E1-lite: source + target calibration,source_test,送的早到了半个小时，味道很棒,1,0.480858,1,1
E1-lite: source + target calibration,source_test,百度外卖的袋子挺可爱的，送餐员服务也好。关键稻香村好吃！哈哈哈,1,0.518674,1,1
E1-lite: source + target calibration,source_test,图上有饮料，实际没有！,0,0.456994,0,1
E1-lite: source + target calibration,source_test,速度很快，饭菜都不错，就是不够辣,1,0.566245,1,1
E1-lite: source + target calibration,source_test,很好！份量很足，香干回锅肉里的萝卜干很好吃，每份饭还送了咖啡，谢谢！,1,0.566515,1,1
E1-lite: source + target calibration,source_test,嗯，纸袋比较高大上,1,0.493204,1,1
E1-lite: source + target calibration,source_test,"排骨不好吃～还都是色素～量少的可怜～58元的菜啊,只有七块排骨～一点味道没有～肉很干～坑死了！还招牌菜呢！真不怕砸了招牌！",0,0.462313,0,1
E1-lite: source + target calibration,source_test,很好吃，就是粥有点不满意。送外卖的小哥也不错,1,0.554767,1,1
E1-lite: source + target calibration,source_test,"送太慢！粥没一点味道,并也很干,只能说一般！",0,0.475837,1,0
E1-lite: source + target calibration,source_test,怎一个慢字了得,0,0.464067,0,1
E1-lite: source + target calibration,source_test,速度很快，东西也不错，赞一下,1,0.572801,1,1
E1-lite: source + target calibration,source_test,"难吃,差评,送了,整整两个小时，想发脾气,投诉，送餐员说跟餐厅不是一家，不想要可以,退了，气得人一点脾气都没有，差极了，以后再也不用了,妈蛋！！！！",0,0.402943,0,1
E1-lite: source + target calibration,source_test,吃第一口不错，越吃越咸，分量还是很足的，肉很多！,1,0.528866,1,1
E1-lite: source + target calibration,source_test,送餐快，我觉得挺好,1,0.516183,1,1
E1-lite: source + target calibration,source_test,味道还不错，包装也不错，套餐有皮蛋瘦肉粥和老醋花生，但是送餐时间实在是有点不能忍。。。望改进,0,0.52489,1,0
E1-lite: source + target calibration,source_test,基本上是素菜,0,0.48495,1,0
E1-lite: source + target calibration,source_test,"太难吃了,一定不能选他家",0,0.452823,0,1
E1-lite: source + target calibration,source_test,饭馆离家一站地，俩小时才送来，虽然冬至吃饺子的多，也太慢了。不过百度赔付逾时费了，确实没想到。,1,0.435358,0,0
E1-lite: source + target calibration,source_test,"饭都是生的！！！,能不能把饭做熟再送来！,全扔了！！,气死人！！",0,0.442306,0,1
E1-lite: source + target calibration,source_test,小菜是从市场随便买的，难吃死了，不忍心浪费吃了几口，结果又拉又吐,0,0.438486,0,1
E1-lite: source + target calibration,source_test,很快的速度就过来了,1,0.511794,1,1
E1-lite: source + target calibration,source_test,北京大雨，还能提前15分钟送到，煎饼豆浆豆腐脑还是温热的，很好，很感动，会继续回购,1,0.506794,1,1
E1-lite: source + target calibration,source_test,越来越难吃了，不会再吃了,0,0.44134,0,1
E1-lite: source + target calibration,source_test,一个多小时不说，还打了n个电话才找到，送餐员也太笨了！送过来饭都洒了，流了我一桌子，不给差评都对不起你们，完全没有没食欲了,0,0.422163,0,1
E1-lite: source + target calibration,source_test,"送货小哥人很好，只是送过来的咖啡我想说你们做的咖啡里是忘记加咖啡了吗？还是巧克力不要钱？完全和热巧克巧一个味道…,真是惨痛的经历。",0,0.488596,1,0
E1-lite: source + target calibration,source_test,非常棒。就是有点少，不够吃。,1,0.510572,1,1
E1-lite: source + target calibration,source_test,点了两个套餐，只给一份薯条,0,0.456169,0,1
E1-lite: source + target calibration,source_test,干净卫生送货快,1,0.498472,1,1
E1-lite: source + target calibration,source_test,一个多小时，好漫长，都凉了……,0,0.430058,0,1
E1-lite: source + target calibration,source_test,辣白菜太酸，卷饼辣椒直接卷进去，味道一般，南瓜粥比较适合口味，下次不再点了,0,0.474194,1,0
E1-lite: source + target calibration,source_test,不好吃，饺子不太熟，土豆除了辣味啥都没有，毛血旺更是史无前例的难吃。绝没有第二次了一颗星都不想给，不给无法提交！,0,0.440946,0,1
E1-lite: source + target calibration,source_test,不好吃好吗！！粥都冷了！！饼是微波炉加热了吧特别干！！,0,0.448703,0,1
E1-lite: source + target calibration,source_test,石锅拌饭量太少酱太多，吃着特别咸！,0,0.484359,1,0
E1-lite: source + target calibration,source_test,菜撒了一半，多用个塑料袋装弄结实点儿没多费劲吧,0,0.47392,1,0
E1-lite: source + target calibration,source_test,配送快很满意就是炒饭将有太多啦,1,0.501198,1,1
E1-lite: source + target calibration,source_test,竟然没有勺子，怎么喝汤？,0,0.45443,0,1
E1-lite: source + target calibration,source_test,"我明明注明不吃辣的，还是放了辣椒。都浪费了,很生气！！！",0,0.455948,0,1
E1-lite: source + target calibration,source_test,"简直太慢了,史上最慢啊,两公里的路还要打两次电话问在哪里,醉了",0,0.447847,0,1
E1-lite: source + target calibration,source_test,味道不错呀，鸡翅好吃！,1,0.570382,1,1
E1-lite: source + target calibration,source_test,菜少，口味一般,0,0.466013,0,1
E1-lite: source + target calibration,source_test,就一点牛肉酱一点味也没有，，太差了,0,0.441095,0,1
E1-lite: source + target calibration,source_test,味道还可以。,1,0.49098,1,1
E1-lite: source + target calibration,source_test,经常买这家的饺子，味道棒棒哒！,1,0.508508,1,1
E1-lite: source + target calibration,source_test,送的特别快,1,0.504381,1,1
E1-lite: source + target calibration,source_test,接线员的服务态度差，都不敢打电话咨询了，其他方面很好,0,0.487152,1,0
E1-lite: source + target calibration,source_test,没有想像中好吃,0,0.496848,1,0
E1-lite: source + target calibration,source_test,肘子就是几块猪肉，光有情怀有啥用~,0,0.488177,1,0
E1-lite: source + target calibration,source_test,秘制凉皮怎么那么多油啊。。跟西二旗那家有点不一样。太油腻了。肉夹馍还可以。,0,0.463785,0,1
E1-lite: source + target calibration,source_test,送餐师傅很好，味道好极啦,1,0.558346,1,1
E1-lite: source + target calibration,source_test,速度挺快的。包子挺好吃，凉菜量太少！,1,0.530071,1,1
E1-lite: source + target calibration,source_test,我点的是拌饭。饭太少了,0,0.460917,0,1
E1-lite: source + target calibration,source_test,披萨很好，值得推荐，性价比很高，跟店里一样,1,0.519518,1,1
E1-lite: source + target calibration,source_test,锅包肉做的一点不好吃,0,0.468882,0,1
E1-lite: source + target calibration,source_test,很好吃，也很快，不错！,1,0.614391,1,1
E1-lite: source + target calibration,source_test,煎饼很好吃~,1,0.558857,1,1
E1-lite: source + target calibration,source_test,"不错,份量很足味道,也不错",1,0.548635,1,1
E1-lite: source + target calibration,source_test,饼快坏了，这次特别不好吃,0,0.472315,1,0
E1-lite: source + target calibration,source_test,"真是奇葩宇宙卷饼外送服务。说下这家的感受，一共点过三次此家的外卖。第一次点，早上十点半不到下单，下午两点硬是没吃上饭，期间催单无数次，打电话要么不通要么通了就说送餐员一直在路上马上送到，愣是被忽悠一大中午，无语。无奈只好把当天体验在评价里留言给予差评，结果晚上下班接到店家的电话，各种不容易，服务没做好等等道歉，OK咱们也不是蛮不讲理之人，创业做生意谁都不容易，也许当天真是店里忙不过来，你让我把差评删除没问题，也希望能有所改进。第二次点餐服务还是不错的，送餐只用了50分钟而且产品的包装和配送人员都不错.,第三次点餐，也就是今天，早上10:09下单，送餐员中午1:08拿着餐急急火火的进门，一句道歉的话没说，我问了句“你家怎么送餐这么慢，都三个小时了”，送餐小哥一脸不愿意的说中午就是这么忙，那还要不要？遂忿忿离去。我去真牛，感情你送餐晚，送不到怪我喽？送的慢你不知道提前电话沟通下吗，不打电话问你们，就装着没事人一样。得了，对这家也不抱什么希望了，宇宙卷饼就是这么霸气！",0,0.457224,0,1
E1-lite: source + target calibration,source_test,还可以吧。,0,0.48459,1,0
E1-lite: source + target calibration,source_test,很好吃，送餐大姐人很好，特别准时,1,0.578308,1,1
E1-lite: source + target calibration,source_test,饼真心不是我想吃的那样的,1,0.475834,1,1
E1-lite: source + target calibration,source_test,送餐小哥特别好，饭也不错,1,0.548782,1,1
E1-lite: source + target calibration,source_test,太他妈的慢了，早餐送过来吃成了中午饭，真够可以的,0,0.452622,0,1
E1-lite: source + target calibration,source_test,煎饼是我吃过的最好吃的煎饼，大个，重要的是没有一点没糊，油条非常低油，感觉很健康，味道也很好。抄手很够味，但调料稍微偏咸。豆腐脑很赞！很实，卤汁很解渴。椒盐双菇也不错。,1,0.538329,1,1
E1-lite: source + target calibration,source_test,人很好，菜也不错。很满意,1,0.547,1,1
E1-lite: source + target calibration,source_test,"完全化了,奶油烂糟糟的",0,0.466061,0,1
E1-lite: source + target calibration,source_test,"慢,一次比一次慢,再也不定了",1,0.463116,0,0
E1-lite: source + target calibration,source_test,串串有油臭味，不知道是油的原因，外面那层肉不新鲜。希望提高食材质量。今天买的串都扔了。,0,0.463613,0,1
E1-lite: source + target calibration,source_test,"不错,送饭的哥们很给力",1,0.523153,1,1
E1-lite: source + target calibration,source_test,"快递师傅送的很快,给个赞",1,0.527444,1,1
E1-lite: source + target calibration,source_test,"非常干净,味道也合适,满意",1,0.52713,1,1
E1-lite: source + target calibration,source_test,够爽，好吃，一个人吃有点多,1,0.529008,1,1
E1-lite: source + target calibration,source_test,送歺太慢！,0,0.456263,0,1
E1-lite: source + target calibration,source_test,订餐这么久，第一次觉得送餐服务差到极点了，哎服了！,0,0.46395,0,1
E1-lite: source + target calibration,source_test,千叶豆腐里吃出一张破纸！！都粘在豆腐上了！恶心死了！,0,0.454489,0,1
E1-lite: source + target calibration,source_test,金银馒头不适合外送，金馒头一闷都软了,1,0.484665,1,1
E1-lite: source + target calibration,source_test,速度很快，服务好，稻香村食品也特别好吃。,1,0.581387,1,1
E1-lite: source + target calibration,source_test,"我的粥怎么没送过来。,赠送的饮料也没有。没有就不要写在订单了！玩呢？",0,0.421433,0,1
E1-lite: source + target calibration,source_test,"好难吃!,冷面是糠的，没吃过这么难吃的",0,0.449613,0,1
E1-lite: source + target calibration,source_test,无敌慢！！昨天2小时，今天依旧2个半小时都，居然还没送到,0,0.419831,0,1
E1-lite: source + target calibration,source_test,两个小时才到，饿昏了。不过还是很好吃的。,0,0.477956,1,0
E1-lite: source + target calibration,source_test,送饭炒鸡慢，以后不会再订了,0,0.45423,0,1
E1-lite: source + target calibration,source_test,"味道没问题,但是可能中午实在是太忙了,从11点多下订单到1点才送到………而且薏米水也没给配送,后来又补送的…貌似也没给吸管……这次外卖是最不满意的一次",0,0.454073,0,1
E1-lite: source + target calibration,source_test,漏了这次的评价，真心赞，非常非常棒,1,0.505643,1,1
E1-lite: source + target calibration,source_test,提前一个多小时订的，结果晚了18分钟，就看地图我的饭跟着送饭大叔这个到处跑呀！到了红薯都塌了，还嘭嘭脆什么呀！,0,0.431799,0,1
E1-lite: source + target calibration,source_test,有点咸。八宝菜更咸(>﹏<),1,0.502971,1,1
E1-lite: source + target calibration,source_test,很快很好很快很好吃,1,0.631022,1,1
E1-lite: source + target calibration,source_test,送的挺快，半小时吧就到了，但是味道不太好吃,0,0.500406,1,0
E1-lite: source + target calibration,source_test,"配送员差劲,态度恶劣,找不着路,还说脏话,菌菇汤要自己拿开水泡,下次不买了",0,0.49101,1,0
E1-lite: source + target calibration,source_test,不错不错，味道可以！速度也还可以,1,0.574737,1,1
E1-lite: source + target calibration,source_test,"送餐超慢，晚了一个多小时，催了三次,菜品油太大，除了汤还行，其他的都糊嘴,并且，说好了满100送大可乐，特意凑的单，结果送到了说没拿，打电话到店里结果接了之后说查一下给我回电话，然后就没有消息了",0,0.41966,0,1
E1-lite: source + target calibration,source_test,我的卤鸡蛋呢,0,0.471265,1,0
E1-lite: source + target calibration,source_test,买了一份拉面都没有餐具呀怎么吃,1,0.446817,0,0
E1-lite: source + target calibration,source_test,挺好吃，不过有一点咸,1,0.520234,1,1
E1-lite: source + target calibration,source_test,这个披萨好肉啊,1,0.485812,1,1
E1-lite: source + target calibration,source_test,咖啡全洒了……送餐员态度很差……,0,0.484216,1,0
E1-lite: source + target calibration,source_test,等了好久好久，白菜变豆腐丝了，好郁闷,0,0.472031,1,0
E1-lite: source + target calibration,source_test,挺不错的，每个饺子一个格子放的很方便不会黏在一起,1,0.506192,1,1
E1-lite: source + target calibration,source_test,觉得很好，味道不会很重很油腻，肯定不是地沟油。,1,0.535682,1,1
E1-lite: source + target calibration,source_test,不知道是送错了还是本来就分量少，我这个大份的，特别小。。,0,0.469152,0,1
E1-lite: source + target calibration,source_test,煎饼送过来都软，凉了。。。豆花也冷了。。请问我应该如何评价？,0,0.451709,0,1
E1-lite: source + target calibration,source_test,十点多点的，快两点才到，这速度，也是醉了。以后吧不会再买。,0,0.456423,0,1
E1-lite: source + target calibration,source_test,"两个字，恶心。蛋太生，沙拉竟然给我一包番茄酱，香肠和土豆泥都没有酱汁，那么干怎么吃？,总之和第一次相比差很远",0,0.439625,0,1
E1-lite: source + target calibration,source_test,"都冷掉了,皮都軟掉了,可能還是得去店裡吃",0,0.471246,1,0
E1-lite: source + target calibration,source_test,"好几次了,菜都有点凉了",0,0.487536,1,0
E1-lite: source + target calibration,source_test,不错，肉很多，包装也挺干净,1,0.54653,1,1
E1-lite: source + target calibration,source_test,味道很好，米饭软硬也刚刚好。,1,0.537341,1,1
E1-lite: source + target calibration,source_test,配送非常迅速態度非常好给个赞,1,0.542756,1,1
E1-lite: source + target calibration,source_test,订单上有饮料，送来的却没有.菜一般，送饭一个小时左右,0,0.417958,0,1
E1-lite: source + target calibration,source_test,送的是在是太慢了,0,0.45218,0,1
E1-lite: source + target calibration,source_test,瞬间就送到了，冬天吃外卖好温馨,1,0.477379,1,1
E1-lite: source + target calibration,source_test,排骨咸的要命，简直没法吃。牛肉面更咸了。都可以飞上天了。再也不想吃第二次了。,0,0.457027,0,1
E1-lite: source + target calibration,source_test,好吃，量也大，值得推荐,1,0.531523,1,1
E1-lite: source + target calibration,source_test,太辣了。。不会再爱了,0,0.453196,0,1
E1-lite: source + target calibration,source_test,说了三遍加奶油，还是忘了，好难喝,0,0.477867,1,0
E1-lite: source + target calibration,source_test,百度骑士特别给力，奶茶是经典大家都爱喝。,1,0.523222,1,1
E1-lite: source + target calibration,source_test,"太慢了,每次一个小时以上",1,0.419859,0,0
E1-lite: source + target calibration,source_test,时间提前太多，到吃饭的点都凉了，希望下次改善，量有些少，再增加点就好了,0,0.470732,1,0
E1-lite: source + target calibration,source_test,"很不错,很好吃",1,0.598396,1,1
E1-lite: source + target calibration,source_test,比想象中快多了～赞一个,1,0.496455,1,1
E1-lite: source + target calibration,source_test,商家没有给赠送的饮料,0,0.458347,0,1
E1-lite: source + target calibration,source_test,不错～很好！！点了两份，中午下午都有了～,1,0.515883,1,1
E1-lite: source + target calibration,source_test,第一次吃没拌饭酱的拌饭..,0,0.475625,1,0
E1-lite: source + target calibration,source_test,鸭翅都坏了，还拿给客人，真是挣钱不要名誉啊。,0,0.461193,0,1
E1-lite: source + target calibration,source_test,芝士非常多,1,0.54216,1,1
E1-lite: source + target calibration,source_test,喜欢吃黄焖鸡，味道棒棒哒,1,0.522969,1,1
E1-lite: source + target calibration,source_test,差评！没见过比这更慢得外卖，差评！而且还难吃。！,0,0.451511,0,1
E1-lite: source + target calibration,source_test,不错，味道很好，提点小小建议，要是能配上点腌菜或者拌菜就很好了,1,0.589833,1,1
E1-lite: source + target calibration,source_test,半个小时就到了~而且很值喔~,1,0.457362,0,0
E1-lite: source + target calibration,source_test,简直太难吃了,0,0.453707,0,1
E1-lite: source + target calibration,source_test,10.40定的，11.50到的，真是服了气了，黄焖鸡吃的像红烧鸡块，不说了，绝对不在这里点了,0,0.44576,0,1
E1-lite: source + target calibration,source_test,送餐速度不错，食材太差，吃完嘴发麻，头晕晕的。以后再也不会吃了,0,0.497217,1,0
E1-lite: source + target calibration,source_test,菜味很棒，希望继续努力，支持你！,0,0.505848,1,0
E1-lite: source + target calibration,source_test,忘记说甜酱和辣酱多加了，呵呵，新款很不错，配菜丰富很好吃！！,1,0.573087,1,1
E1-lite: source + target calibration,source_test,接电话那女的态度差的像借她家米还她家糠似的，女鬼似的凄厉，打两次电话两次如此，一直去他家吃饭，订餐，发誓没有第二次,0,0.455311,0,1
E1-lite: source + target calibration,source_test,鸭头用的袋子居然还收包装费，速度太慢，打了两个电话还没找到，最后下楼自己取得,0,0.453259,0,1
E1-lite: source + target calibration,source_test,菜品还不错,1,0.539579,1,1
E1-lite: source + target calibration,source_test,非常快，非常好，没啥说的,1,0.557465,1,1
E1-lite: source + target calibration,source_test,"送了一个多小时,两点吃上的,有点夸张了吧",0,0.444334,0,1
E1-lite: source + target calibration,source_test,潜力股，你值得拥有,1,0.483772,1,1
E1-lite: source + target calibration,source_test,"味道不错,肉少点儿",1,0.56843,1,1
E1-lite: source + target calibration,source_test,好吃！！好吃！！！招牌菜醋溜木须！！！,1,0.489275,1,1
E1-lite: source + target calibration,source_test,一般，价格味道不成比…,0,0.491061,1,0
E1-lite: source + target calibration,source_test,时间有些长,0,0.476137,1,0
E1-lite: source + target calibration,source_test,非常好！！我家住六层，送餐人员直接就爬上来了送到家门口，态度特别好，辛苦！感谢！,1,0.531212,1,1
E1-lite: source + target calibration,source_test,"一个半小时诶。。。点了套餐,没带粥来,肉卷是凉的。心凉！",0,0.431371,0,1
E1-lite: source + target calibration,source_test,超级好喝，几乎老点…送餐员师傅态度很好！赞！,1,0.556013,1,1
E1-lite: source + target calibration,source_test,土豆泥以前很好吃的，不知为什么这次特别干？！,1,0.517627,1,1
E1-lite: source + target calibration,source_test,糖醋里脊不是很好吃，因为没有交汁儿！水煮肉还行，总的来说量很大！,0,0.523557,1,0
E1-lite: source + target calibration,source_test,送的挺快的，稍微有点腻,1,0.513533,1,1
E1-lite: source + target calibration,source_test,"服务好,速度快",1,0.539595,1,1
E1-lite: source + target calibration,source_test,川湘菜做成江浙沪菜，鱼香茄子是甜味,0,0.485249,1,0
E1-lite: source + target calibration,source_test,味道不错，还有手套送。送餐速度也挺快的，满意！,1,0.559389,1,1
E1-lite: source + target calibration,source_test,点了一份米线，单加了鹌鹑蛋、鸡纵菌、里脊肉、鸡肉片和云腿。除了两个鹌鹑蛋和一片云腿，其他单加的东西连影子都看不到，这么昧着良心挣钱真的好吗？真的不怕别人敲得后脊梁咚咚响吗？,0,0.455978,0,1
E1-lite: source + target calibration,source_test,配送很棒！很速度，服务也很好,1,0.544941,1,1
E1-lite: source + target calibration,source_test,肉很足，很香。中份的量也很大，足够吃了。不爱吃肉的慎点，肉多的吃得有点恶心了,1,0.503041,1,1
E1-lite: source + target calibration,source_test,送餐的大叔非常好,1,0.527682,1,1
E1-lite: source + target calibration,source_test,煎饼还行，红油抄手好多油啊…,1,0.482574,1,1
E1-lite: source + target calibration,source_test,这是石板烤牛肉，还是tm的石板烤粉丝？还不地拌饭的量大！失望至极！,0,0.4699,0,1
E1-lite: source + target calibration,source_test,速度很快，大雾霾天外卖骑士态度都很好，赞赞赞！,1,0.57718,1,1
E1-lite: source + target calibration,source_test,凉皮可以，肉夹馍真心不好吃,0,0.479774,1,0
E1-lite: source + target calibration,source_test,很好，很喜欢，希望出更多新口味。,1,0.541188,1,1
E1-lite: source + target calibration,source_test,"大拌菜完全就是坑爹的,再不来这家店了,坑爹,艹",0,0.482846,1,0
E1-lite: source + target calibration,source_test,为什么里面的饮料没有图片上有，送达没有，而且还贵了2块钱！,0,0.439315,0,1
E1-lite: source + target calibration,source_test,非常好，夏天正合适,1,0.561074,1,1
E1-lite: source + target calibration,source_test,送的很快，谢谢很准啊,1,0.537424,1,1
E1-lite: source + target calibration,source_test,送餐及时，味道不错～～优惠了好多～,1,0.557839,1,1
E1-lite: source + target calibration,source_test,快递员没送到最终目的地,0,0.475602,1,0
E1-lite: source + target calibration,source_test,"挺快的,好吃",1,0.52279,1,1
E1-lite: source + target calibration,source_test,"怎么回事啊,拿铁我要的是杏仁,上次还电话告知没有需不需要更换这次又随便打一杯普通的送来了",0,0.45019,0,1
E1-lite: source + target calibration,source_test,2个半小时还有啥说的，最后一次,0,0.44507,0,1
E1-lite: source + target calibration,source_test,挺好吃的。非常喜欢。,1,0.556307,1,1
E1-lite: source + target calibration,source_test,卤蛋点了没送！,0,0.467269,0,1
E1-lite: source + target calibration,source_test,味道挺好的，南瓜羹量太少,1,0.514362,1,1
E1-lite: source + target calibration,source_test,饺子没煮熟，还粘在一起了。茶树菇里都是辣椒。再不点他家的东西了！,0,0.462157,0,1
E1-lite: source + target calibration,source_test,还好，一般,0,0.486807,1,0
E1-lite: source + target calibration,source_test,这个价格肯定值,1,0.480167,1,1
E1-lite: source + target calibration,source_test,真的很难吃。。,0,0.462642,0,1
E1-lite: source + target calibration,source_test,一个半小时送到，粉都砣在一起了，很无语,0,0.437897,0,1
E1-lite: source + target calibration,source_test,送餐速度快，服务热情，大拌菜不错，整体好评,1,0.563176,1,1
E1-lite: source + target calibration,source_test,好吃非常好吃非常高兴,1,0.584168,1,1
E1-lite: source + target calibration,source_test,卷饼很实惠，粥里没糖,1,0.501436,1,1
E1-lite: source + target calibration,source_test,餐到的有点早，不知道味道咋样，还没次,1,0.482234,1,1
E1-lite: source + target calibration,source_test,羊杂味道超级正宗！最主要的是快递小哥特别好，特别贴心，还给拿了辣椒油，而且态度特别好，特别好，特别好！重要的事情要说三遍！,1,0.532169,1,1
E1-lite: source + target calibration,source_test,速度很快，时间刚刚好,1,0.546667,1,1
E1-lite: source + target calibration,source_test,送的有点慢，不过师傅很辛苦给5分吧,1,0.511826,1,1
E1-lite: source + target calibration,source_test,"非常好,服务棒极了下次还来",1,0.546502,1,1
E1-lite: source + target calibration,source_test,"一直很好的卷饼，但是这次拿到餐就觉得纸袋下面湿的，打开包装发现里面粥是倒的……,粥撒了……",1,0.496352,1,1
E1-lite: source + target calibration,source_test,很好吃，但是送餐有点儿慢,1,0.554409,1,1
E1-lite: source + target calibration,source_test,没有想象中的好吃,0,0.498909,1,0
E1-lite: source + target calibration,source_test,送餐不准时,0,0.50678,1,0
E1-lite: source + target calibration,source_test,时间太久了，米线到这里已经烂掉了，送餐太慢,0,0.436525,0,1
E1-lite: source + target calibration,source_test,消费已经满50元，可是没有赠霸王鸡条！而且点了薯条，没有给番茄酱！,0,0.442156,0,1
E1-lite: source + target calibration,source_test,好大一份啊，很好吃,1,0.557615,1,1
E1-lite: source + target calibration,source_test,十一点七分订餐一点送到。很牛逼的饭店，那么久没送过来想取消订单电话总是打不通。细品粗粮？？？饭店名貌似叫细品干锅辣鸭头。百度了他家另部座机能打通没人接…送来的餐盒还烂了～订餐的朋友们注意了啊……真心没田老师红烧肉份量多…个人意见,0,0.441196,0,1
E1-lite: source + target calibration,source_test,134分钟才送到，从楼上走下去，反而送餐员还急了，嫌我下楼慢,0,0.452054,0,1
E1-lite: source + target calibration,source_test,送餐比蜗牛还慢！晚了2个小时一辈子都不会在光顾,0,0.439368,0,1
E1-lite: source + target calibration,source_test,"晚送到就不说了,，鳕鱼还是辣的，屮艸芔茻！！",0,0.451697,0,1
E1-lite: source + target calibration,source_test,味道很好，菜量挺大，两人没吃完。,1,0.537406,1,1
E1-lite: source + target calibration,source_test,味道很好，送餐快,1,0.556229,1,1
E1-lite: source + target calibration,source_test,备注说了要皮蛋粥，给我南瓜粥,0,0.481595,1,0
E1-lite: source + target calibration,source_test,基本不给低评价，这次是真怒了。早8点一过就下单晚到30分钟以上也就罢了，还联系不上，也不打电话说，孩子饿的不停叫唤。最后送来要的传统早餐套配错了，就一杯豆浆和咸菜。油条和豆腐脑不知所踪。也没让再补，因为已经10点了再送来就是中午饭了。真心不愉快。,0,0.438366,0,1
E1-lite: source + target calibration,source_test,吃出了塑料纸，感觉真不爽,0,0.488704,1,0
E1-lite: source + target calibration,source_test,挺不错的，快递员找了好久才找到，很辛苦,1,0.531566,1,1
E1-lite: source + target calibration,source_test,太sb了，要的肘子送个鸡腿,0,0.464212,0,1
E1-lite: source + target calibration,source_test,一如既往的味道我喜欢的口味,1,0.510905,1,1
E1-lite: source + target calibration,source_test,面太硬，没有熟,0,0.452268,0,1
E1-lite: source + target calibration,source_test,"不知道黄家是没有薄脆的。。不爱吃，,肉松的不错",1,0.485433,1,1
E1-lite: source + target calibration,source_test,超好吃，最爱，棒棒哒，都不用自己出门,1,0.511744,1,1
E1-lite: source + target calibration,source_test,适饭量小的,0,0.484967,1,0
E1-lite: source + target calibration,source_test,全凉了，面都硬了。送的慢可以理解，大冷天没用保温箱还是奇葩的锡纸包装，没法放微波炉。,0,0.47467,1,0
E1-lite: source + target calibration,source_test,定了正一味的辣白菜，18元分量很少，没有米饭，味道一般,0,0.450648,0,1
E1-lite: source + target calibration,source_test,点了三个菜，师傅拿来六盒子，量很大的。千叶豆腐和包菜咸了点，鱼香肉丝咸淡刚刚好，口味很好，干净卫生，没想到这么好，还送了几颗山楂，希望品质会一直保持，还会再来滴。,1,0.512651,1,1
E1-lite: source + target calibration,source_test,感觉没有外婆家卷饼好吃,1,0.501724,1,1
E1-lite: source + target calibration,source_test,晚了一小时。。。也没半价呀,0,0.434262,0,1
E1-lite: source + target calibration,source_test,送餐员非常到位，速度也很快，到时餐还是热的。馅饼超好吃，炒饭也不错，就是有点淡，也许是我口味重吧。,1,0.576362,1,1
E1-lite: source + target calibration,source_test,要双面煎熟的鸡蛋结果备注不管用。,0,0.467552,0,1
E1-lite: source + target calibration,source_test,"等了一个小时,字数布丁",0,0.42632,0,1
E1-lite: source + target calibration,source_test,"猪肉,好吗,哎,不说啥了",0,0.483255,1,0
E1-lite: source + target calibration,source_test,骑士师傅辛苦了，大冷天的。,1,0.520141,1,1
E1-lite: source + target calibration,source_test,送餐快，非常好,1,0.545603,1,1
E1-lite: source + target calibration,source_test,很给力！价格便宜，好吃！,1,0.534911,1,1
E1-lite: source + target calibration,source_test,赞，师傅很辛苦，很好,1,0.542341,1,1
E1-lite: source + target calibration,source_test,味道还可以，量也挺足的。不过现在是用代金券和支付优惠，如果单论单品价格就比较高了,1,0.49434,1,1
E1-lite: source + target calibration,source_test,好吃，希望速度加快,1,0.539824,1,1
E1-lite: source + target calibration,source_test,味道不错，配菜有黄瓜、萝卜、蘑菇，,1,0.577919,1,1
E1-lite: source + target calibration,source_test,一般般，太腻,0,0.45751,0,1
E1-lite: source + target calibration,source_test,实惠、好吃！好慢啊……,0,0.523371,1,0
E1-lite: source + target calibration,source_test,今天的酱香鸡腿肉竟然是辣的，郁闷，本来的好吃多了,0,0.492339,1,0
E1-lite: source + target calibration,source_test,吃过最难吃的披萨和鱼香茄子，厨师自己肯定是不吃的,0,0.468174,0,1
E1-lite: source + target calibration,source_test,送餐很快，小菜很好吃,1,0.577966,1,1
E1-lite: source + target calibration,source_test,"很好,包装也很好",1,0.565675,1,1
E1-lite: source + target calibration,source_test,两个小时，醉了,0,0.424103,0,1
E1-lite: source + target calibration,source_test,换厨师了，完全不是那个味道了，咱家丸子能少搁面吗？,0,0.46158,0,1
E1-lite: source + target calibration,source_test,送得慢咱忍了，卷饼凉透了咱也忍了，尼玛劳资明明点的皮蛋瘦肉粥，是粥是粥是粥，送了个王老吉过来神马意思！！！好吧，就算太忙送错东西也可以理解，尼玛电话打不通，打不通，不通，这TM神马意思！！！到现在解释都没有一个，尼玛劳资现在一颗星也不想给。宇宙卷饼，差到不行，继续多说，影响心情。,0,0.443195,0,1
E1-lite: source + target calibration,source_test,太难吃了，梅菜扣肉是甜的，小炒肉也非常难吃，这是我第一次点他们家的，也是我最后一次点。业界良心，希望给各位参考,0,0.459887,0,1
E1-lite: source + target calibration,source_test,包装很用心，而且还送了手套，味道不错,1,0.538496,1,1
E1-lite: source + target calibration,source_test,垃圾，慢死了,0,0.467162,0,1
E1-lite: source + target calibration,source_test,觉得酱香更好吃,1,0.519365,1,1
E1-lite: source + target calibration,source_test,外卖，师傅都一级棒。师傅还主动帮忙帮我把垃圾带下去，太贴心了。,1,0.476024,1,1
E1-lite: source + target calibration,source_test,青城饭菜很好，配送服务也快！,1,0.541121,1,1
E1-lite: source + target calibration,source_test,服务态度很好。,1,0.539853,1,1
E1-lite: source + target calibration,source_test,"还行,送货挺快",0,0.495115,1,0
E1-lite: source + target calibration,source_test,送餐还是很快的，师傅特别客气，非常好,1,0.547916,1,1
E1-lite: source + target calibration,source_test,"超级不好吃,超级慢,打电话取消还不给我取消,一个多小时才到",0,0.432707,0,1
E1-lite: source + target calibration,source_test,送餐很快，服务态度很好，还会再来,1,0.562691,1,1
E1-lite: source + target calibration,source_test,每一款都喜欢！太久没吃过油条了！赞赞赞！,1,0.489875,1,1
E1-lite: source + target calibration,source_test,石锅拌饭量很小而且不好吃，蔬菜沙拉只有蔬菜连料包和沙拉酱都没有，完全没有味道。,0,0.458742,0,1
E1-lite: source + target calibration,source_test,"都在一个小区,给我送了一个半小时,即使11点送,也等了一个钟头,小炒肉名副其实的小,肉小而且少,照片上的大肉片是拿放大镜照的吧,多亏了我看评价,知道量少,又买份米,不然妥妥的又要买零食",0,0.42843,0,1
E1-lite: source + target calibration,source_test,"不错,第二次购买了,很喜欢",1,0.518773,1,1
E1-lite: source + target calibration,source_test,送餐很快，送餐人员很热情！～,1,0.527506,1,1
E1-lite: source + target calibration,source_test,"非常差,味道差,服务差,打电话过去服务员素质太低,没办法,素质一天教育不出来",0,0.495842,1,0
E1-lite: source + target calibration,source_test,真！的！太！难！吃！了！！！什么味都没有！！不知道为什么这么贵！！还不如去买个老北京！！！！,0,0.427826,0,1
E1-lite: source + target calibration,source_test,又没送餐具，非要让我们当原始人，上手抓啊？,0,0.475717,1,0
E1-lite: source + target calibration,source_test,真的是超级慢啊，以后不会再选了,0,0.463422,0,1
E1-lite: source + target calibration,source_test,今天菜品普遍反应较差，好几个同事一起订，结果都说很失望，特别是荤菜差太多，希望店家多考虑一下吃货们的感觉…期待下次就餐能有所改善，谢谢!,0,0.491245,1,0
E1-lite: source + target calibration,source_test,味道不错，只是点了青笋没送过来,1,0.541079,1,1
E1-lite: source + target calibration,source_test,太差劲了吧，同一个店，外卖包装居然相差那么多，昨天的饮料是罐装，今天是纸杯，昨天的餐盒是双层保温的，今天就单层，最过分的是，我点的芝士泡菜炒饭，结果只是泡菜炒饭，没看到一点芝士，味道也没有芝士味道，希望给我个能说得过去的理由。,0,0.456521,0,1
E1-lite: source + target calibration,source_test,太慢！！味道一般！！,0,0.439886,0,1
E1-lite: source + target calibration,source_test,太慢了等了1个多小时才送到,0,0.402665,0,1
E1-lite: source + target calibration,source_test,"菜很便宜,也很实惠,个人认为以后不会再定了",0,0.478172,1,0
E1-lite: source + target calibration,source_test,幸好有一瓶老干妈来拯救这份饭。肉少，米饭就跟泡水里一样。,0,0.463466,0,1
E1-lite: source + target calibration,source_test,送餐速度快，菜量很充足。,1,0.523311,1,1
E1-lite: source + target calibration,source_test,送来的时候，热气腾腾，第一次吃到这么可口的外卖,1,0.467951,0,0
E1-lite: source + target calibration,source_test,"肘子卷饼辣的挺爽,鸡肉卷真不错,快递员态度超好,赞",1,0.520432,1,1
E1-lite: source + target calibration,source_test,"不好吃,不是炒菜是咕嘟菜",0,0.475244,1,0
E1-lite: source + target calibration,source_test,很快很好。谢谢。辛苦了。,1,0.564534,1,1
E1-lite: source + target calibration,source_test,第二次买了，味道很好!,1,0.526042,1,1
E1-lite: source + target calibration,source_test,吃完到现在反胃，全部吐出来了,0,0.480183,1,0
E1-lite: source + target calibration,source_test,送餐及时，服务热情，美味,1,0.514976,1,1
E1-lite: source + target calibration,source_test,"送来的时候只送了一份，打电话过去补送了一份菜，没有米饭，催了好几次，都一个多小时了,米饭还没送来",0,0.419414,0,1
E1-lite: source + target calibration,source_test,味道太甜了～,1,0.536123,1,1
E1-lite: source + target calibration,source_test,冒雨送餐，感谢！,1,0.496739,1,1
E1-lite: source + target calibration,source_test,速度太慢，味道一般。,0,0.462105,0,1
E1-lite: source + target calibration,source_test,"皮太硬啦～,不好吃～",0,0.478999,1,0
E1-lite: source + target calibration,source_test,卷饼挺好～凉拌木耳味道不太对，可能天热有些坏了,1,0.518548,1,1
E1-lite: source + target calibration,source_test,里面加肉的有些腻，下次尝尝土豆丝的~~但是超级好吃~~,1,0.513663,1,1
E1-lite: source + target calibration,source_test,太惊喜了，刚订上就送来了，而且感觉比以前好吃了，包装盒也从圆的变成了方的，非常棒,1,0.479078,1,1
E1-lite: source + target calibration,source_test,我的饭送错了。,0,0.468005,0,1
E1-lite: source + target calibration,source_test,太差了！送的都是坏的！要求退了！太无语了！,0,0.452029,0,1
E1-lite: source + target calibration,source_test,等收到的时候，卤煮是温的，饼是凉的。速度慢。,1,0.469952,0,0
E1-lite: source + target calibration,source_test,"饭店给下错单了,少送了2份,并且态度非常不好,配送员态度非常好,希望改善一下饭店的服务态度",0,0.513093,1,0
E1-lite: source + target calibration,source_test,喜欢这个味,1,0.499166,1,1
E1-lite: source + target calibration,source_test,送餐可能没有看我标记的送餐时间，提前送来了，飘香肘子的很好吃,1,0.490105,1,1
E1-lite: source + target calibration,source_test,不好吃。分量少。送货太慢。,0,0.474203,1,0
E1-lite: source + target calibration,source_test,商家不负责，百度外卖也不负责，推来推去的！垃圾软件，赶紧黄了吧，不是一次两次了！到最后还不是我饿着肚子？钱到你们手里就不管了？,0,0.457296,0,1
E1-lite: source + target calibration,source_test,就是粥少了点,1,0.501303,1,1
E1-lite: source + target calibration,source_test,吸管都没有,0,0.444621,0,1
E1-lite: source + target calibration,source_test,科大这两步路送了一个多小时，啥也不说了，再也不见,0,0.420022,0,1
E1-lite: source + target calibration,source_test,味道很不错，快递也给力,1,0.580293,1,1
E1-lite: source + target calibration,source_test,餐盒很差劲，汁全撒了,0,0.472817,1,0
E1-lite: source + target calibration,source_test,送餐小哥服务太周到了,1,0.523614,1,1
E1-lite: source + target calibration,source_test,超快超靠谱，辛苦小哥了,1,0.522147,1,1
E1-lite: source + target calibration,source_test,"好吃,物美价廉,很快,服务态度好,好评",1,0.550377,1,1
E1-lite: source + target calibration,source_test,"送餐非常快,态度特别好,谢谢",1,0.546451,1,1
E1-lite: source + target calibration,source_test,送餐很慢，鸡肉腥味很重,0,0.483216,1,0
E1-lite: source + target calibration,source_test,3个小时10分钟，,0,0.443918,0,1
E1-lite: source + target calibration,source_test,订餐94分钟才送到，各种菜都没有，没有就不要接订单。,0,0.413396,0,1
E1-lite: source + target calibration,source_test,要了腊八蒜，没给,0,0.459746,0,1
E1-lite: source + target calibration,source_test,好吃，送的特别快，好评,1,0.549245,1,1
E1-lite: source + target calibration,source_test,"真的很棒,没啥说的了,嗯嗯,棒棒的",1,0.488347,1,1
E1-lite: source + target calibration,source_test,泡馍送到汤全没了。坨成一团没法吃。勾魂凉皮难吃至极佐料都没放什么味道都没有。除了辣什么味道也没有。不会再来买饭。贵品质差,0,0.437106,0,1
E1-lite: source + target calibration,source_test,非常快，没有肉，估计是不在正餐时间的原因,1,0.486355,1,1
E1-lite: source + target calibration,source_test,差评！！！实在不知道该说什么，事情太复杂，送餐人员一开始就打了一个电话，因为手机静音没有接到，马上就打回去了，结果说已经到别的学校了，好吧，那就等，结果期间又打了三个电话，还是晚了五十分钟送到了，总共等了将近两个小时。送到了也就没什么了，结果取餐的时候，我们还没说什么，送餐人员直接抢白，说因为我一开始没有接电话，他送了一圈饭，最后又回来我们这边。我们都能理解送餐人员的辛苦，可是您态度太不好了吧！说句凶残的话，怪我咯！！总之，任性，就三星！,0,0.414639,0,1
E1-lite: source + target calibration,source_test,送餐晚到半小时不说，还给弄翻一道菜，菜汤弄的哪都是，真是无语了。,0,0.449198,0,1
E1-lite: source + target calibration,source_test,点这家三次了，每次都把东西洒出来，让人怎么吃呢！,0,0.463418,0,1
E1-lite: source + target calibration,source_test,好吃，送货员很好，就是太大了，切开就好了,1,0.552255,1,1
E1-lite: source + target calibration,source_test,送餐太慢，导致粉都坨了,0,0.455186,0,1
E1-lite: source + target calibration,source_test,好评，送餐的小哥送的很快,1,0.512005,1,1
E1-lite: source + target calibration,source_test,味道很差，饭很油,0,0.496948,1,0
E1-lite: source + target calibration,source_test,准时到达，非常满意,1,0.514605,1,1
E1-lite: source + target calibration,source_test,饭菜不错，量足，但手机没信号就没接到电话，打电话过去服务员态度特别不好,0,0.49466,1,0
E1-lite: source + target calibration,source_test,包装精美，送餐及时，送餐员态度好。肉多味道好。,1,0.519833,1,1
E1-lite: source + target calibration,source_test,好吃哦，皮蛋粥也不错,1,0.540744,1,1
E1-lite: source + target calibration,source_test,东西味道还可以但是送餐送了俩小时非高峰时段这速度真无语,0,0.480116,1,0
E1-lite: source + target calibration,source_test,辣椒醋备注了都不给我，啥意思,0,0.457694,0,1
E1-lite: source + target calibration,source_test,太慢了……等了127分钟,0,0.437233,0,1
E1-lite: source + target calibration,source_test,13元的煎饼口味也不是很特别，送餐85分钟，距离1公里，不知道这服务以后怎么做外卖,0,0.471009,1,0
E1-lite: source + target calibration,source_test,"要了两份米饭，只给了一盒。,一份菜是侧着放的，菜汤流了一桌子。",0,0.454834,0,1
E1-lite: source + target calibration,source_test,米线没问题、可是送来汤全洒了、写了要带辣椒也没有带,0,0.442849,0,1
E1-lite: source + target calibration,source_test,"两个小时才送到,非常差,不会再定了",0,0.429286,0,1
E1-lite: source + target calibration,source_test,这次好快！第一次吃酱香鸡肉的，不过鸡肉还不是太入味儿啦，然后吃起来略干。,0,0.482838,1,0
E1-lite: source + target calibration,source_test,居然里面还有油炸蟑螂！！！请问怎么投诉！！是打消费者热线吗！！！,0,0.439499,0,1
E1-lite: source + target calibration,source_test,送餐费用怎么回事。要了我十块钱送餐费，大雨天的不差送餐员的确辛苦，但是能不能透明消费！,0,0.484219,1,0
E1-lite: source + target calibration,source_test,口味还好，就是送餐太慢,0,0.492896,1,0
E1-lite: source + target calibration,source_test,很划算，就是送的慢了点，送餐师傅可能新来的，对地形特别不熟,1,0.513146,1,1
E1-lite: source + target calibration,source_test,好喝好喝，超级喜欢这家的饮料，小哥送餐也很快,1,0.537618,1,1
E1-lite: source + target calibration,source_test,味道还行，但是送得好慢,1,0.48081,1,1
E1-lite: source + target calibration,source_test,什么都不想说了，什么玩意儿，再订这一家我宁愿吃翔,0,0.457065,0,1
E1-lite: source + target calibration,source_test,少我一个菜酸辣瓜条，投诉也没人理我,0,0.460757,0,1
E1-lite: source + target calibration,source_test,配送太慢，东西没收到，就被确认收到,0,0.463869,0,1
E1-lite: source + target calibration,source_test,调味料的味道太浓了，不是很喜欢,0,0.489289,1,0
E1-lite: source + target calibration,source_test,葱花饼好吃，一份不够吃有点。建议出大小份,1,0.520299,1,1
E1-lite: source + target calibration,source_test,色香味俱全，不错不错好吃好吃！！！,1,0.552358,1,1
E1-lite: source + target calibration,source_test,差评，点的螺丝竟然不给牙签，宫保鸡丁味道一般，快递联系不上,0,0.455927,0,1
E1-lite: source + target calibration,source_test,过油的都糊了，吃到嘴里一股子糊味,0,0.473065,1,0
E1-lite: source + target calibration,source_test,点了肘子拌饭和一份南瓜粥，送来时没有南瓜粥，打电话说给送过来，这都晚上了，还是没影，不给了就明说，不就6块钱吗,0,0.447002,0,1
E1-lite: source + target calibration,source_test,不要点番茄肥牛，因为里面没有肥牛，不要另加肥牛，因为另加也没有,0,0.456381,0,1
E1-lite: source + target calibration,source_test,加米不加，菜分量不足,0,0.485928,1,0
E1-lite: source + target calibration,source_test,守时守信！非常好的骑士,1,0.562126,1,1
E1-lite: source + target calibration,source_test,要的披萨和小吃拼盘，披萨送了45分钟，然后快递说小吃拼盘忘了拿了，我都在快递包里看到了，以为是别人的，后来又过了45分钟才来，拼盘是冷的。,0,0.465128,0,1
E1-lite: source + target calibration,source_test,菜真的很一般，还是店里吃好些,0,0.459275,0,1
E1-lite: source + target calibration,source_test,面都成一坨了，完全是一坨好吗,0,0.461494,0,1
E1-lite: source + target calibration,source_test,一般，速度很慢，慢，慢，无法想象的慢,0,0.476003,1,0
E1-lite: source + target calibration,source_test,送餐态度恶劣，非常非常不好,0,0.50734,1,0
E1-lite: source + target calibration,source_test,宫爆鸡丁太难吃了,0,0.452725,0,1
E1-lite: source + target calibration,source_test,"坛坛东坡肘子,好辣",1,0.485657,1,1
E1-lite: source + target calibration,source_test,时间有点长，都这么晚了~还很忙啊~我都快饿死了,0,0.468193,0,1
E1-lite: source + target calibration,source_test,还可以，附赠了手套和纸巾,0,0.492471,1,0
E1-lite: source + target calibration,source_test,飞一般的速度,1,0.482496,1,1
E1-lite: source + target calibration,source_test,只给一点点菜，比一份凉菜都少，根本不够，超级差评！没见过比他家给的菜再少的了！以后再也不买他家东西了！,0,0.45255,0,1
E1-lite: source + target calibration,source_test,"还是那个味道,都很喜欢",1,0.50997,1,1
E1-lite: source + target calibration,source_test,豆浆撒的有点儿严重……,1,0.50395,1,1
E1-lite: source + target calibration,source_test,承诺60分钟送到，从来没有做到过。汉堡和薯条都凉了，还能有什么味道？,0,0.439213,0,1
E1-lite: source + target calibration,source_test,今天的菜太淡了。,0,0.4806,1,0
E1-lite: source + target calibration,source_test,超级香，就是送到的时候稍稍有点凉了,1,0.49131,1,1
E1-lite: source + target calibration,source_test,"百度外卖，赞。,店家的包装要提高，都洒了！！！",1,0.465056,0,0
E1-lite: source + target calibration,source_test,饭没什么可说的，外送从取餐到送到用了40分钟，实际距离1公里左右，面条类的东西这样还能吃？,0,0.457444,0,1
E1-lite: source + target calibration,source_test,我要的是炒菜，结果送来的是盖饭！太不负责任了！,0,0.452623,0,1
E1-lite: source + target calibration,source_test,"发票又没给,不知道是派送员的问题还是店家的问题,已经投诉,希望百度公司加强管理,然后最让我震惊的是纯净水瓶已经被开了,你TM在逗我么？",0,0.458342,0,1
E1-lite: source + target calibration,target_test,@---iris--- 没听到[晕],0,0.4734,1,0
E1-lite: source + target calibration,target_test,想吃麻辣香锅，想吃酸辣粉，可是都不能吃[泪][泪],0,0.447237,0,1
E1-lite: source + target calibration,target_test,玩笑 玩笑 不要过于担心 哈哈//: [晕][晕][晕]意思就好了，兄弟们千万别整人！都是自己人捏！大老远过来！哈哈//: 三碗[哈哈]//: 三杯如何?阿聪肝颤了[嘻嘻] //:先来个下马酒 接风酒 哈哈//: 也算给你接个风[嘻嘻][嘻嘻] //,0,0.476263,1,0
E1-lite: source + target calibration,target_test,让你老实交代今晚行程，但是你没有！！[泪],0,0.434257,0,1
E1-lite: source + target calibration,target_test,宝小指甲长太快，刚剪完没几天又长了，随我还往尖了长，喂奶给我身上抓花瓜了[衰][衰],0,0.46773,0,1
E1-lite: source + target calibration,target_test,简体字毕竟写和认较为方便，不能一概否认。//：不该丢的都丢了~[衰] //：。,0,0.468371,0,1
E1-lite: source + target calibration,target_test,[飞机]捧场去??? //:?庄 是俺的第10000个粉丝，支持一下阳江程村生蚝！[鼓掌],1,0.484373,1,1
E1-lite: source + target calibration,target_test,[鼓掌]欢迎入住V12店[抱抱]好好享受您的丽江之旅[爱你][爱你][爱你],1,0.497531,1,1
E1-lite: source + target calibration,target_test,穿着红色衣服，骑一圈自行车，粘一身小腻虫，烦[哼][怒],0,0.469243,0,1
E1-lite: source + target calibration,target_test,今天生日，却发起38.3度高烧，我的＜泰坦尼克＞也不能看了，明天一定要补上~~![泪],0,0.441063,0,1
E1-lite: source + target calibration,target_test,今天又吃多了[抓狂]这劲爆的音乐配上如此的美味，实在无法抗拒啊！黑菌意大利米饭配烤奶酪片太香，南美烤牛尾配的那个黑豆泥太美，阿根廷牛腩卷里的蔬菜不要太好吃啊[馋嘴]期待甜品！对了，那瓶阿根廷红酒真心不错，现在已经飘飘然了！,0,0.486965,1,0
E1-lite: source + target calibration,target_test,其他可以忍~向sir这么帅你也让他挂？！[泪],0,0.456553,0,1
E1-lite: source + target calibration,target_test,你是说刘文彩吧[衰],0,0.468353,0,1
E1-lite: source + target calibration,target_test,有空带上家人朋友再来宁夏游历哦 别忘了沙湖[哈哈],1,0.506633,1,1
E1-lite: source + target calibration,target_test,你叫我来也没告诉我是录制现场！我都没打扮的貌美如花呀！还有个机位一直对着我！[抓狂][抓狂][抓狂][抓狂],0,0.455264,0,1
E1-lite: source + target calibration,target_test,【超级笑星微直播】2号选手衡小珍，刘文友两位老伙计亲密合作~不过小编偶想问~这是哪国的歌曲呀~ [衰]听的快晕咯~,0,0.481139,1,0
E1-lite: source + target calibration,target_test,汪汪在旅途找酒店落脚， 明天再来机场了[悲伤],0,0.484088,1,0
E1-lite: source + target calibration,target_test,我的奔驰在哪里??[抓狂],0,0.462063,0,1
E1-lite: source + target calibration,target_test,回复:有的！[哈哈] //:好地方啊。不带另一半去太可惜了。八人间有没有？我们一行八个人。,1,0.476937,1,1
E1-lite: source + target calibration,target_test,苛捐杂税猛于虎[衰],0,0.468353,0,1
E1-lite: source + target calibration,target_test,[衰]// :[伤心] // : 现在的警察战斗力不如当年我们宣传的国民党腐败警察 // :// :,0,0.455847,0,1
E1-lite: source + target calibration,target_test,//://:图让人心酸 。。。[泪]//:配图信息量太大了[生病],0,0.447834,0,1
E1-lite: source + target calibration,target_test,发现 网友 的探店分享：鲜芋仙(SOHO现代城店)产检又抽我的血[泪][哼]必须鲜芋仙甜品一个补起来[嘻嘻]哼哼～>>,0,0.469024,0,1
E1-lite: source + target calibration,target_test,这是什么状况[吃惊]//:把他从88楼摔下去[怒],0,0.451848,0,1
E1-lite: source + target calibration,target_test,青春，梦想，远航[good][鼓掌],1,0.494329,1,1
E1-lite: source + target calibration,target_test,等着看看。 //:确实白求恩[哈哈] //: 文章好文笔也好，看问题入幕三分，这么伟大的作者，他一定是得了斯伟江的真传！,1,0.490694,1,1
E1-lite: source + target calibration,target_test,三观要毁！！//: 毁童年[衰],0,0.456093,0,1
E1-lite: source + target calibration,target_test,台上的狗日的在培养仇人[衰] //:蠢！//: 将愚蠢进行到底[衰]//:当地有关部门如此愚蠢？ //:非常过份！//: 政府在暴露自己的愚蠢！在暴露自己的错误！//:过分了 //:怎么能这样//: 怎么能这样,0,0.455639,0,1
E1-lite: source + target calibration,target_test,胡了[哈哈] //:[哈哈][哈哈] //:哈哈,1,0.501898,1,1
E1-lite: source + target calibration,target_test,这一上午被你们骗的，我想问问你们＂好??玩??吗？＂[抓狂]。大家要小心,0,0.45506,0,1
E1-lite: source + target calibration,target_test,回复 :不伦不类的中西合壁[怒][怒][怒] //:吃什么的？,0,0.462052,0,1
E1-lite: source + target calibration,target_test,白天看邮件晚上看攻略，白天写文档晚上写功略，白天做原型晚上画地图，白天找会议室晚上找酒店！！人生啊，10.1要飞的人现在酒店还没订！！对着满屏英文的时候有木有痛恨没好好背单词的日子！！[泪]穷游很烦心有木有！！怪就怪上次拉萨行给二呆挑刺挑到二呆不做攻略了[泪]作孽啊,0,0.445764,0,1
E1-lite: source + target calibration,target_test,你要是妹子就给打折否则打折（蛇）[哈哈] //:可是我没有闺蜜啊，还给打折吗？[泪]//:谜一样的小兵，38妇女节当天风林火山将对光临的妹子及闺蜜提供全单9折优惠，你要不要再过来露一小脸儿？妹子会很多呦～,1,0.459732,0,0
E1-lite: source + target calibration,target_test,瞧瞧咱干儿子收到俺的礼物那表情 - 值了！[哈哈][哈哈][哈哈],1,0.50685,1,1
E1-lite: source + target calibration,target_test,王勇平接到免职通知最后含泪说：“这只能说是事故的奇迹”、“至于你下不下课，我反正下课了”[泪][泪],0,0.443681,0,1
E1-lite: source + target calibration,target_test,祝福！//: 祝10对老夫妻阖家幸福，度过一个温馨的重阳节[鼓掌],1,0.482596,1,1
E1-lite: source + target calibration,target_test,感悟夏天发烧有一大好处，自己的体温与外界环境温度接近，不觉得热，不出汗，如果烧的高一点还会有点儿冷。[哈哈][哈哈][哈哈]烧死我吧[泪],0,0.501422,1,0
E1-lite: source + target calibration,target_test,你最讨厌！我才没买包头的东西！我！我！我才没骗售货员！[怒骂][哼],0,0.472893,1,0
E1-lite: source + target calibration,target_test,望京一代民间艺术家们的造诣精湛，而且版权保护意识强烈，为防止＂不法人员＂破坏，画前很有秩序地摆了一坨坨..还好我眼疾脚快[衰],0,0.46108,0,1
E1-lite: source + target calibration,target_test,湖南旅游频道地球上最像月球的地方，你去过吗？[晕]130910下午17点-18点【驴友圈】土耳其卡帕多西亚【签到处嘉宾预告】 带你上天入地玩透【土耳其】[哈哈]（图片来自嘉宾）想做嘉宾？私信 吧！在线收听：芒果网,1,0.48011,1,1
E1-lite: source + target calibration,target_test,兄弟酒店发来贺电，嘉里开启圣诞纪[鼓掌],1,0.500854,1,1
E1-lite: source + target calibration,target_test,回复:[嘻嘻]谢谢 //:很开心，还送鸡卷，祝你们越办越好！ //:很开心吧,1,0.48779,1,1
E1-lite: source + target calibration,target_test,离开公司前看了眼小花，好像快死了。。[泪]而且我发现我的花茎上布满了小虫。。。看了一眼你得-缪士颖 也有少数几个小虫。。。不知道是不是虫的原因。。。[泪]不知道怎么驱虫啊啊 啊啊,0,0.43545,0,1
E1-lite: source + target calibration,target_test,股市？除了牛市的时候跟着赚点儿，其他时候一概不要参与[lt切克闹]//: 回复:怕与不怕在于内心有多强大[嘻嘻] //:-上市公司调研网 你们都是高人 别闲聊了 研究一下吧 //,1,0.470719,1,1
E1-lite: source + target calibration,target_test,//: 这是爱国还是害国啊[伤心]//: 太恐怖了。,0,0.460931,0,1
E1-lite: source + target calibration,target_test,刚刚从英国归来的花子，此次以购物作伦敦行的串联（女人啊…），伦敦奥运比赛正酣，抵达伦敦的您除了赛场激情一番，场下去哪里血拼呢？听今天的节目就没错啦![哈哈],1,0.494373,1,1
E1-lite: source + target calibration,target_test,神右[哈哈] //--Kitty:哈哈哈//: →_→//: 那日经过华妃宫中，采月被人叫了去，仔细着会早些回来，却不料遭如此毒手！[伤心],0,0.490207,1,0
E1-lite: source + target calibration,target_test,有财真是六千一斤 //: 5000到6000左右吧看样子这条鱼大概有六斤左右[晕] //:应该在2000多吧 //-青蛙王子: 回复 :[鼓掌]好样儿的知道多少钱一斤吗 //: 野生大黄鱼吧[思考][思考][思考][思考],0,0.464284,0,1
E1-lite: source + target calibration,target_test,号称央视新闻，却如此无知的盗用我的照片[怒]。,0,0.467085,0,1
E1-lite: source + target calibration,target_test,干了，干//: 啥都不耽误，有工作日，有假期。哈哈哈。 //:那就干了，面子不重要，兜里有是硬道理[哈哈] //：谁说的，尼姑庵赚的一点都不少。 //：女人能干吗？尼姑估计没和尚赚得多啊 //：回复:总感觉抹不开这个面子似的，要不等头发退休了啊，哈哈。,1,0.473205,1,1
E1-lite: source + target calibration,target_test,[衰]传说是用网易彩票买的……,0,0.466178,0,1
E1-lite: source + target calibration,target_test,想我姑娘了、前天我姑娘问我你为啥在北京、我说在北京挣钱多、挣钱给孩花！[泪],0,0.461376,0,1
E1-lite: source + target calibration,target_test,乐蜂网盛女节大胆秀出你的美！我是Candy，超萌萝莉邦派女，永远20岁的心态是萝莉必备武器！尽管我是最早的80后[亲亲]，又怎样？甜美可爱不代表我没有力量，天真烂漫是我内心的绽放。去盛开，去做一个萝莉盛女，遇见另一个未知的自己，再不折腾我们就老了！,1,0.461519,0,0
E1-lite: source + target calibration,target_test,//: //:学习把耐心和宽容留给最亲近和最爱的人！！！[悲伤],0,0.449439,0,1
E1-lite: source + target calibration,target_test,我好想养一个干脆面君哦...哈哈哈...谁能告诉我哪儿有卖的？！？[抓狂][抓狂][抓狂][抓狂][抓狂][抓狂],0,0.458292,0,1
E1-lite: source + target calibration,target_test,[哈哈]嘘~用你的表现说话[偷笑] //: 几年前看过，仍然觉得有趣。come on England! //-R: For three lions//: 太搞了，给最近看欧洲杯的童鞋欢乐一下,1,0.476203,1,1
E1-lite: source + target calibration,target_test,//-demain:[爱你],1,0.488096,1,1
E1-lite: source + target calibration,target_test,月饼又＂显小＂了[泪],0,0.455919,0,1
E1-lite: source + target calibration,target_test,这一年你想吓我多少次？坐个单车也能伤成这样，你到底想我怎么做才行[泪]?su 我现在的心脏真的经不起吓啊[衰],0,0.446411,0,1
E1-lite: source + target calibration,target_test,哦//: -Avaux //:双鱼座（感情甜蜜）[鼓掌],1,0.480916,1,1
E1-lite: source + target calibration,target_test,[鼓掌][鼓掌]欢迎微信咨询酒店信息,1,0.497847,1,1
E1-lite: source + target calibration,target_test,晚餐 大家都在着急的跟2014挥手，那也先吃好难忘的2013年最后一顿饭吧。[鼓掌] [花心] 和果子一起吃！肉！,1,0.485607,1,1
E1-lite: source + target calibration,target_test,我右边脸现在都僵了[泪],0,0.456719,0,1
E1-lite: source + target calibration,target_test,谢谢幸福的棒哥~[嘻嘻]我坐等天上掉情人,1,0.50652,1,1
E1-lite: source + target calibration,target_test,[泪] //://:很恨偷狗贼！我家威威失踪后，多次出现在我梦里。 //: 狗贩子偷别人的伴侣动物，家人，只是卖几百块钱肉钱。忍心赚这种钱的人无耻可恶我们不谈，政府对这种行为的纵容袒护令人悲愤，难道公民真要被逼用暴力才能惩恶！,0,0.454594,0,1
E1-lite: source + target calibration,target_test,怀念[泪]//: //: //: 。,0,0.457677,0,1
E1-lite: source + target calibration,target_test,发现最近的生活好忙好忙！搬家，买家具，考试，还有工作上疯狂三月的活动！！！！求分身！我的驾照何时才能学啊？？？？[衰],0,0.454889,0,1
E1-lite: source + target calibration,target_test,尕2??踏伦敦大街，有点犀利哥[嘻嘻],1,0.507506,1,1
E1-lite: source + target calibration,target_test,桥脆脆[衰] //:介个应该不是豆腐渣工程或者豆腐脑工程，不知道能不能算上豆浆工程//: 哎呀我去。。。//:因货车超载导致桥梁坍塌，能再不要脸点么 //:上午发博就估计要找这原因，不要脸！ //:让我们一起大声说:不要脸！！,0,0.44131,0,1
E1-lite: source + target calibration,target_test,去你妈的阴阳怪气[怒][怒][怒]什么是“可怕且毫无意义”？？你意思是还有一类是“可怕且很有意义”吗？？,0,0.46255,0,1
E1-lite: source + target calibration,target_test,[泪][泪][泪] //: 他忘记了一切，但从未忘记爱你。欠父母的恩情，永远报答不完，也许只有将爱，一代代往下传！祝天下父母身体健康，幸福快乐！,0,0.440056,0,1
E1-lite: source + target calibration,target_test,"满身尘埃。早安,悉尼。[泪][泪][泪][泪][泪][泪][泪][泪][泪][泪][泪][泪]",0,0.449904,0,1
E1-lite: source + target calibration,target_test,回复:身高不到1.2米应该可以的吧~[偷笑] //:周末才回家，还能赶得上么？[泪]俺20了，能给儿童价不？ //:回复-杰521:有儿童价 //-杰521:有没有学生价 //:回复@?美美:感谢您的认可！欢迎常来,0,0.458677,0,1
E1-lite: source + target calibration,target_test,脚要断了[泪][泪]听到青峰的声音就啥米都忘记了[泪]跳的high啊！！现在坐地铁上每个脚趾头都疼啊！！尼玛为了高于人群看到青峰，我穿着7，8cm的高跟鞋站了7个小时蹦啊！！[泪][泪][泪]还被一群疯子推过来跳过去踩了N脚！[泪][泪],0,0.433033,0,1
E1-lite: source + target calibration,target_test,今天在皇冠假日参加西南地区的FHC展，淘了很多好货啊！[嘻嘻][嘻嘻][嘻嘻],1,0.499374,1,1
E1-lite: source + target calibration,target_test,当听见一辉喊弟弟的时候，就。。[晕]//:小时候还没有漫画版进来。。看贴画一直认为他是女的。。。看了漫画和动画后破灭了。。 //: 小时候觉得只有阿瞬一个女的，其他人怎么分//: 真爱！+1 //:,0,0.431107,0,1
E1-lite: source + target calibration,target_test,可言可语昨天晚饭时，可可说：妈妈，只有爷爷是最爱我的。虽惊讶但好像也意料之中，我问：难道妈妈不爱你吗？可可答：爷爷从来都不会骂我，但是你会。[泪][挖鼻屎],0,0.448918,0,1
E1-lite: source + target calibration,target_test,大家胃口都好//:鬼老、还吊我们胃口的说呢[悲伤]//:好，你也好,0,0.476429,1,0
E1-lite: source + target calibration,target_test,笑贫不笑娼，这种思想，毁人！//: //: //: //:[怒][怒][怒] //:借用一个还没当官的小头头的话：“我身边年轻漂亮的很多，想搞点儿婚外情还不容易。”这年头，当官的……[嘘]//:这怎么话儿说的？没有情妇就当不了官吗？ [怒]//,0,0.453175,0,1
E1-lite: source + target calibration,target_test,扩散//: [怒]//: [生病] 如果你家有以下药品，请停止使用！！！求扩散,0,0.451665,0,1
E1-lite: source + target calibration,target_test,瓦伦西亚话就是有点山东口音[挖鼻屎]//: [话筒]翻译如下：纳达尔说：费雷尔这家伙在睡觉，我们拿舒缓泡沫去捉弄捉弄他[偷笑]。费雷尔醒了大叫：[抓狂]CABRON混球，你对俺干了啥？你个小兔崽子，你给俺这喷的是啥玩意儿[黑线]？,0,0.466553,0,1
E1-lite: source + target calibration,target_test,诶，突然想起了太原早早的麻辣烫，好神奇！[抓狂]不知道还有木有…[钱],0,0.465163,0,1
E1-lite: source + target calibration,target_test,你是外星人 什?都有效~~[嘻嘻]//?JPM_J: ?真的很有效！阿?！,1,0.489392,1,1
E1-lite: source + target calibration,target_test,吃遍世界【一个吃货的全球欲望手册[花心] 】你有列出过欲望清单，再一个一个划掉的吗？[嘻嘻] 简直了！这是每个吃货的终极梦想有木有哇~[抓狂],0,0.461885,0,1
E1-lite: source + target calibration,target_test,哈尼尼，正式生日快乐！！越来越美丽，迷人！[蛋糕][礼物][爱你]晚安！,1,0.477016,1,1
E1-lite: source + target calibration,target_test,是动着我哪跟神经了么？这几天为什么无缘无故的就笑？扯的伤口都疼[晕],0,0.456029,0,1
E1-lite: source + target calibration,target_test,//: //:这个世界很温暖。//: 感动！为送衣人，为这老汉！[泪]//: 我咋看着就想哭呢？寒士之寒令人寒心，善人之善令人心暖。//: //: 真好。//: 写得好，难得不酸，实在，有心。//: //:真有才[手套],0,0.461573,0,1
E1-lite: source + target calibration,target_test,饿了~[抓狂],0,0.462467,0,1
E1-lite: source + target calibration,target_test,回复:您的鼓励也打动了小编柔弱的心，我们会继续努力[泪] //:72家房客用一颗平常心来对待每一个活动，以一份真诚来打动小编的内心。或许我不是最幸运的那个粉丝，但我一定是最用心的哦！在此祝福小编工作顺利，我会一直支持你们的活动的~！ 地址：,0,0.463532,0,1
E1-lite: source + target calibration,target_test,血尿酸正常值应该200多到400多，我的结果是500多，进门我就跟大夫说：＂您不用看了，我确诊自己是痛风了，你就看怎么治吧！＂大夫说：＂没治，控制饮食吧，这是熊猫病＂是很稀少的病？我问。＂不是，是以后熊猫吃什么你就吃什么，只能吃一些根茎类植物了＂[衰]从此以后我的生活也是熊猫的颜色了[泪],0,0.430241,0,1
E1-lite: source + target calibration,target_test,攒肥了再看//:日剧控们准备开追吧~[太开心],1,0.47527,1,1
E1-lite: source + target calibration,target_test,老子遭不住老。[抓狂] //:北京朋友不要流口水 //: 我靠，秧白最老，二妹最?，小象最肥。 //:。,0,0.454936,0,1
E1-lite: source + target calibration,target_test,我是从1变成了2，从2变成了4[泪],0,0.46339,0,1
E1-lite: source + target calibration,target_test,下了飞机又继续开工，这次又是大制作。筹备 平面电影拍摄。 [嘻嘻],1,0.498369,1,1
E1-lite: source + target calibration,target_test,回复:今天也要黑八哥？ //:这么美~早知道八哥应该点评一下的！留八手~ //@?巍EVA: [嘻嘻][嘻嘻],1,0.486316,1,1
E1-lite: source + target calibration,target_test,在石最后15分钟上场！主罚全场唯一点球！[酷]没看到GARY啊！韩国队1：0领先后现场终于齐声大喊＂中国队加油＂好感动[泪][泪][泪]虞伟亮还是很神勇的！,0,0.44671,0,1
E1-lite: source + target calibration,target_test,"你说话啊，你就请 去你那品尝一下吧//: [委屈]都第九式了...在第六式时,我就己经招架不住, 不敌招式,饿的身亡....[怒骂]我想吃...",0,0.462629,0,1
E1-lite: source + target calibration,target_test,收完再送给该送的人 //:咱俩这收来收去有用吗//:收到 //: [爱你],1,0.468961,0,0
E1-lite: source + target calibration,target_test,你未痊愈，我不敢老！[泪] //:你未痊愈，我不敢老。 //?:伟大的母亲,0,0.455286,0,1
E1-lite: source + target calibration,target_test,带小孩真的好辛苦，胳膊手腕都好酸。这两天他还学会要抱抱才睡觉[泪],0,0.479448,1,0
E1-lite: source + target calibration,target_test,“我一个学计算机的朋友，被老婆发现他大学时代写给其他姑娘的情诗，勒令三天之内写出十首新情诗献给老婆，要比舒婷写得好，诗里还不能有“0”或“1”。--冯唐《活着活着就老了》” [哈哈]今日阅读最让我开心的段子，晚安。,1,0.494795,1,1
E1-lite: source + target calibration,target_test,旅人小结[呵呵] //:回复:??...你要?自去?橙子[嘻嘻]我?的很多??，越?越?自交通。鼓浪?最?魂之?是?有?甚至自行?，完全可以安?下?用腿走路。箜曲酒店能留下你的耳朵， 能留住你的胃， 姑娘能留下你的心...,1,0.473273,1,1
E1-lite: source + target calibration,target_test,那这一切到底是为了神马~？[思考] [疑问] [抓狂] [衰],0,0.459853,0,1
E1-lite: source + target calibration,target_test,天语感觉给阿里云忽悠了啊[晕],0,0.471485,1,0
E1-lite: source + target calibration,target_test,同志们都到家了么？写几百字的感谢发三回发不出，一行字发的倒迅猛[晕]为今日奋战14小时的同志们说句：晚安，感谢！,0,0.477862,1,0
E1-lite: source + target calibration,target_test,我要赵小姐！！[抓狂][抓狂][抓狂][抓狂][抓狂][抓狂][抓狂][抓狂][抓狂][抓狂][抓狂][抓狂][抓狂][抓狂][钱][抓狂][钱][抓狂][抓狂]] //:哎呀呀等你们过来呢！！！！,0,0.457821,0,1
E1-lite: source + target calibration,target_test,[哈哈][哈哈][哈哈] //:[泪][泪],0,0.487507,1,0
E1-lite: source + target calibration,target_test,//:真搞笑就不太高清郁闷了[抓狂],0,0.450817,0,1
E1-lite: source + target calibration,target_test,回复:现在就能送啊，把快递信息私信我们[哈哈]我们对老朋友总是有求必应的[爱你] //:哈哈，等我下次订的时候送我。 //:[爱你][爱你]下次要再和我们同游哦[带着微博去旅行],1,0.489219,1,1
E1-lite: source + target calibration,target_test,尼玛这都是什么事儿啊？！！！ //:猪狗不如！陪孩子一起去吧[怒],0,0.445698,0,1
E1-lite: source + target calibration,target_test,快吓尿了[生病][晕],0,0.46537,0,1
E1-lite: source + target calibration,target_test,恭喜-林小姐 成为杭州站幸运网友！三位将于明天亲临发布会现场，见证雪花《中国古典园林》五书在杭州的发布。主页君在西子湖畔等你们咯。另外，在此感谢其他小伙伴们对本次活动的大力支持！[太开心],1,0.491924,1,1
E1-lite: source + target calibration,target_test,六一儿童节的第一个礼物，手机流量又回来了[偷笑]..节日快乐！周末快乐！[哈哈],1,0.490317,1,1
E1-lite: source + target calibration,target_test,顺带把销售也做了，岂不更牛！[哈哈],1,0.496444,1,1
E1-lite: source + target calibration,target_test,-自游海洋//:离开前搬去那的四天~打开窗帘便是大海，坐在阳台吃着泡面看日落，还有海滩旁的shout！太幸福了！还有还有blue bay的snorkeling~一晃半年多了[泪],0,0.459166,0,1
E1-lite: source + target calibration,target_test,睡前一根可爱多！让我的小肚腩变得多可爱！肉啊~长吧~就这么放松自己吧！[哈哈][哈哈],1,0.499408,1,1
E1-lite: source + target calibration,target_test,回复 :[哈哈][哈哈]中华旅游名博贵州行 //:我是不知道[偷笑],1,0.495762,1,1
E1-lite: source + target calibration,target_test,常来玩儿啊! //:哈哈！好好上班[哈哈][偷笑] //:表妹 我咬着小手绢 目送你离开,1,0.490258,1,1
E1-lite: source + target calibration,target_test,你回去了吗~[可怜][爱你],1,0.483879,1,1
E1-lite: source + target calibration,target_test,[衰]大家都要注意哦！,0,0.475521,1,0
E1-lite: source + target calibration,target_test,"出版者的浮燥,整出了什么""浅阅读""!!!杯具啊!!![抓狂] //:内心品格的修炼！ //:人人都想当明星，几人想当先哲？ //: 明星的一条无聊微博，为什么会有上万次的转发？娱乐社会。 //:先哲的百句箴言抵不上当红明星的一句戏言",0,0.453965,0,1
E1-lite: source + target calibration,target_test,我个人认为尚雯婕唱歌的感觉很高级，非常的国际大咔感，我愿意花钱去看她的演唱会[耶][耶]ps：今晚上海芮欧百货Lanvin的大秀尚雯婕会作为表演嘉宾唱两首歌，本来我会去，结果在新加坡错过了，实在可惜[泪],0,0.466839,0,1
E1-lite: source + target calibration,target_test,无奈 //:同问！[抓狂],0,0.453794,0,1
E1-lite: source + target calibration,target_test,原来我只知道水游城假日的地段好[good]，离夫子庙走走才10分钟[钟]，每想到泳池也这么棒[吃惊]，后悔啊，上次花了500元住豪华房，没去游啊[抓狂],0,0.459837,0,1
E1-lite: source + target calibration,target_test,做了一夜的梦，感觉很累，一早6点就醒了，真不知道我是怎么了，难道这点压力就能难倒我吗。现在头好痛，还是起来呼吸些新鲜空气去吧，这么早上班是不是早了点儿啊[晕][疑问],0,0.446669,0,1
E1-lite: source + target calibration,target_test,请问这款多少银子？[威武][围观][爱你],1,0.488034,1,1
E1-lite: source + target calibration,target_test,啦啦啦啦。撒花祝贺@-柴叔- [鼓掌][江南style][爱你]//@-柴叔-: 自己撒花庆祝一下我和 在2012年完成的动画短片《Girl Meets Boys》进入2012华人原创动画短片TOP10~~,1,0.479482,1,1
E1-lite: source + target calibration,target_test,自己关门把手挤了～流血了[泪]我好笨[生病],0,0.456097,0,1
E1-lite: source + target calibration,target_test,外星人告别地球演唱会 //:[哈哈][哈哈][哈哈][哈哈] //:听马云这么说，周一我都不好意思去上班[怒][怒][怒],1,0.487988,1,1
E1-lite: source + target calibration,target_test,刚发现 在家乐福超市＂一元专柜＂购买的纸巾 竟然是赠品！但确实收了一元钱！消费者深表，防不胜防[怒],0,0.46934,0,1
E1-lite: source + target calibration,target_test,超级传神！内流满面啊[泪][泪][泪][泪][泪],0,0.450115,0,1
E1-lite: source + target calibration,target_test,还未见你们回复！[怒],0,0.46974,0,1
E1-lite: source + target calibration,target_test,[哈哈]太欢乐了！！,1,0.489533,1,1
E1-lite: source + target calibration,target_test,天天向上 ：【嘉宾征集】4月22日，节目组征集魅力心理学教授 和“神秘大来宾”一起参与主题录制！[威武]男女不限，欢迎大家积极推荐！[爱你] 相信大家第一个想到的是 教授，不知还有哪些漏网之鱼呢？[思考]欢迎大家进入该话题参与推荐讨论哦！[心],1,0.476875,1,1
E1-lite: source + target calibration,target_test,哇，好消息哈~火狐的出现说明贺兰山的生态环境真的在好转~ //: 那意思是它寻找不到伴侣而忧伤啊。//: 火狐是国家二级保护动物时候，是鼠类等有害动物的天敌。好忧伤的回眸，这时节，正是赤狐发情、交配的时候喔~[哈哈],1,0.480005,1,1
E1-lite: source + target calibration,target_test,宁波的同学们都好吧？[哈哈],1,0.507198,1,1
E1-lite: source + target calibration,target_test,有点意思~！ [哈哈],1,0.51327,1,1
E1-lite: source + target calibration,target_test,南澳的讲座安排比较紧凑，见了不少老朋友，又结识了不少新朋友！//: [威武] //:大佬们的占地面积都很大啊[哈哈][嘻嘻][抓狂],1,0.479513,1,1
E1-lite: source + target calibration,target_test,全北京向你们致敬！！！！好人平安//: [赞][心]//: [泪],0,0.44286,0,1
E1-lite: source + target calibration,target_test,[挖鼻屎][衰][酷],0,0.4703,1,0
E1-lite: source + target calibration,target_test,踏着轻快的脚步进村，低头见这可爱的小果果，记得某人昨天说这肯定特甜，这果果的主人刚刚告诉饺子，这是小米辣椒，一颗就能让人落泪的那种，幸亏昨天没当场摘一个尝尝[哼][哼][哼][抓狂][抓狂][抓狂],0,0.456127,0,1
E1-lite: source + target calibration,target_test,这不就是我们爱过的证据[嘻嘻]~~~//@-?介石-: 直击内心的公益广告//:你把我灌醉//: 慈次奥//: 。。。//?:哈哈//: //:现身说法的戒酒公益广告,1,0.468917,0,0
E1-lite: source + target calibration,target_test,//:[吃惊]//: 广州的汽车和广告从业人员三分之一要下岗[泪] //:7月汽车开始限购，广州将面临着与北京相同的问题 //: //: //: //:地产与汽车在北京均受政策特殊“照顾”，双双受限，因而北京报纸-10.6%，,0,0.456054,0,1
E1-lite: source + target calibration,target_test,噢买噶！开车的危险，途人更危险 //:[抓狂],0,0.454386,0,1
E1-lite: source + target calibration,target_test,一?三千，月入五千?，我??良多吧。。。[汗][晕][生病],0,0.459643,0,1
E1-lite: source + target calibration,target_test,摇摇有一个心愿：2012年11月11日之前，有一个乘着 来接我，并且当面对我说：“这个节咱不过，好吗？”[泪],0,0.455094,0,1
E1-lite: source + target calibration,target_test,//: [衰] //: 人家三胖才叫自信。//: 【不怕不识货，就怕货比货】世袭制[威武]！禅让制[衰]……再也用不着雇用马屁文人反宪政了[笑哈哈]！,0,0.461562,0,1
E1-lite: source + target calibration,target_test,[爱你]oh～Dear Penny～ 我在这里:,1,0.492149,1,1
E1-lite: source + target calibration,target_test,太美了[抓狂] //:我证明，原版是你[偷笑] //: 盗我图付钱了没？,0,0.459103,0,1
E1-lite: source + target calibration,target_test,"哎呀，这工作人员都这么养眼，哈哈亮瞎了啊，哈哈。 Hit FM， gear up, ready go!![哈哈]",1,0.504671,1,1
E1-lite: source + target calibration,target_test,手艺不错哦[鼓掌][鼓掌][鼓掌],1,0.503527,1,1
E1-lite: source + target calibration,target_test,[伤心] 变态//: [怒]//:丑陋的中国人 //:[蜡烛],0,0.464496,0,1
E1-lite: source + target calibration,target_test,拿到驾照，俺就买车！[嘻嘻],1,0.498528,1,1
E1-lite: source + target calibration,target_test,真的耶，我也是打小儿看你的节目??吓大的[鼓掌] //:回复:我就。。怒摔[怒][怒][怒][怒] //:关注那么久，看了这张图才知道你就是我小时候看做菜的主持人，我了个去，小时候就想吃你做的菜,0,0.456381,0,1
E1-lite: source + target calibration,target_test,水库惊魂终于上日程了[哈哈][哈哈],1,0.510868,1,1
E1-lite: source + target calibration,target_test,苏花公路旁的七星潭，这片海就是太平洋啊~[抓狂] //: 嗯，碧浪白沙，就是不知道在哪儿……话说，我的台湾通行证各种证件终于齐全了啊~,0,0.463889,0,1
E1-lite: source + target calibration,target_test,全新的形式，不变的心意，何尝不是一种“再生”？[可爱] //:音乐！不需要语言！能够传递信念！才能感动众生！我们一定不是第一个！但却希望你能赶上我们的节奏[给力]内地原创音乐加油！,1,0.468524,0,0
E1-lite: source + target calibration,target_test,今天因为公公病逝没能参加聚会，没能见到 [泪] //:回复:好呀！少宇兄下次聚会叫上您[偷笑] //:下次带我们认识一下啊,0,0.461972,0,1
E1-lite: source + target calibration,target_test,[蜡烛][蜡烛][蜡烛] //:[泪][泪][泪][蜡烛][蜡烛][蜡烛] //:[蜡烛][蜡烛][蜡烛]//: 小皓博，请你安息[蜡烛][蜡烛][蜡烛],0,0.471357,1,0
E1-lite: source + target calibration,target_test,[蜡烛][蜡烛]//: [蜡烛][蜡烛][蜡烛][蜡烛][绿丝带] //:[蜡烛] //@?太白: [蜡烛] //: [蜡烛]走好！ //:[泪]战友走好！！！敬礼！！！[蜡烛][蜡烛][蜡烛],0,0.473449,1,0
E1-lite: source + target calibration,target_test,明天不接需求，一定要好好找个让人会喜欢喝水的杯子，不能再继续这样整天喝饮料了。[怒],0,0.469064,0,1
E1-lite: source + target calibration,target_test,【因为爱情[心][泪]】90后郑州女孩冯莹患上恶性脑瘤，生命已进入倒计时。她不想连累深爱的男友，提出分手。男友说，你在一天，我就陪着你一天；你在一年，我就陪着你一年！昨天，这对90后情侣步入婚姻的殿堂，爱心人士免费为他们操办婚礼，上千人自发前往送上祝福。祝福新人！[心],0,0.462056,0,1
E1-lite: source + target calibration,target_test,啥都不说了！眼泪刷刷的。。。[泪]感谢 的耐心等待和理解！[握手]这本书不错，希望你喜欢；也欢迎继续支持须叔的活动～,0,0.494771,1,0
E1-lite: source + target calibration,target_test,//: [衰]//:[衰],0,0.458724,0,1
E1-lite: source + target calibration,target_test,中药草菅人命，SFDA为虎作伥。[怒],0,0.47139,1,0
E1-lite: source + target calibration,target_test,上海预祝北京同事活动组织顺利、圆满，期待分享，[鼓掌] //-jennyma: 鼎力支持！一定会圆满成功的！,1,0.490686,1,1
E1-lite: source + target calibration,target_test,有点小失望，不过依然支持德国队！期待德国德比！7月26日，拜仁VS沃尔夫斯堡，在广州哦！！[嘻嘻][鼓掌],1,0.499223,1,1
E1-lite: source + target calibration,target_test,亲，感谢您对都太餐厅的喜爱，三文鱼绝对管够哦！还有很多美食亲一定要都尝尝哦！[嘻嘻],1,0.499986,1,1
E1-lite: source + target calibration,target_test,亲爱的，你来北京，不但包饭还包住包完。。//: 最近都可以打我电话我陪你玩嘛直接过来见面也成说了包饭别犹豫了a快来快来hhhh[哈哈],1,0.4713,1,1
E1-lite: source + target calibration,target_test,在平顶山爱之家，朱永红姊妹讲一个救助经历：一个先心病母亲（少时因穷错过手术机会）意外怀孕，她决心保留孩子。身体不支，孩子早产母亲垂危，家贫，母子皆放弃出院。朱姊妹将早产婴儿救助回医院，那母亲己不能说话，手抚婴儿头发，恋恋不舍，流泪看最后一眼。她抱走婴儿，儿奔生，娘奔死...[泪],0,0.453944,0,1
E1-lite: source + target calibration,target_test,啊[吃惊]？那个套套你竟然能用4年？！我内牛满面~[泪],0,0.458476,0,1
E1-lite: source + target calibration,target_test,少年富则国富。从我可以看出，可以知道我们国家有多穷。[泪],0,0.465015,0,1
E1-lite: source + target calibration,target_test,永远的不公 //:媒体称北京公务员将涨薪 隐性收入变奖金发放 //:[怒],0,0.45908,0,1
E1-lite: source + target calibration,target_test,扯淡、//:[怒]//: 昨晚，马国防部长称“中国卫星数据误导了搜救”[怒][衰]//: [泪][蜡烛],0,0.448999,0,1
E1-lite: source + target calibration,target_test,[吃惊]//: 下次请弄切桑窝，弄则钢盔//: 吃桑窝＝挨揍，普及上海闲话！转转转//:记者到编辑都不是上海人//: 可悲~ //:上海话已经慢慢消失。。[泪][泪] //: [哈哈] 吃生活，吃桑窝,0,0.449654,0,1
E1-lite: source + target calibration,target_test,我需要正能量[抓狂][抓狂][抓狂],0,0.459366,0,1
E1-lite: source + target calibration,target_test,[爱你] //: 灰常好吃！,1,0.514414,1,1
E1-lite: source + target calibration,target_test,回复:又是一个很了解我的长嘴闺蜜！德国队啊，你可太对得起我这一觉了[泪][泪][泪] //:睁眼就天亮,0,0.438058,0,1
E1-lite: source + target calibration,target_test,[抓狂]为毛我吃抗过敏药都会过敏啊魂淡！,0,0.461706,0,1
E1-lite: source + target calibration,target_test,[衰]羡慕嫉妒恨，年底，你是取医保、还是取公积金准备过活？,0,0.46977,0,1
E1-lite: source + target calibration,target_test,又被当鸽子放了，老妈说没准备我的晚餐[泪] 臭小喵?喵,0,0.443649,0,1
E1-lite: source + target calibration,target_test,奶酪！[泪] //:有时候，吃到美味的东西并不是好事，因为你很难再愿意尝试别家，不能常常吃到心爱的食物是最痛苦的~,0,0.457736,0,1
E1-lite: source + target calibration,target_test,一群蛇精病，早不吃晚不吃偏偏现在吃！！！知道不知道现在这个时间段是对节食的人的大挑战！！！[泪][泪][泪][泪][泪],0,0.437798,0,1
E1-lite: source + target calibration,target_test,难得早早的就躺在床上，为繁忙一周的做充分准备，可怜俺家那位 刚到上海，就被没人性的老板叫去办公室改稿子！[委屈][可怜][可怜][怒骂][弱][弱]这样比起来，俺的领导 不知好多少！[偷笑][偷笑][good][good],0,0.471906,1,0
E1-lite: source + target calibration,target_test,开心早安 本来准备今年瘦成一道闪电，亮瞎你们的眼，结果胖成了坚果墙，挡住了你们的视线。[泪]想减肥的童鞋们快起床锻炼身体啦！大家早安哦~[嘻嘻],0,0.469415,0,1
E1-lite: source + target calibration,target_test,看完觉得很难受[衰]//:特别推荐！,0,0.47161,1,0
E1-lite: source + target calibration,target_test,早餐不错呀健康又营养[哈哈],1,0.538642,1,1
E1-lite: source + target calibration,target_test,[泪][泪][泪][感冒][感冒][感冒][打哈气][打哈气][打哈气] //:[吃惊],0,0.448119,0,1
E1-lite: source + target calibration,target_test,回复:起了，亲 //:您睡觉了吗！[晕],0,0.451426,0,1
E1-lite: source + target calibration,target_test,吃虾容易，虾大少见，肉满稀少，黄多难遇，三者皆具，唯，且吃且珍惜 [哈哈][威武][马到成功],1,0.496433,1,1
E1-lite: source + target calibration,target_test,我的大叔病倒了…能当贴身热水袋了，这叫一个烫[汗]快点好快点好[泪],0,0.459334,0,1
E1-lite: source + target calibration,target_test,看这名字！//: 回复 :大家一起猜？ -Julia //:图文都好漂酿！谢谢推荐[太开心]你猜猜神马是神马呢[偷笑],1,0.482074,1,1
E1-lite: source + target calibration,target_test,天籁广告夹杂着《海阔天空》的背景音乐，让我好有想买这车的冲动啊。[泪],0,0.461917,0,1
E1-lite: source + target calibration,target_test,4号线没事玩一个20分钟来一趟，起个大早，赶个晚急。法克。[怒][怒][怒][怒][怒][怒][怒][怒][怒][怒],0,0.469205,0,1
E1-lite: source + target calibration,target_test,回复:刚刚 说了 明天就能吃到了 先点吧[嘻嘻] //:我想吃 //:今天没有去 现在上新速度很快啊[嘻嘻] //: -诺-诺 尝尝新口味的小吃！[嘻嘻],1,0.493591,1,1
E1-lite: source + target calibration,target_test,信//:[衰] // :我也信,0,0.459157,0,1
E1-lite: source + target calibration,target_test,不要有用到的一天。祈祷和平没有杀戮！[泪][泪][泪]??,0,0.437764,0,1
E1-lite: source + target calibration,target_test,不堵，肯定可以很快吃到[哈哈],1,0.518109,1,1
E1-lite: source + target calibration,target_test,向伟大的妈妈致敬！比起宝宝羽泉排在遥远的第二位[嘻嘻]等孩子大点儿一起看哈Yu%[威武] //:欢迎来到郑州。上次来时我到现场了，但这次我刚生了宝宝去不了了[泪]祝一切顺利！,0,0.464806,0,1
E1-lite: source + target calibration,target_test,早起出门[太开心]，顺利坐车[耶]，堵车[生病]，车坏[衰]，走路[汗]，迟到[抓狂][抓狂]。TMD！！！,0,0.458434,0,1
E1-lite: source + target calibration,target_test,回复:诱人啊！我下午茶时间正好到了[馋嘴] //: [嘻嘻],1,0.475267,1,1
E1-lite: source + target calibration,target_test,[赞]//: 其实内容很庞杂，我没准备好，只能简述，怪我。 //:字不多，句句在理。收藏了[偷笑]。多多艾特俺啊[爱你],1,0.478634,1,1
E1-lite: source + target calibration,target_test,这个年代，真心病不起啊。早上刚交了2000，下午跟我说欠费了，而且已经欠了2500。不知道农村医保能报销多少啊？农村人，收入少，报销还要更少，真是有什么都不能有病。[泪]农村医保，现在癌症这种病能按多少比例报销？有知道的不？,0,0.44693,0,1
E1-lite: source + target calibration,target_test,我的六月[嘻嘻][嘻嘻][嘻嘻][嘻嘻][嘻嘻][威武][威武][威武][威武],1,0.496229,1,1
E1-lite: source + target calibration,target_test,是不是在家也要戴口罩啊。。。。[衰],0,0.44907,0,1
E1-lite: source + target calibration,target_test,我是个挺爱尝试新鲜事物的人啊，怎么唯独在看电视这事儿上那么执着呢？只要没看过的电视剧就想换台，没头没尾就不愿看，于是100个台换下来就停这儿了[衰]唉！没救了！,0,0.449764,0,1
E1-lite: source + target calibration,target_test,回复:也许我挖地很用心，就想我做人一样认真。也许我就地道农民一个！你们知识分子要接受再教育才行啊，毛主席说的。[笑哈哈] //:回复:有照片为证啊，你看你的地绿油油的。。可不能让他们这样偏向，要不我们会造反[怒][怒][抓狂][右哼哼][做鬼脸],0,0.46134,0,1
E1-lite: source + target calibration,target_test,//: _(:з」∠)_想变成座垫变成膏药//: [泪],0,0.454923,0,1
E1-lite: source + target calibration,target_test,回复:[怒]//:这货当年骂我是汉奸，因为他在课上问邱少云光荣不光荣，我说挪挪地儿是可以不死的，战场上爱惜生命的战士才是好战士。//:南开大学没个用人标准？,0,0.463507,0,1
E1-lite: source + target calibration,target_test,哈哈 //:丹丹[爱你][爱你]当我看到大字儿“王珞丹对侃孔二狗” 这行字上面那行小字时，我感到的是爱，人类间最真挚的爱[爱你]还有同情。[泪]//:买 //:呃..买？不？买？[挖鼻屎],1,0.471114,1,1
E1-lite: source + target calibration,target_test,采购年货，打扫卫生终于完成了。[晕]和儿子刚归置完卫生和整理不用的书。这活干的，减肥了。,0,0.462498,0,1
E1-lite: source + target calibration,target_test,早上8点多起床写稿子，这才发现一天中我脑袋最清醒的时间是早8点晚2点[衰],0,0.460513,0,1
E1-lite: source + target calibration,target_test,[泪] 我再也不相信爱情了。。,0,0.436517,0,1
E1-lite: source + target calibration,target_test,那后来那些出租车呢？[怒] //:自私麻木的帝都出租车们，蜕变的时候到了吧！昨晚一点多，我也是被一位住在双井附近的好心帅哥载回去的，他说一晚上都是在帮忙搭载单身小姑娘，因为最需要保护，好感动[爱心传递],0,0.457904,0,1
E1-lite: source + target calibration,target_test,今天继续哦[鼓掌],1,0.502802,1,1
E1-lite: source + target calibration,target_test,老潘头这车开的，直接把我晃迷糊了，晕车中。。。[晕][晕][晕][晕][晕][晕],0,0.457171,0,1
E1-lite: source + target calibration,target_test,"回覆:但??唔可?既? //:??BEBE黎架~[抱抱] //??房：??好老鼠啊, 其??咪???的?//：sweet sweet~[心] 但做乜?人落?杯度? 衰!!![抓狂] //??房:??好老鼠啊, 其??咪???的?",0,0.472871,1,0
E1-lite: source + target calibration,target_test,[鼓掌]//: 推荐阅读，写得不错！,1,0.511162,1,1
E1-lite: source + target calibration,target_test,[泪] //: 【请不要相信白羊座，其实你看到的只是假象】,0,0.451294,0,1
E1-lite: source + target calibration,target_test,又拉肚子啦~[泪]以后吃饭让我先吃，如果吃完没有拉肚子，证明这家真的很干净卫生！,0,0.463191,0,1
E1-lite: source + target calibration,target_test,各位注意：这可是大董家的秘密武器！您想想拿勃艮第当饮料喝的，您伤得起吗？[嘻嘻],1,0.487878,1,1
E1-lite: source + target calibration,target_test,有防水台 就不怕高 我们这帮为鞋着魔的女人啊~[抓狂],0,0.459,0,1
E1-lite: source + target calibration,target_test,草根王之牛小丑?照[哈哈],1,0.513079,1,1
E1-lite: source + target calibration,target_test,[鼓掌]【成都到昆明只需10小时】26日上午，全长63.58公里的云南省武定至昆明高速公路建成通车，从昆明经武定、攀枝花前往成都的出滇入川大通道实现全程高速，10小时左右可以到达。以后去耍更方便啦！~,1,0.477185,1,1
E1-lite: source + target calibration,target_test,人世间的事大抵如此[泪],0,0.445467,0,1
E1-lite: source + target calibration,target_test,就等著你@ ?人?~[兔子]??的GYers~新年大?哈~[哈哈]多收?包?年?得?心些咯~[xyj拜年][xyj?包]?有?孩子~,1,0.497049,1,1
E1-lite: source + target calibration,target_test,我勒个去[抓狂]//: 跟英国学吗？咱 不只是罚超生，婚龄也有法律的好吧？公然挑战婚姻法底线有没有？？不过生出来了也没办法……,0,0.442629,0,1
E1-lite: source + target calibration,target_test,周末快到 吧！小丸跟麋鹿先生在 等你哟！[哈哈] //:我要去,1,0.489549,1,1
E1-lite: source + target calibration,target_test,我真有[失望][耶]//:我希望我可以选择性失忆。[心],0,0.466706,0,1
E1-lite: source + target calibration,target_test,[嘻嘻] 报道，俺算不算有缘人呢？,1,0.495083,1,1
E1-lite: source + target calibration,target_test,终于下班了~谁来把我拖回家啊..[抓狂][生病][打哈气][打哈气][打哈气][奥特曼],0,0.463815,0,1
E1-lite: source + target calibration,target_test,1.悟性很重要是俺朋友 说的，学习中……2.一直在强调整理规范文档，是不想被后来人骂，前面那个混蛋什么都没留下。3.全盘统筹，需求排定优先级再去执行，若总在救火，事情推进会出问题的。4.商麦做的真是挺好。 抽时间得请教下。 事情做不好，砸招牌，还得请你指教呀[失望],0,0.464559,0,1
E1-lite: source + target calibration,target_test,我的宝贝！好爱你！[可爱][爱你],1,0.490063,1,1
E1-lite: source + target calibration,target_test,晚上还有人来哈 //:原来大军压境，看来今天下午要多备些虾了[酷] //:微博没发完，3斤虾又见底了。[抓狂][抓狂][抓狂],0,0.450938,0,1
E1-lite: source + target calibration,target_test,[泪]牛腩君昨天也无缘亲眼见到 ，简直羡慕死店里的同事了！！怒转与你一同悔恨吧…K…CUP啊………,0,0.447978,0,1
E1-lite: source + target calibration,target_test,有人问：国航CAAC，是那几个词的缩写？答：Chinese Airline Always Cancel //: //:[哈哈]Thing Mather。。。事儿妈！,1,0.471449,1,1
E1-lite: source + target calibration,target_test,[晕] //：beers paradise //：这么大的冰箱...,0,0.461231,0,1
E1-lite: source + target calibration,target_test,我已经准备在飞机上过夜了..机舱门已关不让下！嗓子发不出声，也没力气发火了，睡去吧。 今晚见不到你了[泪][泪][泪] //:【北京城区出现新一轮降雨 局地雨势较大伴有雷电】北京城区今日21时左右开始出现降雨，局地雨势较大，并伴有雷电。我这已经下了,0,0.432605,0,1
E1-lite: source + target calibration,target_test,我正开会呢，靠！[哈哈]//:[哈哈]//: [衰][偷笑] //:尼妈 太励志了！！[哈哈],0,0.482297,1,0
E1-lite: source + target calibration,target_test,回覆:呜哇 命苦呀！ 姐又抑郁了。 //:转发此微博:姐，这也太痴情了点吧？！[抓狂][汗][嘻嘻][泪][兔子] //:太悲催了[?] // ：也太背了………… //:太悲催了[?] //：也太背了…………,0,0.449735,0,1
E1-lite: source + target calibration,target_test,[怒] //--张驰:我也经历过，坚决声讨[怒] //--张驰:恶意拖欠设计费，死不认账设计费，就是偷窃[怒] //:比起国内某著名商业地产公司的死不认帐来说，这算好的，有兴趣猜猜是哪个商业地产公司吗,0,0.470568,1,0
E1-lite: source + target calibration,target_test,是我们纳税人的血汗钱么？？？？[伤心],0,0.477078,1,0
E1-lite: source + target calibration,target_test,颈椎彻底报销了，疼得直冒汗，右侧智齿又肿了，却疼得习惯了，这个冬天我是肿木了？[衰],0,0.446521,0,1
E1-lite: source + target calibration,target_test,春天咱聚聚//:不光获得了宝贵的经验，更获得了难忘的知己！//: 怀念！ //:大家还记得吗？还有很多想法没实现，还有很多合作没做[泪]2010年我们日夜奋战的日子！ 想你们,0,0.456316,0,1
E1-lite: source + target calibration,target_test,我也喜欢老托的片子//:谢谢帅哥编辑//:就喜欢你的片子 //:谢谢编辑推荐[爱你]//://: [鼓掌],1,0.484164,1,1
E1-lite: source + target calibration,target_test,这摇号比例要有多幸运[衰],0,0.468353,0,1
E1-lite: source + target calibration,target_test,不喜???度的男的[怒][怒] 我在这里:,0,0.469643,0,1
E1-lite: source + target calibration,target_test,传说中的牛油九宫格火锅，原来不是九种味道，而是一锅红汤分开而已。现在胃袋里全是灼热感。[晕][晕] 我在这里:,0,0.464852,0,1
E1-lite: source + target calibration,target_test,[泪] //:[泪] //: 拒绝观看动物表演 把自由和生命还给它们!,0,0.449047,0,1
E1-lite: source + target calibration,target_test,心情大好，补张图。[太开心][太开心][太开心],1,0.49256,1,1
E1-lite: source + target calibration,target_test,//://:他们是把别人的孩子卖了，自己得钱！[怒]//:少养了孩子，多养了几百万计生人员,0,0.456461,0,1
E1-lite: source + target calibration,target_test,妹妹把车开走了，今天打车。出租车司机盯着我看半天说了句：电视上看不出来您黑啊？[泪]后来非说是我的忠实粉丝，不要钱！我说那怎么行？赶紧把钱扔在后坐然后跑了。后来一算多给了七块。心想还好我带零钱 了，要是一百的我不亏大了？[钱],0,0.445028,0,1
E1-lite: source + target calibration,target_test,[衰] //:所以现在还活着的中国人都是唐门后裔，百毒不浸呢 //:在中国，还有什么是安全的？[哼] //: 惨不忍睹//: 何止1000家？全国4000多家出水厂，实际上50%以上的水厂出水质量不合格。当高铁、高速路大跃进时，自来水工程，这个最基础的民生工程，被完全忽视,0,0.449787,0,1
E1-lite: source + target calibration,target_test,[哈哈] //:// : [衰],0,0.476836,1,0
E1-lite: source + target calibration,target_test,尼玛，不是吧？//: [泪]//://: //:此人是论坛里网友同事....其妻说，8点赶到现场时，119等已到，但救助不力，围观群众痛骂，才有一消防员下水搜救，10点左右，媒体和领导到现场，才真正开始大规模搜救...,0,0.446206,0,1
E1-lite: source + target calibration,target_test,终于快结束了！哈哈哈，，， //:[泪][泪]-伊万诺娃-库尔乐斯基 --的娘亲 倒计时开始，亲们~,0,0.457878,0,1
E1-lite: source + target calibration,target_test,气愤[怒]//: //：X//: 中国人太贱了，自己纳税请一帮地痞流氓来虐待自己！,0,0.450529,0,1
E1-lite: source + target calibration,target_test,哪?搞的？原?你真在推牛。[鼓掌],1,0.496635,1,1
E1-lite: source + target calibration,target_test,[鼓掌]感谢支持哦~//: 哈哈，很好看哇，开心开心[鼓掌]收藏咯、,1,0.517904,1,1
E1-lite: source + target calibration,target_test,大致不错 ！//-客八黄海爱国安: 欢迎回家//: //:大郅，欢迎回家[鼓掌][握手]//: 欢迎回家,1,0.482971,1,1
E1-lite: source + target calibration,target_test,这孩子理发超乖！[亲亲][亲亲][亲亲],1,0.477329,1,1
E1-lite: source + target calibration,target_test,请叫我德爱！//:请叫我勒油//: 请叫我什么呀！！[抓狂] //:请叫我慈爱。。//: 请叫我刺猬 //:请叫我执拗//: 请叫我理由 //:请叫我苏恩 //:请叫我李昂//: 请叫我挚爱 //:请叫我激昂,0,0.451576,0,1
E1-lite: source + target calibration,target_test,向节假日无休的筒子们致敬！[给力][给力] //:公司新闻部的同事非常敬业，无休息无间断的报导，打造全泰国最快最精准的专业华文微博即时新闻 [鼓掌][鼓掌][鼓掌][悲伤],0,0.494386,1,0
E1-lite: source + target calibration,target_test,我这双娇生惯养的脚呀。别说高跟鞋，就连皮鞋都穿不了[衰],0,0.472577,1,0
E1-lite: source + target calibration,target_test,[怒][怒] //://: 某些人太把自己当回事了 这哥们会被开除吗？//: 活该！//: 这事谁牛B了？一个ICU，一个刑事。,0,0.45076,0,1
E1-lite: source + target calibration,target_test,我的世界被摧毁了！我的心碎了，关键是我这个蠢货让最爱我的那颗心破碎了！我的世界从此没有阳光，只有阴霾！失去了你，世界对我来说已经没有意义了！让所有的痛苦都让我去独自承担！[泪][泪][泪],0,0.427155,0,1
E1-lite: source + target calibration,target_test,in 海德堡正是因为这些迷人的风景，海德堡又被称为“浪漫之城”[可爱],1,0.489916,1,1
E1-lite: source + target calibration,target_test,[衰][衰][衰]//:[哈哈],0,0.473391,1,0
E1-lite: source + target calibration,target_test,偏头痛，疼死啦…[泪][泪][泪],0,0.446492,0,1
E1-lite: source + target calibration,target_test,行动派和花言巧语的区别 //:比这更可恶的是：＂你怎么会发烧呢。 ：还有更可恶的，比如说：“发烧了去看医生啊！”[怒] // ：我也会。。。哈哈哈！// ：哈哈我好像听说人家发烧了也一定会说一句这个……// ：哈哈[哈哈][哈哈][哈哈],0,0.490113,1,0
E1-lite: source + target calibration,target_test,餐馆门口凉的花生米，一看没人，抓了一把[嘻嘻],1,0.481713,1,1
E1-lite: source + target calibration,target_test,美味因为美人儿的欣赏 而更添滋味[bm可爱][太开心],1,0.48962,1,1
E1-lite: source + target calibration,target_test,帽子给力了！[哈哈],1,0.503936,1,1
E1-lite: source + target calibration,target_test,兄弟的车怪病缠身半年，四处投医无果，买了各种名贵零件更换均无用。昨天下决心，召集来各路神仙，闭门修车，下军令不修好不给回家。奋战18小时，拆散全车，偶发现哈雷蜀黍真心有号召力，行车电脑法国嘀，喷油系统德国嘀，电管系统日本嘀…… 今日凌晨，终于发现病灶，节气门线组其中一条虚焊鸟[抓狂],0,0.457475,0,1
E1-lite: source + target calibration,target_test,//: [失望] //-UP:。,0,0.461296,0,1
E1-lite: source + target calibration,target_test,人人游戏招聘，求推荐简历到tani.lin-inc.com[泪][泪][泪][泪]急需 我在:,0,0.449186,0,1
E1-lite: source + target calibration,target_test,???[悲伤][悲伤]重量级贵宾，小编能想到现场是有多high阿，不知道接下来爆料的嘉宾是不是更加的大牌呢？期待期待,0,0.466134,0,1
E1-lite: source + target calibration,target_test,//??:一九一只鸡，二九一只鸭，三九还背着一个胖娃娃呀～咿呀咿?儿喂 //:[哈哈]这文化水平！//:[哈哈]//??42度牛二:哈哈哈//-大萝卜喵儿:一九一只鸡。。 //:[围观]//:介尼玛报道…,1,0.480316,1,1
E1-lite: source + target calibration,target_test,忽然????照片[偷笑] 在??拍?的?大家一起吃? 一上菜 很快的所有人 吃光光 後?才想到要?少?拍照??[?] ?果拍出?的效果都?菜了[失望] ~~哈哈哈哈 白拍了[偷笑] 只能?我?太???料理了~~,0,0.49379,1,0
E1-lite: source + target calibration,target_test,[衰]一PR美眉连着四封邮件把我名儿写成“杜圆圆”，我找谁哭去我。。,0,0.457288,0,1
E1-lite: source + target calibration,target_test,//: 共同努力才有共同繁荣。高尔夫从业者虽然听着高端，实际上是“弱势群体”[悲伤] //:路漫漫兮其修远，吾辈将上下而求索。。。中国高尔夫事业的发展还需要业内所有朋友共同的不懈努力。,0,0.454425,0,1
E1-lite: source + target calibration,target_test,//: 我的股票[怒][怒][怒] //:问题是真不行 真不会……这人水平不行吧真没得治的……,0,0.459748,0,1
E1-lite: source + target calibration,target_test,有人首杀我[泪],0,0.456259,0,1
E1-lite: source + target calibration,target_test,为涩么~一个月不来~苹果派就下架了，考虑过我们客户的心情嘛[泪][泪],0,0.436654,0,1
E1-lite: source + target calibration,target_test,爸爸妈妈！爱你们……往往等失去时才知道好！//:多陪爸爸妈妈[泪],0,0.459586,0,1
E1-lite: source + target calibration,target_test,今天又增加15场！时装周看个够！[鼓掌]//:漂亮！Oscar de la Renta这场称得上异常瑰丽！ 即时带来时装周权威报道，目前已播报纽约时装周超过115场秀，近万张图片，数篇业内点评，这是国内绝无仅有的专业线上报道，时装迷们请随时关注 猛戳链接查看更多更全！[花心],1,0.474784,1,1
E1-lite: source + target calibration,target_test,不得不转[哈哈] //: 回覆:?可能是他信仰藏教的原因～～BAZINGA！[哈哈] //:藏教不用戒色的呢,1,0.496291,1,1
E1-lite: source + target calibration,target_test,又把银行卡弄丢了[泪][泪][泪][泪][泪][泪]数不清第几次了。。。我怎么就不长点儿心呢！我下回一定记住。[衰][衰][怒][怒][怒][怒],0,0.441553,0,1
E1-lite: source + target calibration,target_test,无论你贫穷、富有！永远对你说＂我愿意＂的第一人就是~~母亲~~热泪盈眶中 [泪]//://-Jane:伟大的母亲！母亲节快乐！,0,0.465175,0,1
E1-lite: source + target calibration,target_test,[怒] //:太特么嚣张了，打死丫都不为过 //?-小神: 卧槽！这是马路边！！！尼马！路过的都是死人吗？！！！//:必须严惩！[怒]求公布处理结果！ //: 这老外怎么处理的！判刑！ //:[怒] //:这么嚣张，必须爆揍 //:严重关,0,0.442383,0,1
E1-lite: source + target calibration,target_test,哈哈哈，我们家的大盘子[哈哈][哈哈][心][酷],1,0.505873,1,1
E1-lite: source + target calibration,target_test,延村，聊斋拍摄景点，却找不到那个角落[嘻嘻][嘻嘻],1,0.499824,1,1
E1-lite: source + target calibration,target_test,寻找儿时记忆居然在北京看到了我们家乡的皮影戏[太开心]。作为世界非物质文化遗产，陕西华县的皮影戏以唱腔和精细的皮影著称，真是嘹咋咧！,1,0.474292,1,1
E1-lite: source + target calibration,target_test,你最闹心！ //:[泪][泪][泪],0,0.445159,0,1
E1-lite: source + target calibration,target_test,牙床子肿的我都受不了了。。。。啊啊[抓狂],0,0.445239,0,1
E1-lite: source + target calibration,target_test,上市首日就破发[哈哈],1,0.513079,1,1
E1-lite: source + target calibration,target_test,我次奥~~笑裂了~仰望星空派和国王蛋糕太他妈戳心窝子了[哈哈]//: 太黑暗了 //:哈哈哈，教授还是回来吧！//: 难怪教授说国外没有任何食物，我不该嘲笑你的，教授我错了[委屈]。 //:国王蛋糕笑尿了我[哈哈,1,0.479113,1,1
E1-lite: source + target calibration,target_test,[衰]那谁还会带女朋友去那吃啊//: 男盆友在门口等着[嘻嘻]//:女子餐厅，很有创意的想法//: 支持半份菜！最好出个小胃口女子餐厅 //:[嘻嘻]实在吃不了，咱也得把肉肉吃光光，对吧,0,0.474144,1,0
E1-lite: source + target calibration,target_test,【最新消息】在京家属统一收到信息 马航：飞机在南印度洋坠毁。信息译文“我们必须承认MH370已经失事，机上人员无一幸存。对此，马来西亚航空表示深深的遗憾。接下来，你们将听到马来西亚总理的讲话，我们现在收到的证据显示，飞机在南印度洋坠毁。”（南方都市报）[伤心][蜡烛],0,0.466382,0,1
E1-lite: source + target calibration,target_test,芒种了！北方忙着种忙着收割，广东呢？二十四节气[可爱],1,0.479445,1,1
E1-lite: source + target calibration,target_test,看游记就会觉得太多地方没有去，逛书店就会觉得太多书都没有读，这样不好，时间太少。[失望],0,0.442162,0,1
E1-lite: source + target calibration,target_test,[哈哈]//: 靠和素质奉献无关的身份组成俱乐部，然后再集体高尚互相吹捧，你这明明是在影射党校，坏人~//: 非常无奈的是，说不定将来还真是这批人当权啊。。。,1,0.473131,1,1
E1-lite: source + target calibration,target_test,"为毛!!!姐的高中同学都开始分享关于生孩纸坐月纸要注意的事了啊??我是有落后别人多少挖挖挖!深深的受了刺激,默默的反省一下…[泪]",0,0.469789,0,1
E1-lite: source + target calibration,target_test,我的猫在家里失踪了，所有地方都找了找不到，有什么办法可召唤它们出来吗[泪][泪][泪],0,0.438966,0,1
E1-lite: source + target calibration,target_test,《知道不知道》直播开始，在我的同事中，一直以老实巴交著称的 来到陷阱密布的《知道不知道》，就在刚刚，他居然把自己的那份题目放在了我俩中间，就在我准备偷看的时候，他恍然大悟，瞬间收起来了[怒]！赌张帆会赢的 你俩输定了。哈哈,0,0.469601,0,1
E1-lite: source + target calibration,target_test,一把年纪的，还收到表白，万分感谢主的厚爱，阿门。但这不是等于每天有人在诅咒我失恋嘛~~NONONO[抓狂],0,0.470003,1,0
E1-lite: source + target calibration,target_test,[哈哈][抓狂],1,0.484447,1,1
E1-lite: source + target calibration,target_test,问：如何管好中国经济？答：限呗..[衰] 限购、限贷、限外、限行、限价，现在高铁也开始限速了，正应验了葛大爷那句话：步子迈大了，容易扯着蛋。,0,0.459236,0,1
E1-lite: source + target calibration,target_test,豪华精选酒店大堂停放古董车，两者都是凝聚时间精华的无价之宝[太开心]欢迎下榻！,1,0.469187,0,0
E1-lite: source + target calibration,target_test,其?我真的很想?句：每次有?些新??出，有人??算有人?好?，大佬呀我住在??都唔?心你?4日3夜真的?心什?呢？?不是??、屠?或文革呵？//@?主PP:22至25?曼谷[泪][泪]?算,0,0.456534,0,1
E1-lite: source + target calibration,target_test,选题啊选题！[抓狂],0,0.46064,0,1
E1-lite: source + target calibration,target_test,尼玛还是人吗？？[怒骂] //:这种人爸爸应该凌迟处死。 //: 狼心狗肺的，丧心病狂的，动物才可以做出这样子遭天遣的事！make me sick![怒骂],0,0.464206,0,1
E1-lite: source + target calibration,target_test,善于总结，快快行动吧！[哈哈]加油,1,0.504929,1,1
E1-lite: source + target calibration,target_test,凌晨2点，很缺觉，但就是无法入睡。[失望]夜很静，我有想去四环兜圈的冲动！想我已故的最爱的父亲，我想他，但我无法见到他。就像寄宿的女儿在想我！我们三个想见不能见的孤独的人！珍惜在一起的时光吧，不要等到永远不能见时才知有他们多不一样！[神马],0,0.457366,0,1
E1-lite: source + target calibration,target_test,//: 【月静怕成为家里的负担 坚持出了院[泪]】因为高烧不退，陈月静半个月前在温州一家医院住了十多天院，医生多次劝她立即接受血透或腹透治疗。但她始终没有答应，而且等身体稍有好转，就坚持出了院。姐姐说，陈月静是怕自己成了家里的负担……,0,0.451525,0,1
E1-lite: source + target calibration,target_test,秦始皇派出了采蘑菇的女巫取仙丹[哈哈],1,0.508867,1,1
E1-lite: source + target calibration,target_test,//:哈哈哈，笑死我了！一张A4的打印纸谁不会阿！哈哈哈！还有这个批示也太瞎了吧！ //: [衰] //: 手哥证实下 //:,0,0.466505,0,1
E1-lite: source + target calibration,target_test,交友不慎啊[抓狂] //:我们找时间去首都吧？[偷笑][偷笑]//:仰望万元户[bm顶]//: 通过你之前各种晒好吃的，我确定你的工资已到达6位数，请客！！！//@-装嫩薇_:我可以直接泪崩不说话吗？ //:@-装嫩薇_ 万元户，你还好吗？？,0,0.45791,0,1
E1-lite: source + target calibration,target_test,转瞬间从收红包的就长成发红包的了[泪],0,0.460316,0,1
E1-lite: source + target calibration,target_test,一碗硬货，各类海鲜，尊补啊[泪][泪] 我在这里:,0,0.451138,0,1
E1-lite: source + target calibration,target_test,【来自甘肃的喜讯】‘主任，我老婆生了一个7斤6两的儿子，太谢谢您啦。’激动之后回想，她是一位弱不禁风的女孩子，第一胎因为发烧，孕六个月孩子夭折，再不怀孕。经过调理，她怀孕了，保胎至孕七个月，回到了老家。他们的信任让我感动。电话的那一端充满了喜悦。[哈哈][爱你],1,0.477009,1,1
E1-lite: source + target calibration,target_test,回复 :英雄呗![嘻嘻] //:天啊，怎么炸成这样，可怜啊！ //:靠，我是你师哥!暴宠…[怒骂][怒] // :哎哟我去..暴宠你很抢镜啊 后面那包子炸的有点过火了 // :快炸傻了[哈哈][奥特曼][奥特曼][奥特曼],0,0.465989,0,1
E1-lite: source + target calibration,target_test,谢谢我亲爱的邻居！[偷笑][偷笑][偷笑] //:瑶瑶[威武]//: 好成绩连连到啊！[鼓掌][鼓掌][鼓掌],1,0.48709,1,1
E1-lite: source + target calibration,target_test,感冒，咳嗽，嗓子哑。。。[泪][泪][泪],0,0.442824,0,1
E1-lite: source + target calibration,target_test,童玩 幽默 淘气 恶作剧 生活必备//:[泪][泪][泪]好吓人,0,0.445284,0,1
E1-lite: source + target calibration,target_test,靠，没见过这么拆台的，你个不厚道的家伙。[怒] //:超龄//:胡总给介绍个公司？[偷笑] //:进军娱乐圈?,0,0.457533,0,1
E1-lite: source + target calibration,target_test,次奥！！！为什么电脑里存的6000多字一下子消失了，变成 只有一千两百字？？？老纸昨天写了一天的啊！！而且明明保存了！！！这是为什么！！[抓狂][抓狂][抓狂],0,0.428554,0,1
E1-lite: source + target calibration,target_test,[good][鼓掌][鼓掌][鼓掌]太美了！ //:绝对的大福利哇！！大家准备好了吗？//: 8月1日，乐蜂网五周年生日party正式开场！这次准备的大礼可真是[鼓掌][鼓掌][鼓掌]，等你来哦?,1,0.487969,1,1
E1-lite: source + target calibration,target_test,[泪][泪][泪]//:,0,0.441519,0,1
E1-lite: source + target calibration,target_test,太不仗义了！ //:[抓狂],0,0.453195,0,1
E1-lite: source + target calibration,target_test,小清新的火龙果盆栽~！好美啊！[爱你],1,0.493195,1,1
E1-lite: source + target calibration,target_test,话说2012，很多人上船了。国庆红白喜事都有，已经是今年参加的第三场葬礼了[衰] 丧葬一条龙呢，也提供巧克力的。估计也有真假的说？[衰],0,0.466739,0,1
E1-lite: source + target calibration,target_test,大家怎么看？有单身节来看单口相声的吗？要是有我们就说～哈哈哈！做个调查！//-曲艺社:单身班主＂单身节＂说单口[偷笑]这个可以有!各位好朋友们，大家愿意一起乐呵不孤单吗?[嘻嘻]民意调查一下呗[哈哈],1,0.498553,1,1
E1-lite: source + target calibration,target_test,求安乐死[泪],0,0.445467,0,1
E1-lite: source + target calibration,target_test,回国记得请我吃饭！ //:[泪][泪] 回国见！,0,0.448222,0,1
E1-lite: source + target calibration,target_test,谁总结的，很形象啊！[嘻嘻],1,0.503546,1,1
E1-lite: source + target calibration,target_test,[嘻嘻]//: 好喜欢徐峥的声音，配的也好像，哈哈=！！,1,0.494125,1,1
E1-lite: source + target calibration,target_test,谁来拯救这帮丧失良知的人，不“不能称为人是动物”[怒]//: 见到他一定报他//: 弄死！[怒]让我碰见骂死丫的！什么东西！！[怒],0,0.450985,0,1
E1-lite: source + target calibration,target_test,[嘻嘻] //:七个白雪公主和一个小矮人，太需要更多保护了！,1,0.465084,0,0
E1-lite: source + target calibration,target_test,用筷子是习惯，可用这种一次的筷子的出产据我所知最多也多不过20年吧，这种筷子最初只是生产给日本人用，中国才没这种方便筷的习惯和传统。这二十年来是砍光了大小兴安岭的所有成材啊[悲伤],0,0.472246,1,0
E1-lite: source + target calibration,target_test,"[蜡烛][蜡烛][泪][泪] //: [蜡烛]//:人心怎能堕落到这等地步![蜡烛] “一个社会发展的程度,常常不是看这个社会是否出了雷锋式的人物,因为要在13亿中寻出一个雷锋式的人物并不难,而是要看活在社会底层、中层甚至上层的流氓、地痞、黑帮,他们的操守究竟怎样,为人是否还有人",0,0.459342,0,1
E1-lite: source + target calibration,target_test,[哈哈]//: 。,1,0.495759,1,1
E1-lite: source + target calibration,target_test,回复:踢足球，摔到手腕，肿得厉害，现在赶往医院途中，骨科。希望不要有事。手臂已经骨折过一次了，唉。养男孩，这是硬伤啊。[泪][泪]//:过敏？,0,0.440325,0,1
E1-lite: source + target calibration,target_test,"随手拍美食毛豆季又到了,最爱夏天的傍晚,一罐冰啤来盘子毛豆,慢慢悠悠的享受时光,日子过得平静也好,激情四射也好,一年四季的吃食就在那儿等着你,到时候你就来吃吧,什么季节吃什么,好的一定就别错过!人生也一样啊![嘻嘻]10分钟做好夏日餐馆点击率最高的下酒小菜",1,0.484782,1,1
E1-lite: source + target calibration,target_test,2013，爱你一生。祝大家新一年快快乐乐！[爱你],1,0.484938,1,1
E1-lite: source + target calibration,target_test,好教程。一定要记得邀请码哦：1589――要我发就填1589[嘻嘻]//: 真有创意，悲催的地方我就不说了[偷笑],1,0.480857,1,1
E1-lite: source + target calibration,target_test,又要问那个著名的问题，到底为党还是为人民服务？ //:彻底没有底线了 //: [泪][怒] //:一个车祸背后？ //-汽车与你:深圳，从此将被钉在耻辱柱上 //:真如此吗？深圳，你真是个特区，牛逼透了！,0,0.444102,0,1
E1-lite: source + target calibration,target_test,哎，震撼呀！[抓狂] //：//:无,0,0.451954,0,1
E1-lite: source + target calibration,target_test,有点看不懂。。。左边你看懂了么 //:贵圈微乱 //:这！个！是！什！么！！ //: 回复: [泪]婷婷对不起，我@ 错对象了 //:智商啊!这关人家 什么事儿？那是朕在联想都不敢想的妹子啊，你要,0,0.45073,0,1
E1-lite: source + target calibration,target_test,您想表达什么？告诉大家一历史事件？[泪],0,0.447246,0,1
E1-lite: source + target calibration,target_test,这才是真正的扯蛋???[偷笑]//: [巨汗][弱]//: 那你说介个有木有人性哇[挖鼻屎] //-悟: 真能扯，转走！[衰],0,0.461882,0,1
E1-lite: source + target calibration,target_test,回复:对呀你真聪明![哈哈] //:你是为了画工口漫画么？,1,0.49138,1,1
E1-lite: source + target calibration,target_test,心痛[伤心] //:世界需要他的照片。,0,0.470561,1,0
E1-lite: source + target calibration,target_test,什么时候才能来一场大雨，给大家都降降温啊！！！[泪],0,0.439441,0,1
E1-lite: source + target calibration,target_test,没辙、没辙的，文明被无情的践踏 //:他们不懂 //: 应该是，这种砖叫沟槽砖 //@???主: //: 文保单位成天都在做什么？[怒][哼],0,0.45672,0,1
E1-lite: source + target calibration,target_test,你妹！为毛毛给我起这么个名字！！！[怒],0,0.449942,0,1
E1-lite: source + target calibration,target_test,爆笑//:把自己当颗葱，谁拿你蘸酱啊 //://-Edwin:[衰]//:[衰],0,0.453912,0,1
E1-lite: source + target calibration,target_test,一叠钞票才换了两张欧元，落差好大啊[抓狂]。后天飞法国，有没有推荐的shopping哇。,0,0.459746,0,1
E1-lite: source + target calibration,target_test,经常性的跟同事们宣扬我公司不加班，然后我自己在办公室悄悄加班；一边学习政府工作文件加强维稳，一边看微博围观救中国；一边跟别人说工作要用脑，一边自己复制粘贴投标文档；我竟然没精神分裂，这绝对是个奇迹！[晕],0,0.461054,0,1
E1-lite: source + target calibration,target_test,呵呵，九江话＂害死人了＂在这不会让人有误会吧！[哈哈] //:好久没吃了 大中午的，害死人了～～～ //: //:,1,0.476568,1,1
E1-lite: source + target calibration,target_test,想纤体的我，却在美食面前投降了，晚上开斋了。不说了，回家反省去！[汗][泪]还有啊，怎么拍的那么傻呢！！！讨厌！[哼],0,0.435413,0,1
E1-lite: source + target calibration,target_test,//://://: 国外敌对势力又想做什么[怒] //:坚决不外流 //:[泪][泪] //:我们会自己把它吃完。[哈哈],0,0.449893,0,1
E1-lite: source + target calibration,target_test,还是会因为一句话就觉得。。。应该。。。不是那个人。。。[泪],0,0.451326,0,1
E1-lite: source + target calibration,target_test,我！要！睡！觉！[悲伤] 我在这里:,0,0.480669,1,0
E1-lite: source + target calibration,target_test,高级定制 vca定制系列...哇卡卡...今天又回来了一批...[哈哈][哈哈]18k黄金黑玛瑙单花项链 + 18k黄金黑玛瑙5花手链/18k黄金白贝母5花手链/18k白金白贝母5花手链...[做鬼脸]有现货哦...[嘘][哈哈]喜欢的要赶紧了哦[抓狂][抓狂][抓狂]没有了不要怪我没告诉你们哦...[酷][话筒][话筒][话筒],0,0.46752,0,1
E1-lite: source + target calibration,target_test,论与三胖谈恋爱之风险//: 这种国家太可怕了[衰],0,0.465149,0,1
E1-lite: source + target calibration,target_test,[哈哈][哈哈][哈哈][哈哈][哈哈] //: 今年广院必火！//@??清: [哈哈][哈哈][哈哈],1,0.507866,1,1
E1-lite: source + target calibration,target_test,烫头发太失败了，被整成花仙子小蓓的头型了，就差别2根三叶草了。[泪],0,0.443468,0,1
E1-lite: source + target calibration,target_test,我就fuck这个痛风，这不能吃那不能吃，变个天他还跑出来折磨你[抓狂][抓狂],0,0.4556,0,1
E1-lite: source + target calibration,target_test,还真是惊涛拍案，卷起千堆雪，诗人看了要哭了[泪],0,0.455013,0,1
E1-lite: source + target calibration,target_test,神器 [哈哈][哈哈][哈哈][哈哈],1,0.5098,1,1
E1-lite: source + target calibration,target_test,我要是再年轻点！！一定去韩国建国大学学艺术！[泪][泪]回不去的时间啊！！,0,0.437172,0,1
E1-lite: source + target calibration,target_test,//??: ?好留了?告不然怎??呢[抓狂],0,0.462999,0,1
E1-lite: source + target calibration,target_test,看看看看我家可怜的墙啊，第一张照片貌似墙面最新装饰一样。往后看吧！我这个头疼啊！！！ 茶壶和酒杯是被客人咋弄到墙里去的我表示很费解！一起吃饭的好朋友能打起来我也表示很费解！[抓狂][抓狂][抓狂],0,0.452593,0,1
E1-lite: source + target calibration,target_test,其实呢，我觉得我还可以，我从来没有删除过粉丝~大家关注我，也都是给面儿（当然也不排除按错了、误操作或者被迫的），但是，不知道为啥，看到这位盆友，忽然有种，“移除”的冲动~[衰][汗]李玖哲-小胖子的一天-,0,0.45332,0,1
E1-lite: source + target calibration,target_test,2013 smart 城市大行动谁能抵挡这一排城市小精灵的诱惑~ 精灵Party 我们来了~ [太开心],1,0.478831,1,1
E1-lite: source + target calibration,target_test,天宫一号我想到了电影“海洋”的一副画面。一只叫不上名的蜥蜴趴在美丽神秘的大海礁上，天空中出现了一枚火箭渐渐地划破天际，蜥蜴随即抬头看着火箭在天上飞过。我感觉也许它对眼前的一切感到好奇和莫名奇妙。之后呢？火箭的推进器会一节节掉进深蓝的大海里、落在无垠的草原上、坠到神秘的山谷里[泪],0,0.465692,0,1
E1-lite: source + target calibration,target_test,今天?加同事婚?，?拉?Q好?喔[爱你][爱你] -亚婷cindy ?游王翎芳,1,0.492969,1,1
E1-lite: source + target calibration,target_test,?，“食?奴”?告片?了！//:好想看！[鼓掌] //@?智?:食?奴 一你吃?咸?包?？,1,0.476259,1,1
E1-lite: source + target calibration,target_test,→_→//:好地费牛，好女费汉啊[嘻嘻],1,0.495467,1,1
E1-lite: source + target calibration,target_test,[哈哈]//: 我找出来了 //:补充一点，近三年来，在学生组织工作表现突出，现任某一要职//:绝对憨厚淳朴好男人！,1,0.481114,1,1
E1-lite: source + target calibration,target_test,中国好声音[赞][赞]感觉我自己不敢看了[泪][泪]难分难舍你们真的非常棒[good][good]都不要下台了[给力][给力] 姐您真的不容易 我在:,0,0.457614,0,1
E1-lite: source + target calibration,target_test,[怒][怒]是的话就好了[怒] //:看到牛了，您老这是打牛的出去玩吗？,0,0.45961,0,1
E1-lite: source + target calibration,target_test,//:[悲伤][悲伤][悲伤],0,0.465221,0,1
E1-lite: source + target calibration,target_test,有同事在西安结婚，组里几个人赶过去玩，我在短信里是这么写的：鼓楼回民街的平娃烤肉、贾三灌汤包（贾平凹）、八宝甜稀饭、红红酸菜炒米、涮肚、钟楼德发长饺子、西工大西门坊上人羊肉泡馍、魏家凉皮、樊记肉夹馍..还有必喝蓝马or汉斯小木屋果啤.我滴神啊，不行馋死我了[泪],0,0.457706,0,1
E1-lite: source + target calibration,target_test,[衰]//: 失去联系3天！！//:,0,0.452196,0,1
E1-lite: source + target calibration,target_test,太棒了[鼓掌] //:[耶],1,0.481447,1,1
E1-lite: source + target calibration,target_test,每天日出日落，我也快分不清楚了[偷笑][晕][酷]//:我还以为是日落…,0,0.462995,0,1
E1-lite: source + target calibration,target_test,北京队进总决赛了!准备到1.5万人的五棵松篮球中心看球![嘻嘻][哈哈],1,0.509948,1,1
E1-lite: source + target calibration,target_test,[失望] //:星座排行的作者[奥特曼] //:你们还相信星座吗？,0,0.45294,0,1
E1-lite: source + target calibration,target_test,继续踏实前进 //: 目前国内第一，超越admob了，童鞋们厉害！ [拳头] [拳头] [拳头] [拳头] [拳头] [拳头] [鼓掌],1,0.476285,1,1
E1-lite: source + target calibration,target_test,交委童鞋，你那么无能，给你?工资的那群知道么？[泪],0,0.456635,0,1
E1-lite: source + target calibration,target_test,发生了什么？[衰],0,0.460107,0,1
E1-lite: source + target calibration,target_test,墓碑 //:[怒][怒][怒][怒][怒][怒]这笔账怎么算？！,0,0.467036,0,1
E1-lite: source + target calibration,target_test,天蝎、巨蟹、双鱼是大吉啊。。。。其实我只想要大利就好了，缺钱[抓狂],0,0.451008,0,1
E1-lite: source + target calibration,target_test,[泪][蜡烛]生命健康成长已实数幸福，不苛求//:作为孩子的父母也应该受到谴责，把孩子单独放在车里本来就不对。希望这事给所有人以警醒！,0,0.46141,0,1
E1-lite: source + target calibration,target_test,李小璐和乃爸宝宝的满月Party上，小鹿主题的点心和装饰品太可爱了[可爱] 开始没多久就被妈妈们抢光了。我也给我家宝宝抢了几只[爱你] 八卦：贾乃亮的侄女（途中）是个小美女，我家领导还流着口水给人家照相，俨然一副怪蜀黍嘴脸[哼],1,0.479446,1,1
E1-lite: source + target calibration,target_test,老妈今天居然在我上班的小区路上捡到了我昨天丢的一颗扣子??顿时觉得丢手机的事情变得很渺小！[衰],0,0.470792,1,0
E1-lite: source + target calibration,target_test,文化部不让Suede唱Beautiful Ones? //:[抓狂]把我最爱的一首删了！！[怒] // :煞笔吧他们// :烦死我了// ：我操，真的假的？BEAUTIFUL ONES ?什??什?？?什?？BOB DYLAN不?唱 BLOWING IN THE WIND。。?道?人最熟悉的一律禁唱?,0,0.44133,0,1
E1-lite: source + target calibration,target_test,写战略合作协议需要灵感啊，何况一连写多份。[晕],0,0.467583,0,1
E1-lite: source + target calibration,target_test,[泪][泪][泪]??? //:[蜡烛],0,0.449371,0,1
E1-lite: source + target calibration,target_test,妈呀~~纠结死我啦~~抱着电脑看电视~~[抓狂][抓狂]我在这里: 朝阳区,0,0.465509,0,1
E1-lite: source + target calibration,target_test,我点开视频几秒钟就看不下去了那些工人又怎么可以如此冷酷的继续着他们的“工作”[泪]善待动物～,0,0.463916,0,1
E1-lite: source + target calibration,target_test,既然爱这么残酷，那情愿选择不爱！爱，不就是要让被爱的那个人快乐吗？那年我们曾同住一个房间，多么青涩的小妹妹；那年我们曾为她的幸福祈祷，多么美丽的新娘...还记得 师弟为他们夫妻拍的MV老公为老婆批上外套的那一段，深深打动了我[泪]如今是怎么了？婚姻...我们还可以进行吗？,0,0.455315,0,1
E1-lite: source + target calibration,target_test,准备周三展览会的活动，小马快快跑[哈哈],1,0.511767,1,1
E1-lite: source + target calibration,target_test,//:知足吧，中国人！[哈哈][泪],0,0.471137,1,0
E1-lite: source + target calibration,target_test,买了10个烧饼~掉了两个~[泪],0,0.451383,0,1
E1-lite: source + target calibration,target_test,陌陌就算了，不过n个月前，一位聪明剔透的美女妹妹就总结出了我们的生活状态--＂在微博中睡去，在微信中醒来＂[哈哈][哈哈][哈哈] //:[哈哈] //:[思考] 。。。那一定是成功人士！,1,0.492114,1,1
E1-lite: source + target calibration,target_test,当世事再没完美，可远在岁月如歌中找你...看得不行了，两人我都超爱啊[泪],0,0.44874,0,1
E1-lite: source + target calibration,target_test,"让别人伺候吃嘛[偷笑] //：吃螃蟹,对偶来说,实在是比写本10万字的书还要难10倍的技术活..[抓狂].",0,0.4633,0,1
E1-lite: source + target calibration,target_test,"老国展举办的美食优""品""在轻工，图书分享会，品尝到 @?轻食RockingHorse 最棒的甜品，聆听创作者的故事~其中饱含爱意细腻回味绵长的大理石征服了我。也是在这儿，我知道了自己原来是个喜欢一个人霸占厨房，又希望有人打下手儿的矛盾个体[晕]3本书抱回家拜读",0,0.468844,0,1
E1-lite: source + target calibration,target_test,[哈哈]//: 果然有神秘礼物哟！,1,0.495759,1,1
E1-lite: source + target calibration,target_test,果然是一位食家[鼓掌],1,0.496291,1,1
E1-lite: source + target calibration,target_test,海天共鉴，华宇婚典。沿着绵长的海岸线，许下相守一声的诺言。[可怜][亲亲],1,0.476603,1,1
E1-lite: source + target calibration,target_test,暴击+KO[衰],0,0.468353,0,1
E1-lite: source + target calibration,target_test,不能去??看演唱?的人望梅止渴[泪] //:你会不会忽然的出现，在街角的咖啡店，我会带着笑脸，挥手寒暄~~,0,0.443797,0,1
E1-lite: source + target calibration,target_test,各位妈 明请品尝菲式枣糕[哈哈],1,0.513079,1,1
E1-lite: source + target calibration,target_test,他那是想骗汉堡吃的苦情计，千万别上当[偷笑] //：早知道请你吃完汉堡再走啊[泪],0,0.463369,0,1
E1-lite: source + target calibration,target_test,又是分裂的一天，白天排练 老师的＜三人行不行＞，说着山东话唱着京剧各种洒狗血解放天性的表演训练，晚上来录和加拿大乐队 的合唱歌曲Jet Lag，竟然被要求我想像自己是个穿着黑色吊带丝袜拎着酒瓶子的朋克少女，这这这，要求太高了吧~[抓狂],0,0.455424,0,1
E1-lite: source + target calibration,target_test,国家和全社会什么时候重视并落实解决[衰] //:准时收看 //:看小[嘻嘻]嘉宾,0,0.469535,0,1
E1-lite: source + target calibration,target_test,我想知道当事犬是什么心情。。//:哈哈哈哈笑不行了 //:[哈哈],1,0.48624,1,1
E1-lite: source + target calibration,target_test,"感觉“好久”没刷围脖了，是在忙着上课，忙着考试，忙着写报告, 找stage...？ ? 我都不知最近都忙了神马，时间就木有了 ~~~~(>_<)~~~~ [泪]",0,0.47005,1,0
E1-lite: source + target calibration,target_test,没人了呢，好寒心~那么公布获奖名单了哦，本期中奖的幸运儿是 获得幸运奖的是 恭喜这两位啦，呱呱呱[可爱] (,1,0.48535,1,1
E1-lite: source + target calibration,target_test,收到的礼物，漂漂的蛋糕?[嘻嘻]非常好吃，受到一致好评，谢谢,1,0.54993,1,1
E1-lite: source + target calibration,target_test,早高峰8分钟间隔，疯了吧[抓狂],0,0.452545,0,1
E1-lite: source + target calibration,target_test,打电话回家，家里的同胞们真开心啊，妈妈姨妈小姨表弟表妹们各种吃饭各种聚！唯独我不在家！[泪]想想父母那一代，虽然过去家里孩子多日子苦些，但现在年纪大了兄弟姐妹常来常往也有个照应，多好！想想我们这一代，要不独子，要不就离得远，一年见不到几次，可怜呢。所以，有几个闺蜜何其重要！,0,0.462977,0,1
E1-lite: source + target calibration,target_test,"这是吊胃口，可以提高完整版的收视率[哈哈]//: 我去,停在最关键的地方[怒]可是最近的这一个是过去时啊还是现在进行时啊[思考]// : 四大冷艳系冰雪美人来啦,冰天雪地里的女神们，美丽冻人，很是心疼[玫瑰]",0,0.480304,1,0
E1-lite: source + target calibration,target_test,哈哈，看得出评估团的威力啦……石老师真可怜……//:石主任怎么变成罗老师了，太有才了！顶起！ [哈哈] [哈哈] [哈哈],1,0.492779,1,1
E1-lite: source + target calibration,target_test,[泪][泪]//: 白大爷走了一百天了，愿您天堂安好、[蜡烛][蜡烛][蜡烛][蜡烛][蜡烛][泪][泪][泪][泪][泪],0,0.453185,0,1
E1-lite: source + target calibration,target_test,我桌上有烟随便抽//: 酒没事儿，越老越陈，就跟咱俩似的[偷笑]//: 更悲催的是……烟也抽完了……[抓狂],0,0.455815,0,1
E1-lite: source + target calibration,target_test,[哈哈][哈哈] //:10010// :,1,0.49565,1,1
E1-lite: source + target calibration,target_test,设计专业化非一日之努力可达；支持设计的文化底蕴非一日之积淀。好与不好的判定能力的提升，就象看玉，看的多了，自然能看出成色的差异所在。革命没尚需努力。压力、动力[泪],0,0.458618,0,1
E1-lite: source + target calibration,target_test,//-北京:醍醐灌顶了，真心给国足道个歉[衰]//:再次转给所有黑国足的人，你们愧疚吗？[挖鼻屎],0,0.446902,0,1
E1-lite: source + target calibration,target_test,海航快闪看到粉丝发布视频了，但是小编想说，我不要看枪版，人家要看正版的！！[抓狂],0,0.44303,0,1
E1-lite: source + target calibration,target_test,[馋嘴][馋嘴][馋嘴][爱你][耶][耶][耶],1,0.48231,1,1
E1-lite: source + target calibration,target_test,空闲的时候就剩吃了[衰]?,0,0.461606,0,1
E1-lite: source + target calibration,target_test,??天都醒很早是在?哪?啊[抓狂][抓狂][抓狂],0,0.460813,0,1
E1-lite: source + target calibration,target_test,你们的活动怎么是周一啊。。。[泪]艾欣不能参加，但是呼唤大家来参加 超级靠谱的活动啦~~[笑哈哈],0,0.46406,0,1
E1-lite: source + target calibration,target_test,好不容易坚持了一礼拜，结果就被一碗肉丝炒蛋毁了。。。[泪],0,0.45031,0,1
E1-lite: source + target calibration,target_test,一个颈椎病突发智力受损然后丢了钱包的同学特发此图表达下复杂心情，她对现实世界到底有多不满意呢，请参照右边插腰的小背影并想象一下她的表情。 有人需要新钱包了[泪],0,0.466209,0,1
E1-lite: source + target calibration,target_test,教授堆儿里，本来就是一帮乌合之众！//: //: 什么教授，狗屁暴徒！！！ //: //-摄影-漆匠: 最起码的家教都没有也能当教授[衰] //: //: //:[赞] //: [赞],0,0.452181,0,1
E1-lite: source + target calibration,target_test,一声巨响，厨房墙上放各种调味品的隔板轰然倒塌，满地的酱油醋蚝油花椒大料盐，现在一屋子混合调料的味道，事故现场就不发了，总之一个惨不忍睹~~~[怒],0,0.477064,1,0
E1-lite: source + target calibration,target_test,哈哈 昨晚真的好热闹呢[哈哈],1,0.514216,1,1
E1-lite: source + target calibration,target_test,书白读了。[怒],0,0.46343,0,1
E1-lite: source + target calibration,target_test,各位小主儿都在哪里看得甄环传的呀，偶打算假期追下热剧呢。最好推荐PAD能看的萨[可爱],1,0.497672,1,1
E1-lite: source + target calibration,target_test,必胜客里等灰机[嘻嘻],1,0.502168,1,1
E1-lite: source + target calibration,target_test,海南旅游攻略 【看万景之胜地?品宁静之乡情?走进海韵万宁2日游】万宁美景数不胜数，要是真正的玩转万宁要花费花几天的功夫，本期攻略给大家选取比较有特色的景点，行走在万宁的大街小巷，每处都是景色迷人，来到万宁宛如天上人间一般，大家一起感受这里的海风海韵吧！[爱你],1,0.476694,1,1
E1-lite: source + target calibration,target_test,周末和天团的十位小朋友一起吃火锅，好胃口止不住，昨晚在家试试卤蛋，今早带来单位，谁来早谁吃[嘻嘻],1,0.49604,1,1
E1-lite: source + target calibration,target_test,能预定假期的人最划算了，提前交定金能拿到2-3折的价钱呢。[给力]像我这样假期遥遥无期，连周末都不知道能不能幸存的人就只有眼馋的份了[泪][泪],0,0.436057,0,1
E1-lite: source + target calibration,target_test,这个必须推广，罚不罚都是次要，意识很重要！我在美国开车习惯了，有次回国开车，人行道主动减速到完全停下，还被后面摁喇叭！[怒骂],0,0.462693,0,1
E1-lite: source + target calibration,target_test,被三个0点促销同时折腾的筋疲力尽。。。现在好想滚去睡。。。但是刚才精神过于紧张一点儿都不困了[泪][泪][泪],0,0.436032,0,1
E1-lite: source + target calibration,target_test,华丽丽的混乱八卦！ //:情伤爆肥的阿mei居然深情地对着哈林唱前男友之歌，导播居然给哈林和莫愁大镜头~「我太八卦了」[衰][委屈],0,0.462589,0,1
E1-lite: source + target calibration,target_test,微行迹 这里风景如画，值得一年四季游览！牦牛肉嫩，青稞酒香，美味佳肴，我都不想走了....据说九寨沟寨里的村民都很富有，百万不算少，千万不算多。每年年底还有分红。带着微博去旅行 哪怕在这里放三年牦牛也好啊[泪],0,0.463429,0,1
E1-lite: source + target calibration,target_test,回复:老牌子，你多大的咖啡馆？总投资多少？定位是什么？ //:[泪]呀，真的回覆了，太感?了，我看好一款拉帕瓦尼的??，??下月去北京?，??这款机器很耐用 //-咖啡大佬老冯:回复:哈哈，那你第―次喝益生糖是什么时候？[嘻嘻] //:是呀，再不捋就全忘了,0,0.455428,0,1
E1-lite: source + target calibration,target_test,早上起来，满脑子都是三天三夜的旋律[晕],0,0.466889,0,1
E1-lite: source + target calibration,target_test,亲们，就不一一 [汗]（最后发现爱特了「了」 ）[汗]//: [衰] //: 清明了 挺想你的~,0,0.462838,0,1
E1-lite: source + target calibration,target_test,[可爱]//: //:人固有一死，或死于白水，或死于藏猫，或死于连跳，更有死于高温者，最夸张的是死于二手烟雾中???//: 人故有一死[偷笑] //:回复:人故有一死，或抽烟死，或不抽烟死！ //:从前有个人，不烟、不酒、不赌、不嫖；,1,0.4627,0,0
E1-lite: source + target calibration,target_test,人在中山，对话厉无畏先生。来去匆匆，没吃到中山乳鸽，有些伤感。[失望],0,0.472602,1,0
E1-lite: source + target calibration,target_test,支持支持[抓狂][抓狂][抓狂][抓狂][抓狂][抓狂][抓狂][抓狂][抓狂][抓狂][抓狂][抓狂][抓狂][抓狂][抓狂][抓狂][抓狂][抓狂][抓狂][抓狂][抓狂],0,0.462286,0,1
E1-lite: source + target calibration,target_test,快看 拉的便便糖！据本人透露是香蕉黄瓜和杨梅！太有才，多美的屁股拉得这样有型！ [嘻嘻],1,0.489399,1,1
E1-lite: source + target calibration,target_test,体制内都是些啥货色呀，各个龌龊至极！[衰],0,0.465888,0,1
E1-lite: source + target calibration,target_test,哈哈~~~北京消防太有爱了 //: 视频版都出来了[嘻嘻]，走你//: 【航母style视频征集】如果你也有你的态度，你的style，想来参与PK，那就拿起 记录下你的身姿加入到航母style活动中来吧！走你~[走你]活动详情：,1,0.485419,1,1
E1-lite: source + target calibration,target_test,某心灵手巧男纯手工出品[鼓掌][good][赞][兔子][给力],1,0.490487,1,1
E1-lite: source + target calibration,target_test,畜生都不如！[怒] //:畜生！[衰][怒],0,0.454899,0,1
E1-lite: source + target calibration,target_test,"每日一新[熊猫]以希??士靴?融入?代的?方文化,???感更????而出的迷人造型,???感又???尚的扣???,再搭配??的大型皮???更能感受?特的??~[爱你]?南鞋店地址:上海市?安??西南路80?:021-62891014~",1,0.485507,1,1
E1-lite: source + target calibration,target_test,快乐滑雪队2012活动圆满结束，临走前刷了万龙最长的游龙道，全长3.4公里，13分钟完成，用六只脚手机版记录的图和数据很靠谱啊！到北京了，开堵[怒],0,0.459286,0,1
E1-lite: source + target calibration,target_test,不要取笑强迫症好不？他们好痛苦的。[泪] //：我也一定要抠下来安好~~~[抓狂],0,0.456194,0,1
E1-lite: source + target calibration,target_test,这秃子不敢@ 被害人家属，是怕破坏军婚被收拾么？[挖鼻屎]//: →_→//:[晕]→ → → → →//: 呔，这个拉皮条的秃子，娶了她吧,0,0.454544,0,1
E1-lite: source + target calibration,target_test,呵呵，还是养狗狗可以当神仙[嘻嘻],1,0.493444,1,1
E1-lite: source + target calibration,target_test,得上传染病了，千万别碰我，眼睛都睁不开了，驾照考试怎么办啊[泪][泪][泪],0,0.436157,0,1
E1-lite: source + target calibration,target_test,牙神经还是疼啊！[泪],0,0.456842,0,1
E1-lite: source + target calibration,target_test,看到你这条微博我表示很开心，看到苦逼的你我内心得到极大平衡[哈哈]谁叫你那观山湖豪宅不住搬个狗屁家，瞎折腾。,1,0.50013,1,1
E1-lite: source + target calibration,target_test,除了不停地向你们道谢，我不知道自己还能做些什么！[泪][泪] -薇薇 @,0,0.43528,0,1
E1-lite: source + target calibration,target_test,哇喔，快乐愚人节[爱你],1,0.494973,1,1
E1-lite: source + target calibration,target_test,烤乳猪，太诱人了[嘻嘻],1,0.494017,1,1
E1-lite: source + target calibration,target_test,//: 中枪了![泪],0,0.440478,0,1
E1-lite: source + target calibration,target_test,尼斯漫记原来这个世界上真有旋转木马这个童话般的东西哦！我也想坐……[爱你][爱你][爱你],1,0.488389,1,1
E1-lite: source + target calibration,target_test,Loli厨房出品今日早餐是本帮酱鸭米线。配菜是酱鸭，青菜，玉米，青豆，还有一盘盐水毛豆[哈哈]昨儿， 说我早餐一成不变的，可以换换了[汗]不知道你早餐吃的啥呀？究竟有多丰富？！[疑问][左哼哼],1,0.482487,1,1
E1-lite: source + target calibration,target_test,越看越不对，你找谁啪啪我？//: [怒][怒]让你爷们啪啪你//:好吧//: 好吧，我文盲//:别解释！再解释也是不通[偷笑]//:没睡醒呢就开会了//:大哥，言语不通，该重修语文[挖鼻屎],0,0.45601,0,1
E1-lite: source + target calibration,target_test,看着公车都空的没天理的开过，为啥我的公交迟迟不来。[晕],0,0.468998,0,1
E1-lite: source + target calibration,target_test,三清新闻三清山旅游宣传短片亮相美国纽约时代广场，让美国人也瞧瞧小清的风姿[嘻嘻]欢迎更多的国外游客来江西，来三清山旅游，we are ready ！[给力],1,0.49542,1,1
E1-lite: source + target calibration,target_test,把腰带解下来换酒！[哈哈] //:我们这种消费，说是法国的你孙总也不信啊[泪] //: 英国红酒？ //:回复:五粮液还是五粮醇，忘了！还有英国红酒！[害羞] //:喝的什么高级酒呢？[思考] //:回复:已晕乎[晕] //:可惜，你喝少了[嘻嘻],0,0.460334,0,1
E1-lite: source + target calibration,target_test,许久没有来西直门，竟然在换乘站迷路了[泪],0,0.44062,0,1
E1-lite: source + target calibration,target_test,带3岁多的小盆友出来旅游，无论是耐心或体力都是一种考验和挑战。。[泪],0,0.456544,0,1
E1-lite: source + target calibration,target_test,[怒] //:[吃惊],0,0.46261,0,1
E1-lite: source + target calibration,target_test,[哈哈][哈哈][哈哈]苹果Siri被指提供”嫖娼指南” 娱乐场所喊冤,1,0.510577,1,1
E1-lite: source + target calibration,target_test,偷我手机的人，我让你过年[怒]，你把里面重要的信息都还给我吧~[泪],0,0.449741,0,1
E1-lite: source + target calibration,target_test,掏钱受虐 求年会早点结束[泪] 我在这里:,0,0.461099,0,1
E1-lite: source + target calibration,target_test,两周不见，尼玛，miumiu吃成猪了！！！！[怒][抓狂][抓狂][抓狂],0,0.447091,0,1
E1-lite: source + target calibration,target_test,孩子做错事是可以原谅的，但这孙子根本就没有认错的心！[衰] //:让他火！！//: 不明白这些个爱乱刻的人，什么地方刻字最多难道他们不知道么。。。乱刻就欠剁手~ //: 这孙子要火大了 //: //: 法老的诅咒！,0,0.439231,0,1
E1-lite: source + target calibration,target_test,Loli厨房出品蕃茄包菜，牛肉酱炒空心菜，土豆鸡毛菜蛋汤，柠汁烤小黄鱼（从烤盘夹出来就破相了[泪]），红豆饭。,0,0.46346,0,1
E1-lite: source + target calibration,target_test,这都什么人！//?:肺疼[衰][泪] //?: 在此深深地表达一下我对 ? 童鞋以身吸毒的默默牺牲和奉献的崇敬之情。更值得提倡的是 童鞋以跑步明志扩充肺活量吸更多毒，发挥先锋带头作用，成为新北京学习的楷模。阿门，上帝保佑你们[绿丝带]//:明天果然令人期待。。。,0,0.435809,0,1
E1-lite: source + target calibration,target_test,[害羞] 小枣真不好意思呀//:吃过了小枣手做饼干，我再也不敢说我会做饼干了[爱你],1,0.465173,0,0
E1-lite: source + target calibration,target_test,STAY的Sunday brunch失望啊[泪] 海鲜套的头盘生冷得丝毫不惊艳，三文鱼生蚝尔，尤其是所谓龙虾肉居然是麻小，好失落[晕]；肉套的火腿冷盘和塔塔牛肉倒是有点意思，可惜主菜的烤鸡肉干如粗柴，大大扣分；最好吃的反而是菜单上毫不起眼的蔬菜餐，无论是荤素配比还是温度，都不至于太难为我脆弱的小胃,0,0.476638,1,0
E1-lite: source + target calibration,target_test,朝阳大悦城店 竟然用变了质臭鱼 糊弄顾客！！！芥兰老的带梗！厨师说没问题，前厅经理说你可以自己处理。靠！！ 这菜品 这服务[弱][弱][弱][怒][怒][怒][怒],0,0.462552,0,1
E1-lite: source + target calibration,target_test,连看两部电影。。。结束了这个点了[晕],0,0.452284,0,1
E1-lite: source + target calibration,target_test,这么好的天气，走！踏青去[爱你],1,0.496043,1,1
E1-lite: source + target calibration,target_test,美女们！[花心]应大家要求[太开心][爱心传递][爱心传递]这款平跟过膝靴到货咯[做鬼脸][做鬼脸]！,1,0.478711,1,1
E1-lite: source + target calibration,target_test,[围观]//://:[哈哈][哈哈][哈哈][嘻嘻][嘻嘻][嘻嘻] //-刘:？ //: //: 又一次惨烈的冲击了中国社会的道德底线 让有良心 行善的人不敢做好事 此恶性循环必然带来更多恶果 //??中文?:震撼转载,1,0.492134,1,1
E1-lite: source + target calibration,target_test,[泪]致敬,0,0.445467,0,1
E1-lite: source + target calibration,target_test,在复工的第一天po这个实在是太不应该了，不过照片也太美啦?原来有这么多地方没去过！你觉得哪里最浪漫呢？巴黎不错哦！[爱你],1,0.483201,1,1
E1-lite: source + target calibration,target_test,"?得北京下起??大雨,[抓狂]",0,0.461957,0,1
E1-lite: source + target calibration,target_test,-金利多慈善基金 //:心酸酸的[悲伤] //:政府撒钱给美国、欧洲、非洲、朝鲜……为什么不拿出一点点给这些孩子呢，他们是这个国家的未来呀！,0,0.456385,0,1
E1-lite: source + target calibration,target_test,厄?这笑话隐藏好深?[汗][晕] //:上万转发啊。。。比我狠 //:,0,0.449325,0,1
E1-lite: source + target calibration,target_test,麻辣戈壁，买到山寨的红牛了[黑线][黑线]富民产的[抓狂] 在包装是否存在侵权[思考],0,0.466869,0,1
E1-lite: source + target calibration,target_test,明天怎么上班阿，都爬不起来了[泪],0,0.453715,0,1
E1-lite: source + target calibration,target_test,明天还要开车去深圳开会呢.. 明天金光华广场还有奥迪技术巡展呢... 让我们共同期待暴风雨过后的绚丽巡展！[嘻嘻],1,0.479721,1,1
E1-lite: source + target calibration,target_test,泪奔！ //:[心][心][泪] //:父爱的伟大！好感动哦！ //:[泪][泪] //:超感动哇[泪],0,0.446073,0,1
E1-lite: source + target calibration,target_test,在网上买了一瓶特价的高级香水，名牌，超级便宜！本以为自己赚着了，但当我拿到香水的时候我彻底崩溃了！！[可怜]浓香型“榴莲味”高级香水……[失望][感冒],0,0.449608,0,1
E1-lite: source + target calibration,target_test,安排休息的屋子一股怪味，说送饭到屋子，等饿的不行了，问服务员才说忘记送了，于是拿到了不值五元的白菜套餐。电话没信号，发现居然电话线都没接。[怒],0,0.44082,0,1
E1-lite: source + target calibration,target_test,哎u。胳膊疼。不能右手打弯了。1分钟变杨过[抓狂][抓狂][抓狂]这可肿末办？,0,0.454996,0,1
E1-lite: source + target calibration,target_test,跨栏和标枪的好逗啊[哈哈]//: 第一张和最后一张好帅哇[哈哈]//:[哈哈][哈哈][哈哈] //:太帅了捏 //:太可爱了……,1,0.498486,1,1
E1-lite: source + target calibration,target_test,[good] //:还有，在所有妹妹眼里哥哥都是帅哥/:)/:在所有母亲眼里，自己的儿子都是帅哥[呵呵] ，转了！ //:认为你儿子会是帅哥的请转走。。。[嘻嘻],1,0.45346,0,0
E1-lite: source + target calibration,target_test,在上海真好……[泪][泪][泪],0,0.44567,0,1
E1-lite: source + target calibration,target_test,想去//: [哈哈][赞]//:[哈哈]给你养养眼！//:最近跟风景干上了！//:,1,0.480193,1,1
E1-lite: source + target calibration,target_test,一枚激动的汤包~见到我后，流下幸福汁液~[哈哈],1,0.505502,1,1
E1-lite: source + target calibration,target_test,生快！美女！我家 。著名的小美女，号称幂姐哦，想认识的，就加她微博祝她生日快乐吧！呵呵[蛋糕][哈哈],1,0.502192,1,1
E1-lite: source + target calibration,target_test,您老人家能不饭点儿转吗？[抓狂]//:销售经理，你是不是打算赔死洒家。。。,0,0.442033,0,1
E1-lite: source + target calibration,target_test,一到过年，海口政府所在的国兴大道就成了卖花大道[衰]这些小贩子干脆进政府去得了,0,0.467945,0,1
E1-lite: source + target calibration,target_test,这够抓起来了吧？！//:[吃惊]亲妈？神经病？ //:[怒] //: 还是人吗？[怒] //-:实在是不敢相信！艹[怒] //:虎毒不食子，你毒过虎！[怒] //:是不是亲妈？[怒],0,0.455425,0,1
E1-lite: source + target calibration,target_test,吃好喝好，出差去不了了！ //:吃好喝好，开会去不了了！[泪] //: 吃好喝好，出差去不了了！[泪],0,0.46701,0,1
E1-lite: source + target calibration,target_test,今天 第二间拍摄番禺广场科尔海悦酒店的南岗喜宴[嘻嘻][嘻嘻][嘻嘻][嘻嘻],1,0.498877,1,1
E1-lite: source + target calibration,target_test,可惜，好声音，结束了。只好吹吹江风看看人。//: 这人潮不是节日还看不到呢。。。转一个//: 外滩好堵啊[抓狂][抓狂],0,0.444757,0,1
E1-lite: source + target calibration,target_test,您这是要献哈达呀。[偷笑][嘻嘻][哈哈],1,0.50276,1,1
E1-lite: source + target calibration,target_test,在俄罗斯，移动的短信始终发不出去，这个问题反映了几次，始终没解决，只好在酒店时跟朋友们用微信交流交流。到了莫斯科，微信退出了！联通的号码，平时不用没开通国际漫游，连不回去了[泪]谁知道我的微信号啊？有没有来过莫斯科的朋友给个必去攻略？ 我在:,0,0.448136,0,1
E1-lite: source + target calibration,target_test,是冬天了吗，昨晚又闷又热的，简直睡不着，想着那些苦逼的稿子，就像是上辈子欠的债[抓狂],0,0.46834,0,1
E1-lite: source + target calibration,target_test,呦，老帅哥的新戏俺得转呀，得大力支持，[嘻嘻]//: 吼吼 哪来得老帅哥啊？,1,0.487149,1,1
E1-lite: source + target calibration,target_test,回复:20公里骑行，4公里跑步，是有点多[泪] //:哎～～！,0,0.46709,0,1
E1-lite: source + target calibration,target_test,蓝精灵2 看的英文原版，那么多孩子听不懂只能看乐呵了，谁说只适合儿童看？明明是3D成人广告片好么[晕]成人台词不少，开房这还算是小清新的[汗]，难怪现在的孩子早熟。植入广告多的无底线了， 东方卫视达人秀，新浪微博，时光网，蓝月亮等数不过来了，广告收入都能收回成本。影片上座率高！,0,0.456902,0,1
E1-lite: source + target calibration,target_test,宝宝吃饭好香~~[亲亲],1,0.488177,1,1
E1-lite: source + target calibration,target_test,转，梦中享受一下//:[抓狂]必须转，太帅气了,0,0.454912,0,1
E1-lite: source + target calibration,target_test,[哈哈] [哈哈] [哈哈] //：这不是升级后的炮咩[偷笑],1,0.505405,1,1
E1-lite: source + target calibration,target_test,到家了饿了[抓狂],0,0.462522,0,1
E1-lite: source + target calibration,target_test,我欲哭无泪呀[悲伤],0,0.485658,1,0
E1-lite: source + target calibration,target_test,[泪][泪][泪]魔兽来了 Yeah!!,0,0.446914,0,1
E1-lite: source + target calibration,target_test,回复: 出锅应该将锅倒扣出来，不应该像我这样用筷子夹，结果冰花就碎了[泪] //:果然是传说中的冰花煎饺[赞],0,0.44793,0,1
E1-lite: source + target calibration,target_test,是人吗？ //:屮尼妈[怒][怒] //:,0,0.458656,0,1
E1-lite: source + target calibration,target_test,//: 期待第二段的播出[抓狂],0,0.452957,0,1
E1-lite: source + target calibration,target_test,什么情况呀[怒][怒][怒] //:保安也闲不住了……[怒]//:,0,0.458739,0,1
E1-lite: source + target calibration,target_test,回复:本宫对乃这个答复很满意~[嘻嘻] //:这是开胃菜,1,0.484256,1,1
E1-lite: source + target calibration,target_test,这事告诉我们买车一定要带天窗的。[抓狂] //:途胜车主因为一场大雨被淹死在北京的大马路上！这算什么世道？[衰],0,0.449106,0,1
E1-lite: source + target calibration,target_test,就怕大宵总说话！咱能把微博关了么//: [泪],0,0.45769,0,1
E1-lite: source + target calibration,target_test,小戴子做节目怎可如此无底线！[怒]逝者为大，在我们这代人的心中，翁美玲是美好、可爱的代名词，她永远是我们心中无可取代的俏黄蓉。收视压力让行业的从业人员无耻的秀下限，已经到了不择手段的地步了…这么娱乐、消费逝者，试问有想过当事人家属的难堪吗？,0,0.468586,0,1
E1-lite: source + target calibration,target_test,简直不知道怎么形容 文曲星下凡吧//://://: //:这才是学者，才叫知识分子。[泪]（虽然从出版的角度，这种书印量太低，千字八十也很难营利，但此书填补了一个学科的空白，理应得到当局特别的奖励！！！）,0,0.451522,0,1
E1-lite: source + target calibration,target_test,大半夜的饿的睡不着，难道重新爬起来加班？[抓狂],0,0.462564,0,1
E1-lite: source + target calibration,target_test,你以为你以为的就是你以为的吗？[鄙视][鄙视][鄙视][衰] //:玩天下人于微博呢?,0,0.464894,0,1
E1-lite: source + target calibration,target_test,周六下午的茶会是一次史无前例的拔光脱光茶会。茶主极其敏锐而开拓喜谈了。她一边淡定地泡茶，一边大刀阔斧地开始拔光脱光~首先被扒的是A先生..然后是Z...X和Y也被无情的扒光。BCD。终于我和来喝茶的烨还有F女也被她犀利地扒光[黑?]茶会结束我，我和烨对这场从头扒的尾的八卦茶会表示感觉良好。[嘻嘻],1,0.470303,1,1
E1-lite: source + target calibration,target_test,清明节最堵的两个地方，八宝山扫墓，玉渊潭赏花！结果…我都赶上了！[晕],0,0.455249,0,1
E1-lite: source + target calibration,target_test,光大?行、光大证券一直都很诡异!期指空头瞬间湮灭66亿，独立套利系统肯定干的不是临时工的活。话说国债期货，刚小心翼翼伸出的头，会缩回去吗?[怒][怒],0,0.469443,0,1
E1-lite: source + target calibration,target_test,这沙宝亮穿的是防狼服吗？[哈哈][哈哈],1,0.504485,1,1
E1-lite: source + target calibration,target_test,//: 加油！//:??大家的支持 要?常?哦 [哈哈][哈哈] //:牛肉??光 胡椒??光 ???也?光了 ??大家的??支持 我?我姐?心了 想吃的明天再?唷,1,0.490263,1,1
E1-lite: source + target calibration,target_test,//: 本条微博热门微博Top76[鼓掌],1,0.488548,1,1
E1-lite: source + target calibration,target_test,恭喜小盆友啦～继续支持我们南方少儿频道的《南方小记者》栏目啦[爱你],1,0.500301,1,1
E1-lite: source + target calibration,target_test,//: 回复 :一审时五个被判聚众斗殴罪各三年，原定于今天开庭的另一个未成年人一审，常熟市法院通知取消。 //:天下奇闻，叹为观止[怒] // // : 这就是“法律的威力”，可以用来对付民工。[怒] // :此案值得媒体关注，我们将拭目以待。,0,0.459825,0,1
E1-lite: source + target calibration,target_test,【岂有此理！光天化日女子遭骑车男精液涂面！[怒]】24日上午，上海外高桥附近，一男子边骑电瓶车边手淫，然后将精液涂在一过路女子的脸上。女子随即报警，经调取监控，警方迅速抓获该“色魔”。警方提醒广大女士，遇到此类案件，切勿有羞怯心理，一定要及时报警！ via东方网,0,0.474981,1,0
E1-lite: source + target calibration,target_test,回复:败的EL奢宠级，虽然比专柜便宜n多，但还是贵啊，很纠结，下个目的地的机票少一半了[泪][泪][泪][泪][泪][泪][泪][泪] //:肿么个情况,0,0.447808,0,1
E1-lite: source + target calibration,target_test,啦啦啦[嘻嘻]这是馒头呢馒头呢 还我是馒头呢 哈哈，元宵节快乐O(∩_∩)O 美图秀秀Android版,1,0.497014,1,1
E1-lite: source + target calibration,target_test,//：还有我一只猪手[嘻嘻],1,0.489471,1,1
E1-lite: source + target calibration,target_test,[泪]其实每天都在过愚人节,0,0.467407,0,1
E1-lite: source + target calibration,target_test,只有国庆和春节的时间，这座城市才叫北京，平时请叫他首都！怀念北京城！这座城市肩负的东西太多了！也请给他减减负吧！[抓狂][给力],0,0.456295,0,1
E1-lite: source + target calibration,target_test,出门后手一摸才想起忘了刮胡子。[衰]幸好今天没约什么陌生人见面。。[挖鼻屎],0,0.460458,0,1
E1-lite: source + target calibration,target_test,下午跟资方开完会聊天，问我做过最疯狂的事。我想了想好像真没有。他给我讲了三个他的故事，太可以入戏了[抓狂]大奶牛诚不我欺，等我讲你听。,0,0.450853,0,1
E1-lite: source + target calibration,target_test,[?力][鼓掌]加油喔！ 期待你的音? //:李伊啊! 我们期待著你一步步朝向大歌星的路?展，加油哦!!!哪天把吉他??店里~我要听??版啦!! ^_^,1,0.480761,1,1
E1-lite: source + target calibration,target_test,"彻底考晕了[衰][衰][衰]我在这里:北京市,海淀区,展春园西路北京语言大学 [奥特曼] 我在:",0,0.47039,1,0
E1-lite: source + target calibration,target_test,最后一次享受金卡待遇，竟碰到了升舱，还真不习惯啊！咱就是经济舱的身子啊..[衰],0,0.476235,1,0
E1-lite: source + target calibration,target_test,看评论都说胖的好，可伦家还是觉得瘦的美[泪]//:坏就坏在16：9的屏幕。 //: 还真是添一分太肥，减一分太瘦[ok] //:俺是古典美。[偷笑],0,0.462545,0,1
E1-lite: source + target calibration,target_test,//:[good] // :哈哈，太有才了！[哈哈],1,0.476807,1,1
E1-lite: source + target calibration,target_test,回复:很专业嘛[嘻嘻] //:视觉，手感上佳，而且有防油墨设计 //:回复:你敢包一个试试？[怒骂] //:还不赶紧搞个中国之翼包书皮大赛 ，咱们的人肯定赢…… //:人世间最痛的就是爱恨纠结！,0,0.466878,0,1
E1-lite: source + target calibration,target_test,回复:才10多块一个，黄特多 //:哎呦，好肥美的大闸蟹呀[哈哈],1,0.492256,1,1
E1-lite: source + target calibration,target_test,[哈哈]糖果就是孩子的整个世界，i am serious//: [哈哈]笑得眼泪都出来了！,1,0.499826,1,1
E1-lite: source + target calibration,target_test,回复:顺便游览“金鸡湖”，美景美食美心情。 //:有机会一定一一吃之！[嘻嘻] //:回复:[馋嘴]江南运河这一段什么镇江、丹阳、常州、无锡、苏州、吴江、嘉兴、桐乡、杭州吃食太多了，大晚上的，不说了，[抓狂] //:这大晚上的！[泪][馋嘴],0,0.455303,0,1
E1-lite: source + target calibration,target_test,少喝啊 要等我[做鬼?] //:[哈哈]往死跑! //?宋健:回复:是跑得 ?不住?[做鬼?][做鬼?] //:收到！飞前来电！我近一周会乱跑！,1,0.473035,1,1
E1-lite: source + target calibration,target_test,啊。。。在保定折腾了一天。[怒],0,0.452344,0,1
E1-lite: source + target calibration,target_test,早上7点半就开堵了[泪] //: 年度恐怖大片《丫们回来了》！//:幸亏没开车！//: 首都模式开启，各位请耐心做好堵车准备，路上多听听广播、看看书、玩玩手机纾解情绪吧…,0,0.454788,0,1
E1-lite: source + target calibration,target_test,发现除了料理，熨烫衣服也是一个怀着美丽心情干的家务，老有成就感了[哈哈] 平时也就周末有空，今儿早，全部给它熨一遍[偷笑][威武],1,0.48531,1,1
E1-lite: source + target calibration,target_test,西昌机场，真大啊，快赶上丰台火车站了！[晕],0,0.461446,0,1
E1-lite: source + target calibration,target_test,在携程预订最低仅需268元哦，戳右边去小蛮腰体验世界最高摩天轮啦>>> //:肯定好爽啊 超刺激的吧～？其实我也好想去哦，但就是，荷包叫紧啊，[泪][泪],0,0.456303,0,1
E1-lite: source + target calibration,target_test,您能喜欢我真是非常高兴哦，我跟拍的。呵呵！好开心！[哈哈] //:实在喜欢这张组合。,1,0.500577,1,1
E1-lite: source + target calibration,target_test,//: 想掩盖什么真相？都己经是赤贫户了，还不让人死得有点尊严，太无耻！[怒],0,0.458868,0,1
E1-lite: source + target calibration,target_test,今年的第一株桂花香[爱你],1,0.493649,1,1
E1-lite: source + target calibration,target_test,我想看电影[泪][泪][泪][泪][泪][泪],0,0.448709,0,1
E1-lite: source + target calibration,target_test,感谢你给我的简单平凡感动的七夕。我们传奇的相识到相知到现在，我相信我们会一直走到最后。有你在的每一天都是情人节。爱你[爱你][爱你],1,0.486261,1,1
E1-lite: source + target calibration,target_test,[哈哈][哈哈]还真是，估计能组织一个榔头帮[哈哈],1,0.508123,1,1
E1-lite: source + target calibration,target_test,精辟啊，特别是最后一条！深恶痛绝啊[怒],0,0.480882,1,0
E1-lite: source + target calibration,target_test,回复:有效期过，还超龄。[失望] //:详情请见：,0,0.462965,0,1
E1-lite: source + target calibration,target_test,仁者见仁，智者见智，靠不住者见靠不住。[哈哈] //:这样读名著啊！[哈哈][围观],1,0.497402,1,1
E1-lite: source + target calibration,target_test,公车上温馨的看到推荐[可爱] 美好的一周早安 谢谢小编[心] //:你的负担将变成礼物，你受的苦将照亮你的路。――泰戈尔 推荐摄影师作品花与美好[心]更多图片欣赏,1,0.487789,1,1
E1-lite: source + target calibration,target_test,[泪][泪][泪][泪]物是人非 //:十八年，导演真的很有耐心，我们喝片中人物一起长大，结婚，离婚，养孩子抑或。。。本周日下午2点半，拾楼说电影 别错过~,0,0.438762,0,1
E1-lite: source + target calibration,target_test,//:也许是给自己一个美丽的希望。。。[爱你],1,0.466945,0,0
E1-lite: source + target calibration,target_test,每次看到这种都流眼泪。。我们的宝贝女儿，现在就开始舍不得你了。。[泪]但粑粑麻麻一定伴你快乐成长，给你一个幸福的童年～青春的路上，一定要阳光向上～[爱你]粑粑麻麻爱你！@?氏?? [心] //:@?氏?? [委屈]唉！老父垂暮时，你终往新枝[泪]。@??兔拉拉 //:,0,0.452684,0,1
E1-lite: source + target calibration,target_test,[泪][泪] //:看到刘翔母亲的话，心酸的想流泪，一个伟大的运动员已经不属于自己，不属于自己的父母，当把自己的一切交给国家时，他背负的压力是常人无法想象的，无论成败，都应该好好呵护他，不离不弃，像对待自己的孩子一样！,0,0.439759,0,1
E1-lite: source + target calibration,target_test,回家刚一天明又远离家乡奔赴城市了这里的安宁好似一桶清泉给了我从头到脚的冲刷洗去了过去一年在城市的浮躁，让我一身轻松[太开心]，小时候骑马很艰难的到山顶喂桑现在可以开车很轻松的到达山顶 有点不适应[吃惊] 呵呵！祝大家在新的一年里 万事吉祥 扎西德勒！,1,0.474112,1,1
E1-lite: source + target calibration,target_test,就因为我小学时不爱背手，觉得好累，结果被老师骂过好多次，还罚过站[泪] //:当时看了这个封面，也有同样的感受//: 如果一个国家的教育是为了培养公民，它必然会鼓励独立的观察、思考和判别，必然会尊重言论和表达自由，必然会包容与众不同和奇思异想，必然会教人求真向善,0,0.451356,0,1
E1-lite: source + target calibration,target_test,-夏 生日快乐[哈哈][蛋糕]?Ella 白头偕老 我在:,1,0.500206,1,1
E1-lite: source + target calibration,target_test,回复:电闪雷鸣 //:下雨很大呢。？ //:听雨[嘻嘻],1,0.482498,1,1
E1-lite: source + target calibration,target_test,我在这里: 东城区美好的天气，悲催的我[泪],0,0.472156,1,0
E1-lite: source + target calibration,target_test,没敢问，她男朋友在旁边呢。。[泪]//: 你问问她能不能调成静音模式,0,0.449414,0,1
E1-lite: source + target calibration,target_test,对号入座啊[哈哈][哈哈][哈哈]//: 靠。照这么说，怎么都嫁不出去了,1,0.500448,1,1
E1-lite: source + target calibration,target_test,生病了[泪]快点好吧,0,0.459284,0,1
E1-lite: source + target calibration,target_test,太过份了[怒]赶快说地址 //:[馋嘴],0,0.470294,1,0
E1-lite: source + target calibration,target_test,李晨挺好个小伙怎么就看上张馨予了呢？[晕],0,0.462788,0,1
E1-lite: source + target calibration,target_test,演出前各种状况[晕][吃惊]司机不见鸟，又走错路 长长的裙子拉链坏掉了[泪]感谢大学我没逃的手工课[汗]录制现场重新清场折返酒店，节目备播录制拖到凌晨[晕]不管怎样，最后OK就好[太阳] 辛苦了，明天还一场呢……加油[奥特曼],0,0.468176,0,1
E1-lite: source + target calibration,target_test,我不但错过了你的生日还错过了今年北京冬天的第一场雪[泪]！我亲爱的西施玲姐生日快乐噢[蛋糕][蛋糕][礼物][心]！永远美丽！[花心][嘻嘻],0,0.474386,1,0
E1-lite: source + target calibration,target_test,[怒] //:武汉电视问政 -武汉网络电视,0,0.462659,0,1
E1-lite: source + target calibration,target_test,在北京的川籍精英可以聚聚[鼓掌],1,0.496659,1,1
E1-lite: source + target calibration,target_test,[给力][给力][鼓掌][鼓掌]谢谢陀陀 //:[鼓掌],1,0.496068,1,1
E1-lite: source + target calibration,target_test,[泪]普通员工3个月才能买得起的东西，高层就2天工资就可以随便置办了。Matthew Effect,0,0.452429,0,1
E1-lite: source + target calibration,target_test,大家周末都干嘛呢？[思考]我在家等快递，结果等到了，就悲哀了！一箱豆奶从西双版纳运来，24瓶碎了4瓶，无论包装都严实，都经不住暴力快递的摧残！中通快递够差劲的！[悲伤][怒骂],0,0.474475,1,0
E1-lite: source + target calibration,target_test,[抓狂][抓狂][抓狂] //?昊:,0,0.457781,0,1
E1-lite: source + target calibration,target_test,终于到赤峰了。这车座的真特么的累[晕][晕],0,0.461205,0,1
E1-lite: source + target calibration,target_test,一个男人，比女人还懂得搔首弄姿，我作为女人深感惭愧！！万分羞愧！！！[泪]每次去这个店，最想避开的就是这个＂姐妹＂啊！[抓狂][泪][泪][泪][泪][泪][泪][泪][泪][泪][泪],0,0.44267,0,1
E1-lite: source + target calibration,target_test,回复:[哈哈][哈哈][哈哈]新年快乐！ //:渔夫你不要这样…………明显是一副事后的表情……[衰],0,0.492377,1,0
E1-lite: source + target calibration,target_test,[爱你]飘雪赏腊梅，掌灯泡岩茶！,1,0.495288,1,1
E1-lite: source + target calibration,target_test,历史总是惊人的相似[泪],0,0.45978,0,1
E1-lite: source + target calibration,target_test,回复@??V:早点应该ok，个人单间民宿200多，套餐自游人含门票的300，应该划算的！乌镇！台湾美食在乌镇台客栈 //@??V:那儿压根就订不到 我两年前来过乌镇 //:是啊，满到我花台上面了！[泪] //:这两天，乌镇人爆满了吧。,0,0.451055,0,1
E1-lite: source + target calibration,target_test,好吧我带拍立得去 记得提我[嘻嘻][嘻嘻][嘻嘻] //:checky 全记录 厦门啊，鼓浪屿啊，绝对是拍风景片的好地方，你们去过嘛[馋嘴]？,1,0.490734,1,1
E1-lite: source + target calibration,target_test,[哈哈][心]//: [嘻嘻],1,0.495289,1,1
E1-lite: source + target calibration,target_test,回复 :温度计泡开水来着吧！太狡猾！ //:我觉得这是个阴谋，丫故意装病逃避组织审训。 //:一看就是弥补前晚的错误！ //:亏不亏心呀，早特么不烧了！而且昨天我按照 的吩咐鞠躬尽瘁伺候您到39度怎么不表啊？[失望],0,0.460676,0,1
E1-lite: source + target calibration,target_test,[偷笑]李老师点出了现状！ //:[泪]手机当电脑用，电脑当电视用，电视当装饰用…//: [赞]点出了问题的本质！,0,0.463521,0,1
E1-lite: source + target calibration,target_test,[晕][晕][威武],0,0.464547,0,1
E1-lite: source + target calibration,target_test,北京提醒【亲们看好自家的宝贝儿吧！西三旗附近的亲们注意了！】西三旗森林大地小区自8月开始陆续有人投毒！共死亡猫狗、喜鹊、刺猬、黄鼠狼40余只！此毒药闻后导致内脏衰竭窒息而死。-钢琴 的公主Summer从发作到毙命仅20分钟。她只有七个月，还没有体验过完整的春去秋来！[泪],0,0.446367,0,1
E1-lite: source + target calibration,target_test,怎么不把高考日子改了呢！取消得了！彻底给各国大人物行方便！[怒],0,0.462937,0,1
E1-lite: source + target calibration,target_test,一雨夹雪路上都是事故[泪]冷冷冷[泪],0,0.442048,0,1
E1-lite: source + target calibration,target_test,右边这位你真心疼我！！！[怒][怒][怒][抓狂][抓狂][抓狂][泪][泪][泪] //: 我知道你现在不能吃，所以转发图片让你看饱了吧，据说能缓解...,0,0.435749,0,1
E1-lite: source + target calibration,target_test,泰达又赢了！[太开心],1,0.47665,1,1
E1-lite: source + target calibration,target_test,我前两天还被陌生人提醒过文明扣没系，丝袜漏了大洞，一大坨米粒黏在头发上。想想好伤心…[泪] //: 这有个和你一样的,0,0.452992,0,1
E1-lite: source + target calibration,target_test,谢谢喽 //-橙色咖啡:转发确认！想去非洲旅行的就找他～～[哈哈],1,0.505863,1,1
E1-lite: source + target calibration,target_test,一上车，身穿23号球衣的老黑盘踞在我的上铺；我说这是我的位置，他淡定点头后又稳妥的躺下了[晕]80岁的白发老太挂着一手写胸牌，写道，我是美国人；成功买到中铺后摘下牌子开始跟23号搭讪，Hi，r U MJ？老黑表情淡漠，只听同行的眉眼女气中国男子指挥???哈哈，虽说挤点，火车出行也别有乐趣的！,0,0.470675,1,0
E1-lite: source + target calibration,target_test,永远在一起！[鼓掌] //:[哈哈] //:我宣布 在一起新歌首发，倒计时开始！：ONE、TWO、THREE、FOR...哦，SORRY，数反了...,1,0.479349,1,1
E1-lite: source + target calibration,target_test,本地超大新?反而上了香港??，新加坡唯一英文?只能在第四页??。唉，我?的报社也常自吹自擂?自己的新?已???水平，真不要?。[怒][怒],0,0.466582,0,1
E1-lite: source + target calibration,target_test,[委屈] //：[泪] [失望],0,0.445413,0,1
E1-lite: source + target calibration,target_test,射手真的很重情//：【分手后，心最痛的星座】:冠军: 射手座；【恋爱后，最专一的星座】:冠军:射手座;【结婚后，最顾家的星座】:冠军:射手座;【爱人死后，跟着死的星座】:冠军:射手座;（不要轻易的和射手座分开）[抓狂],0,0.467096,0,1
E1-lite: source + target calibration,target_test,[怒]伤天害理,0,0.470625,1,0
E1-lite: source + target calibration,target_test,哈哈 太坏了 //: [泪],0,0.463481,0,1
E1-lite: source + target calibration,target_test,改个颜色就能上啊[衰]//: 赤裸裸的抄袭啊[鄙视][鄙视],0,0.462001,0,1
E1-lite: source + target calibration,target_test,最后知道真相的我眼泪掉下来。。。[泪],0,0.454256,0,1
E1-lite: source + target calibration,target_test,这...[汗] //:回复-vic:从没放弃过，你知道我的[泪] //-vic:加油 //:[泪],0,0.446885,0,1
E1-lite: source + target calibration,target_test,人生最大的遗憾是：子欲养，而亲不待……[泪],0,0.459062,0,1
E1-lite: source + target calibration,target_test,好萌的干脆面~[爱你],1,0.493903,1,1
E1-lite: source + target calibration,target_test,[衰]这个更狠 //:把牙齿敲掉[嘻嘻] //?沉: 回复?客:从昨晚纠结到今天了 我有强迫症 不挑出来难受 //?客:含口醋，泡软它，再剔。。。。瞧您这日子过的，这时间吃肉[打哈气],0,0.45569,0,1
E1-lite: source + target calibration,target_test,是他自己亲生的么//:次奥 有这样的爹吗？[衰],0,0.453838,0,1
E1-lite: source + target calibration,target_test,这辈子做的最正确的一个决定：就是当了一枚吃货。[哈哈][哈哈],1,0.505826,1,1
E1-lite: source + target calibration,target_test,娃玩命儿哭，爹死活哄不住，于是，掏出手机，开始放歌剧。娃，神奇的不哭了，改我不出意外的哭了[抓狂][抓狂][抓狂]。,0,0.456199,0,1
E1-lite: source + target calibration,target_test,重阳夜，难聚首[泪][泪][泪]//://:,0,0.439946,0,1
E1-lite: source + target calibration,target_test,回复:[汗]谁请啊[太开心][江南style] //:你上海一日游 整出这么大动静干哈？还以为到北京了呐 有人请你素菜馆吃斋 //:回复:这招儿厉害的！ //:去哪里？报上经纬度！[咖啡]伺候,1,0.465094,0,0
E1-lite: source + target calibration,target_test,说出图里你最讨厌的话[怒骂],0,0.479516,1,0
E1-lite: source + target calibration,target_test,现在我吃它，一会它吃我。出发喂魔鬼鱼去[鼓掌],1,0.493137,1,1
E1-lite: source + target calibration,target_test,网帖《中国互联网十大约炮圣地》[?]：豆瓣Top1；新浪微勃；世纪佳缘；微信；美空；劲舞团；陌陌；QQ；百度贴吧；知乎[围观] 不只服务男性狼友、也有唯一“女性视角”约炮网站知乎，嗜才华男的女狼友福利！不过围脖肿么约的？叔落伍了，看来没V就是没前途啊[哈哈],1,0.502211,1,1
E1-lite: source + target calibration,target_test,中国达人秀 【微直播】I want you，I need you，I love you！美少女战士 一曲《无尽旋转》有没有让你想起青春洋溢、无忧无虑的中学时代呢？有和小达一样看萌妹子看晕的吗，真真儿找不到焦点了！[晕]用萌妹子的话来说就是“SNH48，总有一款适合您”！[得意地笑]全网独播，尽在21:50,0,0.458216,0,1
E1-lite: source + target calibration,target_test,那些美好的礼物一大早收到各地的明信片好开心呀，谢谢大家 [爱你][爱你][爱你][爱你],1,0.496935,1,1
E1-lite: source + target calibration,target_test,转给 同学，借此告诉你，你很标致，不肥滴。 //:肥胖是会呼吸的痛，它流在血液中来回滚动，后悔不减肥会痛，恨不节食会痛，想瘦不能瘦最痛。。。[抓狂],0,0.44511,0,1
E1-lite: source + target calibration,target_test,[鼓掌][鼓掌][赞] //:[good][鼓掌] //:[蜡烛]//: 当当网独家定制的嘎玛仁波切《生命的觉醒》签名毛边书正在参加活动，喜欢收藏和衷情佛法的诸位别错过了,1,0.481752,1,1
E1-lite: source + target calibration,target_test,背带裤 × 卫衣 × 运动鞋[爱你],1,0.495288,1,1
E1-lite: source + target calibration,target_test,呵呵！来吧！三样菜欢迎你！[偷笑] //-小瑜:你们最喜欢吃三样菜里面的什么啊，2月份我要去北京，有人招待我没//:最遗憾的就是730张杰在三样菜门外一圈一圈的转啊，被星星吓的都不敢下车[哈哈]//: 传说中的三样菜真的很好吃哦！ 一直听你们在说三样菜,1,0.494674,1,1
E1-lite: source + target calibration,target_test,?了一部??我竟然煮焦一盆菜，只好早上再??。[泪][泪],0,0.447326,0,1
E1-lite: source + target calibration,target_test,堵车堵死了，彻底的迟到了[泪],0,0.444687,0,1
E1-lite: source + target calibration,target_test,亲，你说得小编我都流口水了[花心]可怜小编发了那么多福利自己都木有尝尝看呢！[泪]其他朋友们如果想像这位吃货一样免费品尝 的小龙虾，记得转发每天傍晚的福利微博哦~我们每天都会抽出三位中奖者~,0,0.464344,0,1
E1-lite: source + target calibration,target_test,[鼓掌][鼓掌][鼓掌] 到位的很！//:各位，看看俺点评的还到位？[嘻嘻]PS：谁让我减肥来着？这看上去不胖嘛。、、谁在让我减肥我跟谁急[怒][嘻嘻],0,0.493353,1,0
E1-lite: source + target calibration,target_test,我们就是狐?，快上菜！[酷] //:好想在动物园找份工作啊！！！[泪][泪][泪] //:萌死了[哈哈],0,0.443183,0,1
E1-lite: source + target calibration,target_test,橡皮鸭，橡皮鸭你要环游世界吗？香港的同学有眼福~[泪],0,0.450068,0,1
E1-lite: source + target calibration,target_test,【包茂高速法拉利车队两车追尾 车辆散架】 目击者称十多辆法拉利车呼啸而过，其中两辆发生追尾。兄弟，你开飞机呢？？法拉利又怎样？安全驾驶才是王道呀！！[抓狂],0,0.453039,0,1
E1-lite: source + target calibration,target_test,大早上的跑到保合寨本想借着拍戏顺便踏个青，结果被一鼓鼓的化肥味熏的头晕眼花的！！[晕][抓狂],0,0.444584,0,1
E1-lite: source + target calibration,target_test,水上世界欢乐多！[哈哈],1,0.508368,1,1
E1-lite: source + target calibration,target_test,杨洋转发据 【航空史上六大飞机消失谜案】虽说一架飞机凭空消失极为罕见，但航空史上还是出现数次谜一般的失踪事件以及从雷达屏幕上突然消失的案例↓↓马航飞机失联祈祷[泪]晚安,0,0.436165,0,1
E1-lite: source + target calibration,target_test,[可爱]哈哈～我要吃成小胖纸！为了《情歌怎么唱》疯狂增肥中[馋嘴]我要演示灰姑娘的～美和犹豫[做鬼脸]一首很煽情的伤感情歌～12月即将全国首发[嘻嘻]为了艺术～“献身”疯狂增肥中[可爱] 我在这里:,1,0.489621,1,1
E1-lite: source + target calibration,target_test,小香家山茶花加大logo丝巾入手，灰常美丽，已经充满凉意的帝都，明日带起！[嘻嘻][嘻嘻][兔子][兔子],1,0.494256,1,1
E1-lite: source + target calibration,target_test,果然没有我。//: 很是有理吧[瞌睡][瞌睡]温顺滴外表只是假象！[抓狂][抓狂],0,0.449375,0,1
E1-lite: source + target calibration,target_test,好甜啊。。//：aom~take care of yourself ！！！[可怜] have a good rest!!!![心] [心] [心] we hope you get better quickly[泪],0,0.460784,0,1
E1-lite: source + target calibration,target_test,木有出息 //:微博有居然小鸡鸡了 [偷笑] //: 回复:哥，社长大人，商量个事呗，您觉得我这名字怎么样……是不是不太雅？咱改回去咋样？！ //:我关注你了，快回粉！[抓狂] //:回复:我都这样了，你到底想干嘛…… //:,0,0.450567,0,1
E1-lite: source + target calibration,target_test,快来啊梓琳婷婷主持 //:好期待观看同学们这周集训的成果[鼓掌]//: 明天下午[来]赶紧报名噢。精彩的演出等着你[给力],1,0.478948,1,1
E1-lite: source + target calibration,target_test,错过什么？那是偶错过啦！[泪][泪],0,0.441645,0,1
E1-lite: source + target calibration,target_test,期待诗人的精彩书评呀！//: 哪友谊好！旅友送一本呗[嘻嘻][太开心][太开心][太开心],1,0.492559,1,1
E1-lite: source + target calibration,target_test,一大清早阴差阳错把借的车弄丢了[泪][泪][泪][泪][泪]客服说:没有关系。租车卡无限期使用。饿滴神啊![奥特曼][奥特曼][奥特曼]9903341号车啊![雪人][雪人][雪人]是哪位好心人骑走啦!快还回去吧![手套][手套][手套],0,0.449133,0,1
E1-lite: source + target calibration,target_test,大太阳的去工厂亲自质检，新品研发。[泪]这钱真的不好赚… 我们怎么像古今穿越的组合灵芝妹妹的感觉[馋嘴][馋嘴][馋嘴],0,0.471429,1,0
E1-lite: source + target calibration,target_test,可以啊，多喝点，新年快乐[哈哈],1,0.507985,1,1
E1-lite: source + target calibration,target_test,[怒骂]又第一,0,0.478602,1,0
E1-lite: source + target calibration,target_test,今儿方在M记早餐袋上看到叮当的新玩具，姿态极是可人，私心想着若是这俩玩意能收归囊中，定可增添喜意，对工作效率想必也是极好的!奈何SaIes言售磬，只可择日再寻。 说人话：抱着记忆面包的叮当卖噻了。。。[泪],0,0.459563,0,1
E1-lite: source + target calibration,target_test,我突然想起一事儿，我今天中午没吃饭[恐怖]，没吃饭还四点半回来呢，这要是中午吃了饭，下班前就回不来了[抓狂]，这一天啊。赶紧吃午/晚饭去~,0,0.460328,0,1
E1-lite: source + target calibration,target_test,回复:电报船长给你批示北京探亲否？[衰] //:形式都没有，那想念闷心里多不着边际啊。。 //:我们想念在心头！形式住往是磕头，烧香的信徒，妹纸，你落俗鸟[哈哈][哈哈],0,0.471649,1,0
E1-lite: source + target calibration,target_test,有奖竞猜[嘻嘻],1,0.502168,1,1
E1-lite: source + target calibration,target_test,呦~~ 真棒[鼓掌],1,0.501603,1,1
E1-lite: source + target calibration,target_test,哈哈[哈哈][哈哈][哈哈] -爱橙子 --妞儿 //@?事搜一搜:[赞],1,0.508985,1,1
E1-lite: source + target calibration,target_test,MiaMiaMia，偶又饿了[泪],0,0.457173,0,1
E1-lite: source + target calibration,target_test,[呵呵]玉林烤鸭建达店特别推出会员菜及会员专享活动――精品烤鸭、王牌烤鸭，吃一套送一只鸭券，敬请莅临品鉴！[鼓掌]（活动截止日期待定，届时我们会提前在微博上予以公布）//: 想问一下这个活动持续到哪一天,1,0.487917,1,1
E1-lite: source + target calibration,target_test,问叶子长的像谁？答曰：不像爸爸，爸爸有胡子，我没有；我长发，爸爸短发。眉毛，眼睛，鼻子，嘴都不像妈妈，看妈妈很失落的样子，急忙补充到，胳膊挺像妈妈的，咱们三个胳膊都一样[汗][抓狂][衰]！闺女，有这么逗人玩的吗？？？,0,0.449001,0,1
E1-lite: source + target calibration,target_test,周末到了，我还想去吃，[泪][泪][泪][泪][泪][泪],0,0.446877,0,1
E1-lite: source + target calibration,target_test,请参阅《刘思敏：小长假得不偿失 恢复五一黄金周才是福音》 回复:[嘻嘻] //:之前的论文要是借鉴这些，就充实了，就能发核心了，哈哈,1,0.476645,1,1
E1-lite: source + target calibration,target_test,回复:不热那叫吐鲁番？玩儿的就是热！[酷] //:回复:[嘻嘻]太热了！ //:回复:再去高昌故城徒步呗！[嘻嘻][lxhx走] //:我和老爷子一样热爱吐鲁番,1,0.479683,1,1
E1-lite: source + target calibration,target_test,想去看电影，想看一部记忆中的电影，想看那么一种感觉[伤心],0,0.483343,1,0
E1-lite: source + target calibration,target_test,咳嗽~~咳咳咳~[衰],0,0.474056,1,0
E1-lite: source + target calibration,target_test,在外办事，跟人约时间是按半天为单位计算的，俺现在晚上基本不工作了，，所以一天只能有两件事。北京不能成为效率之都，因为我们的经济增长靠的不是提高效率，而是你们懂得那些规则。。。多数时间我只能在车里坐着望天，浪费生命，可下车还得收停车费。。。怀念有烟抽的日子[泪][可怜][泪],0,0.433599,0,1
E1-lite: source + target calibration,target_test,谢哥哥吉言了！我也觉得老爷子演个彭丽媛小意思！[太开心] //:老爷子好运！没问题的！等您出了院可以投身演艺界，演彭老总我觉得没问题！,1,0.462223,0,0
E1-lite: source + target calibration,target_test,见过好多，就是学不来啊[衰],0,0.490814,1,0
E1-lite: source + target calibration,target_test,我不高兴的时候就听歌，狠狠的听，我就能高兴了[失望],0,0.464186,0,1
E1-lite: source + target calibration,target_test,[悲伤]多么痛的领悟,0,0.485658,1,0
E1-lite: source + target calibration,target_test,好开心[嘻嘻] 才半个月就收到来自 的明信片，thank you very much[给力][兔子] . 有木有觉得还是中国邮政给力[赞][酷],1,0.494718,1,1
E1-lite: source + target calibration,target_test,中暑。坚持着熬了点绿豆汤，心慌近虚脱，赶紧卧倒休息。快过去三伏天了，孕妇夏天真难熬。[晕],0,0.467858,0,1
E1-lite: source + target calibration,target_test,回复:除了屁股，另外?送你十?掌嘴~ [委屈] 1、2、3。。[生病][泪][吐] //:妹子，别怕，偶那几下你都挨得住，加上你最近连续＂火狐狸＂膘肉劲长，我觉得接下来的那些责罚对你真是太小小不言了，好了，时辰已到，着民女安东拖出去重杖二十，全打在左边屁股上！,0,0.443696,0,1
E1-lite: source + target calibration,target_test,[伤心] //:[伤心][话筒],0,0.470093,1,0
E1-lite: source + target calibration,target_test,哈哈//：比此...比此... //?GT法?克:你也有才// ：[哈哈][哈哈][哈哈]小明你太有才了...,1,0.492446,1,1
E1-lite: source + target calibration,target_test,品鉴妙味烤鱼吧午餐时间到了~~ 鲜嫩的麻辣牛蛙仔，蒜瓣肉麻辣鲜嫩[馋嘴]一上桌瞬间就被抢光了[泪],0,0.463526,0,1
E1-lite: source + target calibration,target_test,人为刀俎，我为鱼肉[哈哈],1,0.50682,1,1
E1-lite: source + target calibration,target_test,上午与爹妈、洋帅以及兜姐一起在吴山广场转悠了一圈，无惊喜，全国各地的此种地方都大同小异。收获还是有的，一是两把张小泉剪刀，二是我开始发烧38.5![悲伤]疯大发了，下午哪儿不去，酒店里躺下，希望一如继往病来如山倒病去也如山倒！?,0,0.468293,0,1
E1-lite: source + target calibration,target_test,[泪]感动！ //--贝贝:狗狗快吃饭饭吧，你在天堂的主人会心疼的…[可怜][可怜][泪],0,0.452636,0,1
E1-lite: source + target calibration,target_test,有！高速清明节 免费！！！1[怒] //:这是一个恶性循环！,0,0.445956,0,1
E1-lite: source + target calibration,target_test,虽然我也爱旅游摄影，不过写这些就有点矫情。子非鱼安知鱼之乐乎？ //:[泪],0,0.470398,1,0
E1-lite: source + target calibration,target_test,装修中，一切想省心的幻想都是可耻的[衰],0,0.462565,0,1
E1-lite: source + target calibration,target_test,刷头收到啦，包装好用心哦！[嘻嘻][手套][手套][手套],1,0.505626,1,1
E1-lite: source + target calibration,target_test,还去马来西亚？ //:[抓狂][晕][吃惊][汗],0,0.456887,0,1
E1-lite: source + target calibration,target_test,过敏性结膜炎让哥很痛苦！[泪],0,0.461642,0,1
E1-lite: source + target calibration,target_test,愿莪们一同带着甜美的微笑奔向幸福的彼岸！[爱你][爱你][爱你]//:好感动呀…眼泪哗哗的[泪][泪][泪],0,0.46262,0,1
E1-lite: source + target calibration,target_test,遇领导，说：你来早了吧？我：对。。[抓狂]职场乌龙,0,0.453861,0,1
E1-lite: source + target calibration,target_test,回复:[嘻嘻][嘻嘻] //:奔驰第二让人不可思议，这个破车。[晕],0,0.481108,1,0
E1-lite: source + target calibration,target_test,关机键坏了真麻烦，好不容易破个记录，还得用别人手机照！截不了图！[衰][衰],0,0.474216,1,0
E1-lite: source + target calibration,target_test,同学的妈妈乳腺癌手术一年半后又全面扩散。。病危。[泪]关掉手机也无法阻挡坏消息的传来。。艳阳天里心生悲凉。。。谁能告诉我点好消息。。哪怕是谁家狗狗又下崽了。。。,0,0.446661,0,1
E1-lite: source + target calibration,target_test,山竹的壳怎么那么硬啊[衰] 肿么才能打开吃到呢[抓狂],0,0.451574,0,1
E1-lite: source + target calibration,target_test,路上被截..[抓狂],0,0.457393,0,1
E1-lite: source + target calibration,target_test,始发站就抛锚的司机，请不要把车坏了说的那么理直气壮！1.你站上休息的那么久时间在做什么？2.你知不知道你是公共设施，有多少人坐着你的车上班？3.你知不知道因为你拖了一班车，带动的是怎样的一条时间链？4.你知不知道这一班车的人因为你的工作失误而被罚款的总金额会有多大？[衰],0,0.44704,0,1
E1-lite: source + target calibration,target_test,是因为感冒啦，只喝了一半就喝不了啦[衰],0,0.459406,0,1
E1-lite: source + target calibration,target_test,山下开始下雨了，据说这里一年到头都下不了几次雨，结果我们一来就赶上了[汗][汗]他们说这样的话我们要去的古玉矿上就必然会下雪[泪][泪]幸好准备了防寒利器，羽绒服穿上就不冷啦[嘻嘻][嘻嘻]在村子里休整一晚，无论如何，希望接下来上山的行程能一切顺利！ @??WRD -南哥,0,0.465372,0,1
E1-lite: source + target calibration,target_test,的 既然算数做不好那咱就不喝罢了，遂到楼上的 ，单份15，双份20，加shot是5元，三份买单是25元，然后站旁边等咖啡，我靠这一看吓一跳啊！整个咖啡机上下左右到处都是苍蝇，不下10只哦，奶壶壶上都是，拜托，入乡随俗开苍蝇咖啡馆吗？[怒],0,0.444287,0,1
E1-lite: source + target calibration,target_test,"拯救、保护西部的?河，己刻不容缓！[抓狂][抓狂][抓狂]//:自由奔涌的才是江河!不禁悲从心头起,亿万的中国人竟阻止不了技术官僚、水电利益集团斩断江河的屠刀?",0,0.454633,0,1
E1-lite: source + target calibration,target_test,最后一句[泪][泪] 我会少吃//?zyz:手脚冰凉的MM记得啊！转,0,0.443768,0,1
E1-lite: source + target calibration,target_test,真实情况可能是：第一件是因为身体快不行了才不得已为之；第二件是即使后悔了也必须嘴硬死也不能承认；第三件是不管你后不后悔都已经改变不了什么了。。。[哈哈]//: 先做第一件。//: 来，一件一件做,1,0.45603,0,0
E1-lite: source + target calibration,target_test,哇！这不是为80哥量身定制的吗？传递爱心，咱们走起来！[给力] //:[嘻嘻] 深度合作，共享平台咯,1,0.47722,1,1
E1-lite: source + target calibration,target_test,连好基友也要离职了....[泪] [哈哈]！ 200%支持~~~,0,0.47563,1,0
E1-lite: source + target calibration,target_test,这地方真不赖[哈哈],1,0.510983,1,1
E1-lite: source + target calibration,target_test,累惨了，累屁了，累的找不着北了！！[抓狂][抓狂][抓狂][抓狂][抓狂][抓狂][抓狂]以后再不做如此二B的决定。[飞机][飞机][飞机][飞机][飞机][飞机][飞机][飞机][飞机][飞机][飞机][飞机][飞机][飞机][飞机][飞机][飞机][飞机][飞机][飞机],0,0.457456,0,1
E1-lite: source + target calibration,target_test,喝到手机掉了[泪]//: 最后还是追加了 Domaine de Chevalier 2004[good]没有评酒师的饭局，不算完美[爱你][爱你],0,0.462846,0,1
E1-lite: source + target calibration,target_test,茅台泡鸡蛋[哼] 吃了生双胞胎？！这是哪个神医说的！！！！我又进行了人生新尝试。。。[泪][悲伤][委屈][伤心] 你们也试试吧！ @?小鬼,0,0.434598,0,1
E1-lite: source + target calibration,target_test,可惜我都成年了．[失望][失望],0,0.470823,1,0
E1-lite: source + target calibration,target_test,好吧！来了都有[偷笑] //-迪迪:怎么会没有我的呢? //:呵呵，没关系啦！等下次过来我送你啦 //-VJ格格:[泪]翻微博，看到这条微博，留下一把辛酸泪啊！呢天去菜菜家吃饭张总把这个给我了，然后吃了一夜喝了一夜，第二天走的时候落在呢里忘记带了！！！回来了发现少了样东西！！,0,0.429843,0,1
E1-lite: source + target calibration,target_test,是因为我忘记了腊八这件事了！太让人生气了！！[怒][怒]//:回?: 你不是在享受丰盛的简餐？！[哼],0,0.448852,0,1
E1-lite: source + target calibration,target_test,随手拍小宝贝[爱你][爱你][爱你],1,0.493203,1,1
E1-lite: source + target calibration,target_test,桑心呀[伤心]，深似太平洋的深深桑心[泪]，今天是蛇年第一骑，上次骑车是2个月前了，今天目的地四岔路，我几乎不敢相信自己的体力直线下降，最后居然掉队了[泪]，（具体原因..此处省去三百字），之前的领骑，今天的掉队，我无颜面对微骑行[衰]，谁都别拉我，我要面壁5分钟，同时请辞微骑行代言人。,0,0.447912,0,1
E1-lite: source + target calibration,target_test,坏人哪！//: 太缺德了！要求严惩！//: [怒]不得好死！！！！//: 妈的！！！什么事啊 [怒] 咱俩上个月转发的那条寻人....//: [怒][泪] //: +1//: 这就是来建设北京的~//: 求严打！//: 真可怕！人心叵测,0,0.440713,0,1
E1-lite: source + target calibration,target_test,终于还是没忍住！烙了两张芝麻酱糖饼[晕]用了一大瓶芝麻酱四两红糖[晕][晕]减个屁肥！[馋嘴][嘻嘻][嘻嘻][威武],0,0.479128,1,0
E1-lite: source + target calibration,target_test,福利来了！ [爱你][爱你][爱你],1,0.489923,1,1
E1-lite: source + target calibration,target_test,TMD刚出门车胎瘪了~！！[怒][怒][抓狂]我在这里: 朝阳区,0,0.458238,0,1
E1-lite: source + target calibration,target_test,好[给力]！定要大大地佳赏二人[嘻嘻],1,0.505367,1,1
E1-lite: source + target calibration,target_test,夏季，奔腾的不只有长江、黄河，也有雨后的街子古镇~~[悲伤],0,0.481937,1,0
E1-lite: source + target calibration,target_test,你俩的互动太欢乐了，今天我也当了一回二师兄。 //:回复:我有说过孙。。孙。。。吗？[泪] //:二师兄，保护好师傅！,0,0.443887,0,1
E1-lite: source + target calibration,target_test,研究 给小9梳的天秤头...进行中...好难...明天继续...[嘻嘻],1,0.477666,1,1
E1-lite: source + target calibration,target_test,回复:[威武] //:做为一个不具有中国特色的中国人，是允许说真话的。[鼓掌]我是党国精英，我骄傲！[鼓掌] //:回复:在咱们天朝，国人不是很难，是根本不可能享受这种待遇！[怒] //:[偷笑]国人怕是很难得享受那种待遇阿。,0,0.468065,0,1
E1-lite: source + target calibration,target_test,回复:感谢支持！偷偷剧透，4月刊有不输3月刊的好内容，好想快点让大家看到。[可爱] // :回复:很好看，买了，期待下一期,1,0.491862,1,1
E1-lite: source + target calibration,target_test,[害羞]公主好感动[爱你][亲亲] //:生日那个快乐！公主永远最美！[蛋糕]// : 谢谢亲爱的，不晚不晚[爱你][爱你] // :呀！生日快乐啊大美妞，虽然好像有点晚了[委屈] // :哎呀！老同你这照片拍的太有水平了！亲爱的们，我真的好爱你们，这几天生日过的太开心了！,1,0.471622,1,1
E1-lite: source + target calibration,target_test,最近定制印刷还慢啊，为什么我还没有拿到~~~[泪],0,0.446822,0,1
E1-lite: source + target calibration,target_test,大家想要什么涅[可爱],1,0.477115,1,1
E1-lite: source + target calibration,target_test,河神挺萌的！[嘻嘻],1,0.496505,1,1
E1-lite: source + target calibration,target_test,求证//:据当事人说是在救人呢// ：他是认真的// ? ：[哈哈]。。。当我傻子啊[打哈气]// :不管你信不信，我反正信了！ // :这真是一个奇迹。。,1,0.45432,0,0
E1-lite: source + target calibration,target_test,全中了。。。[泪]，我都不敢直视自己了。。。你们呢？,0,0.441741,0,1
E1-lite: source + target calibration,target_test,张雨生，天妒英才…//:[蜡烛]我期待，有一天＂你＂会回来[泪][蜡烛],0,0.468253,0,1
E1-lite: source + target calibration,target_test,我离开，你叫了两次，那叫声，就像有病的孩子哭着不让父母离去，别舍弃他。你真的有生命，我们真的有感情。独自躺在床上，外面下着大雨，你还好吗？放心吧，无论如何，我不会扔下你，会让你一辈子跟着我！???[泪][泪][泪] 我在:,0,0.447563,0,1
E1-lite: source + target calibration,target_test,体验瑜珈[哈哈] 我在:,1,0.504353,1,1
E1-lite: source + target calibration,target_test,求谷歌不崩溃的方法[泪],0,0.445467,0,1
E1-lite: source + target calibration,target_test,虽没那么专业，但深有同感。很多人经常问的一句话就是：你英语专业的连这个都不会？中国才出了几个翻译大家啊！！！[怒],0,0.456668,0,1
E1-lite: source + target calibration,target_test,真挺恐怖的//:[衰] 还有哪几位，一时想不出来，中午不午睡，脑瓜子不好使，就不一一@ 了。。大家自己注意吧。。,0,0.444008,0,1
E1-lite: source + target calibration,target_test,海口的特色生态演出…印象海南岛…想看么？[嘻嘻],1,0.496231,1,1
E1-lite: source + target calibration,target_test,这个钟点，当你最可信任的人忘了接你，亲人们在家守着电脑电视没人理你，你的猫？肯定已经睡死过去时，饥饿难耐间，惊喜滴发现，公司楼下那盏灯还亮着，为你！你迅猛扑上去大声说，老板，煎饼来一个，俩鸡蛋，不要葱！ [晕],0,0.460503,0,1
E1-lite: source + target calibration,target_test,好得很，支持实名举报！//?: [围观]实名举报一定转。//: [围观]//: //://://:农行副行长刚刚被抓，这条鱼还没那么大[怒骂],0,0.463162,0,1
E1-lite: source + target calibration,target_test,告诉你 干不完 晚上不准吃饭 起来 ?偷懒[威武][酷][哈哈],1,0.497904,1,1
E1-lite: source + target calibration,target_test,哎哟喂！闪着我的狗眼了！！桃你这算闪婚吗！说好的我先结的，不带这样的[泪][泪][泪],0,0.438035,0,1
E1-lite: source + target calibration,target_test,专门购买了日本产的环保食品级袋子，有牛皮纸袋专门用来封装面粉，另外还有对应封装巧克力和可可粉一类的，以后可以直接到店购买分装类产品咯！[嘻嘻][嘻嘻][嘻嘻],1,0.495406,1,1
E1-lite: source + target calibration,target_test,我：出来看春晚。他：不好看。我：大过年的不一起看春晚还能干啥，我爸爸21点就睡，你看到21点再进屋呗。他：好。。骗子，现在就22点多了。我：[哈哈][哈哈],1,0.486374,1,1
E1-lite: source + target calibration,target_test,通过总公司找来的维修把冰箱拉走了，留一个小旧冰箱暂用。事实证明前边真是受骗了，那小伙子在整流器背后假装充冷冻液，如果我稍微再好奇一点儿就能看到其实那里是空的，根本不是充液的地方。真正充液的地方完全没动。就这么明骗了我300块！[衰]朋友提醒我不要用百度找维修，那里排名可以拿钱做的。,0,0.449638,0,1
E1-lite: source + target calibration,target_test,[怒]//-mac: 切，胡扯//: 这个必须转了，哈哈//: 说的没错[偷笑] //: 哈~北京女孩真的挺好的[害羞] //:是那么个理儿。贼准,0,0.463853,0,1
E1-lite: source + target calibration,target_test,恭喜彩姐！不是山本那?，是上?啦 [哈哈],1,0.501028,1,1
E1-lite: source + target calibration,target_test,这里的交通真是伤不起，8：00堵到10：00还堵[泪][泪][泪],0,0.447077,0,1
E1-lite: source + target calibration,target_test,罪过[怒] //:造孽[蜡烛] //?KevinH:人作孽，不可活！//:阿鼻地狱来收拾这帮杂碎吧！还世间太平！,0,0.459613,0,1
E1-lite: source + target calibration,target_test,he found home [哈哈],1,0.513079,1,1
E1-lite: source + target calibration,target_test,??? //:妈的，一帮吃屎的警察 //@ ??:fuck[怒] //-999:我曾经这么被抢了心爱的包包被装上假的里程表和发票机继续跑出租，一般人很难识别，这些车基本都是套牌，司机主要来自北京周边，他们在出事故后会直接弃车,0,0.453354,0,1
E1-lite: source + target calibration,target_test,"自嘲,我的节气哪去了[泪]//:这句话争议很大的，只是个人觉得还是过于偏激了一点，也有说这是日本人之言，我没有深入了解过，但我觉得这句话，太过妄自菲薄，虽然传统文化尚待复兴，那种精神骨气也要培养，这不是我们该做的吗？这句话岂不是在嘲讽自己了。 //:崖山之后无中国",0,0.438362,0,1
E1-lite: source + target calibration,target_test,睡得好差[抓狂],0,0.460045,0,1
E1-lite: source + target calibration,target_test,在这拍戏晚上就黑了[泪],0,0.461143,0,1
E1-lite: source + target calibration,target_test,女人好厉害！//：[哈哈] 好主意！,1,0.498718,1,1
E1-lite: source + target calibration,target_test,这烤人的天呀[抓狂],0,0.469695,0,1
E1-lite: source + target calibration,target_test,撒哈拉沙漠上的单峰驼，它叫吉米，十岁了，骑了这个高大的货之后大腿疼了好几天[泪],0,0.464686,0,1
E1-lite: source + target calibration,target_test,我无语了！怎么过了一年大家都变坏了！世道变了[泪][衰],0,0.440447,0,1
E1-lite: source + target calibration,target_test,我家[泪][泪],0,0.444115,0,1
E1-lite: source + target calibration,target_test,太赞了！每个城市最吸引人的就是这些集市了，有集市控的驴友们请举手[鼓掌]//:[呵呵]有幸来了新疆两次，这两个巴扎都给我留下了太多美好的印象！想减肥，在新疆咱就别指望了[抓狂][泪] //:喀什大巴扎比二道桥的大巴扎还有名，你见到真正的大巴扎了，恨自己的胃小吧。,0,0.446601,0,1
E1-lite: source + target calibration,target_test,这才是我亲嫂子[嘻嘻],1,0.499199,1,1
E1-lite: source + target calibration,target_test,从美国和中国最近不断发生的互联网企业进入不同行业的投资和收购事件来看 原先的工业经济企业在这些方面将逐步沦为配角[泪] 但互联网企业对未来的影响将越来越成为主流[威武] 一个新的时代已经到来 还不赶紧抓住这次大潮 [疑问],0,0.457114,0,1
E1-lite: source + target calibration,target_test,也太低了吧.[嘻嘻],1,0.492135,1,1
E1-lite: source + target calibration,target_test,我以为是你呢//: 会是谁呢？[晕][晕][晕],0,0.45819,0,1
E1-lite: source + target calibration,target_test,眼睛好漂亮！ //:有没有哪个好心人可以给宝贝一个温暖的家啊？ // : 百度猫 [抱抱] // -domisol ：这只是公猫。。。度娘魅力很大嗯。。,1,0.450793,0,0
E1-lite: source + target calibration,target_test,谢谢！谢谢。。您时刻惦记着我。出去吃顿饭每个菜都。我吃过午饭了，也无兴趣看美食，求您了。放过我，甭理我了。受不了了。[泪],0,0.457662,0,1
E1-lite: source + target calibration,target_test,请！~~[爱你] //：打错字了，想说全是请我吃烤鱼…重新… 都请我吃烤鱼吧… -小刚炮儿,1,0.474234,1,1
E1-lite: source + target calibration,target_test,[爱你][爱你][爱你][爱你]//?胎?骨:我想要[抓狂][抓狂][抓狂],0,0.473563,1,0
E1-lite: source + target calibration,target_test,回复:[抓狂]同感,0,0.463655,0,1
E1-lite: source + target calibration,target_test,[哈哈][哈哈][哈哈] //:人确实有病,1,0.506808,1,1
E1-lite: source + target calibration,target_test,今晚先听「幸福有多远」，下次专场再唱LRS啦~[可爱],1,0.496568,1,1
E1-lite: source + target calibration,target_test,这个配置已经让我产生强迫症了[抓狂],0,0.455446,0,1
E1-lite: source + target calibration,target_test,[ok] //:接天莲叶无穷尽，映日荷花别样红。新的文艺复兴似乎要从武夷山开始了[哈哈] //:感觉是诗人辈出，文字青年排对了[偷笑][偷笑][哈哈][鼓掌],1,0.494446,1,1
E1-lite: source + target calibration,target_test,BB一叫二十年[衰],0,0.473292,1,0
E1-lite: source + target calibration,target_test,胃疼的忍不了了，去了村里的卫生所。这个医生听村民讲是自学成医。本想打点滴，医生说太冷时间太久，最后给屁股打了2针。从小最怕打针了....爸爸妈妈我好想你们。[泪][泪][泪] 还要谢谢这次一起出行的朋友们，照顾关心我。我体弱多病的，感谢有你们。[爱心传递][爱你],0,0.445405,0,1
E1-lite: source + target calibration,target_test,"[鼓掌][鼓掌]//: [鼓掌][鼓掌][鼓掌][鼓掌][鼓掌][鼓掌] //:回复:我大声吆喝，木有对象的看过来，23号八马有相亲会哦! //:马老师热心肠~这是给众女弟子做广告嘛？[哈哈]23号咱们八马有相亲会哦~ //:呼唤喜欢茶又未婚的男童鞋,我们有很多未婚会泡茶的菇凉哦!",1,0.491652,1,1
E1-lite: source + target calibration,target_test,回复-TinaCKone:必须友情价 //-TinaCKone:来个友情折扣价，我也亲子下[偷笑] //:公园门票50元，房车酒店1000元一晚，谢谢关注[嘻嘻],1,0.484765,1,1
E1-lite: source + target calibration,target_test,情收了，财在哪？[晕],0,0.456,0,1
E1-lite: source + target calibration,target_test,菇凉，淡定，我特么也和你受过同一拨人的委屈！[泪],0,0.456721,0,1
E1-lite: source + target calibration,target_test,联通啊联通，我已经不指望你信号好，覆盖广，也不指望你稳定。只求你事实求是的显示有没有信号，都不行么？别满格+3G的时候连个电话都打不出去，更别说上网了！！消费者就这么一步步妥协，不断降低期望值，得到的仍然是失望[失望]你能指着绑定iphone活一辈子嘛！？[鄙视][鄙视],0,0.439205,0,1
E1-lite: source + target calibration,target_test,事实证明不到万不得已千万不要国际tele transfer外汇，兑换汇率低的不行加上各行各种手续费，亏得我的那个小心脏 [泪] Im at 上海浦东国际机场T2航站楼,0,0.447549,0,1
E1-lite: source + target calibration,target_test,吐槽我真心不理解，人类都能登上月球了，非将很多厨卫的管子设计得那么不科学。洗手池下管子漏水，哥回家就一直摆弄修理了一小时，压力测试都弄掉了一桶水。其他都弄好了，最后搞不定一根弯曲的橡胶环……[抓狂][抓狂][抓狂][抓狂]次奥次奥次奥……,0,0.446784,0,1
E1-lite: source + target calibration,target_test,[怒] //:习总最烦粗鄙之徒！没文化的、犯浑求的一律滚蛋！[哈哈] //:这么快？衰人啊，不知现在是微博时代[衰] //: 北京密云爆粗口政协委员已被取消资格~~ //: 正邪委员真牛啊[威武],0,0.462866,0,1
E1-lite: source + target calibration,target_test,想都吃，会不会太贪心啊[泪],0,0.462033,0,1
E1-lite: source + target calibration,target_test,我错大发了！如梦方醒！总不能撒谎吧！真相害死人呀！悲催的！[汗][抓狂],0,0.457869,0,1
E1-lite: source + target calibration,target_test,我怎么没赶上！ //:是滴撒。[挖鼻屎] // @-小俊囝- ：// :你看旁边戴眼睛的那个男滴[衰] 好猥琐呀[鄙视] 。借着眼睛斜视更衣女[怒] 想看还要装…想看就大胆看，又不是偷看,0,0.449397,0,1
E1-lite: source + target calibration,target_test,回复-CC:得换100台[晕] //-CC:拿你桌子上红色的音箱来换。[哈哈],0,0.4839,1,0
E1-lite: source + target calibration,target_test,[衰]//:删前转//:,0,0.455166,0,1
E1-lite: source + target calibration,target_test,真好 永远幸福啊 矮胖子[抱抱],1,0.485658,1,1
E1-lite: source + target calibration,target_test,好孩子[爱你]后面开着的窗户看着好吓人啊，小心磕着爱动物的五毛小朋友,1,0.494977,1,1
E1-lite: source + target calibration,target_test,[馋嘴][馋嘴][馋嘴][馋嘴]//:每次带中国朋友在巴黎各种吃，这是最受欢迎的一顿…今晚我在，可以跟感兴趣的朋友讲讲这个源自北非的文化…[来][太开心],1,0.476672,1,1
E1-lite: source + target calibration,target_test,为了座辆性价比高的车，果然过路车就是会晚点掉链子，好热的在东站静静等待，少动少流汗[泪][晕][悲伤]有时候等待也是种幸福，开始不抱怨的世界,0,0.466164,0,1
E1-lite: source + target calibration,target_test,次奥！让不让吃？[怒] //:公然走后门就不好了吗//:马叔儿！蟹控举手求携带！[可怜] //:好//:??蟹中?也有，只是胃寒之人不宜食用，生食大寒……想吃的?留言，??在 家??[抠鼻屎]//:大晚上发这个 太残忍 哈哈,0,0.454727,0,1
E1-lite: source + target calibration,target_test,哎，写作水平直线下降。编辑直言不讳，虽然不好接受，但还是感激涕零！[泪]一定要加油了，回到原来的水平线上！,0,0.446714,0,1
E1-lite: source + target calibration,target_test,[good][鼓掌][鼓掌] //: 谢谢王老师的鼓励！,1,0.491263,1,1
E1-lite: source + target calibration,target_test,回复:感谢沈老师[鼓掌] //:预祝您考试顺利 //:回复:嘻嘻好的沈老师下周我们就考试啦高技实操 //:[嘻嘻]您下周二继续上节目么 //:哈哈试试运气,1,0.485003,1,1
E1-lite: source + target calibration,target_test,之前看过一个店名叫帮赛！[抓狂],0,0.457089,0,1
E1-lite: source + target calibration,target_test,//:老虎说旅游 节事旅游在现代社会，也要符合节事伦理。否则适得其反 //: //:??吃狗！拜??世上食物?充足了，放?狗狗吧? //:[抓狂][鄙视][怒骂]..,0,0.450579,0,1
E1-lite: source + target calibration,target_test,明天准备在家做烤肉！刚才我给大家分工！爸爸妈妈明天负责去市场选肉，我和夫人去超市负责买海鲜和调料！结果父母同时批评我说我没有团队精神[衰][衰][衰]说去哪都要一起！要知道我们是个团队！我瞬间石化。。。,0,0.458209,0,1
E1-lite: source + target calibration,target_test,[鼓掌] [赞] //：往事幽深,1,0.485882,1,1
E1-lite: source + target calibration,target_test,阿黄，一直没瘦过耶 //:怎么，又胖了？[偷笑] //:谢谢，届时你会不相信自己的眼睛[嘻嘻] //:哈哈哈，我曾经胖过。。。[偷笑][偷笑] 看你的了，我两个月不见你！,1,0.467921,0,0
E1-lite: source + target calibration,target_test,回复:维景酒店边上的惠丰湖哦！[嘻嘻] //:?是唐山的什麽地方呢？,1,0.48175,1,1
E1-lite: source + target calibration,target_test,回复:哭啥，上路啊 //:[泪],0,0.458214,0,1
E1-lite: source + target calibration,target_test,看了好几次，生没看出谢老师的意思是桂三要拆了。我有阅读障碍？波波，组织一下，火速回去缅怀一下。//: 要拆了吗，要拆了吗，要拆了吗，要去缅怀下啊？！//: 今天开车路过桂三，已经人去楼空，一个暑假过后，便会不见了踪影，那段美好的回忆仿佛即将无法承载，顿觉伤感[悲伤],0,0.461454,0,1
E1-lite: source + target calibration,target_test,啊！怎么半夜才下节目么？哎呀，快补补，快补补~~[爱你][哈哈] //:不肯吃盒饭下了节目看这饿呀[泪],1,0.484195,1,1
E1-lite: source + target calibration,target_test,怎么样[嘻嘻],1,0.488218,1,1
E1-lite: source + target calibration,target_test,当你真爱一个人的时候，你是会忘记自己的苦乐得失，而只是关心对方的苦乐得失的。 //:哎呀，太[泪]了 //:好浪漫，感动ing[心],0,0.455979,0,1
E1-lite: source + target calibration,target_test,签名签了一天还没签完[泪][泪][泪]幸福滴眼泪[晕][晕][晕]看来下次不能轻易说“送～亲笔签名”这几个字了[晕][晕][晕]等～签名滴人太多～工程好大呀[汗] 我在这里:,0,0.447278,0,1
E1-lite: source + target calibration,target_test,最近是车荒吗？一辆空车也没有。。。[怒],0,0.437733,0,1
E1-lite: source + target calibration,target_test,美食美味[爱你][花心]//:,1,0.482789,1,1
E1-lite: source + target calibration,target_test,可能是电视剧。//: [怒]//: //: //: 确定这不是在拍戏吗？,0,0.457563,0,1
E1-lite: source + target calibration,target_test,回复:这棵巴西木我也养了十几年了，别着急，你家的也会开花的。呵呵！[笑哈哈] //:竟然养开花了！！！！我家也有个巴西木 从来没有开过花啊 [泪],0,0.440234,0,1
E1-lite: source + target calibration,target_test,饿… //:[衰]//：还记得那把簪子吗？千颂伊看到簪子时一下就被吸引。这其实是伏笔，千颂伊其实是八百年前来到地球的第一波外星人，因为某原因没有及时回去而失去超能力和记忆。最终唤醒了记忆和超能力，他们一起回了外星。李辉京继承家业，变成天文爱好者，刘世美孤独终老。,0,0.458737,0,1
E1-lite: source + target calibration,target_test,//: 哎呀 笑死我了！ //:[哈哈][哈哈] 喃们都看看//:是啊 //: ：老大老二是不是也能这样[哈哈][哈哈][哈哈],1,0.496376,1,1
E1-lite: source + target calibration,target_test,好吃啊[抓狂]//:回复:上次吃了，还专门发微博说难吃[哈哈],0,0.470247,1,0
E1-lite: source + target calibration,target_test,[哈哈]//: [哈哈]//: [哈哈]//: [哈哈]//: [哈哈]//-100: [哈哈]//: [哈哈]//: [哈哈],1,0.494906,1,1
E1-lite: source + target calibration,target_test,[鼓掌][鼓掌]一块儿干！吃饺子也叫上我！ //:为什么每次我看时间的时候，总会是11点11分………… //:真为你们开心，来它八十盘八十个饺子 //:祝，干了 //-SHE:你是此生最美的风景。,1,0.462233,0,0
E1-lite: source + target calibration,target_test,?今天发现原来好多人都生病了，早上蹭哈成的牛黄解毒丸吃，希望病早点好， 化妆达人看下，这眼妆怎样？有点凶吧，我有想把睫毛拽下来的冲动，难受死[晕],0,0.474902,1,0
E1-lite: source + target calibration,target_test,【百变大咖秀第五季微直播】费翔+谢娜+蔡依林，这三个不搭嘎的人，你能看出有什么联系？没联系不要紧，关键在于模仿的人和歌曲错位后，原来的舞蹈还能合上！要不是看到他们演绎得这么带劲，谁能想到《舞娘》的动作配上《冬天里的一把火》的音乐会那么和谐？ -Julius [哈哈],1,0.470461,1,1
E1-lite: source + target calibration,target_test,雨 能再大点嘛？！！[抓狂],0,0.452798,0,1
E1-lite: source + target calibration,target_test,肚子又饿了……每天都是这样= =今天 下班一定要去超市买零食带着[泪],0,0.46234,0,1
E1-lite: source + target calibration,target_test,这个@ 我是个神马意思，睡不惯凉席的北方孩纸飘过[晕],0,0.467548,0,1
E1-lite: source + target calibration,target_test,本周六晚20：10，一起来跟官微君见证综艺界新星的华丽诞生[鼓掌]中国殿堂级女演员凯丽老师，跟她聊天分分钟笑到肺炸，吐槽技能瞬间get无数[笑哈哈]本周六晚20：10，如果你觉得你是见过市面的人，不妨来看看这位阆苑奇葩[偷笑]拍胸保证你有收获，综艺新贵冉冉升起的节奏根本停不下来！[得意地笑],1,0.475655,1,1
E1-lite: source + target calibration,target_test,昨天在超市看到草莓，6元一小盒，颜色稍红但是味道比较寡淡。某人看我今天看到?又走不动路的样子，（这个颜色实在太漂亮了！暗红色，一看就好吃）一咬牙就给我买了。这草莓实在是太好吃啦~好吃啦~吃啦~啦~！！！[抓狂]就是价格实在太棘手！ 好东西多做做活动阿。,0,0.480346,1,0
E1-lite: source + target calibration,target_test,这九年，却是一生幸福的美满前奏！纪念日快乐！白头偕老！爱你们！[爱你][干杯][礼物],1,0.481522,1,1
E1-lite: source + target calibration,target_test,我愿意把你放在这里面。[可爱]不管结果是什么，先做了再说。,1,0.469206,0,0
E1-lite: source + target calibration,target_test,回复:这娃娃太可爱了！[爱你][可爱] //:回复:[给力][握手][爱你],1,0.482381,1,1
E1-lite: source + target calibration,target_test,话中话[嘻嘻],1,0.502168,1,1
E1-lite: source + target calibration,target_test,期待着 期待着 期待着春运的开始 马路上能清静些 好嘛 早上 北京依然堵得跟MLGB一样～～～[衰][抓狂],0,0.470301,1,0
E1-lite: source + target calibration,target_test,极品凤凰男嫁不得啊，嫁了也得赶紧离！！//-毛: 如果是我，我肯定不嫁这样家庭的孩子。孩子和家都是一脉相承的，此时的一句话，什么也代表不了。后面是慢慢的人生呀。//: [衰]姑娘。。好自为之啊。。,0,0.441443,0,1
E1-lite: source + target calibration,target_test,有机无价啊。。。//: //: [鼓掌][鼓掌][鼓掌]//:拍吧，非同寻常的扑克 //:拍,1,0.474552,1,1
E1-lite: source + target calibration,target_test,[可怜]可怜的孩子[鄙视]可恶的医生[鄙视][怒骂],0,0.474669,1,0
E1-lite: source + target calibration,target_test,忍不住了~~~哈哈//-Xia: 额[晕],0,0.480991,1,0
E1-lite: source + target calibration,target_test,"今非昔比，真的不能再骗自己还很年轻了。再也没有人管我叫姐姐，取而代之的都是张口就叫阿姨。前两天，vendor看到我真人后说，您看着还真年轻，估计也就29,30吧。我当时表面上笑容灿烂的说猜的差不多啦。心里念着，NND，这哥们一定还往年轻着说我呢，估计心里在想这妇女估计得有30多了[泪]",0,0.44524,0,1
E1-lite: source + target calibration,target_test,最近半年熬夜得厉害 必须警告自己[怒],0,0.468103,0,1
E1-lite: source + target calibration,target_test,万圣之夜，紫荆之巅[浮云]你在哪里HIGH[衰]?,0,0.471794,1,0
E1-lite: source + target calibration,target_test,[泪]真不是广告贴！收不了几个钱啊,0,0.453021,0,1
E1-lite: source + target calibration,target_test,【美丽的崇武海滨】崇武古城―― 一座古朴雄壮的城，更是一座光辉灿烂的城！[爱你]//：照片美死了//：⊙o⊙哇，好美，太棒了，好稀饭！//：喜欢这色调,1,0.47832,1,1
E1-lite: source + target calibration,target_test,春暖花开了，脸颊又痒的不行。恨不得把自己给抓烂。同事一见：呦！打腮红了？我：[衰],0,0.454237,0,1
E1-lite: source + target calibration,target_test,很惟美哦//: 谢谢宋兄！[兔子][嘻嘻] //:好！,1,0.485438,1,1
E1-lite: source + target calibration,target_test,回复:[哈哈] //:那必然啊！ 没用过快播的男人... 那还算是男人么？ //:快播会员的意义在哪里呢？,1,0.476912,1,1
E1-lite: source + target calibration,target_test,【来自锦州的喜讯】她喜得贵子。‘感激心情无法用语言表达，，，有时间去北京看您。’这是当送子观音最幸福的时刻。我爱你们。[爱你][哈哈][鼓掌][大红灯笼],1,0.490021,1,1
E1-lite: source + target calibration,target_test,赵传大哥M空间演唱会圆满结束，庆功宴上大家玩的都很嗨[鼓掌]，不过，姜还是老的辣，唱的是真好哇[耶][耶][耶],1,0.491373,1,1
E1-lite: source + target calibration,target_test,中海油最近是怎么了[抓狂],0,0.453763,0,1
E1-lite: source + target calibration,target_test,对于南戴河的“临海公寓”，原本真有点小动心――好几位盆友都买了。文艺如你，自然懂的……但前夜，因为修路和车祸，被堵在回京高速路上寸步难行，四周全是颤颤巍巍的超载大货车，和摇摇晃晃的双层卧铺大巴，3个来小时的路程愣是哆哆嗦嗦开了8、9个小时……嗳，我还是北京龟缩着吧[晕],0,0.44567,0,1
E1-lite: source + target calibration,target_test,特逗?看看~//: 人家有十多亿票房撑着你怎么斗的过人家？ //: //: //: 王自健把周立波的家丑全都搬出来了[怒骂]！评：得道多助，失道寡助，做事要讲分寸。,0,0.462632,0,1
E1-lite: source + target calibration,target_test,"【触摸朱丽叶】在著名的“朱丽叶阳台”的左下方的院子里有一尊与真人比例相同的朱丽叶青铜塑像，轻柔的长裙衬裹着她那苗条的身姿，她左手曲在胸前，右手提起裙子的一角,亭亭玉立，她是年轻人心目中的“情圣”，据说抚摸朱丽叶铜像的右手臂和右乳房会给情侣们带来好运。据说已经换了好几块胸了[哈哈]",1,0.492788,1,1
E1-lite: source + target calibration,target_test,挑挑就好了，培养咱家儿子干这事//:我是伪有机吗？我确实怕虫子[悲伤][悲伤]//:回复:以后我们卖虫子吧？ //: 的芹菜在冰箱放了一周虫子还活着 //:这个的确怪我！我家虫子与菜是共生关系！,0,0.459458,0,1
E1-lite: source + target calibration,target_test,前日在重庆一百货为母亲节买礼物，后到客服处领取赠品，一工作人员头也不抬说道：＂ling sha zi＂，咱听不懂啊[晕]，亲，能给姐说普通话吗？！他又来一遍：＂ling sha zi＂[吃惊][吃惊][吃惊]极度晕，＂你傻子？！＂[思考][思考]这下他抬头了，大喊一声：＂领什么？！＂,0,0.452334,0,1
E1-lite: source + target calibration,target_test,怎么回事，我也来一糖呗//: //: 你去马来呗 //@?文?的喵星人: [晕] //:[衰]//: 刚搜索证实了下，往返30元，好便宜哟~,0,0.451282,0,1
E1-lite: source + target calibration,target_test,[衰] //:[哈哈]好欢乐～,0,0.479959,1,0
E1-lite: source + target calibration,target_test,那个红罐的加多宝真是难喝[失望],0,0.47164,1,0
E1-lite: source + target calibration,target_test,单臂长袖斜肩长筒连衣裙 //:哈哈//: [哈哈],1,0.489413,1,1
E1-lite: source + target calibration,target_test,台式电脑屏幕上又贴满了黄便签，一抬头就一脑门子官司[怒] 很多事要去做、去解决，逃避不是办法。如果事情注定要发生，就要勇敢去面对；如果结局注定不完美，也要勇于承受，你说对吗？[挖鼻屎],0,0.466376,0,1
E1-lite: source + target calibration,target_test,回复:是啊很像的[哈哈] //:好像有张震岳。,1,0.490813,1,1
E1-lite: source + target calibration,target_test,我们不应该谴责这两位老人！应该追寻这背后的原因！是什么原因造成两位老人这样滴？这不是两位老人滴悲哀，是有关部门滴悲哀，是社会滴悲哀！ //:可怜人必有可恨处，这个问题，不知有人想过没有？ //: “如果有一天我老无所依，请把我埋在时光里……”[泪],0,0.441157,0,1
E1-lite: source + target calibration,target_test,早晨5点起床，６点奔机场，现在才到酒店，一路看了七集?潜行狙击?，头疼[晕]，酒店不错，窗户看出去泳池和瀑布,0,0.508176,1,0
E1-lite: source + target calibration,target_test,回复 :呵呵，不好意思啊 //:现在是晚上十点啊！[怒骂] 杀人啊！！！！[可怜] 不多不少的鸡油泛出的油花，多好看啊！ //:不错吧！ //:哗,0,0.452123,0,1
E1-lite: source + target calibration,target_test,木看到[泪]//: silicon valley from Jerry Seinfeld //: 这么说今天在望京一号遇到的那一桌可能真是国产硅胶,0,0.450257,0,1
E1-lite: source + target calibration,target_test,你们在吃饭，我在跑啊跑！[泪],0,0.450248,0,1
E1-lite: source + target calibration,target_test,那你来试试我的奶茶！乌镇台客栈 //:我是奶茶控[偷笑] //:差不多可以计划来乌镇了！ //:好想念呢[悲伤] //:必须的 //:奶茶…,0,0.464379,0,1
E1-lite: source + target calibration,target_test,开家长会也是体力活，2点半开到现在还木有完[泪],0,0.452663,0,1
E1-lite: source + target calibration,target_test,有那么多钱外援却不自治，这就是为什么一直在＂发展中＂了[晕],0,0.463735,0,1
E1-lite: source + target calibration,target_test,行行出状元！ [赞]//:Accor Professional Challenge活动已经开始报名啦，获胜的两名同事即将赴法国参加全球比赛，[花心]各位酒店的同学还等什么呢？[鼓掌][鼓掌]，如果你还没有加入雅高，想与世界高手一决高下的各类酒店高手们，现在加入雅高也还来的及！[嘻嘻],1,0.475405,1,1
E1-lite: source + target calibration,target_test,厨房滴童鞋们，工作很辛苦，请打起精神配合一下！[嘻嘻]1、2、3... 茄子。。。[耶],1,0.481277,1,1
E1-lite: source + target calibration,target_test,求辟谣[怒]//: [吃惊]//: 真的吗？ //:求辟谣！[话筒]//:求辟谣。如果是真的，恐怕是李天一后面那几个人的力量更大吧,0,0.456901,0,1
E1-lite: source + target calibration,target_test,看了《忠犬八公》，我哭了！感人的小八让我明白了忠诚的意义，那就是：“不要忘记所有你爱过的人！”八公是我心目中的英雄！！[泪][泪],0,0.442223,0,1
E1-lite: source + target calibration,target_test,[泪]周一家里电才买回来，带着媳妇儿孩子跑酒店来了。桑不起，这一套装备深深的出卖了我是个it民工。 我在这里:,0,0.463099,0,1
E1-lite: source + target calibration,target_test,[威武] //:[围观] 有飙泪的冲动！[泪] 这才是原汁原味。。。唱的真的是超级棒,0,0.448611,0,1
E1-lite: source + target calibration,target_test,[晕] //：[嘻嘻],1,0.47897,1,1
E1-lite: source + target calibration,target_test,我死这都值了[抓狂],0,0.4608,0,1
E1-lite: source + target calibration,target_test,【乌镇（西栅）韩文网上线试运行】韩国朋友帮乌镇制作的网站，于今日上线试运行，内容涵盖了吃住行游购娱等基本信息，有懂“哦吧”的童鞋，请帮忙提出宝贵意见哦。[抱抱] 传送门： 来自星星的你很火哦，都教授表演很给力，不过印刷术源自中国，乌镇也是中国的哦[挤眼],1,0.487912,1,1
E1-lite: source + target calibration,target_test,今天生日，三里屯做完头发去南锣鼓巷，人多的要命，进的去出不来[晕] 大掌柜好好，8拼蛋糕[爱你]，打开消灭两块，榴莲和蓝莓芝士[馋嘴]。话说大掌柜又买车了[花心]，捷安特牌的[酷],1,0.483728,1,1
E1-lite: source + target calibration,target_test,长的太美了 所以肯定是[嘻嘻],1,0.49008,1,1
E1-lite: source + target calibration,target_test,我本一心照明月，奈何明月照地沟[哼]//: 能不伤心嘛[泪] 你这个混蛋//: 我有点小伤心呀，你呢？//: 终于出版了，强力推荐！,0,0.459891,0,1
E1-lite: source + target calibration,target_test,回复:今天还在值班啊[抓狂] //:回复:明天我就休喽,0,0.464437,0,1
E1-lite: source + target calibration,target_test,[抓狂][抓狂][悲伤],0,0.460605,0,1
E1-lite: source + target calibration,target_test,[泪][泪][泪]猫小D只会把逗猫棒叼给我,0,0.444685,0,1
E1-lite: source + target calibration,target_test,超喜欢这版本的无所谓说实话比昆哥唱的好[哈哈][哈哈]可惜了[泪][泪] 我在:,0,0.484586,1,0
E1-lite: source + target calibration,target_test,[泪]还是限号好…,0,0.450079,0,1
E1-lite: source + target calibration,target_test,各种雷[衰],0,0.468551,0,1
E1-lite: source + target calibration,target_test,终于迎来自欺欺人的节日//: 愚人节快乐//:[嘻嘻]求评论//: //: 呵呵！人民群众的智慧都被激活了！ //: 重温了。,1,0.464678,0,0
E1-lite: source + target calibration,target_test,旗袍我的最爱，再自恋一把[爱你],1,0.488758,1,1
E1-lite: source + target calibration,target_test,我也抑郁了很久[委屈]//: 哭着读完，然后很长一段时间的抑郁[悲伤],0,0.460567,0,1
E1-lite: source + target calibration,target_test,//://: //:[抓狂],0,0.459792,0,1
E1-lite: source + target calibration,target_test,介个也要分上下部的嘛？？哈利波特耗了我7年滴青春，暮光还要瓜分偶2年？？[泪] //-jojo：个是国外的上映时间吧//：等..,0,0.451057,0,1
E1-lite: source + target calibration,target_test,这个世界太疯狂了//: [衰]我被雷焦了//: 保安哥哥很危险，一不小心就会被那些女生拖入草丛！[哈哈] //://: //: 各种汗！[汗],0,0.469932,0,1
E1-lite: source + target calibration,target_test,【收看方式】登录视讯中国官方网站 享旅游频道或潮体育频道收看精彩节目！！！快快行动起来吧！！！[嘻嘻],1,0.462831,0,0
E1-lite: source + target calibration,target_test,有反骨，来日或成大器？ //:[衰],0,0.465657,0,1
E1-lite: source + target calibration,target_test,用手机看了一个小时视频，还下载了一堆东西，突然发现忘把家里wifi打开了，应该不会一下就超了这个月流量吧。。。笨死我算了[悲伤],0,0.426931,0,1
E1-lite: source + target calibration,target_test,[怒] //--酒店人:[围观]无语！,0,0.465936,0,1
E1-lite: source + target calibration,target_test,[汗][汗][汗]晕了，是马年，还真是马上出差的节奏！本来今晚还有朋友约了一起吃饭的，现在也吃不成了[抓狂][抓狂][抓狂]……,0,0.457537,0,1
E1-lite: source + target calibration,target_test,最右是最牛的表扬[嘻嘻]//:嘿，你占我便宜不是！[怒]//: 真是好孩子，比他爹强[哈哈],1,0.478986,1,1
E1-lite: source + target calibration,target_test,回复:嘻嘻好的沈老师下周我们就考试啦高技实操 //:[嘻嘻]您下周二继续上节目么 //:哈哈试试运气 //:烤鸭[馋嘴] [嘻嘻],1,0.486856,1,1
E1-lite: source + target calibration,target_test,一堆的疑问？？？等待答案。//：[怒],0,0.466601,0,1
E1-lite: source + target calibration,target_test,还真像[哈哈],1,0.513079,1,1
E1-lite: source + target calibration,target_test,这协议也能公开？[哈哈] //: 你的协议怎么会到别人手里啊？太不小心了！,1,0.478022,1,1
E1-lite: source + target calibration,target_test,最大的无赖，流氓不讲理的是国企！ //:// :nnd……[怒],0,0.460669,0,1
E1-lite: source + target calibration,target_test,没有之一[嘻嘻]只有唯一[威武]景谷水印[围观] //: @,1,0.470467,1,1
E1-lite: source + target calibration,target_test,流?!!!//???: 姿?[good]//:森赛你来教我打野球好么[泪],0,0.457577,0,1
E1-lite: source + target calibration,target_test,@?氏?? ：“爸爸[疑问]啊呀！？原来我的足反射遗传原自你[抓狂]”@??兔拉拉,0,0.46306,0,1
E1-lite: source + target calibration,target_test,今天那个忙呀[晕] //://: 晚饭是在杨桃院子同个老板开的?捞海坞?解决的，闹中取静的一个院子，环境很小资，服务态度也超好。感叹下鼓浪屿的时间确实是用来浪费的，到处都是幽静的环境，慵懒的音乐。。,0,0.469939,0,1
E1-lite: source + target calibration,target_test,新店导航【大年初一】新开的大饭店，纯东北农家风格，味道很不错。 光顾吃了，没拍菜[抓狂][抓狂][抓狂]据说菜色还行，味道挺不错，靠大鹅好吃，农家的每天现杀，菜饼子好吃，装修好有农家特色啊[哈哈][哈哈],0,0.520321,1,0
E1-lite: source + target calibration,target_test,Nobody understands my pain. Nobody..so I fucking pray...[抓狂],0,0.458705,0,1
E1-lite: source + target calibration,target_test,[鼓掌][围观] //:[给力]//-OYEEO: 感谢漫话大师的鼓励和支持！我们会继续加油的！,1,0.485158,1,1
E1-lite: source + target calibration,target_test,哈哈//://-北京:很应景的翻译 //:这翻译真真是极好的[哈哈],1,0.481557,1,1
E1-lite: source + target calibration,target_test,今年以来，多个因“挪假”产生的“超级工作周”和“凌乱工作模式”让“中国式休假”再度被推上风口浪尖。原本作为“福利”的小长假被指成为人们的难负之重。[泪][泪][晕] 我在:,0,0.455602,0,1
E1-lite: source + target calibration,target_test,"[可爱]如果你在机场附近又没来得及准备礼物送给心爱的（她）他，就快来首都机场希尔顿酒店吧！我们有可爱的小熊Charles,可口的蛋糕和巧克力供您挑选[礼物] 前5位私信我的亲们，就可以免费获得我们可爱的小熊一个哦[得意地笑]期待幸运的你哦~",1,0.483561,1,1
E1-lite: source + target calibration,target_test,Nepal Day 2：奇特旺国家森林公园 大象舰队出来接客啦！一只大象坐四个人，中雨的时候有多悲剧！又颠又挤又湿身，还常被树枝抽[泪]以下天然结婚拱门，大象尾巴及大脚印，大耳朵鹿一家，以及水生四叶草的水塘,0,0.469697,0,1
E1-lite: source + target calibration,target_test,我好像有点明白长辈们哥哥姐姐们说的 要有梦想 要常常想起梦想 要坚持梦想 如果十年后的我带着记忆回到今天，肯定有好多话想对自己说吧。今天的我会说今天真的是不错的一天哦[爱你],1,0.496707,1,1
E1-lite: source + target calibration,target_test,回复:最近忙些，过段时间我们聚聚 //:回复:还好。您啥时候来抽空给指导下[呵呵]//:这些骗子就欠扁[怒],0,0.467088,0,1
E1-lite: source + target calibration,target_test,一起二 更快乐！[偷笑] //: 人不得瑟枉少年[爱你],1,0.480486,1,1
E1-lite: source + target calibration,target_test,真维斯楼考试归来[衰]不管怎样 考试噩梦暂时结束[酷],0,0.468353,0,1
E1-lite: source + target calibration,target_test,下班赶去见一个初中同学，好多年没见，难免心存忐忑，好像是赶去见多年前的自己。出公司一小时了，班车走出500米，北京的交通，把我那点忐忑情愫完全耗没了，真伟大~[泪][泪][泪],0,0.43441,0,1
E1-lite: source + target calibration,target_test,表吓我！！！[晕][抓狂][阴险] //: ?_IanYeung 离不开的好朋友 好基友！,0,0.440755,0,1
E1-lite: source + target calibration,target_test,某人带来的青芒还挺甜[偷笑][偷笑]！有机会你带俩回去[爱你][爱你] 我在松榆东里社区,1,0.490299,1,1
E1-lite: source + target calibration,target_test,作为一个大连人，我曾打心底里感谢过他，尽情地享受过他给我带来一个作为大连人的自豪。金钱女人我都可以原谅他，毕竟他给老百姓做过实事。可对生命的摧残，让我不得不说他是恶魔的儿子。。。[泪],0,0.451273,0,1
E1-lite: source + target calibration,target_test,咳嗽咳到偶已经失声说不出来话了…可是可是不就是咳嗽嘛有必要吃这么多药吗…而且还木有偶最爱的枇杷糖浆…纠结死我了[抓狂]……,0,0.46255,0,1
E1-lite: source + target calibration,target_test,回复:你开抬杠铺的，学也不学远点的，随便给你说段传统相声，你告诉我抄袭谁的，作者是谁， //:就你也好意思说这话，有能耐以后你就别说前辈说过的传统段子啊[哈哈],1,0.477453,1,1
E1-lite: source + target calibration,target_test,//: [泪]好可怕。。//: 啊哦~~-BG1TAV //: [泪][泪]唉，怎么了。,0,0.441216,0,1
E1-lite: source + target calibration,target_test,[爱你] 想要一台旁轴的！大爱x100~,1,0.489342,1,1
E1-lite: source + target calibration,target_test,我先订一套 //:太给力了。可惜我没内另1伴儿[泪] //: @ All [可爱],1,0.45646,0,0
E1-lite: source + target calibration,target_test,[晕] //： //：深情投入[哈哈],0,0.480707,1,0
E1-lite: source + target calibration,target_test,[嘻嘻]//: 上班不怕堵车了。 //:马丁飞行包，明年开始发售~,1,0.472734,1,1
E1-lite: source + target calibration,target_test,[嘻嘻]//: [偷笑]//: [哈哈][哈哈][哈哈]//:噗[可爱] //://?天涯的??倩:,1,0.490391,1,1
E1-lite: source + target calibration,target_test,[鼓掌] //: 今天活动继续哦！欢迎参加！//: -好之旅,1,0.483653,1,1
E1-lite: source + target calibration,target_test,悲催的。一晚的睡眠被分割几段，小腿抽筋抽上瘾了。。痛苦的想把它送肉联厂。[泪],0,0.459431,0,1
E1-lite: source + target calibration,target_test,但愿你们都安好。[悲伤]//:,0,0.464896,0,1
E1-lite: source + target calibration,target_test,熊导 生日快乐，成名要趁晚。好莱坞、宝莱坞、金鸡百花还等着您踏足呢[哈哈]John Lennon-Beautiful Boy-,1,0.509393,1,1
E1-lite: source + target calibration,target_test,绣球花，还是密集才美丽，…… [抓狂][抓狂][抓狂] -达达-DJ小峡,0,0.45951,0,1
E1-lite: source + target calibration,target_test,//: 谢谢您支持我[鼓掌] 有了好朋友[haha],1,0.495768,1,1
E1-lite: source + target calibration,target_test,我想去噶陀寺 [泪] //:顶礼,0,0.449584,0,1
E1-lite: source + target calibration,target_test,//: 大忽悠![怒] //:年初还在忽悠大家对股市要有信心呢。。。。[怒骂] //: 股市我不管啦!股民拜拜吧!爱骂谁就骂谁去没我事了!拜拜啦您嘞![哈哈][哈哈] //:回头等他回天津，您问问,1,0.470577,1,1
E1-lite: source + target calibration,target_test,[抓狂]让你别买吧//: 70%air//: ..不要说出来嘛..,0,0.448196,0,1
E1-lite: source + target calibration,target_test,晚餐吃什么来 吃的才是涮羊肉，长这么大之前的都白吃了[泪] ，小料讲究，涮法讲究，吃法讲究，让涮羊肉不再是炸酱面吃法！羊肉牛肉都很嫩，口感好！糖火烧比芝麻火烧好吃！洪师傅全程教我们怎么吃！地址：广渠路6号，人均消费 173元 >> （来自 ）,0,0.478904,1,0
E1-lite: source + target calibration,target_test,稀饭她的歌[爱你],1,0.495288,1,1
E1-lite: source + target calibration,target_test,啊，什么鬼天气啊！头一抬外边倾盆大雨，天空灰沉的要倒下来似的！房间里设置了21度依然觉得寒气袭人。五点多开上高速，眼前整个被雨水灯光雾气笼罩。冬季毫不留情的来了，伴随着漫漫黑夜。。。[泪],0,0.448124,0,1
E1-lite: source + target calibration,target_test,我还挣扎在金老板，啊啊啊啊，后面还有方木头、顾老板…任务艰巨…[泪]//:真帅! // :// :为毛一见小叛徒的脸我就喷了...我不是黑啊啊啊 // :美SHI了~我爱民国戏><,0,0.446644,0,1
E1-lite: source + target calibration,target_test,[泪]你没丢啥吧…下次让你弟来领安慰奖。//--刘博韬:是啊，就像那天和弟弟吃完牛板筋，他去学校，我回公司，他把手机丢了...,0,0.461823,0,1
E1-lite: source + target calibration,target_test,曾经是最爱吃?的地方，可怕 //:[吐][衰]好恶心啊！ //: //: //:哈泥心，不敢吃生蚝了闹 //: [吐][吐][吐]再也不去了哦 //:,0,0.455715,0,1
E1-lite: source + target calibration,target_test,错到现在[泪][泪][泪] //:你用对麦了吗？[din赞好][din看看][din说话][din看看][din挥手],0,0.443857,0,1
E1-lite: source + target calibration,target_test,柳絮乱飞迷人眼，我要瞎了..[泪][泪],0,0.44039,0,1
E1-lite: source + target calibration,target_test,永步节 Yon Bua Festival 是很久很久以前北榄府（Samut Prakan）邦利（Bang Phli）人的节日，被一代一代的人们传袭了下来。它在每年从阴历十一月上弦月的第十三天到第十四天的清晨举行。成群的人们会等着将莲花头道装载着佛像的船上。有时花的贡礼会多得盖过雕像的头部。[鼓掌],1,0.488944,1,1
E1-lite: source + target calibration,target_test,[爱你] //-德吉:我也努力哈！[偷笑]//-ziyi://:[心]我努力！阿妈我爱你[爱你] //: -德吉,1,0.476728,1,1
E1-lite: source + target calibration,target_test,泣天地，撼人间//：好吧，再信一次。。 //:[汗] //：[泪] //：[泪] //：象动物一样相爱吧 //：整个世界都黯淡下来，悲伤布满了他的整个面庞 //: //：动物的行为绝不仅仅是条件反射的低级形式,0,0.455428,0,1
E1-lite: source + target calibration,target_test,[怒]这个人都三天没回家了，画圈圈诅咒那些让他回不了家的大坏蛋。[抓狂],0,0.456918,0,1
E1-lite: source + target calibration,target_test,周一，扑面而来[衰],0,0.468353,0,1
E1-lite: source + target calibration,target_test,回复:傻子才不要呢，弄一活的还用菜谱儿？直接说，你给我弄一这个，弄一那个，多方便[威武]//:回复:售出给你？你要吗[泪][泪],0,0.454157,0,1
E1-lite: source + target calibration,target_test,越怕越担心，越担心越要来，最终还是出现了![抓狂][抓狂]飞机延误了!说北京的灰机[飞机]飞不过来？[吐][弱]登机廊道空空的！晕菜啊！[晕][晕][晕][抓狂][抓狂][抓狂],0,0.453626,0,1
E1-lite: source + target calibration,target_test,[抓狂]//: 诱惑一下你[偷笑],0,0.462409,0,1
E1-lite: source + target calibration,target_test,新钱包到了，旧的哪儿去了你们懂的[泪],0,0.446983,0,1
E1-lite: source + target calibration,target_test,[蜡烛][蜡烛][蜡烛] //:嫌疑人归案，婴儿已逝。[蜡烛][蜡烛]魂淡，你怎么能下得去手！！[怒],0,0.473736,1,0
E1-lite: source + target calibration,target_test,河洛石刻，原来是个ipad，看那手法，还有投影呢[怒]。。。唉，好好的轩辕剑改的啊，没意思,0,0.465691,0,1
E1-lite: source + target calibration,target_test,安外，你真是大门不出，二门不迈啊！ //:我没去过！[失望] //: [赞] //: 《甲方乙方》中阿依吐拉公主的宫殿――北京人定湖公园，在德胜门外。,0,0.459406,0,1
E1-lite: source + target calibration,target_test,[给力][赞][哈哈]//: 确实很美[酷]还记得去年暑假从黄山游玩回去的火车上，偶遇一个妹纸，就是单独去婺源玩的，跟我介绍婺源怎样怎样漂亮，不过我之前还真不知道婺源这个地方，她就来了句没文化真可怕[汗],1,0.491639,1,1
E1-lite: source + target calibration,target_test,回复:狮子都受不了，处女更受不了。 //:我就处女[泪]确实抓狂了…… //:回复:也是狮子，也受不了?我讨厌人家东西放边边，不小心一碰就掉，刀/杯子/手机／碗/第东西更是危险，很讨压人屡教不改，如不巧在这类人边上，会帮他们把东西摆好。,0,0.454212,0,1
E1-lite: source + target calibration,target_test,[可爱]//: 肯定好吃[赞] //:我最爱腊味儿[馋嘴]//: 又是腊肉又是腊排骨的，莫非丽江的亲很爱吃腊的？会不会很咸啊//:,1,0.46874,0,0
E1-lite: source + target calibration,target_test,姐妹品牌 送电影票啦~~ 蜜友们，走起~ 快去抢喽~ [嘻嘻][嘻嘻],1,0.500926,1,1
E1-lite: source + target calibration,target_test,【超级笑星微直播】这么欢脱的唐长老~大家见过么？ 你真的不是八戒假扮的女王陛下么？[哈哈]小编终于知道！为什么当初师徒四人决定不留在女儿国了~[偷笑],1,0.482792,1,1
E1-lite: source + target calibration,target_test,英文对白，精彩展示。晓园支行各位兄弟姐妹们辛苦了。[鼓掌][爱心传递][握手][礼物],1,0.501997,1,1
E1-lite: source + target calibration,target_test,好呀好呀，人多力量大，还可以多点几个菜！吃着更爽呀：）//: [哈哈]一起一起//:是呀，计划着啥时候再去呢：）//: [偷笑]好吃总是吃不够的//:看着不怎么着，吃着还真是不,1,0.47751,1,1
E1-lite: source + target calibration,target_test,「教父」太阳刚，看完都觉得女人只是生活附属品[晕]或者仅是心灵港湾某一个驿站。男权思想？还好我不是男生，不然不晓得要祸害多少妹纸。,0,0.465082,0,1
E1-lite: source + target calibration,target_test,店员说，多半是不行了，即使修价格估计跟买个新的差不多，硬盘数据多半也会有损失，店里还没有设备，可以自己上淘宝买一个。惨惨惨，两年无数个深夜熬出来的方案啊，价值不菲的闹。[泪][泪][泪][泪],0,0.436922,0,1
E1-lite: source + target calibration,target_test,[哈哈][哈哈][哈哈]这个一定要转[太开心][太开心][太开心],1,0.506357,1,1
E1-lite: source + target calibration,target_test,有机会尝尝，味道不错的说[围观] //:这对减肥滴我来说，怎木经得住诱惑呢？[泪],0,0.510955,1,0
E1-lite: source + target calibration,target_test,谢谢亲对酒店的喜爱，希望亲在这里度过一个愉快而难忘的假期！[爱你],1,0.49447,1,1
E1-lite: source + target calibration,target_test,//:难就难在每个人都强，中专艺校练出来的基本功打底了。音乐，编舞和飘逸的上衣，完美结合。[爱你]//: 愤怒吧！ -孙璐,1,0.468636,0,0
E1-lite: source + target calibration,target_test,10点就做完片子了，结果因为要出一个不抖字的1080，到现在都出不好，怎么都是TM抖的，抖啊抖抖啊抖，抖你妹啊！！！我要回家啊！！[抓狂][抓狂][抓狂],0,0.437378,0,1
E1-lite: source + target calibration,target_test,突然感觉好无助[泪]不会再爱了[泪]//:不是地球人，是颤抖吧中国人！//://-病蛹:[汗]//-深圳:,0,0.445194,0,1
E1-lite: source + target calibration,target_test,太疯狂了[泪]//:真为这个社会感到悲哀！！,0,0.443716,0,1
E1-lite: source + target calibration,target_test,旅行的一大乐趣在于因不确定性带来的意外惊喜。例如你现在的情况，用广东话讲是“冷手捡了个热煎堆”，“行运行到脚趾公”；又例如艳遇带出的“一夜情”和“跨国闪婚”等等，要真出现了故事，般般可要上博分享哦！[哈哈][哈哈],1,0.503359,1,1
E1-lite: source + target calibration,target_test,cash宝生病了，是我这个做妈妈的不合格[泪],0,0.451036,0,1
E1-lite: source + target calibration,target_test,"儿子长胖是从吃鸿福面开始[泪]省了58块钱造就了今天250斤[泪][泪]老板,我可没怪你,""子不教父之过""怪我那天没跟他一快去吃. //:别无长技，只是个饭桶，化悲痛为饭量，希望鸿福面吃了可以有鸿福。",0,0.44197,0,1
E1-lite: source + target calibration,target_test,因为一个马桶事件，我挺伤心的[泪][泪][泪],0,0.442639,0,1
E1-lite: source + target calibration,target_test,看起来不错！可以试试 //:宫保虾球~[抓狂] ，推荐关注,0,0.488065,1,0
E1-lite: source + target calibration,target_test,//: 彻底被感动了[泪] [爱心传递][good][威武]//: //://://://:为让人动容的亲情转发。[爱心传递],0,0.459451,0,1
E1-lite: source + target calibration,target_test,有什么好玩的一定要推荐给大家啊， 等着分享呢 //：嘻嘻嘻，你们辛苦啊……其实只能过过眼瘾，划拉划拉眼珠子，活动下午三点半就要开始了，工作[抓狂][抓狂][抓狂] //:天气真好~不错哦！可以忙里偷闲结束后小度假一下,0,0.459753,0,1
E1-lite: source + target calibration,target_test,[哈哈]好吧！这个造型我喜欢！,1,0.508959,1,1
E1-lite: source + target calibration,target_test,他到底犯了什么错你们要这样对待他[泪] 屁股好翘[心] 我在:,0,0.452279,0,1
E1-lite: source + target calibration,target_test,今晚辛苦了，我有在???前支持！不?，我最?心的是...?碗面在哪?可以吃得到？[嘻嘻][嘻嘻][嘻嘻],1,0.495722,1,1
E1-lite: source + target calibration,target_test,每次翻照片都觉得人生何止苦短[泪],0,0.457232,0,1
E1-lite: source + target calibration,target_test,明天还有一场~住在旁边就好了~[泪],0,0.470284,1,0
E1-lite: source + target calibration,target_test,400万的纪念日我的博客今天点击率突破400万了[威武] 突然发现，好开心！感谢支持我的朋友们！[爱你] 再接再厉继续分享我的心情语录及旅行日记，欢迎微博的朋友也常来坐坐哦！[心] 猛戳--》博客地址：,1,0.487199,1,1
E1-lite: source + target calibration,target_test,帝国任重道远啊[衰],0,0.470431,1,0
E1-lite: source + target calibration,target_test,雪花肥牛，58的那个性价比最好~~~ 要点鸭肠，毛肚，超好吃的[偷笑] 我又馋了[泪],0,0.487519,1,0
E1-lite: source + target calibration,target_test,人家 是名人好不啦 //: 你什么时候这么有才了？怎么多了一个一？[嘻嘻],1,0.461266,0,0
E1-lite: source + target calibration,target_test,。。。//@??: 想知道村长家什么样[怒],0,0.450054,0,1
E1-lite: source + target calibration,target_test,回复:我应该再去添一双恨天高！ //:我回去翻箱倒柜去?你再配双高跟?我来双平地……[哈哈][哈哈] //:该艾特你吗？[嘻嘻] //:和姐妹们一起穿出混搭风吧~,1,0.490035,1,1
E1-lite: source + target calibration,target_test,早晨阳光又晒又堵车，咳嗽不断脑袋疼，[书呆子][抓狂]我想冬眠…,0,0.463614,0,1
E1-lite: source + target calibration,target_test,我的橙色军团呀，哎呦喂~[悲伤],0,0.481048,1,0
E1-lite: source + target calibration,target_test,不要刺激我[泪] //:好看吧，他们家的亲子鞋相当嗲，可惜你们家是儿子，哈哈//:真好看[花心] //:,0,0.454622,0,1
E1-lite: source + target calibration,target_test,吃货们看过来，有自助也有单点的哟！[嘻嘻][嘻嘻],1,0.493886,1,1
E1-lite: source + target calibration,target_test,我要赞助去西藏一定多喝水，我就赞助水一瓶吧！额，不好意思，刚不小心喝了一半，那就半瓶吧！ 加油！虽然是骆驼，但也要喝点啊！[哈哈] 我在这里:,1,0.473327,1,1
E1-lite: source + target calibration,target_test,[泪]不免之就降之吧,0,0.445467,0,1
E1-lite: source + target calibration,target_test,台北木有啊 [泪],0,0.454123,0,1
E1-lite: source + target calibration,target_test,下午15:50，黑成这样儿了，要下大雨[哈哈],1,0.483707,1,1
E1-lite: source + target calibration,target_test,蝈蝈和中国股市永垂不朽//: : 胡说！红军字典里哪有投降二字？最多也就战略大转移而已[哈哈] //:[偷笑]哥~~！俺没骗你吧？侯宁是卧底！ //:回复:为了你投降伤心![泪] //,0,0.470632,1,0
E1-lite: source + target calibration,target_test,大门口的新流浪猫，个子小小的黑亮的皮毛黄钻石般眼睛，不怕人喜欢亮肚皮让你摸，好像是一只耳的朋友，只有半截尾巴[泪]，流浪猫的寿命在3，5年，如果你愿意收留它，它可以多存在在这个世界几年，天要冷了 ＞＜,0,0.46774,0,1
E1-lite: source + target calibration,target_test,[泪][蜡烛] //://: 微博消息，越南海军确认飞机坠落，越南救援队已出发,0,0.456833,0,1
E1-lite: source + target calibration,target_test,CCAV刚才插播了10秒的昆明事件口播新闻，内容就是啥都不知道，然后继续克里米亚[衰][衰][衰][鄙视],0,0.468916,0,1
E1-lite: source + target calibration,target_test,帮转 //:[怒] //:年轻版的[哈哈]//: 有点儿像你嘿！[偷笑]//: 转，往照片上的人能归还~,0,0.474164,1,0
E1-lite: source + target calibration,target_test,【1月刊】封面是第四张――查理大桥上亲吻的新人。这一期猜中封面的小伙伴并不多哦，恭喜 ，请将地址、电话、姓名和邮编私信小编[鼓掌]大家新年快乐！,1,0.484861,1,1
E1-lite: source + target calibration,target_test,啊哈哈！笑死！[哈哈],1,0.51217,1,1
E1-lite: source + target calibration,target_test,爱佑播报今天下午，美国威斯康星州东南部脑瘫联合协会United Cerebral Palsy执行主任Yvonne K. Stueber和资深咨询师Joan L. Stewart登门拜访爱佑，与爱佑针对国内外脑瘫现状、教学理念及方式方法进行深入沟通与交流，双方约定进一步互通资源，友好合作。[可爱],1,0.484556,1,1
E1-lite: source + target calibration,target_test,就说我总是和你们是反的，陈阳仅次于刘小枫[怒] 莫名其妙啊,0,0.463845,0,1
E1-lite: source + target calibration,target_test,。。无敌兔时代就这样过去了。。可我还没攒够钱呢[泪],0,0.443221,0,1
E1-lite: source + target calibration,target_test,如果是我，遇到这样的母女会很痛心，陌生人的帮助远比一个公仔更值得欢心，中国人缺少爱的教育。//: //: 我忘记说了，那女孩儿至少有二十二岁。她妈五十多。[泪]//:作为一个成人，这么点小事还要走心吗？还等“谢谢”是什么心态？,0,0.449674,0,1
E1-lite: source + target calibration,target_test,够派 //: 想吃！ [泪],0,0.454743,0,1
E1-lite: source + target calibration,target_test,木有！[抓狂] //:带孩子的男人性感得要命啊，有木有！,0,0.45716,0,1
E1-lite: source + target calibration,target_test,回复:我都已经凤凰涅磐重生了[衰] //:怎么现在酒店全都给PR也定target，这还让不让人活了啊[抓狂],0,0.446165,0,1
E1-lite: source + target calibration,target_test,网民成了道具、慈善成了商品。[悲伤],0,0.47933,1,0
E1-lite: source + target calibration,target_test,同情//: 劳资的书悲剧了[泪],0,0.448779,0,1
E1-lite: source + target calibration,target_test,王老师又真相了！ //:喝普洱不能减肥，但会使人饿（刺激胃酸分泌，加快消化）从而造成减脂的假象！用普洱减肥，纯属自欺欺人。//:王医生，请问喝普洱茶真能减肥吗?//:一天就卖出了3000余斤！说明很受欢迎啊[抓狂],0,0.449612,0,1
E1-lite: source + target calibration,target_test,你就捆着双手封着嘴忍着吧[抓狂][抓狂][抓狂][偷笑][偷笑][偷笑],0,0.467391,0,1
E1-lite: source + target calibration,target_test,我好像没吃过，看起来很恶心，转一下提醒身边人。 //:什么？！ //: 突然觉得自己能活到现在真是不容易！ //-缇娜和emily:我彻底可以减肥了 //:又来了！[衰],0,0.452988,0,1
E1-lite: source + target calibration,target_test,天！[吃惊][晕]管不了 只能往前冲了！水已没过了我的胯骨??? DJ啊！你在哪？[挖鼻屎][生病][思考],0,0.461047,0,1
E1-lite: source + target calibration,target_test,我心中的浪漫情人节是什么样的？A:一起用晚餐，简单就好，最重要的是两个人在一起的感觉。B:一起看场电影，顺便可以在看电影的时候悄悄牵你的手。C:在一个人潮人涌的地方吻你。简单吧，一个人无论如何也不可能把这样浪漫的事情完成。[怒],0,0.463309,0,1
E1-lite: source + target calibration,target_test,[生病] 快挂了。。。上吐下泻。。。从内到外。。。从上到下，每块肉都在疼，五脏六腑每个器官都快胀了[晕] 下午还有一个重要的会[?] [orz] 折腾不起了,0,0.445924,0,1
E1-lite: source + target calibration,target_test,云婚礼菲律宾长滩岛，性价比极高的海拍之地！丰富的海色、淳朴的当地人、独特的日落、美味的食物，这统统都是长滩岛带给我们的回忆。走吧，带着你爱的她，我们一起上路吧~[爱你] 2013年3月，菲律宾 长滩岛 婚纱Pre-Wedding之旅，未来视界seven,1,0.475556,1,1
E1-lite: source + target calibration,target_test,准么 准么 我不是这样的对不 我是肿木了[泪],0,0.456716,0,1
E1-lite: source + target calibration,target_test,老爷子太棒了！[鼓掌],1,0.49134,1,1
E1-lite: source + target calibration,target_test,南京也看3D[嘻嘻] 我在:,1,0.497751,1,1
E1-lite: source + target calibration,target_test,欢迎你来捧场，咱家就是胡同里大妈家的粗茶淡饭[可爱]有空常来呀,1,0.503278,1,1
E1-lite: source + target calibration,target_test,回复:真心觉得雕爷牛腩很不好吃！高调做人不如高调做事！潮汕人不懂牛肉，那请问不懂的人怎么能做出绝美的口味，而自称爷的那位，为何你们的出品这么倒胃口！也希望美食评论者能采访与暗访各来一次，做出真心的真实的评价！ //: 你看看去[怒],0,0.463777,0,1
E1-lite: source + target calibration,target_test,什么眼神？//:[晕] //:这。。。,0,0.448844,0,1
E1-lite: source + target calibration,target_test,这是谁总结的呢？[衰],0,0.463452,0,1
E1-lite: source + target calibration,target_test,那就到巴里坤――约会“雾凇”去吧！[鼓掌] //:,1,0.483165,1,1
E1-lite: source + target calibration,target_test,有那么点意思[委屈] //:[衰],0,0.456465,0,1
E1-lite: source + target calibration,target_test,饭后又打了一锅…结果不说了…[泪] 我在:,0,0.448948,0,1
E1-lite: source + target calibration,target_test,人才啊~//: 这是哪个报啊？ //:好标题...[bed凌乱] //:这标题。。。[晕],0,0.453145,0,1
E1-lite: source + target calibration,target_test,某人还在加班…三点前回的来么[泪],0,0.445467,0,1
E1-lite: source + target calibration,target_test,ICS洋厨房拍摄，我们最英俊的潘师傅上场了[赞]和美女主持的搭档可谓默契十足啊[嘻嘻],1,0.497396,1,1
E1-lite: source + target calibration,target_test,支持笼包申遗！支持煎饼果子申遗！支持……[感冒]//:笼包带兵入韩[怒] //:饺子拍案而起[怒][哈哈],0,0.477401,1,0
E1-lite: source + target calibration,target_test,晒一下我在办公室养的“绿毛龟”，没想到，只三天就长这么大了。[哈哈][嘻嘻] 我在:,1,0.488501,1,1
E1-lite: source + target calibration,target_test,谢谢万总鼓励！继续努力！//: 色彩不错！祝大卖！//: 回复?游王翎芳:期待和王总进行深度合作。“蓝鲸旅行”正式起航…… //?游王翎芳:哇！回?起肖社?半夜?我去印刷?看打?的??！[泪]很感人！今年?到?社?你陪我了！[嘻嘻],0,0.481961,1,0
E1-lite: source + target calibration,target_test,法斗好心人赶紧领养，吃狗肉当心嘴唇长到脑门上去！//: 四川的朋友快快给它找个主人吧，多可爱的牛牛怎么忍心吃掉啊[泪][抓狂]//: 哪个愿意领养,0,0.441104,0,1
E1-lite: source + target calibration,target_test,休假之前特别忙：昨天与 录节目至半夜，现在给三个活动写方案、中午一会儿就为活动细节进行谈判；下午四点去林溪湾做TNT的圈层活动..休息一次要赶多少活儿啊[晕]转念一想：越忙碌越好，让我休息的时候什么也不想[熊猫],0,0.472799,1,0
E1-lite: source + target calibration,target_test,饿死我了！终于下课了！怎么赶紧饿过劲了！[泪],0,0.445009,0,1
E1-lite: source + target calibration,target_test,为什么每次突发事件都会发生这么2b的事，制定紧急预案有这么难吗[怒]//:日啊！[怒] //:去他妈的成雅高速，我是雅安人，因为电话不通了，今天早上9点过我从雨城区到名山区找家人，老路封闭了，只能高速，收费站排了很长慢慢收费！我日他妈的，这就是成雅高速的应急方案！！！,0,0.440957,0,1
E1-lite: source + target calibration,target_test,回复--t:这张相片太容易让人误会了，我就吃了一盒。 //--t:这都是您吃的? //:我的吃相太“抽象”了[晕],0,0.452588,0,1
E1-lite: source + target calibration,target_test,"[泪] //:好感人,以后对你的宠物好点，再好点[爱你]",0,0.465995,0,1
E1-lite: source + target calibration,target_test,四个现代化似乎还是没实现呀[泪],0,0.456209,0,1
E1-lite: source + target calibration,target_test,最大的问题是竟然用的是冷冻蟹钳，吃起来一大股冷冻海鲜的味道，蟹肉外面已经干裂，完全没肉汁，而且总共只有12支！12支真多啊，不过最长的也只有5厘米啊！除了蟹钳其他什么都没有啦！这尼玛完全坑爹啊！有木有！这可是你家的招牌啊！[怒][怒][怒],0,0.45919,0,1
E1-lite: source + target calibration,target_test,师傅，那必须是你野徒弟啊，哈哈哈//：是，谁这么有艺术细胞[伤心] //:收了，师傅你太有才了！[good] [偷笑] 你也收一个做纪念吧，新娘子～,0,0.47349,1,0
E1-lite: source + target calibration,target_test,什么都记得呢，就是忘了社会餐饮休息的问题。刚出去走了一圈，基本都关门了，不得已自掏腰包37块+15%，点了份自己家的蛋炒饭[泪],0,0.45457,0,1
E1-lite: source + target calibration,target_test,天生我材必有用，千金散尽还复来[嘻嘻]，晚安~,1,0.495972,1,1
E1-lite: source + target calibration,target_test,//:期盼生还！但是希望渺茫！[怒][怒][怒] //:[泪],0,0.456305,0,1
E1-lite: source + target calibration,target_test,回复:街头暗号：有福公社[哈哈] //:回复:去吃的话，以围脖为证？ //:能带家属吗？能打包吗？,1,0.480196,1,1
E1-lite: source + target calibration,target_test,新年第一天，手上被烫两个泡[泪][泪],0,0.443334,0,1
E1-lite: source + target calibration,target_test,胃痛，躺在床上怎么都睡不着，还有两个小时就要起床开工，好难过！[泪][泪],0,0.425719,0,1
E1-lite: source + target calibration,target_test,//??子: 这条微博很不错，属于美丽营销~在全海南的微博中很罕见。。。//: 哈哈哈！还有这么一出！！！！//: [爱你][爱你],1,0.488174,1,1
E1-lite: source + target calibration,target_test,重庆火锅：羊肉卷包花椒，吃下去只能发微博啦，休息[晕],0,0.475062,1,0
E1-lite: source + target calibration,target_test,用高铁灭掉了10后[泪],0,0.451288,0,1
E1-lite: source + target calibration,target_test,不用道歉，下跪就行了。//:[怒]必须道歉！//:[怒] 必须道歉！//:[怒] 必须道歉！//:[怒] 必须道歉！//:[怒] 必须道歉！//:[怒] 必须道歉！//:[怒] 必须道歉！,0,0.465617,0,1
E1-lite: source + target calibration,target_test,刚在ATM机取现金，前面有个小姑娘拿着不下十张银行卡在进行交易，一张木钱两张木钱三张木钱……就这样把手里所有的银行卡试了个遍[抓狂]我说了句：姑娘我着急能先用一下吗！那小姑娘哇的就哭了！吓死我了[汗],0,0.45961,0,1
E1-lite: source + target calibration,target_test,忍不住转 //: //:搜狐也搜的太给力了！[哈哈] //: //:严肃批判，太蛋定 //:[晕] 神马媒体呀?,1,0.466149,0,0
E1-lite: source + target calibration,target_test,明天就要上班啦，特别特别不想去咋办。[抓狂],0,0.47738,1,0
E1-lite: source + target calibration,target_test,回复:哈哈哈！小编有创意，至于猥琐的人想到什么，不必理会～[哈哈] //:[哈哈][哈哈] //:漫游厦门bra，[被电]你竟然说最后一张像B！R！A！我和我的二逼伙伴都惊呆了，你还我节操。[泪]//: 最后一张?什麽有bra的??[黑线]//:小编太骚了。。。,0,0.471473,1,0
E1-lite: source + target calibration,target_test,甜蜜蜜~~[爱你],1,0.49508,1,1
E1-lite: source + target calibration,target_test,主动问童鞋们，要不要发票，我来帮忙，上哪找我这么好的银呀？！[可爱],1,0.471222,1,1
E1-lite: source + target calibration,target_test,健身房洗澡时，看到一黑种模特穿着黑色比基尼从游泳池上来，忍不住去多看几眼，年轻就是好！立马表示，要狠，不能再偷懒了！减肉！！[抓狂],0,0.458375,0,1
E1-lite: source + target calibration,target_test,来自雪山脚下今年的竹笋系列人没动，物先行[尴尬]朗园店开业准备中[爱你],1,0.495288,1,1
E1-lite: source + target calibration,target_test,今儿个都别来撞我枪口！我保证丫来一个爆一个！[怒],0,0.468197,0,1
E1-lite: source + target calibration,target_test,[衰]洗猫比拖地累多了，不上算噻//: @??嘉-不?-?喜 ? -杨倩 建议初七、加菲、话话、胡小闹同学学习,0,0.457882,0,1
E1-lite: source + target calibration,target_test,//: 想要更大的地图，拜托再多画几条马路，要搜集[脚印]//: [兔子] //:我们最喜欢逛富民路、巨鹿路、长乐路了，这张地图做的好可爱!![可爱],1,0.466878,0,0
E1-lite: source + target calibration,target_test,在北京吃点好的容易嘛[泪]，这点儿才吃上[馋嘴],0,0.471899,1,0
E1-lite: source + target calibration,target_test,可??:我?於知道睡尼?不到仨小?就醒是什??奏了。是特?39.5°的?奏[泪][泪][泪]?身冷，?受，鼻子不通?。。。,0,0.43863,0,1
E1-lite: source + target calibration,target_test,没的吃了，也没得刷了[泪] //: 天！我也要买牙膏回来！ //:羞愧！前一阵去美国出差忘带牙膏，在当地买了新的，没有泡沫，口味大异，刷后清新，就悄悄带回国，没好意思说。原来差别巨大！,0,0.437864,0,1
E1-lite: source + target calibration,target_test,终极解释！[哈哈]//:！ //:赞！,1,0.486773,1,1
E1-lite: source + target calibration,target_test,这家三口人肯定会后悔的 //: [怒][衰]过分到极点！良心何在？ //:[怒]不平！ //: 被救的人、后半生能过踏实吗? //: //: //：扶不起后的【救不起】，人性怎么会沦落到这样呢 //: /,0,0.453584,0,1
E1-lite: source + target calibration,target_test,碎尸万段！都不能解气！//: 南京日报快讯：9点18分，孩子妈妈突发心脏病，被担架抬出公安局。。[悲伤],0,0.464278,0,1
E1-lite: source + target calibration,target_test,[泪][泪]神医救救孩子！大家扩散！[爱心传递],0,0.448228,0,1
E1-lite: source + target calibration,target_test,[鼓掌][鼓掌]圣诞继续吧哈哈,1,0.503144,1,1
E1-lite: source + target calibration,target_test,小米杯酒人生白标的婚礼上用的香槟，粉红色的是情人节必喝！[爱你]人这一生心情好坏需要酒来陪伴！苦酒自己喝不告诉任何人，[泪]幸福时浪漫时需要分享更离不开香槟！法国香槟区以外申请注册的加州香槟，传统酿造，奇妙地酵母冷冻蹦出方式在古老的KORBEL WINERY领教了，祝大家都快乐！[抱抱],0,0.458171,0,1
E1-lite: source + target calibration,target_test,我爱泡白开水吃//:我小时候，京味桃酥是我奶奶的最爱，固定搭配是一杯茉莉花茶。桃酥买回来时包在油纸里，回家放在铁皮桶里保存，她吃桃酥，我就爱掏里面的渣子吃[泪],0,0.448714,0,1
E1-lite: source + target calibration,target_test,//: 多练习几次就会了。[哈哈],1,0.491091,1,1
E1-lite: source + target calibration,target_test,这条规则值得思考、值得推广，难以用道德约束的时候，用规则的制约排除灰色空间，腐然也会少很多。 //:这个可以有、[嘻嘻] //: [哈哈],1,0.484238,1,1
E1-lite: source + target calibration,target_test,当所有人说你?B的时候，拜托你就不要卖萌装可爱了[怒]，一个女人起码知道什么叫尊重？什么叫自重？,0,0.452545,0,1
E1-lite: source + target calibration,target_test,生物老师，体育老师，美术老师，音乐老师。。。唉 [失望][委屈][泪],0,0.440472,0,1
E1-lite: source + target calibration,target_test,[嘻嘻] 除了拔河还有啥？,1,0.500243,1,1
E1-lite: source + target calibration,target_test,祈祷..//: 祈祷野三坡到张坊现在都是无人区~//-M: 我操！！别下了[泪] //:[衰]//: //: ……擦！怎么办呢…………[抓狂],0,0.435357,0,1
E1-lite: source + target calibration,target_test,没赶上今年的10.10.10“十全十美”；那就等明年的11.11.11“一心一意”；还不行的话那就后年的12.12.12“一辈子一爱”；要再不行还有大后年的13.1.4“一生一世”；要实在再不行就等大大后年的14.5.20“一世我爱你”；要再找不着结婚的对象，我就打算剩着！[嘻嘻] [嘻嘻] [嘻嘻] ……,1,0.482669,1,1
E1-lite: source + target calibration,target_test,[哈哈] //：回覆:[嘻嘻] //:倒数第2件 我喜欢 //:转,1,0.490622,1,1
E1-lite: source + target calibration,target_test,希望它能和我们来钱儿一样遇到好心人。友情建议！在附近多贴传单比客更实用！ //:奥斯卡最喜欢往我身上贴…// :附近的朋友帮帮忙，我们会很感激的，// :北京东四环百子湾附近的朋友，帮帮忙啊~ 奥斯卡是我们大家的宝贝，真的不能失去它! [抓狂][泪][伤心],0,0.449589,0,1
E1-lite: source + target calibration,target_test,就在刚刚，这条蝾螈死了！[泪],0,0.448406,0,1
E1-lite: source + target calibration,target_test,500了？悲催啊[泪],0,0.453412,0,1
E1-lite: source + target calibration,target_test,上海小菜[嘻嘻][嘻嘻],1,0.500902,1,1
E1-lite: source + target calibration,target_test,当一个做菜的开始做互联网！结果会是什么样呢？我准备试试！[晕][晕][晕],0,0.453687,0,1
E1-lite: source + target calibration,target_test,酒不醉人人自呆！ //:[哈哈] //: [兔子]萌萌太萌了！[兔子] //:[酷]微博邀配文，萌翻多少人！？[哈哈] //:[哈哈] /酒逢千杯知己少，话到嘴边不出唇。 [哈哈] //: 麻麻我错呢… [泪][萌],0,0.481929,1,0
E1-lite: source + target calibration,target_test,你居然把脸露出来鸟~~亲耐滴~//：萌呆！//：[爱你] ?达达~,1,0.48138,1,1
E1-lite: source + target calibration,target_test,我去翻翻冰箱！[泪][馋嘴]//: 为了保持体力…我开始吃面包了//:继续吧 //: 我靠 这是你们新的一轮进攻么 //:非常同意//: 估计这是针对你刚刚那句“减肥”说的。。[笑哈哈],0,0.459113,0,1
E1-lite: source + target calibration,target_test,终于登机了，但愿一切顺利，祈祷首都杌场能打到车。[晕],0,0.459059,0,1
E1-lite: source + target calibration,target_test,[酷] //-：你们怎么都喜欢他！[晕],0,0.460627,0,1
E1-lite: source + target calibration,target_test,"微博没了往日的热闹,还真有点不适应,难道都去忙年了?[嘻嘻]",1,0.499159,1,1
E1-lite: source + target calibration,target_test,登机，终于可以回家啦...[泪],0,0.457338,0,1
E1-lite: source + target calibration,target_test,[鼓掌]继续加油呀亲！,1,0.50412,1,1
E1-lite: source + target calibration,target_test,[哈哈]//: 经常上火的童鞋收藏！[花],1,0.494843,1,1
E1-lite: source + target calibration,target_test,哪个区？//: 关键看市委和省委大院停没停水。麻痹！[衰]//:今晚一家人是跑到杜岭街一朋友家吃的饭。他们住三楼，还好有水。,0,0.465371,0,1
E1-lite: source + target calibration,target_test,昨晚做梦见到了林彪，真奇怪，还看到他用电脑，又想到他应该80多了怎么这年轻？我说：我们是老乡不会说出来见到了你，正想问他到底怎么没死?醒了！[晕],0,0.455245,0,1
E1-lite: source + target calibration,target_test,啊啊啊 这个级别的才2000多w [泪],0,0.459109,0,1
E1-lite: source + target calibration,target_test,随手拍 我们是如何用手机毁掉自己生活的。。。[伤心][伤心][伤心]以前一说网瘾就如临大敌，现在还有平板电脑，未来还会有什么人类公敌？[晕],0,0.465176,0,1
E1-lite: source + target calibration,target_test,"关于国内外的中小学教育对比，有人评论到：“从知识掌握的深度来说，天朝处于领先地位，而且领先很多；美国很多中小学出来的孩子，笨得跟猪一样""。后面有人华丽丽的跟了一句：""你回贴用的电脑正是这些猪发明的，情何以堪啊！"" 情何以堪啊!![泪]",0,0.468532,0,1
E1-lite: source + target calibration,target_test,好想回k2[泪],0,0.445467,0,1
E1-lite: source + target calibration,target_test,//: 对，圆头煮[哈哈] //:洒家95年曾去圆头煮一游，还在那鼋头上照了相，一别18年了。我读的对么？ //:刚来无锡一个月，还没去过鼋头渚，话说你们都会念这三个字吗？//: [给力]//: 镜头下的无锡、向往~,1,0.463013,0,0
E1-lite: source + target calibration,target_test,[威武][给力][good] //:关键是这两年，哇哈哈哈//:[haha][haha][haha] //:不得不承认，我看了都好感动，公关2年，也谢谢有你们！[泪][泪] //:[haha] //-京腔儿的姑娘:看哭了。。,0,0.448051,0,1
E1-lite: source + target calibration,target_test,我喜欢的风格～[嘻嘻] //:圣诞节的节奏~[鼓掌],1,0.497075,1,1
E1-lite: source + target calibration,target_test,越来越卡哇伊了[鼓掌]新歌快快来哦[耶],1,0.493034,1,1
E1-lite: source + target calibration,target_test,我可不想起个大早，赶个晚集。[汗][汗][晕],0,0.474944,1,0
E1-lite: source + target calibration,target_test,[鄙视]神马叫嘴拙...新烤一炉切达奶酪饼干，咸鲜香酥，奶味浓郁，爱不释口。喂到 嘴里，Y闭目细品后居然问：你是拿果园老农的果仁做的么？...果仁你妹啊，你见过绵软奶香味的果仁么...你见过高温烘焙后会融化焦化的果仁么...你个果仁脑袋...[抓狂],0,0.46265,0,1
E1-lite: source + target calibration,target_test,我业余爱好！ //-有教师资格证的王老师:好么，你们俩上这个课干嘛啊？当老师去？//-火龙果儿:是一甲 //:有天津话一甲考试吗？我可以试试～[太开心],1,0.47038,1,1
E1-lite: source + target calibration,target_test,珠峰大本营纪念[嘻嘻],1,0.502168,1,1
E1-lite: source + target calibration,target_test,每到上火就走智齿，多年前拔了一颗，结果之后上火就走另外一颗智齿[泪]，门牙边的一颗牙越长越歪，刷牙总出血，想戴牙套怕拔牙怕疼，最怕看牙了，国内为何不推广全麻看牙，不光是对儿童，像我这种吱哇乱叫的大人也应该全麻，省得招大夫烦[泪],0,0.441143,0,1
E1-lite: source + target calibration,target_test,【妈妈9个QQ表情盼儿归 网友：看红了眼眶[泪]】不少网友称看这篇“表情文”红了眼眶。一名网友感慨：每次要回家前，妈妈每天都会打个电话，催促她早点回家。回家后妈妈对她特别好，可是过了两三天，两人就要互相拌嘴，到了要走的时候，又特别舍不得。你的妈妈是这样吗？详戳：,0,0.477623,1,0
E1-lite: source + target calibration,target_test,一身的豪迈气概都毁了……[泪],0,0.452424,0,1
E1-lite: source + target calibration,target_test,难道前几天的6.8级地震演练是有预谋的？怕怕！[悲伤] //://:快讯【福建省福州市长乐市附近海域3.3级地震】2012年09月29日00时23分在福建省福州市长乐市附近海域(北纬26.0度，东经119.9度)发生3.3级地震，震源深度8公里。（来源 ）,0,0.461001,0,1
E1-lite: source + target calibration,target_test,//: 中枪！[泪] //: [哈哈][哈哈],0,0.481254,1,0
E1-lite: source + target calibration,target_test,回覆:是 //:小胜靠智，大胜靠德。 //:神鬼之别 //: [蜡烛][蜡烛][蜡烛][蜡烛][蜡烛][蜡烛]怀念毛主席[泪][泪][泪],0,0.466111,0,1
E1-lite: source + target calibration,target_test,[鼓掌]春节日本旅游走起[飞机],1,0.500854,1,1
E1-lite: source + target calibration,target_test,【北京Oyster Talks Pekin生蚝吧】他家的生蚝都是当天空运至店，后厨会“挑肥拣瘦”，只选最好的肥货。餐厅还有西班牙四年期的火腿、各种经典海鲜及扒类主菜，甜点更是独家特制，品尝后令人无比幸福～[爱你],1,0.488309,1,1
E1-lite: source + target calibration,target_test,看吧，这位就是员工的典范，号召各地全体员工集体膜拜[哈哈][鼓掌][鼓掌][鼓掌],1,0.500521,1,1
E1-lite: source + target calibration,target_test,顺其自然。[嘻嘻] //:会发生什么？,1,0.476286,1,1
E1-lite: source + target calibration,target_test,//?裕太Love_二?小?: ?於出正式消息啦! 女主是我女神耶[抱抱]//: //-凌-: //?大神??我RP吧挖泥:あさみちゃん！,1,0.465267,0,0
E1-lite: source + target calibration,target_test,本来打算好好玩一天的。。。结果有个人病了[泪][黑线],0,0.450338,0,1
E1-lite: source + target calibration,target_test,你俩也是《因为爱情》！[哈哈],1,0.499254,1,1
E1-lite: source + target calibration,target_test,蕾答应的事必须雷厉风行的去完成！到了蕾的家乡重庆，温暖你就成了火锅蕾的使命[偷笑]遗憾没邀请大家狂搓一顿毛肚、鹅肠、耗儿鱼论斤卖的山城原始老火锅[泪]下次继续...火锅吃起...干碟点起...口水流起[馋嘴],0,0.466965,0,1
E1-lite: source + target calibration,target_test,回复:拼音也是feiji[哈哈]//:回复:尼玛拼音也算啊[怒] //:埃及。。。 //:回复:没想到这么快就被你破解鸟 //:石家庄。。,0,0.467476,0,1
E1-lite: source + target calibration,target_test,估计是把沙僧一并烤了[哈哈]//: 沙僧呢。。。,1,0.481635,1,1
E1-lite: source + target calibration,target_test,请更多的人记住他！[蜡烛] //：[泪] //:眼泪模糊了视线，不知该说什么才能宽慰这个7岁的孩子。只希望他知道，他的父亲是个好人，也是个尽职的好司机！他用自己的生命挽救了许多生命，可以说，他是个当之无愧的英雄！,0,0.451996,0,1
E1-lite: source + target calibration,target_test,回复-:索马力亚！不要看错 //:他在家练了很多年 //: //: 那么大的飞机一路畅通无阻的跨越那么多国家飞到非洲？不可能把[衰] //: //: //: 好消息！,0,0.461799,0,1
E1-lite: source + target calibration,target_test,真的 //:全世界[真V5]~~~//: 人家也这么讲的 还是排比句[委屈] //:[泪]//: 长的好看真的太重要了！[衰] //:[good] 牛掰的评论！[偷笑]//:,0,0.451746,0,1
E1-lite: source + target calibration,target_test,又来吃这家火锅了，魅力实在无法抵挡啊。[泪]真是边吃边忏悔啊。,0,0.454511,0,1
E1-lite: source + target calibration,target_test,如夏俊峰年薪三万，或许三条年轻的生命就不会毁灭。 //:不信但看杯中酒，美女先敬有钱人。马蔚华2007年的年薪便达到了963万啊。[哈哈]//: [泪],1,0.465782,0,0
E1-lite: source + target calibration,target_test,无比热泪盈眶的感谢尊敬的亲爱的 在国庆期间，国家大剧院话剧王府井一票难求的情况下给潘娟的老爹老娘弄到了三张票[泪]虽然我的票被 抢了，但我...春节看过了[偷笑]感谢老爹老娘让99班更团结更温暖... 任重道远！,0,0.463558,0,1
E1-lite: source + target calibration,target_test,这是黄立行和太太吗[抓狂],0,0.459135,0,1
E1-lite: source + target calibration,target_test,今天有几个台有我演的和导的小品。时间太仓促，有些自己还不太满意。都没敢法微薄通知大家。现在演完了。坐等大家吐嘈。[泪],0,0.457952,0,1
E1-lite: source + target calibration,target_test,有车主长假去玩，收获3次超速50%以上的罚单，问该怎么办？交警的权威回复：先吊销驾照，罚1000，从新学习考试考新驾照；再吊销再罚1000再学习再考试得再得新驾照；接着再吊销再罚1000再学再考再发[生病] 有木有让小伙伴惊呆了？记得美国有坏蛋被判了3次死刑，现在终于明白是怎么执行的，医生辛苦了[泪],0,0.471291,1,0
E1-lite: source + target calibration,target_test,"//:啥也不说了,只想转 // : [泪]",0,0.447538,0,1
E1-lite: source + target calibration,target_test,[泪][泪][泪][泪]老了//: 老去，从对待自己身体的态度开始！[泪][泪][泪][泪],0,0.445293,0,1
E1-lite: source + target calibration,target_test,我今天没有赶上，只听了个开头，有没有录音啊？求录音啊~~[泪],0,0.445527,0,1
E1-lite: source + target calibration,target_test,[太开心]真心感谢大家的关注和参与，中奖数量有限，可是我们的活动无限，希望大家多多参与，欢迎来到温泉水公园游玩体验！//: 温泉水公园1111之前倒计时连发三弹都木有中，小小心脏那个伤啊[泪]，好在 活动一波接一波，让我们双十一相约温泉水公园，一起幸福＂脱光＂[嘻嘻],0,0.477209,1,0
E1-lite: source + target calibration,target_test,还真有犯人可以游过来[抓狂]大鲨鱼好多,0,0.46211,0,1
E1-lite: source + target calibration,target_test,根据最高院的相关司法解释，事实清楚证据确凿的案件可以快速审判，没有人的话能赶上清明了[晕] 我在:,0,0.460142,0,1
E1-lite: source + target calibration,target_test,Loli厨房出品今日早餐，菜肉大馄饨+小紫薯+橙子。上学的时候，常在店里吃大馄饨。汤底必须是紫菜虾皮，若是再来点蛋皮更好[馋嘴]考究点的用高汤做汤头，想想就美阿[嘻嘻]冬天，再来点辣酱，红油飘飘，颜色诱人。总觉得以前的食物好好吃，现在都没有了[汗]牛肉拉面，蛋饼，辣肉面，咸菜面，遗憾呐！,1,0.482973,1,1
E1-lite: source + target calibration,target_test,[衰][吃惊][吃惊][衰][抓狂][抓狂][抓狂][抓狂][抓狂],0,0.458368,0,1
E1-lite: source + target calibration,target_test,我是80后，但我怎么不认识这些课本封面？？？ //:[泪],0,0.455355,0,1
E1-lite: source + target calibration,target_test,大家看看真正的人?地?！世界各地都一?！?在食?的朋友???慈悲心吧！真的！[伤心],0,0.476056,1,0
E1-lite: source + target calibration,target_test,唉只要一体检心跳就猛快，总觉得焦虑怕万一有什么问题，还脸红，有什么办法让我血压降下来，心跳缓下来[抓狂][抓狂][抓狂][抓狂][抓狂],0,0.459539,0,1
E1-lite: source + target calibration,target_test,这犯规实在有点多啊！小动作实在多！赶上流氓足球队了！[怒],0,0.475261,1,0
E1-lite: source + target calibration,target_test,回复:那给你贴上没有啊，你这只是个受理单啊，你没把通行证给他们啊？[晕]//:回复:没说啊 人来说好了,0,0.464416,0,1
E1-lite: source + target calibration,target_test,哈哈哈，这说明我还年青！还在发育和成长[哈哈][哈哈][哈哈][哈哈]//:赐教不敢！分享可以：吃货分几个阶段第1阶段：爱吃（什么都行，没有什么特定目标，得什么吃什么！只要消费的起就去吃）第2阶段：会吃（知道那的好吃！特色是什么主题是什么！需一定的经济实力）,1,0.495432,1,1
E1-lite: source + target calibration,target_test,头晕了。。。//: 真的耶！！！这个都可以有保健操的作用了！！！//: 真的！！！//: 擦，真的可以……//: 擦。。。//: 要死啊[抓狂] //:脖子要断了,0,0.431839,0,1
E1-lite: source + target calibration,target_test,北京有元祖了感人[泪],0,0.451379,0,1
E1-lite: source + target calibration,target_test,偶像，我不笑，我就乐！//: 为什么都在笑我，你们知道当时我有多努力么[泪] //:哈哈哈 [做鬼脸] //:真对不住，我也笑了。[哈哈][偷笑] //:为什么这么多嘲笑，这世界还会好么？,0,0.455083,0,1
E1-lite: source + target calibration,target_test,"okna,ta nong mee wang,p ya chuan kun geenkao duigan ,hai peng duo ok dai[嘻嘻]",1,0.502168,1,1
E1-lite: source + target calibration,target_test,开复还挺幽默搞鬼的，呵呵。[哈哈],1,0.501975,1,1
E1-lite: source + target calibration,target_test,"哈哈，哪天过来吃吧//:[哈哈] //-万卿:俺想吃你家大鹅了,上次那一只大鹅俺就吃着一块儿,昨晚你家的煮花生带到市集之后俺连袋儿都没看见,下厨的人命怎么这么苦呢[泪][泪][泪][泪] //:[馋嘴][馋嘴]看着就香。",0,0.45079,0,1
E1-lite: source + target calibration,target_test,回复:呵呵，汪峰的歌宽容度高，有胸怀。我挺喜欢新专辑里的那首《爱你的方式》，硬汉的柔情，很动人~~ //:本想也你这样过一天闲淡生活，木想还要去修被猪追尾的车[衰],0,0.475197,1,0
E1-lite: source + target calibration,target_test,"尼玛,一个小时才写了几行,[抓狂]人家半个小时就写一篇论文的孩子真是人才,我表示伤不起[泪][泪] 姐,火了,不写了,洗澡睡觉[酷]",0,0.412749,0,1
E1-lite: source + target calibration,target_test,美食盘点又到了一期节目，五种美食的日子了，今天我们要盘点的关键词只有一个字：辣！干爽直辣，妖娆胡辣，咸香呛辣你喜欢什么样的辣呢？ps：关于昨天的互动，由于大家见多吃广，大多数人都答对了（一点都不给小编面子[泪]）。小编就瞎子点灯随便选一位朋友了恭喜,0,0.447055,0,1
E1-lite: source + target calibration,target_test,敏感、多疑、缺乏安全感[抓狂][抓狂],0,0.459091,0,1
E1-lite: source + target calibration,target_test,这。。。真的不会晕么。。。//: 李云迪也表示望尘莫及啊！//:[哈哈]//：那一刻，贝多疯的灵魂苏醒//：相比之下，左边这位好像在电脑打字～,1,0.462423,0,0
E1-lite: source + target calibration,target_test,告诉自己，死都不能哭！！[怒],0,0.453434,0,1
E1-lite: source + target calibration,target_test,今天感冒的症状非常严重，快屎啦[泪],0,0.47915,1,0
E1-lite: source + target calibration,target_test,哈哈！一片??！ //:[哈哈][哈哈][哈哈][哈哈][哈哈]太欢乐了吧！//:213少年欢乐多啊。。,1,0.50174,1,1
E1-lite: source + target calibration,target_test,扩散！//: 去这一路上又反复勘察了两遍，路边草丛、汽车底部神马的，就差木有翻垃圾桶了，目前依然木有什么线索。给派出所和居委会都打了电话，求好心人那[泪],0,0.438639,0,1
E1-lite: source + target calibration,target_test,不习惯歇了！一看就是职业妇女。//: 天生倒霉的劳碌命[衰],0,0.470483,1,0
E1-lite: source + target calibration,target_test,大家都太热情啦！票已经全部赠罄！木有拿到票的朋友们不要不开心啦！拿到票的朋友们要多多为我们的演员加油啊！[嘻嘻] //:要票就找万能宝！[哈哈] //:【粉丝福利】,1,0.48651,1,1
E1-lite: source + target calibration,target_test,三里屯，3.3，4楼，鸿雅依莲，美甲店，放着我一年前，最爱的各种歌曲[泪][泪][泪] 大爱漂亮的水晶[爱你][礼物][围观][威武]38快乐，习惯的，快来噢-,0,0.454145,0,1
E1-lite: source + target calibration,target_test,哈哈哈，靓仔果然闷骚。[哈哈][哈哈]其实我也很闷骚，很爷们儿 //?zzz: 很闷骚， 很傻，?在这里 很2！！我很爷！[偷笑][偷笑][偷笑][钟][猪头][猪头][猪头],1,0.498619,1,1
E1-lite: source + target calibration,target_test,我：要一起出去看月亮吗？他：不能。牛夫人。[怒][怒][怒][怒],0,0.467665,0,1
E1-lite: source + target calibration,target_test,"喜?看使用?明的我，因?相信了社交通??件＂LINE""的引?，就??手?的居然就把在?大半年累?的??人??全?了！！[泪][泪][泪]",0,0.445937,0,1
E1-lite: source + target calibration,target_test,[汗] //:[哈哈][哈哈][哈哈],1,0.503365,1,1
E1-lite: source + target calibration,target_test,[哈哈] 太Cute了,1,0.513079,1,1
E1-lite: source + target calibration,target_test,太形象了[哈哈] //:[哈哈][哈哈][哈哈]// @-蝶野茴- :无,1,0.505375,1,1
E1-lite: source + target calibration,target_test,就是那个小的碗！ //:八碗[晕] // ：[汗] 八碗。。。。是右下角那么大的碗么？// ：多大的碗啊？八碗！[思考] // ：八碗[吃惊]吃。。 // : 哎呀！我现在才看到！刚才我在房间里和谢娜张杰聊天！他们也很爱喝豆汤碗豆苗！张杰都喝了八碗！真的好开心！,0,0.456726,0,1
E1-lite: source + target calibration,target_test,"皇后皇后[鼓掌] //: 平民[泪]//: 我是王母啊,[哈哈][哈哈] @ //: -李明珠 我是皇后，啊哈哈//:把你测试结果说出来吧。。。我是乞丐，",0,0.475283,1,0
E1-lite: source + target calibration,target_test,//: 春，你的位置太牛了//: 太巧了啊！在郑州吗？//:我日[哈哈],1,0.477585,1,1
E1-lite: source + target calibration,target_test,[让红包飞][求红包]只有2天~《超级笑星大拜年》就要在除夕夜爆笑上演啦~最丰富的喜剧大餐马上开席哦~[哈哈]//: [威武][威武][威武][威武]祝福大家马上有一切[威武][威武][威武][威武][哈哈] //:[哈哈][给力][威武][围观]祝大家马上有钱哦[哈哈][爱你],1,0.494644,1,1
E1-lite: source + target calibration,target_test,争取今年能落地中国[鼓掌],1,0.498194,1,1
E1-lite: source + target calibration,target_test,好的，手机在近三天之内第五次成为新手机[衰][抓狂],0,0.466972,0,1
